person_id,display_name,department,source,external_id,candidate_name,score,name_sim,inst_match,topic_share,cites_ratio,works_count,cited_by_count,h_index,last_known_institution,orcid,status,reviewed_by,reviewed_at,notes
2,Himanshu Grover,Alabama A&M University,openalex,A5028790633,Himanshu Grover,0.927,1.0,1.0,0.515,0.772,98,3400,20,Alabama Agricultural and Mechanical University,https://orcid.org/0000-0003-3593-2548,accepted,matcher,2026-09-14,
2,Himanshu Grover,Alabama A&M University,openalex,A5122283274,Himanshu Grover,0.6,1.0,0.0,1.0,0.0,1,0,0,,,pending,,,
2,Himanshu Grover,Alabama A&M University,openalex,A5128845778,Himanshu Grover,0.55,1.0,0.0,0.667,0.0,1,0,0,FH Aachen,,pending,,,
2,Himanshu Grover,Alabama A&M University,openalex,A5120840768,Himanshu Grover,0.55,1.0,0.0,0.667,0.0,1,0,0,,,pending,,,
2,Himanshu Grover,Alabama A&M University,openalex,A5107740173,Himanshu Grover,0.532,1.0,0.0,0.545,0.0,5,1,1,Memorial Foundation,https://orcid.org/0000-0002-6027-8237,pending,,,
4,Ahmed Ouf,Alabama A&M University,openalex,A5044558767,Ahmed Ouf,0.96,1.0,1.0,0.733,0.408,20,153,6,Cairo University,https://orcid.org/0000-0002-8487-6063,accepted,matcher,2026-09-14,
4,Ahmed Ouf,Alabama A&M University,openalex,A5109207457,Ahmed Salah El-Din Ouf,0.65,1.0,0.0,0.667,0.109,2,41,2,Cairo University,,pending,,,
4,Ahmed Ouf,Alabama A&M University,openalex,A5109394684,Ahmed S. Ouf,0.58,1.0,0.0,0.2,0.176,4,66,4,Cairo University,,pending,,,
4,Ahmed Ouf,Alabama A&M University,openalex,A5049924648,Mohammed Abou-Ouf Sayed Ahmed,0.575,1.0,0.0,0.5,0.04,4,15,1,King Abdulaziz University,,pending,,,
4,Ahmed Ouf,Alabama A&M University,openalex,A5060391668,Ahmed Ouf,0.55,1.0,0.0,0.0,0.259,18,97,6,Johannes Gutenberg University Mainz,https://orcid.org/0000-0003-2634-4496,pending,,,
9,Bhuwan Thapa,Appalachian State University,openalex,A5010688185,Bhuwan Thapa,0.948,1.0,1.0,0.654,0.822,32,597,11,University of Missouri,https://orcid.org/0000-0001-5869-4779,accepted,matcher,2026-09-14,
9,Bhuwan Thapa,Appalachian State University,openalex,A5124903333,Bhuwan Thapa,0.55,1.0,0.0,0.667,0.0,1,0,0,,,pending,,,
9,Bhuwan Thapa,Appalachian State University,openalex,A5111015943,Bhuwan Thapa,0.48,1.0,0.0,0.2,0.001,11,1,1,B.P. Koirala Institute of Health Sciences,,pending,,,
9,Bhuwan Thapa,Appalachian State University,openalex,A5116867794,Bhuwan Thapa,0.45,1.0,0.0,0.0,0.0,1,0,0,,,pending,,,
9,Bhuwan Thapa,Appalachian State University,openalex,A5136728959,Bhuwan Thapa,0.45,1.0,0.0,0.0,0.0,1,0,0,University of North Carolina at Greensboro,,pending,,,
10,Maura Allaire,Arizona State University,openalex,A5077677157,Maura Allaire,0.966,1.0,1.0,0.773,0.785,68,1790,18,Arizona State University,https://orcid.org/0000-0002-3950-0569,accepted,matcher,2026-09-14,
10,Maura Allaire,Arizona State University,openalex,A5137444146,Maura Allaire,0.75,1.0,1.0,0.0,0.0,2,0,0,Arizona State University,,pending,,,
13,Meagan Ehlenz,Arizona State University,openalex,A5071093581,Meagan M. Ehlenz,1.0,1.0,1.0,1.0,0.661,32,639,14,,https://orcid.org/0000-0002-7357-9485,accepted,matcher,2026-09-14,
14,Hue-Tam Jamme,Arizona State University,openalex,A5091734719,Huê-Tâm Jamme,1.0,1.0,1.0,1.0,0.637,26,276,8,Geographical Institute,https://orcid.org/0000-0002-3065-5388,accepted,matcher,2026-09-14,
14,Hue-Tam Jamme,Arizona State University,openalex,A5139085750,Huê-Tâm Jamme,0.85,1.0,1.0,0.667,0.0,1,0,0,Arizona State University,,pending,,,
16,Kelli Larson,Arizona State University,openalex,A5066607478,Kelli L. Larson,0.973,1.0,1.0,0.819,0.698,148,5966,43,Arizona State University,https://orcid.org/0000-0001-6558-2687,accepted,matcher,2026-09-14,
16,Kelli Larson,Arizona State University,openalex,A5111407925,Kelli Larson,0.55,1.0,0.0,0.667,0.0,1,0,0,,,pending,,,
16,Kelli Larson,Arizona State University,openalex,A5126658721,Kelli Larson,0.525,1.0,0.0,0.5,0.0,1,0,0,,,pending,,,
16,Kelli Larson,Arizona State University,openalex,A5076264565,Kelli A. Larson,0.477,1.0,0.0,0.182,0.009,37,74,4,,,pending,,,
19,Deirdre Pfeiffer,Arizona State University,openalex,A5028325320,Deirdre Pfeiffer,1.0,1.0,1.0,1.0,0.578,61,993,18,Arizona State University,https://orcid.org/0000-0003-2786-2375,accepted,matcher,2026-09-14,
20,Jose-Benito Rosales Chavez,Arizona State University,openalex,A5091291075,Jose‐Benito Rosales Chavez,0.982,1.0,1.0,0.882,0.812,21,411,9,Arizona State University,https://orcid.org/0000-0003-1737-5004,accepted,matcher,2026-09-14,
20,Jose-Benito Rosales Chavez,Arizona State University,openalex,A5137662181,Jose Benito Rosales Chavez,0.825,1.0,1.0,0.5,0.0,2,0,0,Arizona State University,https://orcid.org/0000-0003-1737-5004,pending,,,
20,Jose-Benito Rosales Chavez,Arizona State University,openalex,A5129949085,Jose-Benito Rosales Chavez,0.525,1.0,0.0,0.5,0.0,1,0,0,,,pending,,,
20,Jose-Benito Rosales Chavez,Arizona State University,openalex,A5151536062,Jose Benito Rosales-Chávez,0.525,1.0,0.0,0.5,0.0,1,0,0,,,pending,,,
21,Mark Roseland,Arizona State University,openalex,A5073151148,Mark Roseland,0.971,1.0,1.0,0.804,0.395,92,2199,20,Arizona State University,https://orcid.org/0000-0002-8933-3607,accepted,matcher,2026-09-14,
21,Mark Roseland,Arizona State University,openalex,A5149933495,"Edited by Mike Gismondi, Sean Connelly, Mary Beckie, Sean Markey, and Mark Roseland",0.386,0.525,0.0,1.0,0.0,1,0,0,,,pending,,,
23,Deborah Salon,Arizona State University,openalex,A5022369469,Deborah Salon,1.0,1.0,1.0,1.0,0.643,101,2410,23,Arizona State University,https://orcid.org/0000-0002-2240-8408,accepted,matcher,2026-09-14,
24,Daoqin Tong,Arizona State University,openalex,A5045506481,Daoqin Tong,0.966,1.0,1.0,0.775,0.776,136,2668,29,Arizona State University,https://orcid.org/0000-0001-7005-5128,accepted,matcher,2026-09-14,
24,Daoqin Tong,Arizona State University,openalex,A5098205750,Tong Daoqin,0.286,0.636,0.0,0.0,0.002,1,8,1,University of Arizona,,pending,,,
25,Elizabeth Wentz,Arizona State University,openalex,A5056662229,Elizabeth A. Wentz,0.979,1.0,1.0,0.863,0.747,145,4592,33,,https://orcid.org/0000-0002-2881-0668,accepted,matcher,2026-09-14,
25,Elizabeth Wentz,Arizona State University,openalex,A5104819962,Elizabeth A. Wentz,0.6,1.0,0.0,1.0,0.0,1,1,1,,,pending,,,
25,Elizabeth Wentz,Arizona State University,openalex,A5099878422,Elizabeth A. Wentz,0.6,1.0,0.0,1.0,0.0,1,0,0,,,pending,,,
25,Elizabeth Wentz,Arizona State University,openalex,A5110477573,Elizabeth A. Wentz,0.54,1.0,0.0,0.6,0.001,3,4,1,,,pending,,,
25,Elizabeth Wentz,Arizona State University,openalex,A5104872572,Elizabeth A. Wentz,0.525,1.0,0.0,0.5,0.0,1,0,0,,,pending,,,
26,Sweta Byahut,Auburn University,openalex,A5018043972,Sweta Byahut,1.0,1.0,1.0,1.0,0.696,34,188,8,System Planning Corporation (United States),https://orcid.org/0000-0002-9324-3495,accepted,matcher,2026-09-14,
26,Sweta Byahut,Auburn University,openalex,A5037729979,Byahut Sweta,0.315,0.478,0.0,0.667,0.0,1,0,0,,,pending,,,
28,Binita Mahato,Auburn University,openalex,A5018083482,Binita Mahato,0.977,1.0,1.0,0.846,0.75,17,108,4,Auburn University,https://orcid.org/0000-0002-2716-0130,accepted,matcher,2026-09-14,
29,Jay Mittal,Auburn University,openalex,A5008603937,Jay Mittal,0.984,1.0,1.0,0.892,1.055,33,463,8,,https://orcid.org/0000-0003-0100-3484,accepted,matcher,2026-09-14,
29,Jay Mittal,Auburn University,openalex,A5092649744,Jay Mittal,0.6,1.0,0.0,1.0,0.009,1,4,1,,,pending,,,
29,Jay Mittal,Auburn University,openalex,A5112981599,Jay Mittal,0.6,1.0,0.0,1.0,0.0,1,0,0,,,pending,,,
29,Jay Mittal,Auburn University,openalex,A5092648567,Jay Mittal,0.6,1.0,0.0,1.0,0.0,1,0,0,,,pending,,,
29,Jay Mittal,Auburn University,openalex,A5143870052,Jay Mittal,0.525,1.0,0.0,0.5,0.0,1,0,0,Bristol Regional Medical Center,,pending,,,
3,Jacob Oluwoye,Alabama A&M University,openalex,A5071727951,Jacob Oluwoye,0.92,1.0,1.0,0.468,0.462,80,1122,8,,,accepted,matcher,2026-09-14,
3,Jacob Oluwoye,Alabama A&M University,openalex,A5122886120,Jacob Oluwoye,0.8,1.0,1.0,0.333,0.0,1,0,0,Alabama Agricultural and Mechanical University,,pending,,,
3,Jacob Oluwoye,Alabama A&M University,openalex,A5133526163,Jacob Oluwoye,0.6,1.0,0.0,1.0,0.0,1,0,0,,,pending,,,
3,Jacob Oluwoye,Alabama A&M University,openalex,A5116713244,Jacob Oluwoye Lola Akinbode,0.6,1.0,0.0,1.0,0.0,1,0,0,,,pending,,,
3,Jacob Oluwoye,Alabama A&M University,openalex,A5088502601,Jacob Oluwoye,0.525,1.0,0.0,0.5,0.001,2,3,1,,,pending,,,
11,Sharmistha Bagchi-Sen,Arizona State University,openalex,A5043611625,Sharmistha Bagchi‐Sen,0.94,1.0,1.0,0.598,0.666,146,3348,31,Arizona State University,https://orcid.org/0000-0003-0019-8400,accepted,matcher,2026-09-14,
11,Sharmistha Bagchi-Sen,Arizona State University,openalex,A5130951657,Sharmistha Bagchi-Sen,0.9,1.0,1.0,1.0,0.0,1,0,0,Arizona State University,,pending,,,
11,Sharmistha Bagchi-Sen,Arizona State University,openalex,A5123478697,Sharmistha Bagchi-Sen,0.55,1.0,0.0,0.667,0.0,1,0,0,,,pending,,,
11,Sharmistha Bagchi-Sen,Arizona State University,openalex,A5113688261,Sharmistha Bagchi Sen,0.533,1.0,0.0,0.556,0.012,3,62,3,,,pending,,,
11,Sharmistha Bagchi-Sen,Arizona State University,openalex,A5114012267,Sharmistha Bagchi-Sen,0.525,1.0,0.0,0.5,0.0,1,0,0,,,pending,,,
12,Dylan Connor,Arizona State University,openalex,A5073838075,Dylan S. Connor,1.0,1.0,1.0,1.0,0.947,79,1027,16,Centre for Advanced Study,https://orcid.org/0000-0002-8988-170X,accepted,matcher,2026-09-14,
12,Dylan Connor,Arizona State University,openalex,A5136435618,Dylan Connor,0.875,1.0,1.0,0.833,0.0,3,0,0,Arizona State University,https://orcid.org/0000-0002-8988-170X,pending,,,
12,Dylan Connor,Arizona State University,openalex,A5076107407,Dylan Connor Oldfield,0.525,1.0,0.0,0.5,0.0,2,0,0,Statistics Canada,,pending,,,
12,Dylan Connor,Arizona State University,openalex,A5042865019,Dylan Connor Leary,0.45,1.0,0.0,0.0,0.0,1,0,0,West Virginia University,,pending,,,
12,Dylan Connor,Arizona State University,openalex,A5151440328,Connor. Dylan S.,0.411,0.579,0.0,1.0,0.0,1,0,0,,,pending,,,
17,Sara Meerow,Arizona State University,openalex,A5055512160,Sara Meerow,1.0,1.0,1.0,1.0,0.793,88,8914,32,University of Colorado Boulder,https://orcid.org/0000-0002-6935-1832,accepted,matcher,2026-09-14,
17,Sara Meerow,Arizona State University,openalex,A5138130612,Sara Meerow,0.9,1.0,1.0,1.0,0.0,4,1,1,Cooperative Institute for Research in Environmental Sciences,,pending,,,
18,Lindsay Oluyede,Arizona State University,openalex,A5013118823,Lindsay Oluyede,0.963,1.0,1.0,0.75,0.795,16,279,7,University of North Carolina at Chapel Hill,https://orcid.org/0000-0002-1039-8409,accepted,matcher,2026-09-14,
18,Lindsay Oluyede,Arizona State University,openalex,A5147161749,Lindsay Martin Oluyede,0.85,1.0,1.0,0.667,0.0,1,0,0,Arizona State University,,pending,,,
22,David Sailor,Arizona State University,openalex,A5084230451,David J. Sailor,1.0,1.0,1.0,1.0,0.766,203,14701,60,Arizona State University,https://orcid.org/0000-0003-1720-8214,accepted,matcher,2026-09-14,
22,David Sailor,Arizona State University,openalex,A5136000248,David J. Sailor,0.9,1.0,1.0,1.0,0.0,5,1,1,Geographical Institute,,pending,,,
22,David Sailor,Arizona State University,openalex,A5146133118,David Sailor,0.9,1.0,1.0,1.0,0.0,3,0,0,Arizona State University,,pending,,,
22,David Sailor,Arizona State University,openalex,A5148994921,"Donna Blanchard, Lady of the Evening; Beth E. Bueltmann, Girl; Chuck Ciriello, Ivan Cherdyakov, Assistant; Margaret E. Fisher, Julia; Ivan W. Fuller, Boy; Deena Galich, Mistress; Geoff Hybarger, General Brassilhov, Police, Kistunov; Jolene Mentink, Madame Brassilhov; Tim Miller, Attendant, Kuryatin; Michelle Sauer, Woman; Kirk Smith, Man, Navy; David A. Strohmeyer, The Writer; Shawn L. Stroud, Sexton, Sailor; Colleen Wilson, Madame Cherdyakov; Bernard Wurger, Father; George Willeford, Army",0.489,0.92,0.0,0.5,0.0,1,0,0,,,pending,,,
22,David Sailor,Arizona State University,openalex,A5149092449,"Donna Blanchard, Lady of the Evening; Beth E. Bueltmann, Girl; Chuck Ciriello, Ivan Cherdyakov, Assistant; Margaret E. Fisher, Julia; Ivan W. Fuller, Boy; Deena Galich, Mistress; Geoff Hybarger, General Brassilhov, Police, Kistunov; Jolene Mentink, Madame Brassilhov; Tim Miller, Attendant, Kuryatin; Michelle Sauer, Woman; Kirk Smith, Man, Navy; David A. Strohmeyer, The Writer; Shawn L. Stroud, Sexton, Sailor; Colleen Wilson, Madame Cherdyakov; Bernard Wurger, Father; George Willeford, Army",0.489,0.92,0.0,0.5,0.0,1,0,0,,,pending,,,
27,Megan LaFrombois,Auburn University,openalex,A5010201073,Megan E. Heim LaFrombois,1.0,1.0,1.0,1.0,0.584,15,198,6,Auburn University,https://orcid.org/0000-0002-2196-0655,accepted,matcher,2026-09-14,
27,Megan LaFrombois,Auburn University,openalex,A5120852769,Megan E. Heim-LaFrombois,0.87,1.0,1.0,0.8,0.0,2,0,0,Auburn University,,pending,,,
27,Megan LaFrombois,Auburn University,openalex,A5056161408,Megan Heim LaFrombois,0.85,1.0,0.5,1.0,0.139,1,47,1,University of Illinois Chicago,,pending,,,
27,Megan LaFrombois,Auburn University,openalex,A5092649811,Megan E Heim LaFrombois,0.6,1.0,0.0,1.0,0.0,1,0,0,,,pending,,,
27,Megan LaFrombois,Auburn University,openalex,A5092649785,Megan E Heim LaFrombois,0.6,1.0,0.0,1.0,0.0,1,0,0,,,pending,,,
30,Rebecca Retzlaff,Auburn University,openalex,A5076954275,Rebecca Retzlaff,0.974,1.0,1.0,0.826,0.497,24,383,8,,https://orcid.org/0000-0001-7619-7549,accepted,matcher,2026-09-14,
30,Rebecca Retzlaff,Auburn University,openalex,A5136127496,Rebecca C. Retzlaff,0.85,1.0,1.0,0.667,0.0,1,0,0,Auburn University,https://orcid.org/0000-0001-7619-7549,pending,,,
30,Rebecca Retzlaff,Auburn University,openalex,A5015952574,Rebecca Retzlaff,0.68,1.0,0.0,0.864,0.296,17,228,8,Universität Trier,https://orcid.org/0000-0001-7484-2655,pending,,,
30,Rebecca Retzlaff,Auburn University,openalex,A5150395985,Rebecca Retzlaff,0.6,1.0,0.0,1.0,0.0,1,0,0,,,pending,,,
30,Rebecca Retzlaff,Auburn University,openalex,A5133193303,Rebecca Retzlaff,0.525,1.0,0.0,0.5,0.0,1,0,0,,,pending,,,
31,Michael Burayidi,Ball State University,openalex,A5012528527,Michael A. Burayidi,1.0,1.0,1.0,1.0,0.432,35,393,10,Ball State University,,accepted,matcher,2026-09-14,
31,Michael Burayidi,Ball State University,openalex,A5146299301,Michael A. Burayidi,0.6,1.0,0.0,1.0,0.03,1,27,1,,,pending,,,
31,Michael Burayidi,Ball State University,openalex,A5150293532,Michael Burayidi,0.525,1.0,0.0,0.5,0.0,1,0,0,Hanover College,,pending,,,
31,Michael Burayidi,Ball State University,openalex,A5150370791,Michael Burayidi,0.525,1.0,0.0,0.5,0.0,1,0,0,,,pending,,,
32,Lohren Deeg,Ball State University,openalex,A5061871632,Lohren Deeg,0.775,1.0,1.0,0.167,5.333,19,32,3,,,accepted,matcher,2026-09-14,
34,John West,Ball State University,openalex,A5019937678,John West,1.0,1.0,1.0,1.0,0.55,18,44,4,,https://orcid.org/0000-0001-9846-6068,accepted,matcher,2026-09-14,
34,John West,Ball State University,openalex,A5108337587,John West,0.7,1.0,0.0,1.0,0.625,22,50,4,University of Warwick,,pending,,,
34,John West,Ball State University,openalex,A5010791589,John West,0.683,1.0,0.0,0.885,1.275,28,102,6,,,pending,,,
34,John West,Ball State University,openalex,A5103461339,John R. West,0.654,1.0,0.5,0.358,57.25,116,4580,35,Denver Health Medical Center,,rejected,audit_matches,2026-09-16,"rejected 2026-09-16: OpenAlex 4,580 citations against 80 from pop (57.2x); probable namesake"
34,John West,Ball State University,openalex,A5111448909,John West,0.65,1.0,0.0,1.0,2.013,6,161,3,Edith Cowan University,,pending,,,
35,Sanglim Yoo,Ball State University,openalex,A5004228941,Sanglim Yoo,1.0,1.0,1.0,1.0,1.33,11,427,7,,https://orcid.org/0000-0003-3747-6670,accepted,matcher,2026-09-14,
37,So-Ra Baek,"Cal Poly, Pomona",openalex,A5027522379,So-Ra Baek,0.93,1.0,1.0,0.533,1.316,20,125,7,,https://orcid.org/0000-0001-7471-7280,accepted,matcher,2026-09-14,
37,So-Ra Baek,"Cal Poly, Pomona",openalex,A5119239821,So Ra Baek,0.6,1.0,0.0,1.0,0.0,1,0,0,,,pending,,,
37,So-Ra Baek,"Cal Poly, Pomona",openalex,A5117152794,So-Ra Baek,0.562,1.0,0.0,0.75,0.0,2,0,0,,,pending,,,
37,So-Ra Baek,"Cal Poly, Pomona",openalex,A5109892182,So-Ra Baek,0.56,1.0,0.0,0.4,2.116,4,201,4,"University at Buffalo, State University of New York",,pending,,,
37,So-Ra Baek,"Cal Poly, Pomona",openalex,A5133756264,So-Ra Baek,0.55,1.0,0.0,0.667,0.0,1,0,0,,,pending,,,
39,Alvaro Huerta,"Cal Poly, Pomona",openalex,A5080300095,Alvaro Huerta,1.0,1.0,1.0,1.0,0.18,23,18,2,,,accepted,matcher,2026-09-14,
39,Alvaro Huerta,"Cal Poly, Pomona",openalex,A5101328272,Álvaro Huerta,0.6,1.0,0.0,1.0,0.01,1,1,1,,,pending,,,
39,Alvaro Huerta,"Cal Poly, Pomona",openalex,A5116402437,Alvaro Huerta,0.6,1.0,0.0,1.0,0.0,27,0,0,,,pending,,,
39,Alvaro Huerta,"Cal Poly, Pomona",openalex,A5116402407,Alvaro Huerta,0.6,1.0,0.0,1.0,0.0,1,0,0,,,pending,,,
39,Alvaro Huerta,"Cal Poly, Pomona",openalex,A5116402174,Alvaro Huerta,0.6,1.0,0.0,1.0,0.0,1,0,0,,,pending,,,
41,Nicole Lambrou,"Cal Poly, Pomona",openalex,A5043059365,Nicole Lambrou,1.0,1.0,1.0,1.0,0.978,21,220,6,Imperial College London,https://orcid.org/0000-0002-8321-4498,accepted,matcher,2026-09-14,
41,Nicole Lambrou,"Cal Poly, Pomona",openalex,A5144362381,Lambrou Nicole,0.525,1.0,0.0,0.5,0.0,1,0,0,,,pending,,,
44,Michael Boswell,"Cal Poly, San Luis Obispo",openalex,A5075175227,Michael R. Boswell,1.0,1.0,1.0,1.0,0.75,82,505,12,California Polytechnic State University,https://orcid.org/0000-0001-7785-0730,accepted,matcher,2026-09-14,
44,Michael Boswell,"Cal Poly, San Luis Obispo",openalex,A5083867844,Michael D Boswell,0.6,1.0,0.0,1.0,0.0,1,0,0,,,pending,,,
44,Michael Boswell,"Cal Poly, San Luis Obispo",openalex,A5109354285,Michael R Boswell,0.525,1.0,0.0,0.5,0.004,1,3,1,,,pending,,,
44,Michael Boswell,"Cal Poly, San Luis Obispo",openalex,A5032292627,Michael R. Boswell,0.521,1.0,0.0,0.143,0.036,3,24,1,Medical College of Wisconsin,,pending,,,
44,Michael Boswell,"Cal Poly, San Luis Obispo",openalex,A5084993197,Michael D. Boswell,0.5,1.0,0.0,0.0,0.033,2,22,1,Carolinas Medical Center,,pending,,,
45,Adrienne Greve,"Cal Poly, San Luis Obispo",openalex,A5056294943,Adrienne I. Greve,1.0,1.0,1.0,1.0,0.653,47,497,9,California Polytechnic State University,,accepted,matcher,2026-09-14,
46,Amir Hajrasouliha,"Cal Poly, San Luis Obispo",openalex,A5031009232,Amir Hajrasouliha,1.0,1.0,1.0,1.0,0.48,16,631,9,California Polytechnic State University,https://orcid.org/0000-0002-3084-0145,accepted,matcher,2026-09-14,
46,Amir Hajrasouliha,"Cal Poly, San Luis Obispo",openalex,A5058014237,Amir Reza Hajrasouliha,0.85,1.0,1.0,0.0,1.294,104,1700,21,Midwest Eye Institute,https://orcid.org/0000-0002-9326-0391,pending,,,
46,Amir Hajrasouliha,"Cal Poly, San Luis Obispo",openalex,A5032679649,Amir R. Hajrasouliha,0.519,1.0,0.0,0.125,0.031,5,41,3,Midwest Eye Institute,https://orcid.org/0000-0002-2537-4434,pending,,,
46,Amir Hajrasouliha,"Cal Poly, San Luis Obispo",openalex,A5136220549,Amir Hajrasouliha,0.5,1.0,0.0,0.333,0.0,1,0,0,Indiana University School of Medicine,,pending,,,
46,Amir Hajrasouliha,"Cal Poly, San Luis Obispo",openalex,A5059529004,Hajrasouliha Amir Peyman,0.316,0.703,0.0,0.0,0.002,1,3,1,Tehran University of Medical Sciences,,pending,,,
47,Kelly Main,"Cal Poly, San Luis Obispo",openalex,A5004534525,Kelly Main,1.0,1.0,1.0,1.0,0.193,6,103,3,California Polytechnic State University,,accepted,matcher,2026-09-14,
47,Kelly Main,"Cal Poly, San Luis Obispo",openalex,A5034162377,Kelly Main,0.7,1.0,0.0,1.0,0.372,17,199,4,Landscape Institute,,pending,,,
47,Kelly Main,"Cal Poly, San Luis Obispo",openalex,A5073936681,Kelly D. Main,0.6,1.0,0.0,1.0,0.002,2,1,1,,,pending,,,
47,Kelly Main,"Cal Poly, San Luis Obispo",openalex,A5051419125,Kelly M. Main,0.55,1.0,0.0,0.667,0.0,1,0,0,,,pending,,,
47,Kelly Main,"Cal Poly, San Luis Obispo",openalex,A5088808026,Leilani Main Kelly,0.362,0.581,0.0,0.667,0.0,1,0,0,,,pending,,,
48,Cornelius Nuworsoo,"Cal Poly, San Luis Obispo",openalex,A5080562239,Cornelius Nuworsoo,0.989,1.0,1.0,0.929,0.611,62,287,7,,,accepted,matcher,2026-09-14,
52,Henrik Minassians,"California State University, Northridge",openalex,A5008402850,Henrik P. Minassians,0.964,1.0,1.0,0.763,0.374,35,355,11,"California State University, Northridge",,accepted,matcher,2026-09-14,
52,Henrik Minassians,"California State University, Northridge",openalex,A5063743632,Henrik Palasani-Minassians,0.9,1.0,1.0,1.0,0.001,1,1,1,"California State University, Northridge",,pending,,,
53,Craig Olwert,"California State University, Northridge",openalex,A5035373175,Craig Olwert,0.986,1.0,1.0,0.909,0.786,9,22,3,"California State University, Northridge",https://orcid.org/0000-0003-4803-9863,accepted,matcher,2026-09-14,
55,Zeynep Toker,"California State University, Northridge",openalex,A5047582441,Zeynep Toker,0.974,1.0,1.0,0.824,0.378,27,176,6,Northumbria University,,accepted,matcher,2026-09-14,
55,Zeynep Toker,"California State University, Northridge",openalex,A5057143554,Zeynep Toker Dinçer,0.55,1.0,0.0,0.0,0.232,36,108,5,Altran (France),https://orcid.org/0000-0002-0762-7725,pending,,,
55,Zeynep Toker,"California State University, Northridge",openalex,A5073725147,Zeynep Dinçer Toker,0.45,1.0,0.0,0.0,0.0,1,0,0,,,pending,,,
56,Mintesnot Woldeamanuel,"California State University, Northridge",openalex,A5040310213,Mintesnot Woldeamanuel,0.989,1.0,1.0,0.926,0.429,53,454,10,"California State University, Northridge",https://orcid.org/0000-0001-5291-0602,accepted,matcher,2026-09-14,
56,Mintesnot Woldeamanuel,"California State University, Northridge",openalex,A5114552180,Mintesnot Woldeamanuel Gebeyehu,0.9,1.0,1.0,1.0,0.005,1,5,1,"California State University, Northridge",,pending,,,
56,Mintesnot Woldeamanuel,"California State University, Northridge",openalex,A5136191027,Mintesnot Woldeamanuel,0.8,1.0,1.0,0.333,0.0,1,0,0,"California State University, Northridge",https://orcid.org/0000-0001-5291-0602,pending,,,
57,Caitlin Dyckman,Clemson University,openalex,A5056819468,Caitlin S. Dyckman,0.959,1.0,1.0,0.724,0.447,34,197,6,Clemson University,https://orcid.org/0000-0003-3615-2017,accepted,matcher,2026-09-14,
57,Caitlin Dyckman,Clemson University,openalex,A5146688428,Caitlin Dyckman,0.825,1.0,1.0,0.5,0.0,3,0,0,Clemson University,,pending,,,
57,Caitlin Dyckman,Clemson University,openalex,A5031945333,Caitlin S. Dyckman,0.6,1.0,0.0,1.0,0.002,2,1,1,,,pending,,,
58,John Gaber,Clemson University,openalex,A5006897357,John Gaber,1.0,1.0,1.0,1.0,0.281,23,345,9,,,accepted,matcher,2026-09-14,
58,John Gaber,Clemson University,openalex,A5108799900,John Gaber,0.57,1.0,0.0,0.8,0.0,2,0,0,,,pending,,,
58,John Gaber,Clemson University,openalex,A5104954527,John Gaber,0.45,1.0,0.0,0.0,0.0,2,0,0,Morinomiya University of Medical Sciences,,pending,,,
59,Eric Morris,Clemson University,openalex,A5082165165,Eric A. Morris,1.0,1.0,1.0,1.0,0.67,78,1776,20,Clemson University,https://orcid.org/0000-0001-8690-6644,accepted,matcher,2026-09-14,
59,Eric Morris,Clemson University,openalex,A5053481570,Eric Morris,0.641,1.0,0.0,0.607,0.448,153,1187,19,Northern Health,https://orcid.org/0000-0001-5815-1213,pending,,,
59,Eric Morris,Clemson University,openalex,A5080960742,Eric A. Morris,0.618,1.0,0.0,0.786,0.057,9,152,6,University of Toronto,,pending,,,
59,Eric Morris,Clemson University,openalex,A5056141291,Eric Eugene Morris,0.6,1.0,0.0,1.0,0.025,1,67,1,,,pending,,,
59,Eric Morris,Clemson University,openalex,A5021591485,Eric Morris Mr,0.6,1.0,0.0,1.0,0.0,1,0,0,,,pending,,,
60,Roland Anglin,Cleveland State University,openalex,A5067237139,Roland Anglin,1.0,1.0,1.0,1.0,0.424,28,137,7,Cleveland State University,,accepted,matcher,2026-09-14,
60,Roland Anglin,Cleveland State University,openalex,A5069449068,Roland Anglin,0.8,1.0,0.5,1.0,0.084,7,27,2,,,pending,,,
61,Joanna Ganning,Cleveland State University,openalex,A5008867275,Joanna Ganning,1.0,1.0,1.0,1.0,0.693,46,388,9,Cleveland State University,https://orcid.org/0000-0002-8448-0288,accepted,matcher,2026-09-14,
61,Joanna Ganning,Cleveland State University,openalex,A5106609428,Joanna Ganning,0.9,1.0,1.0,1.0,0.0,1,0,0,Cleveland State University,,pending,,,
61,Joanna Ganning,Cleveland State University,openalex,A5124746648,Joanna Ganning,0.8,1.0,1.0,0.333,0.0,1,0,0,Cleveland State University,,pending,,,
62,Thomas Hilde,Cleveland State University,openalex,A5047102699,Thomas W.C. Hilde,0.75,1.0,1.0,0.0,27.047,63,3489,24,Cleveland State University,https://orcid.org/0000-0001-6584-3066,rejected,audit_matches,2026-09-15,
62,Thomas Hilde,Cleveland State University,openalex,A5093293923,Thomas Hilde,0.605,1.0,0.0,0.364,0.116,4,15,1,"University of Maryland, College Park",,pending,,,
62,Thomas Hilde,Cleveland State University,openalex,A5148622947,Thomas Christian Hilde,0.6,1.0,0.0,1.0,0.0,1,0,0,,,pending,,,
62,Thomas Hilde,Cleveland State University,openalex,A5076776694,Thomas Cristian Hilde,0.6,1.0,0.0,1.0,0.0,1,0,0,,,pending,,,
62,Thomas Hilde,Cleveland State University,openalex,A5032242118,Thomas C. Hilde,0.59,1.0,0.0,0.6,1.915,23,247,5,"University of Maryland, College Park",,pending,,,
63,Brian Mikelbank,Cleveland State University,openalex,A5058360151,Brian A. Mikelbank,1.0,1.0,1.0,1.0,0.571,46,634,12,Cleveland State University,https://orcid.org/0009-0004-6914-9089,accepted,matcher,2026-09-14,
64,Stephanie Ryberg-Webster,Cleveland State University,openalex,A5052127889,Stephanie Ryberg-Webster,1.0,1.0,1.0,1.0,0.431,30,303,8,Cleveland State University,https://orcid.org/0000-0002-7601-0294,accepted,matcher,2026-09-14,
64,Stephanie Ryberg-Webster,Cleveland State University,openalex,A5110591004,Stephanie Ryberg-Webster,0.9,1.0,1.0,1.0,0.0,1,0,0,Cleveland State University,,pending,,,
64,Stephanie Ryberg-Webster,Cleveland State University,openalex,A5144334035,Stephanie Ryberg-Webster,0.6,1.0,0.0,1.0,0.0,1,0,0,,,pending,,,
64,Stephanie Ryberg-Webster,Cleveland State University,openalex,A5110617534,Stephanie Ryberg Webster,0.55,1.0,0.0,0.667,0.017,4,12,2,,,pending,,,
65,Hiba Bou Akar,Columbia University,openalex,A5059844203,Hiba Bou Akar,1.0,1.0,1.0,1.0,0.536,12,229,5,New York University Press,https://orcid.org/0000-0002-9696-1396,accepted,matcher,2026-09-14,
65,Hiba Bou Akar,Columbia University,openalex,A5104836514,Hiba Bou Akar,0.6,1.0,0.0,1.0,0.0,1,0,0,,,pending,,,
65,Hiba Bou Akar,Columbia University,openalex,A5104896798,Hiba Bou Akar,0.55,1.0,0.0,0.667,0.0,1,0,0,,,pending,,,
65,Hiba Bou Akar,Columbia University,openalex,A5104794033,Hiba Bou Akar,0.55,1.0,0.0,0.667,0.0,1,0,0,,,pending,,,
65,Hiba Bou Akar,Columbia University,openalex,A5104900504,Hiba Bou Akar,0.55,1.0,0.0,0.667,0.0,1,0,0,,,pending,,,
68,Anthony Vanky,Columbia University,openalex,A5068901903,Anthony Vanky,0.981,1.0,1.0,0.875,0.634,15,121,4,Columbia University,,accepted,matcher,2026-09-14,
70,Victoria Beard,Cornell University,openalex,A5057436464,Victoria A. Beard,0.978,1.0,1.0,0.854,0.572,68,1505,18,University of Tennessee Health Science Center,https://orcid.org/0009-0004-6487-7239,accepted,matcher,2026-09-14,
70,Victoria Beard,Cornell University,openalex,A5012341470,Victoria Beard,0.526,1.0,0.0,0.176,0.074,11,195,3,University of North Dakota,,pending,,,
70,Victoria Beard,Cornell University,openalex,A5138574938,Victoria K. Beard,0.475,1.0,0.0,0.167,0.0,2,0,0,,,pending,,,
70,Victoria Beard,Cornell University,openalex,A5062004796,Victoria N Beard,0.45,1.0,0.0,0.0,0.0,1,0,0,,,pending,,,
71,Sara Bronin,Cornell University,openalex,A5066632287,Sara C. Bronin,0.972,1.0,1.0,0.811,0.12,78,126,7,George Washington University,https://orcid.org/0000-0001-9782-824X,accepted,matcher,2026-09-14,
72,Nancy Brooks,Cornell University,openalex,A5076592264,Nancy A. Brooks,0.975,1.0,1.0,0.833,1.012,38,936,12,Cornell University,,accepted,matcher,2026-09-14,
72,Nancy Brooks,Cornell University,openalex,A5047696261,Nancy Brooks-Lane,0.7,1.0,0.0,1.0,0.103,4,95,4,,,pending,,,
72,Nancy Brooks,Cornell University,openalex,A5080035985,Nancy J. Brooks,0.65,1.0,0.0,1.0,0.074,16,68,4,,,pending,,,
72,Nancy Brooks,Cornell University,openalex,A5129305412,Nancy Flagg Brooks,0.6,1.0,0.0,1.0,0.0,1,0,0,,,pending,,,
72,Nancy Brooks,Cornell University,openalex,A5071516675,Nancy Johnston Brooks,0.6,1.0,0.0,1.0,0.0,1,0,0,,,pending,,,
73,Thomas Campanella,Cornell University,openalex,A5035473610,Thomas J. Campanella,1.0,1.0,1.0,1.0,0.161,37,1169,9,,,accepted,matcher,2026-09-14,
73,Thomas Campanella,Cornell University,openalex,A5120128342,THOMAS J. CAMPANELLA,0.6,1.0,0.0,1.0,0.0,1,1,1,,,pending,,,
73,Thomas Campanella,Cornell University,openalex,A5051615920,THOMAS J. CAMPANELLA,0.6,1.0,0.0,1.0,0.0,1,1,1,,,pending,,,
73,Thomas Campanella,Cornell University,openalex,A5099864081,Thomas Campanella,0.6,1.0,0.0,1.0,0.0,1,0,0,,,pending,,,
73,Thomas Campanella,Cornell University,openalex,A5099861972,Thomas Campanella,0.6,1.0,0.0,1.0,0.0,1,0,0,,,pending,,,
74,John Carruthers,Cornell University,openalex,A5034674277,John I. Carruthers,1.0,1.0,1.0,1.0,0.616,80,2266,22,Cornell University,https://orcid.org/0000-0002-6627-5264,accepted,matcher,2026-09-14,
74,John Carruthers,Cornell University,openalex,A5056334411,John Frank Carruthers,0.6,1.0,0.0,1.0,0.017,3,64,1,,,pending,,,
74,John Carruthers,Cornell University,openalex,A5031759577,JOHN B. CARRUTHERS,0.6,1.0,0.0,1.0,0.001,1,2,1,Child Guidance Center,,pending,,,
74,John Carruthers,Cornell University,openalex,A5018378870,John L Carruthers,0.6,1.0,0.0,1.0,0.001,1,2,1,George Washington University,,pending,,,
74,John Carruthers,Cornell University,openalex,A5129513479,John Carruthers,0.6,1.0,0.0,1.0,0.0,2,0,0,,,pending,,,
75,Suzanne Charles,Cornell University,openalex,A5021220667,Suzanne Lanyi Charles,1.0,1.0,1.0,1.0,0.625,20,230,7,Cornell University,https://orcid.org/0000-0002-8880-7014,accepted,matcher,2026-09-14,
75,Suzanne Charles,Cornell University,openalex,A5108948598,Suzanne L. Charles,0.9,1.0,1.0,1.0,0.008,1,3,1,Cornell University,,pending,,,
75,Suzanne Charles,Cornell University,openalex,A5076654938,Suzanne Charles,0.6,1.0,0.0,1.0,0.0,1,0,0,,,pending,,,
75,Suzanne Charles,Cornell University,openalex,A5014508723,Suzanne Charles,0.51,1.0,0.0,0.4,0.019,3,7,1,,,pending,,,
75,Suzanne Charles,Cornell University,openalex,A5145684834,Charles. Auteur du texte Suzanne,0.5,1.0,0.0,0.333,0.0,1,0,0,,,pending,,,
76,Jeffrey Chusid,Cornell University,openalex,A5053004606,Jeffrey M. Chusid,0.95,1.0,1.0,0.667,0.116,15,11,2,Cornell University,,accepted,matcher,2026-09-14,
78,Nicholas Klein,Cornell University,openalex,A5042844135,Nicholas J. Klein,1.0,1.0,1.0,1.0,0.654,95,1390,19,Cornell University,https://orcid.org/0000-0002-7596-6147,accepted,matcher,2026-09-14,
78,Nicholas Klein,Cornell University,openalex,A5150375880,Nicholas Klein,0.6,1.0,0.0,1.0,0.0,2,0,0,,,pending,,,
78,Nicholas Klein,Cornell University,openalex,A5124840692,Nicholas Klein,0.6,1.0,0.0,1.0,0.0,1,0,0,,,pending,,,
78,Nicholas Klein,Cornell University,openalex,A5035064742,Nicholas Chandler Huntington-Klein,0.6,1.0,0.0,1.0,0.0,1,0,0,,,pending,,,
78,Nicholas Klein,Cornell University,openalex,A5135778729,Nicholas Klein,0.55,1.0,0.0,0.667,0.0,1,0,0,,,pending,,,
79,Neema Kudva,Cornell University,openalex,A5036143132,Neema Kudva,1.0,1.0,1.0,1.0,0.404,29,394,8,,,accepted,matcher,2026-09-14,
79,Neema Kudva,Cornell University,openalex,A5149026115,Kudva Neema,0.5,1.0,0.0,0.333,0.0,1,0,0,,,pending,,,
80,Jennifer Minner,Cornell University,openalex,A5001038635,Jennifer Minner,0.925,1.0,1.0,0.5,0.681,46,418,9,Cornell University,https://orcid.org/0000-0002-0403-6890,accepted,matcher,2026-09-14,
80,Jennifer Minner,Cornell University,openalex,A5115011907,Jennifer Minner,0.45,1.0,0.0,0.0,0.002,1,1,1,OhioHealth,,pending,,,
81,Sophie Oldfield,Cornell University,openalex,A5083269806,Sophie Oldfield,1.0,1.0,1.0,1.0,0.371,75,971,16,University of Staffordshire,https://orcid.org/0000-0002-5601-3041,accepted,matcher,2026-09-14,
81,Sophie Oldfield,Cornell University,openalex,A5124644875,Sophie Oldfield,0.6,1.0,0.0,1.0,0.0,1,0,0,,,pending,,,
81,Sophie Oldfield,Cornell University,openalex,A5136073471,Sophie Oldfield,0.567,1.0,0.0,0.778,0.0,14,0,0,,,pending,,,
81,Sophie Oldfield,Cornell University,openalex,A5001302973,Sophie B Oldfield,0.562,1.0,0.0,0.75,0.01,2,27,1,Royal Children's Hospital,,pending,,,
81,Sophie Oldfield,Cornell University,openalex,A5092767139,SOPHIE OLDFIELD,0.55,1.0,0.0,0.667,0.003,1,7,1,,,pending,,,
82,Stephan Schmidt,Cornell University,openalex,A5011395922,Stephan Schmidt,1.0,1.0,1.0,1.0,0.864,76,1670,22,Union College,https://orcid.org/0000-0003-2412-3868,accepted,matcher,2026-09-14,
82,Stephan Schmidt,Cornell University,openalex,A5091276402,Stephan Schmidt,0.85,1.0,1.0,0.0,0.907,216,1754,20,University of Pretoria,https://orcid.org/0000-0003-0315-5289,pending,,,
82,Stephan Schmidt,Cornell University,openalex,A5081406086,Stephan Schmidt,0.813,1.0,1.0,0.417,6.45,510,12467,55,University of Bern,https://orcid.org/0000-0002-4357-304X,rejected,audit_matches,2026-09-16,"rejected 2026-09-16: OpenAlex 12,467 citations against 2,096 from google_scholar (5.9x); probable namesake"
82,Stephan Schmidt,Cornell University,openalex,A5125282056,Stephan Schmidt,0.6,1.0,0.0,1.0,0.002,1,3,1,Epilepsy Research UK,,pending,,,
82,Stephan Schmidt,Cornell University,openalex,A5101955826,Stephan Schmidt,0.584,1.0,0.0,0.227,0.133,25,257,9,Praxis für Humangenetik,https://orcid.org/0000-0001-6311-1574,pending,,,
83,Linda Shi,Cornell University,openalex,A5070264015,Linda Shi,0.829,1.0,1.0,0.193,1.569,135,5086,32,Cornell University,https://orcid.org/0000-0002-2444-367X,accepted,matcher,2026-09-14,
83,Linda Shi,Cornell University,openalex,A5093416499,Linda Tiong Shi Hui,0.6,1.0,0.0,1.0,0.0,1,0,0,,,pending,,,
83,Linda Shi,Cornell University,openalex,A5049369031,Linda Hui Shi,0.55,1.0,0.0,0.0,0.159,27,515,10,University of Victoria,https://orcid.org/0000-0002-9553-8238,pending,,,
83,Linda Shi,Cornell University,openalex,A5151402273,Linda Shi,0.525,1.0,0.0,0.5,0.0,1,0,0,University of California San Diego,,pending,,,
83,Linda Shi,Cornell University,openalex,A5151327680,Linda Shi,0.525,1.0,0.0,0.5,0.0,43,0,0,Washington Department of Natural Resources,,pending,,,
84,Michael Tomlan,Cornell University,openalex,A5036373238,Michael A. Tomlan,0.957,1.0,1.0,0.714,0.637,58,149,6,Cornell University,,accepted,matcher,2026-09-14,
85,Mildred Warner,Cornell University,openalex,A5005380055,Mildred E. Warner,0.974,1.0,1.0,0.828,0.585,246,9333,51,Center for Global Development,https://orcid.org/0000-0002-0109-338X,accepted,matcher,2026-09-14,
85,Mildred Warner,Cornell University,openalex,A5052294882,Mildred H. Warner,0.6,1.0,0.0,1.0,0.0,1,1,1,,,pending,,,
85,Mildred Warner,Cornell University,openalex,A5046236093,Mildred G. Warner,0.525,1.0,0.0,0.5,0.0,1,0,0,Newmont Mining (United States),,pending,,,
85,Mildred Warner,Cornell University,openalex,A5043121256,Warner Mildred,0.407,0.571,0.0,1.0,0.001,1,9,1,,,pending,,,
87,Lisa Berglund,Morgan State University,openalex,A5073738871,Lisa Berglund,0.976,1.0,1.0,0.842,1.246,65,375,10,Buffalo State University,https://orcid.org/0000-0002-2808-319X,accepted,matcher,2026-09-14,
87,Lisa Berglund,Morgan State University,openalex,A5060274588,Lisa Larsson Berglund,0.55,1.0,0.0,0.0,0.718,10,216,8,University of Gothenburg,https://orcid.org/0000-0001-6704-1876,pending,,,
87,Lisa Berglund,Morgan State University,openalex,A5000759918,Lisa Larsson-Berglund,0.55,1.0,0.0,0.0,0.136,5,41,2,University of Gothenburg,,pending,,,
87,Lisa Berglund,Morgan State University,openalex,A5138046111,Lisa Berglund,0.55,1.0,0.0,0.667,0.0,1,0,0,,,pending,,,
87,Lisa Berglund,Morgan State University,openalex,A5132568528,Lisa Carolina Berglund,0.55,1.0,0.0,0.667,0.0,1,0,0,,,pending,,,
90,Eric Rapaport,Dalhousie University,openalex,A5013477400,Eric Rapaport,1.0,1.0,1.0,1.0,0.771,27,469,13,Dalhousie University,,accepted,matcher,2026-09-14,
90,Eric Rapaport,Dalhousie University,openalex,A5073309107,Eric Rapaport,0.602,1.0,0.0,0.346,0.63,15,383,9,University of Colorado Anschutz,,pending,,,
91,Mikiko Terashima,Dalhousie University,openalex,A5011160369,Mikiko Terashima,1.0,1.0,1.0,1.0,0.69,49,340,9,Dalhousie University,https://orcid.org/0000-0001-9246-4125,accepted,matcher,2026-09-14,
92,Ren Thomas,Dalhousie University,openalex,A5033898244,Ren Thomas,1.0,1.0,1.0,1.0,0.714,52,478,9,Dalhousie University,https://orcid.org/0000-0001-6404-6460,accepted,matcher,2026-09-14,
92,Ren Thomas,Dalhousie University,openalex,A5053055505,Ren R. Thomas,0.6,1.0,0.0,1.0,0.0,1,0,0,,,pending,,,
92,Ren Thomas,Dalhousie University,openalex,A5095943568,Thomas Ren,0.435,0.633,0.0,1.0,0.016,1,11,1,Stony Brook University Hospital,,pending,,,
92,Ren Thomas,Dalhousie University,openalex,A5074159768,Thomas Ren,0.435,0.633,0.0,1.0,0.0,3,0,0,University of Cambridge,,pending,,,
92,Ren Thomas,Dalhousie University,openalex,A5049167626,Thomas Ren,0.435,0.633,0.0,1.0,0.0,2,0,0,,,pending,,,
93,Misun Hur,East Carolina University,openalex,A5064994512,Misun Hur,1.0,1.0,1.0,1.0,0.623,13,836,7,,https://orcid.org/0000-0002-1827-4187,accepted,matcher,2026-09-14,
95,Anuradha Mukherji,East Carolina University,openalex,A5058366952,Anuradha Mukherji,0.983,1.0,1.0,0.889,0.651,32,324,10,East Carolina University,https://orcid.org/0000-0003-2315-7062,accepted,matcher,2026-09-14,
95,Anuradha Mukherji,East Carolina University,openalex,A5037355322,Anuradha Mukherji,0.6,1.0,0.0,0.667,0.078,1,39,1,Management Development Institute,https://orcid.org/0000-0003-1812-9876,pending,,,
95,Anuradha Mukherji,East Carolina University,openalex,A5011352772,Anuradha Mukherji,0.45,1.0,0.0,0.0,0.01,1,5,1,University of Calcutta,,pending,,,
96,Steven Richter,East Carolina University,openalex,A5028593551,Steven M. Richter,0.85,1.0,1.0,0.0,1.112,17,327,8,East Carolina University,https://orcid.org/0000-0002-5135-9676,accepted,matcher,2026-09-14,
96,Steven Richter,East Carolina University,openalex,A5076990483,Steven J Richter,0.6,1.0,0.0,1.0,0.0,1,0,0,,,pending,,,
96,Steven Richter,East Carolina University,openalex,A5075094970,Steven Scott. Richter,0.6,1.0,0.0,1.0,0.0,1,0,0,,,pending,,,
96,Steven Richter,East Carolina University,openalex,A5109079578,Steven Richter,0.55,1.0,0.0,0.0,0.313,6,92,3,Friedrich Schiller University Jena,,pending,,,
96,Steven Richter,East Carolina University,openalex,A5030689830,Steven I. Richter,0.55,1.0,0.0,0.0,0.524,6,154,3,,,pending,,,
99,Matthew Anderson,Eastern Washington,openalex,A5050876260,Matthew Anderson,1.0,1.0,1.0,1.0,1.488,109,1327,18,Eastern Washington University,https://orcid.org/0000-0002-9092-2580,accepted,matcher,2026-09-14,
99,Matthew Anderson,Eastern Washington,openalex,A5112330203,Matthew Anderson,0.65,1.0,0.0,0.667,0.246,1,219,1,,,pending,,,
99,Matthew Anderson,Eastern Washington,openalex,A5101853989,Matthew Anderson,0.636,1.0,0.0,0.571,0.239,39,213,5,"University of California, Davis",https://orcid.org/0000-0002-5965-491X,pending,,,
99,Matthew Anderson,Eastern Washington,openalex,A5108257708,Matthew Anderson,0.625,1.0,0.0,0.5,0.18,27,161,5,Seattle University,,pending,,,
99,Matthew Anderson,Eastern Washington,openalex,A5101853990,Matthew Anderson,0.609,1.0,0.0,0.393,0.436,60,389,8,Brigham Young University,https://orcid.org/0009-0003-3333-4074,pending,,,
100,Margo Hill,Eastern Washington,openalex,A5048163774,Margo Hill,0.973,1.0,1.0,0.818,0.656,18,59,5,Eastern Washington University,,accepted,matcher,2026-09-14,
100,Margo Hill,Eastern Washington,openalex,A5141538454,Margo Hill,0.6,1.0,0.0,1.0,0.0,1,0,0,,,pending,,,
100,Margo Hill,Eastern Washington,openalex,A5106911436,Margo Hill,0.6,1.0,0.0,1.0,0.0,1,0,0,,,pending,,,
100,Margo Hill,Eastern Washington,openalex,A5127411099,Margo Hill,0.6,1.0,0.0,1.0,0.0,1,0,0,,,pending,,,
100,Margo Hill,Eastern Washington,openalex,A5123711524,Margo Hill,0.6,1.0,0.0,1.0,0.0,1,0,0,,,pending,,,
101,Jason Scully,Eastern Washington,openalex,A5010939611,Jason Y. Scully,0.981,1.0,1.0,0.875,0.462,10,153,7,Eastern Washington University,https://orcid.org/0000-0003-0693-7454,accepted,matcher,2026-09-14,
101,Jason Scully,Eastern Washington,openalex,A5026377126,Jason Scully,0.6,1.0,0.0,1.0,0.0,1,0,0,,,pending,,,
101,Jason Scully,Eastern Washington,openalex,A5127702934,Jason Scully,0.6,1.0,0.0,1.0,0.0,1,0,0,,,pending,,,
101,Jason Scully,Eastern Washington,openalex,A5053806089,Jason Scully,0.558,1.0,0.0,0.385,0.03,9,10,2,Seton Hall University,,pending,,,
101,Jason Scully,Eastern Washington,openalex,A5002608334,Jason Scully,0.55,1.0,0.0,0.667,0.003,1,1,1,,,pending,,,
102,Eric Dumbaugh,Florida Atlantic University,openalex,A5082212269,Eric Dumbaugh,0.942,1.0,1.0,0.616,0.652,63,2037,20,Atlantic University,https://orcid.org/0000-0002-5254-9711,accepted,matcher,2026-09-14,
103,Yanmei Li,Florida Atlantic University,openalex,A5100642929,Yanmei Li,0.85,1.0,1.0,0.0,0.858,78,1045,18,Harbin Medical University,https://orcid.org/0000-0001-9416-8530,accepted,matcher,2026-09-14,
103,Yanmei Li,Florida Atlantic University,openalex,A5100642927,Yanmei Li,0.614,1.0,0.0,0.429,0.424,109,516,11,Beijing University of Technology,https://orcid.org/0000-0001-8849-7549,pending,,,
103,Yanmei Li,Florida Atlantic University,openalex,A5100642932,Yanmei Li,0.585,1.0,0.0,0.231,0.557,48,678,10,Wenzhou Medical University,https://orcid.org/0000-0003-2116-1607,pending,,,
103,Yanmei Li,Florida Atlantic University,openalex,A5122273772,Yanmei Li,0.575,1.0,0.0,0.833,0.003,4,4,1,Universidad de Guanajuato,,pending,,,
103,Yanmei Li,Florida Atlantic University,openalex,A5100642926,Yanmei Li,0.569,1.0,0.0,0.793,4.502,256,5483,42,Universidad de Guanajuato,https://orcid.org/0000-0001-6988-6776,rejected,audit_matches,2026-09-16,"rejected 2026-09-16: OpenAlex 5,483 citations against 1,349 from google_scholar (4.1x); probable namesake"
104,Melina Matos,Florida Atlantic University,openalex,A5022012510,Melina Matos,1.0,1.0,1.0,1.0,0.923,15,144,7,Atlantic University,https://orcid.org/0000-0001-5067-3412,accepted,matcher,2026-09-14,
104,Melina Matos,Florida Atlantic University,openalex,A5083747113,Melina Castro Matos,0.55,1.0,0.0,0.667,0.006,1,1,1,Universidade Federal de Viçosa,https://orcid.org/0000-0003-3998-2497,pending,,,
105,Louis Merlin,Florida Atlantic University,openalex,A5042236384,Louis A. Merlin,0.98,1.0,1.0,0.867,0.797,61,1550,21,Atlantic University,https://orcid.org/0000-0002-9267-5712,accepted,matcher,2026-09-14,
105,Louis Merlin,Florida Atlantic University,openalex,A5132932779,Louis Merlin,0.9,1.0,1.0,1.0,0.0,1,0,0,Florida Atlantic University,,pending,,,
105,Louis Merlin,Florida Atlantic University,openalex,A5137793797,Louis A. Merlin,0.9,1.0,1.0,1.0,0.0,1,0,0,Atlantic University,https://orcid.org/0000-0002-9267-5712,pending,,,
105,Louis Merlin,Florida Atlantic University,openalex,A5007828240,Louis Merlin-Lemas,0.6,1.0,0.0,1.0,0.0,1,0,0,,,pending,,,
105,Louis Merlin,Florida Atlantic University,openalex,A5049173834,Louis Merlin Tsamo,0.6,1.0,0.0,1.0,0.0,1,0,0,Université de Dschang,,pending,,,
107,Stephanie Wakefield,Florida Atlantic University,openalex,A5029542049,Stephanie Wakefield,1.0,1.0,1.0,1.0,0.707,33,848,15,,https://orcid.org/0000-0002-5070-8993,accepted,matcher,2026-09-14,
107,Stephanie Wakefield,Florida Atlantic University,openalex,A5140355837,Stephanie Wakefield,0.6,1.0,0.0,1.0,0.0,1,0,0,,,pending,,,
107,Stephanie Wakefield,Florida Atlantic University,openalex,A5129891562,Stephanie Wakefield,0.6,1.0,0.0,1.0,0.0,1,0,0,,,pending,,,
107,Stephanie Wakefield,Florida Atlantic University,openalex,A5056431971,STEPHANIE WAKEFIELD,0.525,1.0,0.0,0.5,0.005,1,6,1,,,pending,,,
107,Stephanie Wakefield,Florida Atlantic University,openalex,A5137956713,Stephanie Wakefield,0.525,1.0,0.0,0.5,0.0,9,0,0,,,pending,,,
109,William Butler,Florida State University,openalex,A5044193665,William Butler,0.959,1.0,1.0,0.725,0.12,61,208,6,Florida State University,https://orcid.org/0000-0002-3286-0748,accepted,matcher,2026-09-14,
109,William Butler,Florida State University,openalex,A5091782513,William B. Butler,0.679,1.0,0.0,0.86,0.176,64,306,6,National Archives,https://orcid.org/0000-0002-4705-321X,pending,,,
109,William Butler,Florida State University,openalex,A5108731235,William E. Butler,0.636,1.0,0.0,0.571,0.2,5,347,1,,,pending,,,
109,William Butler,Florida State University,openalex,A5108471759,William I. Butler,0.633,1.0,0.0,0.889,0.097,5,169,5,,,pending,,,
109,William Butler,Florida State University,openalex,A5013346243,William A. Butler,0.616,1.0,0.0,0.438,0.181,28,315,5,,,pending,,,
111,Timothy Chapin,Florida State University,openalex,A5021172493,Timothy S. Chapín,1.0,1.0,1.0,1.0,0.562,34,833,14,Florida State University,,accepted,matcher,2026-09-14,
112,Christopher Coutts,Florida State University,openalex,A5091253122,Christopher Coutts,1.0,1.0,1.0,1.0,0.66,62,1511,17,Florida State University,https://orcid.org/0000-0003-3228-5891,accepted,matcher,2026-09-14,
112,Christopher Coutts,Florida State University,openalex,A5135255039,Christopher Coutts,0.9,1.0,1.0,1.0,0.0,1,0,0,Florida State University,,pending,,,
112,Christopher Coutts,Florida State University,openalex,A5086659465,Christopher A. Coutts,0.7,1.0,0.5,0.0,0.226,11,517,7,University Hospital Magdeburg,,pending,,,
112,Christopher Coutts,Florida State University,openalex,A5059261371,Christopher Coutts,0.55,1.0,0.0,0.667,0.0,2,0,0,,,pending,,,
112,Christopher Coutts,Florida State University,openalex,A5151156790,Christopher Coutts,0.525,1.0,0.0,0.5,0.0,1,0,0,,,pending,,,
114,Tisha Holmes,Florida State University,openalex,A5039091387,Tisha Holmes,0.977,1.0,1.0,0.848,0.747,36,670,11,Florida State University,https://orcid.org/0000-0003-4754-9060,accepted,matcher,2026-09-14,
114,Tisha Holmes,Florida State University,openalex,A5136096440,Tisha J. Holmes,0.9,1.0,1.0,1.0,0.0,1,0,0,Florida State University,,pending,,,
115,Kelly Kinahan,Florida State University,openalex,A5051761741,Kelly L. Kinahan,0.984,1.0,1.0,0.892,0.609,21,243,7,,https://orcid.org/0000-0002-5032-3532,accepted,matcher,2026-09-14,
115,Kelly Kinahan,Florida State University,openalex,A5058735617,Kelly Kinahan,0.475,1.0,0.0,0.167,0.003,2,1,1,,,pending,,,
115,Kelly Kinahan,Florida State University,openalex,A5127657237,Kelly Katharina Kinahan,0.45,1.0,0.0,0.0,0.0,1,0,0,,,pending,,,
116,Meaghan McSorley,Florida State University,openalex,A5043195610,Meaghan McSorley,1.0,1.0,1.0,1.0,0.714,6,5,2,Florida State University,https://orcid.org/0000-0001-9565-4426,accepted,matcher,2026-09-14,
116,Meaghan McSorley,Florida State University,openalex,A5136089243,Meaghan McSorley,0.9,1.0,1.0,1.0,0.0,1,0,0,Florida State University,,pending,,,
116,Meaghan McSorley,Florida State University,openalex,A5140311508,Meaghan McSorley,0.85,1.0,1.0,0.667,0.0,1,0,0,Florida State University,,pending,,,
116,Meaghan McSorley,Florida State University,openalex,A5025126195,Meaghan McSorley,0.6,1.0,0.0,1.0,0.0,1,0,0,,,pending,,,
116,Meaghan McSorley,Florida State University,openalex,A5099588325,Meaghan McSorley,0.6,1.0,0.0,1.0,0.0,1,0,0,,,pending,,,
117,Mehak Sachdeva,Florida State University,openalex,A5027859763,Mehak Sachdeva,0.962,1.0,1.0,0.744,0.902,43,340,9,Florida State University,https://orcid.org/0000-0003-4375-5422,accepted,matcher,2026-09-14,
117,Mehak Sachdeva,Florida State University,openalex,A5114968835,Mehak Sachdeva,0.6,1.0,0.0,1.0,0.0,1,0,0,,,pending,,,
117,Mehak Sachdeva,Florida State University,openalex,A5134852910,Mehak Sachdeva,0.525,1.0,0.0,0.5,0.0,2,0,0,,,pending,,,
117,Mehak Sachdeva,Florida State University,openalex,A5133784164,Mehak Sachdeva,0.525,1.0,0.0,0.5,0.0,3,0,0,,,pending,,,
117,Mehak Sachdeva,Florida State University,openalex,A5136389645,Mehak Sachdeva,0.5,1.0,0.0,0.333,0.0,1,0,0,College of Central Florida,,pending,,,
120,Gulsah Akar,Georgia Tech,openalex,A5017756587,Gulsah Akar,0.981,1.0,1.0,0.872,0.731,82,2561,27,Georgia Institute of Technology,https://orcid.org/0000-0003-4764-0913,accepted,matcher,2026-09-14,
120,Gulsah Akar,Georgia Tech,openalex,A5138950602,Gülşah Sezen Akar,0.6,1.0,0.0,1.0,0.0,1,0,0,,,pending,,,
120,Gulsah Akar,Georgia Tech,openalex,A5011748217,Gülşah Sezen Akar,0.506,1.0,0.0,0.375,0.011,9,39,2,Adnan Menderes University,https://orcid.org/0000-0002-8541-3327,pending,,,
121,Clio Andris,Georgia Tech,openalex,A5078526118,Clio Andris,0.965,1.0,1.0,0.767,0.754,135,2039,19,Georgia Institute of Technology,https://orcid.org/0000-0002-8559-5079,accepted,matcher,2026-09-14,
121,Clio Andris,Georgia Tech,openalex,A5039340115,Andris Clio,0.332,0.515,0.0,0.667,0.0,1,0,0,,,pending,,,
124,Rounaq Basu,Georgia Tech,openalex,A5019289414,Rounaq Basu,1.0,1.0,1.0,1.0,0.795,44,1204,19,Georgia Institute of Technology,https://orcid.org/0000-0001-5077-2613,accepted,matcher,2026-09-14,
125,Paige Clayton,Georgia Tech,openalex,A5048483935,Paige Clayton,0.884,1.0,1.0,0.224,0.711,32,520,10,Georgia Institute of Technology,https://orcid.org/0000-0001-6005-8691,accepted,matcher,2026-09-14,
125,Paige Clayton,Georgia Tech,openalex,A5137572360,Paige Clayton,0.85,1.0,1.0,0.667,0.0,2,0,0,Georgia Institute of Technology,https://orcid.org/0000-0001-6005-8691,pending,,,
125,Paige Clayton,Georgia Tech,openalex,A5108655059,Paige A. Clayton,0.544,1.0,0.0,0.625,0.008,6,6,2,University of North Carolina at Chapel Hill,,pending,,,
125,Paige Clayton,Georgia Tech,openalex,A5127591988,Paige A. Clayton,0.5,1.0,0.0,0.333,0.0,1,0,0,Laboratoire d’Imagerie Biomédicale,,pending,,,
126,William Drummond,Georgia Tech,openalex,A5007207473,William J. Drummond,0.974,1.0,1.0,0.824,0.667,39,417,9,"University of California, Berkeley",,accepted,matcher,2026-09-14,
126,William Drummond,Georgia Tech,openalex,A5058919081,William Drummond,0.662,1.0,0.0,0.75,0.266,36,166,7,University of Oxford,,pending,,,
126,William Drummond,Georgia Tech,openalex,A5070676872,William Drummond Middleton,0.6,1.0,0.0,0.667,0.032,1,20,1,,,pending,,,
126,William Drummond,Georgia Tech,openalex,A5026547428,William Henry Drummond,0.6,1.0,0.0,0.667,0.053,10,33,3,,,pending,,,
126,William Drummond,Georgia Tech,openalex,A5142170297,William Abernethy-Drummond,0.6,1.0,0.0,1.0,0.0,1,0,0,,,pending,,,
127,Alberto Fuentes,Georgia Tech,openalex,A5073664134,Alberto Fuentes,1.0,1.0,1.0,1.0,0.768,17,239,4,Georgia Institute of Technology,https://orcid.org/0000-0003-2610-3684,accepted,matcher,2026-09-14,
127,Alberto Fuentes,Georgia Tech,openalex,A5012572451,Alberto L. León-Fuentes,0.7,1.0,0.0,1.0,0.161,2,50,2,Analysis Group (United States),,pending,,,
127,Alberto Fuentes,Georgia Tech,openalex,A5014039522,Alberto Zarate Fuentes,0.6,1.0,0.0,0.333,0.141,1,44,1,Hospital General Universitario Gregorio Marañón,,pending,,,
127,Alberto Fuentes,Georgia Tech,openalex,A5097794401,Alberto Fuentes,0.6,1.0,0.0,1.0,0.013,1,4,1,Bank of Spain,,pending,,,
127,Alberto Fuentes,Georgia Tech,openalex,A5054346762,Alberto Fuentes,0.575,1.0,0.0,0.167,0.132,3,41,2,,,pending,,,
128,Randall Guensler,Georgia Tech,openalex,A5086393125,Randall Guensler,0.917,1.0,1.0,0.447,0.601,269,5117,38,Georgia Institute of Technology,https://orcid.org/0000-0003-2204-7427,accepted,matcher,2026-09-14,
128,Randall Guensler,Georgia Tech,openalex,A5148386340,Randall. Guensler,0.54,1.0,0.0,0.6,0.0,2,0,0,,,pending,,,
128,Randall Guensler,Georgia Tech,openalex,A5142648934,Randall Guensler,0.45,1.0,0.0,0.0,0.0,1,0,0,,,pending,,,
128,Randall Guensler,Georgia Tech,openalex,A5147176297,"Ziming Liu, Hongyu Lu, Angshuman Guin, and Randall Guensler",0.221,0.492,0.0,0.0,0.0,1,0,0,,,pending,,,
129,Subhrajit Guhathakurta,Georgia Tech,openalex,A5074349808,Subhrajit Guhathakurta,1.0,1.0,1.0,1.0,0.684,146,4288,31,Georgia Institute of Technology,https://orcid.org/0000-0002-2456-3284,accepted,matcher,2026-09-14,
129,Subhrajit Guhathakurta,Georgia Tech,openalex,A5140945454,Subhrajit Guhathakurta,0.9,1.0,1.0,1.0,0.0,1,0,0,Georgia Institute of Technology,,pending,,,
129,Subhrajit Guhathakurta,Georgia Tech,openalex,A5097845942,Subhrajit Guhathakurta David Pijawka,0.6,1.0,0.0,1.0,0.0,1,1,1,,,pending,,,
130,Yiyi He,Georgia Tech,openalex,A5101938113,Yiyi He,0.986,1.0,1.0,0.909,0.997,31,294,9,Universiti Sains Malaysia,https://orcid.org/0000-0002-9238-2880,accepted,matcher,2026-09-14,
130,Yiyi He,Georgia Tech,openalex,A5065223933,Luo-Yiyi He,0.592,0.76,0.0,1.0,0.61,2,180,2,Sun Yat-sen University,,pending,,,
130,Yiyi He,Georgia Tech,openalex,A5029135628,Yiyi He,0.575,1.0,0.0,0.833,0.0,3,0,0,Sichuan International Studies University,https://orcid.org/0000-0001-5297-7065,pending,,,
130,Yiyi He,Georgia Tech,openalex,A5103999249,Yiyi He,0.571,1.0,0.0,0.139,0.739,31,218,10,Yunnan Agricultural University,,pending,,,
130,Yiyi He,Georgia Tech,openalex,A5004381774,Yiyi He,0.55,1.0,0.0,0.0,0.21,5,62,3,Army Medical University,,pending,,,
131,Gregory Randolph,Georgia Tech,openalex,A5047719635,Gregory F. Randolph,0.972,1.0,1.0,0.812,0.739,28,257,5,Georgia Institute of Technology,https://orcid.org/0000-0003-3659-5192,accepted,matcher,2026-09-14,
131,Gregory Randolph,Georgia Tech,openalex,A5072453090,Gregory M. Randolph,0.664,1.0,0.0,0.762,0.135,25,47,4,Southern New Hampshire University,,pending,,,
131,Gregory Randolph,Georgia Tech,openalex,A5078628219,Gregory Dean Randolph,0.6,1.0,0.0,1.0,0.011,2,4,1,University of North Carolina at Chapel Hill,,pending,,,
131,Gregory Randolph,Georgia Tech,openalex,A5087511969,Gregory D. Randolph,0.588,1.0,0.0,0.25,0.109,5,38,3,University of Wyoming,https://orcid.org/0000-0001-5608-7721,pending,,,
131,Gregory Randolph,Georgia Tech,openalex,A5046081435,Gregory G. Randolph,0.55,1.0,0.0,0.667,0.011,1,4,1,Goldman Sachs (United States),,pending,,,
132,Elora Raymond,Georgia Tech,openalex,A5063789108,Elora Lee Raymond,1.0,1.0,1.0,1.0,0.583,21,443,10,,https://orcid.org/0000-0002-9459-561X,accepted,matcher,2026-09-14,
132,Elora Raymond,Georgia Tech,openalex,A5146599911,Seumalu Elora Raymond,0.752,0.783,1.0,0.667,0.0,1,0,0,Georgia Institute of Technology,,pending,,,
132,Elora Raymond,Georgia Tech,openalex,A5021749850,Seumalu Elora Lee Raymond,0.675,0.499,1.0,1.0,0.011,2,8,1,Georgia Institute of Technology,,pending,,,
132,Elora Raymond,Georgia Tech,openalex,A5146933594,Seumalu Elora Raymond,0.402,0.783,0.0,0.333,0.0,1,0,0,Te Whare Wānanga o Awanuiārangi,,pending,,,
133,Brian Stone,Georgia Tech,openalex,A5017207102,Brian Stone,1.0,1.0,1.0,1.0,0.962,117,7051,40,Georgia Institute of Technology,https://orcid.org/0000-0002-2418-0486,accepted,matcher,2026-09-14,
133,Brian Stone,Georgia Tech,openalex,A5047168630,Brian B. Stone,0.75,1.0,1.0,0.0,0.003,20,24,3,,https://orcid.org/0000-0003-0568-0482,pending,,,
133,Brian Stone,Georgia Tech,openalex,A5005726525,Brian Stone,0.6,1.0,0.0,1.0,0.0,3,3,1,National University of Singapore,,pending,,,
133,Brian Stone,Georgia Tech,openalex,A5112294377,Brian H Stone,0.6,1.0,0.0,1.0,0.0,1,2,1,Western Illinois University,,pending,,,
133,Brian Stone,Georgia Tech,openalex,A5138233151,Brian Stone,0.6,1.0,0.0,1.0,0.0,1,0,0,Northern Arizona University,,pending,,,
134,Perry Yang,Georgia Tech,openalex,A5085912571,Perry Pei‐Ju Yang,0.983,1.0,1.0,0.889,0.642,80,1337,17,Georgia Institute of Technology,https://orcid.org/0000-0003-0809-8922,accepted,matcher,2026-09-14,
134,Perry Yang,Georgia Tech,openalex,A5117201275,Perry Yang Tchie Hunn,0.5,1.0,0.0,0.333,0.001,1,3,1,Swinburne University of Technology Sarawak Campus,,pending,,,
136,Ann Forsyth,Harvard University,openalex,A5007781505,Ann Forsyth,1.0,1.0,1.0,1.0,0.777,263,10761,46,,https://orcid.org/0000-0002-8400-6842,accepted,matcher,2026-09-14,
136,Ann Forsyth,Harvard University,openalex,A5098111721,Ann Forsyth,0.6,1.0,0.0,1.0,0.0,1,5,1,,,pending,,,
136,Ann Forsyth,Harvard University,openalex,A5136235310,Ann Forsyth,0.6,1.0,0.0,1.0,0.0,1,1,1,Harvard University Press,https://orcid.org/0000-0002-8400-6842,pending,,,
136,Ann Forsyth,Harvard University,openalex,A5122269691,Ann Forsyth,0.6,1.0,0.0,1.0,0.0,1,0,0,,,pending,,,
136,Ann Forsyth,Harvard University,openalex,A5117653603,Ann Forsyth,0.6,1.0,0.0,1.0,0.0,1,0,0,,,pending,,,
137,Jerold Kayden,Harvard University,openalex,A5029002134,Jerold S. Kayden,1.0,1.0,1.0,1.0,0.244,27,413,7,,,accepted,matcher,2026-09-14,
138,Magda Maaoui,Harvard University,openalex,A5035145670,Magda Maaoui,1.0,1.0,1.0,1.0,0.443,15,39,4,Harvard University,https://orcid.org/0000-0001-6950-8089,accepted,matcher,2026-09-14,
138,Magda Maaoui,Harvard University,openalex,A5061696206,Magda Maaoui,0.6,1.0,0.0,1.0,0.0,2,0,0,École Normale Supérieure de Lyon,,pending,,,
138,Magda Maaoui,Harvard University,openalex,A5046660243,Magda Maaoui,0.6,1.0,0.0,1.0,0.0,1,0,0,,,pending,,,
139,Rahul Mehrotra,Harvard University,openalex,A5109211827,Rahul Mehrotra,0.905,1.0,1.0,0.37,0.506,144,676,12,Artemis Hospitals,,accepted,matcher,2026-09-14,
139,Rahul Mehrotra,Harvard University,openalex,A5095903934,Rahul Mehrotra,0.9,1.0,1.0,1.0,0.0,1,0,0,Harvard University,,pending,,,
139,Rahul Mehrotra,Harvard University,openalex,A5081534823,Rahul Mehrotra,0.75,1.0,0.5,1.0,0.003,5,4,1,Harvard University Press,,pending,,,
139,Rahul Mehrotra,Harvard University,openalex,A5016436122,Rahul Mehrotra,0.663,1.0,0.0,0.754,0.381,45,509,13,Chulalongkorn University,https://orcid.org/0000-0001-8074-1017,pending,,,
139,Rahul Mehrotra,Harvard University,openalex,A5141722140,Rahul Mehrotra,0.6,1.0,0.0,1.0,0.0,1,0,0,,,pending,,,
140,Rachel Meltzer,Harvard University,openalex,A5020144497,Rachel Meltzer,0.981,1.0,1.0,0.871,0.696,84,1376,18,Brigham and Women's Hospital,https://orcid.org/0000-0002-8694-8956,accepted,matcher,2026-09-14,
140,Rachel Meltzer,Harvard University,openalex,A5135201457,Rachel Meltzer,0.75,1.0,1.0,0.0,0.0,1,0,0,Brigham and Women's Hospital,,pending,,,
140,Rachel Meltzer,Harvard University,openalex,A5140936812,Rachel Meltzer,0.6,1.0,0.0,1.0,0.0,1,0,0,Harvard University Press,https://orcid.org/0000-0002-8694-8956,pending,,,
140,Rachel Meltzer,Harvard University,openalex,A5053394536,Rachel Evers-Meltzer,0.5,1.0,0.0,0.0,0.059,4,116,3,Boston University,,pending,,,
140,Rachel Meltzer,Harvard University,openalex,A5004029420,Rachel Meltzer Warren,0.5,1.0,0.0,0.333,0.0,1,0,0,,,pending,,,
141,Richard Peiser,Harvard University,openalex,A5023603446,Richard Peiser,1.0,1.0,1.0,1.0,0.524,88,2094,21,Harvard University Press,https://orcid.org/0000-0003-3058-3510,accepted,matcher,2026-09-14,
141,Richard Peiser,Harvard University,openalex,A5138503061,Richard Peiser,0.6,1.0,0.0,1.0,0.007,3,28,2,,,pending,,,
143,Hannah Teicher,Harvard University,openalex,A5063075226,Hannah M. Teicher,1.0,1.0,1.0,1.0,0.709,16,775,7,Quincy College,https://orcid.org/0000-0002-8246-3134,accepted,matcher,2026-09-14,
143,Hannah Teicher,Harvard University,openalex,A5138374262,Hannah Teicher,0.6,1.0,0.0,1.0,0.0,1,0,0,Harvard University Press,,pending,,,
144,Carole Voulgaris,Harvard University,openalex,A5060988135,Carole Turley Voulgaris,0.966,1.0,1.0,0.775,0.686,45,496,12,Harvard University Press,https://orcid.org/0000-0003-0556-924X,accepted,matcher,2026-09-14,
146,Stefan Al,Hunter College,openalex,A5100665696,Stefan Al,1.0,1.0,1.0,1.0,0.426,42,304,9,Hunter College,https://orcid.org/0000-0003-0605-8601,accepted,matcher,2026-09-14,
146,Stefan Al,Hunter College,openalex,A5125532724,Stefan Al,0.9,1.0,1.0,1.0,0.0,1,0,0,City University of New York,,pending,,,
146,Stefan Al,Hunter College,openalex,A5106809881,Stefan Al,0.6,1.0,0.0,1.0,0.003,1,2,1,,,pending,,,
146,Stefan Al,Hunter College,openalex,A5103574588,Stefan Johannes Al,0.6,1.0,0.0,1.0,0.007,1,5,1,,,pending,,,
146,Stefan Al,Hunter College,openalex,A5103928339,Stefan Al,0.6,1.0,0.0,1.0,0.0,2,0,0,,,pending,,,
147,Nicholas Bloom,Hunter College,openalex,A5044421873,Nicholas Bloom,0.9,1.0,1.0,1.0,85.61,550,65920,88,Hunter College,https://orcid.org/0000-0002-1600-7819,rejected,audit_matches,2026-09-15,
147,Nicholas Bloom,Hunter College,openalex,A5141915477,Nicholas Bloom,0.65,1.0,0.0,1.0,0.058,2,45,2,,,pending,,,
147,Nicholas Bloom,Hunter College,openalex,A5109699108,Nicholas Bloom Marcela Carvalho,0.6,1.0,0.0,1.0,0.003,1,2,1,,,pending,,,
147,Nicholas Bloom,Hunter College,openalex,A5128529340,Nicholas Bloom,0.6,1.0,0.0,1.0,0.0,1,0,0,National Bureau of Economic Research,,pending,,,
147,Nicholas Bloom,Hunter College,openalex,A5136176065,Nicholas Bloom,0.6,1.0,0.0,1.0,0.0,1,0,0,Stanford University,,pending,,,
148,John Chin,Hunter College,openalex,A5012453075,John J. Chin,0.934,1.0,1.0,0.558,0.867,46,741,17,City University of New York,https://orcid.org/0009-0003-2960-6452,accepted,matcher,2026-09-14,
148,John Chin,Hunter College,openalex,A5058054012,John Chin,0.7,1.0,0.0,1.0,0.312,30,267,7,Carnegie Mellon University,https://orcid.org/0000-0001-5318-6062,pending,,,
148,John Chin,Hunter College,openalex,A5078826227,John M. Chin,0.6,1.0,0.0,1.0,0.018,1,15,1,University of Wisconsin–Green Bay,,pending,,,
148,John Chin,Hunter College,openalex,A5070589963,John K. Chin,0.581,1.0,0.0,0.208,0.289,25,247,7,Digital Science (United States),https://orcid.org/0000-0002-1247-177X,pending,,,
148,John Chin,Hunter College,openalex,A5109854311,John L. Chin,0.576,1.0,0.0,0.174,0.218,41,186,8,Bay Institute,,pending,,,
149,Owen Gutfreund,Hunter College,openalex,A5056358076,Owen D Gutfreund,1.0,1.0,1.0,1.0,0.261,28,75,1,,https://orcid.org/0000-0003-1113-6619,accepted,matcher,2026-09-14,
150,Mehdi Heris,Hunter College,openalex,A5033965436,Mehdi P. Heris,1.0,1.0,1.0,1.0,0.924,27,1596,12,United States Geological Survey,https://orcid.org/0000-0002-4418-5030,accepted,matcher,2026-09-14,
150,Mehdi Heris,Hunter College,openalex,A5116587015,Mehdi Heris,0.9,1.0,1.0,1.0,0.002,3,4,1,City University of New York,,pending,,,
150,Mehdi Heris,Hunter College,openalex,A5003263885,Mehdi Bakhsheshi Heris,0.6,1.0,0.0,1.0,0.003,1,5,1,,,pending,,,
150,Mehdi Heris,Hunter College,openalex,A5144252870,Mehdi P. Heris,0.6,1.0,0.0,1.0,0.0,1,0,0,,,pending,,,
151,Edwin Meléndez,Hunter College,openalex,A5108379103,Edwin Meléndez,1.0,1.0,1.0,1.0,0.256,76,718,17,Institut National de Recherche et de Sécurité,,accepted,matcher,2026-09-14,
151,Edwin Meléndez,Hunter College,openalex,A5124447016,Edwin Meléndez Delgado,0.6,1.0,0.0,1.0,0.0,2,0,0,Keiser University,,pending,,,
151,Edwin Meléndez,Hunter College,openalex,A5054376621,Edwin Meléndez Rodriguez,0.6,1.0,0.0,1.0,0.0,1,0,0,,,pending,,,
151,Edwin Meléndez,Hunter College,openalex,A5088041637,Edwin A. Melendez,0.6,1.0,0.0,1.0,0.0,1,1,1,Columbia University,,pending,,,
151,Edwin Meléndez,Hunter College,openalex,A5035861239,Edwin Moisés Meléndez López,0.6,1.0,0.0,1.0,0.0,1,0,0,,,pending,,,
152,Lily Baum Pollans,Hunter College,openalex,A5069513688,Lily Baum Pollans,0.982,1.0,1.0,0.882,0.662,13,86,5,,,accepted,matcher,2026-09-14,
153,Sigmund Shipp,Hunter College,openalex,A5088984164,Sigmund C. Shipp,0.97,1.0,1.0,0.8,0.238,11,34,2,Hunter College,,accepted,matcher,2026-09-14,
154,Laura Wolf-Powers,Hunter College,openalex,A5017599316,Laura Wolf‐Powers,1.0,1.0,1.0,1.0,0.594,76,815,12,Hunter College,https://orcid.org/0000-0001-5104-823X,accepted,matcher,2026-09-14,
154,Laura Wolf-Powers,Hunter College,openalex,A5099226195,Laura Wolf-Powers,0.6,1.0,0.0,1.0,0.0,2,0,0,,,pending,,,
154,Laura Wolf-Powers,Hunter College,openalex,A5099226189,Laura Wolf-Powers,0.6,1.0,0.0,1.0,0.0,1,0,0,,,pending,,,
158,Calvin Masilela,Indiana University of Pennsylvania,openalex,A5001437900,Calvin Masilela,0.975,1.0,1.0,0.833,0.587,10,71,4,Indiana University of Pennsylvania,,accepted,matcher,2026-09-14,
159,Carlton Basmajian,Iowa State University,openalex,A5015669396,Carlton Basmajian,1.0,1.0,1.0,1.0,0.611,29,236,8,Iowa State University,https://orcid.org/0000-0002-6075-2189,accepted,matcher,2026-09-14,
159,Carlton Basmajian,Iowa State University,openalex,A5135171316,Carlton Basmajian,0.9,1.0,1.0,1.0,0.0,2,0,0,Iowa State University,,pending,,,
160,Susan Bradbury,Iowa State University,openalex,A5003807757,Susan L. Bradbury,0.982,1.0,1.0,0.882,0.362,27,215,8,Iowa State University,https://orcid.org/0000-0001-6485-0985,accepted,matcher,2026-09-14,
160,Susan Bradbury,Iowa State University,openalex,A5047811892,Susan P. Bradbury,0.6,1.0,0.0,1.0,0.0,1,0,0,Royal Stoke University Hospital,,pending,,,
160,Susan Bradbury,Iowa State University,openalex,A5032765548,Greer Susan Bradbury,0.585,0.745,0.0,1.0,0.295,3,175,3,,,pending,,,
160,Susan Bradbury,Iowa State University,openalex,A5049831798,Susan M. Bradbury,0.575,1.0,0.0,0.167,0.14,3,83,3,Western University,,pending,,,
160,Susan Bradbury,Iowa State University,openalex,A5082222451,Susan Bradbury,0.519,1.0,0.0,0.125,0.093,7,55,5,University of Canberra,,pending,,,
161,Biswa Das,Iowa State University,openalex,A5110240365,Biswa Das,1.0,1.0,1.0,1.0,0.333,20,101,5,Iowa State University,,accepted,matcher,2026-09-14,
161,Biswa Das,Iowa State University,openalex,A5149489182,Biswa Das,0.9,1.0,1.0,1.0,0.0,1,0,0,Iowa State University,,pending,,,
161,Biswa Das,Iowa State University,openalex,A5040146234,Biswa Bihari Das,0.566,1.0,0.0,0.438,0.053,9,16,2,Biju Patnaik University of Technology,,pending,,,
161,Biswa Das,Iowa State University,openalex,A5009878393,Biswa P. Das,0.55,1.0,0.0,0.0,1.201,9,364,6,"University at Buffalo, State University of New York",,pending,,,
161,Biswa Das,Iowa State University,openalex,A5019859845,Biswa Pratim Das Purkayastha,0.55,1.0,0.0,0.0,0.865,17,262,8,Datta Meghe Institute of Higher Education and Research,,pending,,,
162,Jiwnath Ghimire,Iowa State University,openalex,A5056658395,Jiwnath Ghimire,0.981,1.0,1.0,0.875,0.764,41,217,7,Iowa State University,https://orcid.org/0000-0003-3971-2737,accepted,matcher,2026-09-14,
163,Ted Grevstad-Nordbrock,Iowa State University,openalex,A5012284154,Ted Grevstad-Nordbrock,0.95,1.0,1.0,0.667,0.58,6,29,3,Iowa State University,https://orcid.org/0000-0001-5816-1243,accepted,matcher,2026-09-14,
163,Ted Grevstad-Nordbrock,Iowa State University,openalex,A5030031909,Ted Grevstad-Nordbrock,0.525,1.0,0.0,0.5,0.0,1,0,0,,,pending,,,
164,Monica Haddad,Iowa State University,openalex,A5044920369,Mônica A. Haddad,1.0,1.0,1.0,1.0,0.547,36,352,10,Iowa State University,https://orcid.org/0000-0002-9615-3962,accepted,matcher,2026-09-14,
164,Monica Haddad,Iowa State University,openalex,A5111340961,Monica Haddad,0.9,1.0,1.0,1.0,0.0,1,0,0,Iowa State University,,pending,,,
164,Monica Haddad,Iowa State University,openalex,A5049832836,Mônica Santoro Haddad,0.85,1.0,1.0,0.0,0.782,59,503,11,Hospital das Clínicas da Faculdade de Medicina da Universidade de São Paulo,https://orcid.org/0000-0002-5298-1686,pending,,,
164,Monica Haddad,Iowa State University,openalex,A5129018728,Monica Haddad,0.525,1.0,0.0,0.5,0.0,1,0,0,,,pending,,,
164,Monica Haddad,Iowa State University,openalex,A5091095609,Monica Hid Haddad Pelaquin,0.5,1.0,0.0,0.0,0.036,3,23,2,Prefeitura do Município de São Paulo,,pending,,,
165,Francis Owusu,Iowa State University,openalex,A5081141229,Francis Owusu,0.98,1.0,1.0,0.867,0.5,76,927,17,Institute of Science Tokyo,https://orcid.org/0009-0003-9359-8362,accepted,matcher,2026-09-14,
165,Francis Owusu,Iowa State University,openalex,A5108434412,Francis Owusu,0.9,1.0,1.0,1.0,0.0,1,0,0,Iowa State University,,pending,,,
165,Francis Owusu,Iowa State University,openalex,A5007657263,Francis Owusu,0.833,1.0,1.0,0.556,0.004,5,8,2,Iowa State University,https://orcid.org/0000-0002-6027-050X,pending,,,
165,Francis Owusu,Iowa State University,openalex,A5054266131,Francis Owusu-Mensah,0.715,1.0,0.5,0.769,0.009,8,17,2,"University of Education, Winneba",,pending,,,
165,Francis Owusu,Iowa State University,openalex,A5047962341,Francis Owusu Mensah,0.712,1.0,0.5,0.75,0.004,9,8,2,University of Cape Coast,,pending,,,
166,Alenka Poplin,Iowa State University,openalex,A5076827456,Alenka Poplin,0.982,1.0,1.0,0.879,0.368,63,893,13,Iowa State University,https://orcid.org/0000-0002-2751-9326,accepted,matcher,2026-09-14,
167,Jane Rongerude,Iowa State University,openalex,A5079992634,Jane Rongerude,1.0,1.0,1.0,1.0,0.444,55,290,9,Iowa State University,https://orcid.org/0000-0002-6562-3861,accepted,matcher,2026-09-14,
167,Jane Rongerude,Iowa State University,openalex,A5122443523,Jane Rongerude,0.9,1.0,1.0,1.0,0.0,5,0,0,Iowa State University,,pending,,,
169,Moe Chowdhury,Jackson State University,openalex,A5074908831,Moe Chowdhury,0.957,1.0,1.0,0.714,0.7,5,84,3,,,accepted,matcher,2026-09-14,
170,Berneece Herbert,Jackson State University,openalex,A5078821471,Berneece S. Herbert,1.0,1.0,1.0,1.0,0.378,10,14,3,Jackson State University,https://orcid.org/0000-0003-4878-4580,accepted,matcher,2026-09-14,
170,Berneece Herbert,Jackson State University,openalex,A5056194505,Berneece Herbert,0.8,1.0,1.0,0.0,0.081,3,3,1,Jackson State University,,pending,,,
170,Berneece Herbert,Jackson State University,openalex,A5143826520,Berneece Herbert Jr.,0.6,1.0,0.0,1.0,0.0,1,0,0,,,pending,,,
171,Mukesh Kumar,Jackson State University,openalex,A5018751461,Mukesh Kumar,0.868,1.0,1.0,0.118,0.532,48,1464,15,University of Bahrain,https://orcid.org/0000-0001-8404-1747,accepted,matcher,2026-09-14,
171,Mukesh Kumar,Jackson State University,openalex,A5002202341,Mukesh Kumar,0.681,1.0,0.0,0.871,1.483,160,4082,30,University of Alabama,https://orcid.org/0000-0001-7114-9978,pending,,,
171,Mukesh Kumar,Jackson State University,openalex,A5100632726,Mukesh Kumar,0.6,1.0,0.0,0.331,1.411,153,3884,33,Georgia State University,https://orcid.org/0000-0003-0970-4875,pending,,,
171,Mukesh Kumar,Jackson State University,openalex,A5078480991,Mukesh Kumar Gupta,0.599,1.0,0.0,0.327,1.238,217,3407,32,,https://orcid.org/0000-0002-0125-0381,pending,,,
171,Mukesh Kumar,Jackson State University,openalex,A5082445287,Mukesh Kumar Sinha,0.576,1.0,0.0,0.175,0.999,129,2749,18,Manipal Academy of Higher Education,https://orcid.org/0000-0002-7407-7153,pending,,,
175,Huston Gibson,Kansas State University,openalex,A5025303761,Huston Gibson,1.0,1.0,1.0,1.0,0.823,29,116,6,Kansas State University,,accepted,matcher,2026-09-14,
176,Shakil Kashem,Kansas State University,openalex,A5033480918,Shakil Bin Kashem,1.0,1.0,1.0,1.0,0.668,18,274,8,Kansas State University,https://orcid.org/0000-0001-7333-4093,accepted,matcher,2026-09-14,
176,Shakil Kashem,Kansas State University,openalex,A5116051697,Shakil Bin Kashem,0.6,1.0,0.0,1.0,0.0,1,0,0,,,pending,,,
176,Shakil Kashem,Kansas State University,openalex,A5102440329,Shakil Bin Kashem,0.45,1.0,0.0,0.0,0.0,3,0,0,Miami University,,pending,,,
176,Shakil Kashem,Kansas State University,openalex,A5092675699,Md Shakil Bin Kashem,0.407,0.794,0.0,0.0,0.098,5,40,3,Washington University in St. Louis,,pending,,,
176,Shakil Kashem,Kansas State University,openalex,A5073118398,Md. Shakil Bin Kashem,0.357,0.794,0.0,0.0,0.015,1,6,1,,,pending,,,
180,Madhav Badami,McGill University,openalex,A5086475159,Madhav G. Badami,0.961,1.0,1.0,0.742,0.69,49,2214,20,McGill University,https://orcid.org/0000-0001-9322-4844,accepted,matcher,2026-09-14,
180,Madhav Badami,McGill University,openalex,A5143159467,Madhav Badami,0.5,1.0,0.0,0.333,0.001,1,2,1,,,pending,,,
181,Lisa Bornstein,McGill University,openalex,A5036709890,Lisa Bornstein,1.0,1.0,1.0,1.0,0.535,61,900,13,McGill University,,accepted,matcher,2026-09-14,
181,Lisa Bornstein,McGill University,openalex,A5079423171,Lisa Bornstein,0.84,1.0,1.0,0.6,0.004,2,7,1,McGill University,,pending,,,
181,Lisa Bornstein,McGill University,openalex,A5120618467,Lisa Bornstein,0.525,1.0,0.0,0.5,0.0,1,0,0,,,pending,,,
181,Lisa Bornstein,McGill University,openalex,A5120569375,Lisa Bornstein,0.5,1.0,0.0,0.333,0.0,1,0,0,,,pending,,,
182,Ahmed El-Geneidy,McGill University,openalex,A5077884116,Ahmed El-Geneidy,0.988,1.0,1.0,0.921,0.695,372,14966,65,McGill University,https://orcid.org/0000-0002-0942-4016,accepted,matcher,2026-09-14,
182,Ahmed El-Geneidy,McGill University,openalex,A5130275427,Ahmed El-Geneidy,0.9,1.0,1.0,1.0,0.0,1,0,0,McGill University,,pending,,,
182,Ahmed El-Geneidy,McGill University,openalex,A5135575697,Ahmed El-Geneidy,0.9,1.0,1.0,1.0,0.0,1,0,0,McGill University,https://orcid.org/0000-0002-0942-4016,pending,,,
182,Ahmed El-Geneidy,McGill University,openalex,A5121485017,Ahmed El-Geneidy,0.9,1.0,1.0,1.0,0.0,1,0,0,McGill University,,pending,,,
182,Ahmed El-Geneidy,McGill University,openalex,A5136234755,Ahmed El-Geneidy,0.9,1.0,1.0,1.0,0.0,1,0,0,McGill University,https://orcid.org/0000-0002-0942-4016,pending,,,
183,Anna Kramer,McGill University,openalex,A5068862121,Anna Kramer,1.0,1.0,1.0,1.0,0.58,25,258,9,McGill University,https://orcid.org/0000-0001-8109-8449,accepted,matcher,2026-09-14,
183,Anna Kramer,McGill University,openalex,A5081543556,Anna Krämer,0.7,1.0,0.5,0.0,0.364,25,162,8,Johannes Gutenberg University Mainz,https://orcid.org/0000-0002-3174-7524,pending,,,
183,Anna Kramer,McGill University,openalex,A5010026067,Anna Krämer,0.65,1.0,0.0,1.0,0.072,4,32,1,University of Salzburg,,pending,,,
183,Anna Kramer,McGill University,openalex,A5112404584,Anna Kramer,0.6,1.0,0.0,0.667,0.072,6,32,3,,,pending,,,
183,Anna Kramer,McGill University,openalex,A5017815585,Anna Krämer,0.6,1.0,0.0,1.0,0.018,3,8,2,Catholic University of Eichstätt-Ingolstadt,,pending,,,
184,Nik Luka,McGill University,openalex,A5037017145,Nik Luka,1.0,1.0,1.0,1.0,0.408,36,183,7,McGill University,https://orcid.org/0000-0002-1804-4066,accepted,matcher,2026-09-14,
185,Richard Shearmur,McGill University,openalex,A5038574835,Richard Shearmur,1.0,1.0,1.0,1.0,0.526,271,5921,41,McGill University,https://orcid.org/0000-0002-2554-6654,accepted,matcher,2026-09-14,
185,Richard Shearmur,McGill University,openalex,A5139348798,Richard Shearmur,0.55,1.0,0.0,0.667,0.0,2,4,1,,,pending,,,
186,David Wachsmuth,McGill University,openalex,A5006623396,David Wachsmuth,0.969,1.0,1.0,0.796,0.621,57,3908,17,Institute on Governance,https://orcid.org/0000-0001-5689-9527,accepted,matcher,2026-09-14,
187,Bruce D'Arcus,Miami University,openalex,A5056302507,Bruce D’Arcus,1.0,1.0,1.0,1.0,0.352,14,175,7,Miami University,https://orcid.org/0000-0003-1203-418X,accepted,matcher,2026-09-14,
188,Marcia England,Miami University,openalex,A5039843435,Marcia R. England,1.0,1.0,1.0,1.0,0.72,21,335,7,,,accepted,matcher,2026-09-14,
189,David Prytherch,Miami University,openalex,A5050632312,David Prytherch,1.0,1.0,1.0,1.0,0.652,87,543,15,,,accepted,matcher,2026-09-14,
189,David Prytherch,Miami University,openalex,A5066499525,David Prytherch,0.621,1.0,0.5,0.141,10.691,151,8906,41,University of Portsmouth,https://orcid.org/0000-0003-2621-6451,rejected,audit_matches,2026-09-16,"rejected 2026-09-16: OpenAlex 8,906 citations against 876 from google_scholar (10.2x); probable namesake"
189,David Prytherch,Miami University,openalex,A5108669800,David Prytherch,0.6,1.0,0.0,1.0,0.002,1,2,1,,,pending,,,
189,David Prytherch,Miami University,openalex,A5143813408,David Prytherch,0.58,1.0,0.0,0.2,0.182,2,152,1,University of Portsmouth,,pending,,,
189,David Prytherch,Miami University,openalex,A5135463916,David Prytherch,0.575,1.0,0.0,0.833,0.0,2,0,0,,,pending,,,
190,Damon Scott,Miami University,openalex,A5074745646,Damon Scott,0.935,1.0,1.0,0.9,1.706,12,58,4,,https://orcid.org/0000-0002-2701-343X,accepted,matcher,2026-09-14,
190,Damon Scott,Miami University,openalex,A5088617682,Damon Scott Jack,0.7,1.0,0.5,0.0,0.588,2,20,1,,,pending,,,
190,Damon Scott,Miami University,openalex,A5026638443,Damon John Scott,0.65,1.0,0.0,1.0,0.059,1,2,1,,,pending,,,
190,Damon Scott,Miami University,openalex,A5095559106,Damon Scott,0.6,1.0,0.0,1.0,0.0,8,0,0,,,pending,,,
190,Damon Scott,Miami University,openalex,A5101328539,Damon Scott,0.6,1.0,0.0,1.0,0.0,1,0,0,,,pending,,,
192,Noah Durst,Michigan State University,openalex,A5079251670,Noah J. Durst,1.0,1.0,1.0,1.0,0.728,43,693,14,Michigan State University,https://orcid.org/0000-0002-2724-1707,accepted,matcher,2026-09-14,
192,Noah Durst,Michigan State University,openalex,A5141031604,Noah J. Durst,0.825,1.0,1.0,0.5,0.0,2,0,0,Michigan State University,,pending,,,
193,Zenia Kotval,Michigan State University,openalex,A5050198979,Zenia Kotval,0.973,1.0,1.0,0.822,0.571,86,444,11,Michigan State University,,accepted,matcher,2026-09-14,
193,Zenia Kotval,Michigan State University,openalex,A5096804719,Zenia Z. Kotval,0.6,1.0,0.0,0.667,0.031,1,24,1,,,pending,,,
194,Zeenat Kotval-Karamchandani,Michigan State University,openalex,A5002694048,Zeenat Kotval-Karamchandani,1.0,1.0,1.0,1.0,0.805,6,243,5,,,accepted,matcher,2026-09-14,
194,Zeenat Kotval-Karamchandani,Michigan State University,openalex,A5130985894,Kotval-Karamchandani Zeenat,0.8,1.0,1.0,0.333,0.0,2,0,0,Michigan State University,,pending,,,
196,Patricia Machemer,Michigan State University,openalex,A5065576434,Patricia Machemer,0.98,1.0,1.0,0.867,0.466,18,597,6,Michigan State University,,accepted,matcher,2026-09-14,
196,Patricia Machemer,Michigan State University,openalex,A5141215694,Patricia Machemer,0.9,1.0,1.0,1.0,0.0,1,0,0,Michigan State University,,pending,,,
197,Deyanira Nevarez Martinez,Michigan State University,openalex,A5061698826,Deyanira Nevárez Martínez,1.0,1.0,1.0,1.0,0.645,22,138,6,Michigan State University,https://orcid.org/0000-0001-7850-2316,accepted,matcher,2026-09-14,
198,Victoria Morckel,Michigan State University,openalex,A5053111874,Victoria Morckel,1.0,1.0,1.0,1.0,0.672,32,515,13,Michigan State University,https://orcid.org/0000-0002-0591-3998,accepted,matcher,2026-09-14,
198,Victoria Morckel,Michigan State University,openalex,A5139001702,Victoria Morckel,0.825,1.0,1.0,0.5,0.0,2,0,0,Michigan State University,,pending,,,
200,Raymond Asomani-Boateng,"Minnesota State University, Mankato",openalex,A5085680727,Raymond Asomani-Boateng,1.0,1.0,1.0,1.0,0.839,15,644,10,"Minnesota State University, Mankato",https://orcid.org/0000-0002-4578-3462,accepted,matcher,2026-09-14,
201,Russell Fricano,"Minnesota State University, Mankato",openalex,A5048549528,Russell J. Fricano,0.97,1.0,1.0,0.8,0.694,18,143,5,"Minnesota State University, Mankato",https://orcid.org/0000-0001-8898-1509,accepted,matcher,2026-09-14,
203,Beth Heidelberg,"Minnesota State University, Mankato",openalex,A5076591417,Beth A. Wielde Heidelberg,0.967,1.0,1.0,0.778,0.6,5,57,2,"Minnesota State University, Mankato",https://orcid.org/0000-0002-3524-6487,accepted,matcher,2026-09-14,
204,Kevin Parsneau,"Minnesota State University, Mankato",openalex,A5027175556,Kevin Parsneau,1.0,1.0,1.0,1.0,0.415,9,39,3,,,accepted,matcher,2026-09-14,
206,Krista Evans,Missouri State University,openalex,A5007557688,Krista Evans,1.0,1.0,1.0,1.0,0.801,18,230,9,Missouri State University,https://orcid.org/0000-0002-1907-5841,accepted,matcher,2026-09-14,
206,Krista Evans,Missouri State University,openalex,A5098025753,Evans Krista,0.715,0.478,1.0,0.667,0.108,1,31,1,Missouri State University,,pending,,,
206,Krista Evans,Missouri State University,openalex,A5046893707,Krista S. Evans,0.6,1.0,0.0,0.667,0.077,1,22,1,,,pending,,,
206,Krista Evans,Missouri State University,openalex,A5026197996,Krista L. Evans,0.58,1.0,0.0,0.2,0.338,3,97,3,Tufts University,,pending,,,
206,Krista Evans,Missouri State University,openalex,A5071496908,Krista Evans,0.55,1.0,0.0,0.0,0.85,5,244,4,Institute for Fermentation,https://orcid.org/0000-0003-0439-2470,pending,,,
207,Evan Iacobucci,Missouri State University,openalex,A5001811666,Evan Iacobucci,0.954,1.0,1.0,0.692,0.689,30,186,8,University of North Carolina at Chapel Hill,https://orcid.org/0000-0001-5813-8895,accepted,matcher,2026-09-14,
209,Gary Michelfelder,Missouri State University,openalex,A5040524131,Gary Michelfelder,0.85,1.0,1.0,0.0,0.847,110,161,3,Missouri State University,https://orcid.org/0000-0003-4657-6227,accepted,matcher,2026-09-14,
209,Gary Michelfelder,Missouri State University,openalex,A5138269475,Gary S. Michelfelder,0.75,1.0,1.0,0.0,0.0,3,0,0,Missouri State University,,pending,,,
209,Gary Michelfelder,Missouri State University,openalex,A5140316523,Gary Michelfelder,0.45,1.0,0.0,0.0,0.0,5,0,0,,,pending,,,
210,Mariana Arcaya,MIT,openalex,A5012352931,Mariana Arcaya,1.0,1.0,1.0,1.0,0.764,103,4141,32,Neighborhood Health,https://orcid.org/0000-0003-1806-3264,accepted,matcher,2026-09-14,
210,Mariana Arcaya,MIT,openalex,A5142823825,Mariana C. Arcaya,0.51,1.0,0.0,0.4,0.0,2,0,0,,,pending,,,
210,Mariana Arcaya,MIT,openalex,A5062557763,C Arcaya Mariana,0.403,0.673,0.0,0.667,0.0,1,0,0,,,pending,,,
211,Eran Ben-Joseph,MIT,openalex,A5000236340,Eran Ben‐Joseph,1.0,1.0,1.0,1.0,0.196,68,1890,21,,,accepted,matcher,2026-09-14,
211,Eran Ben-Joseph,MIT,openalex,A5123753712,Eran Ben-Joseph,0.9,1.0,1.0,1.0,0.0,3,3,1,Massachusetts Institute of Technology,,pending,,,
211,Eran Ben-Joseph,MIT,openalex,A5012852836,Eran Ben Joseph,0.6,1.0,0.0,1.0,0.0,1,2,1,,,pending,,,
211,Eran Ben-Joseph,MIT,openalex,A5150143235,Eran Ben-Joseph,0.6,1.0,0.0,1.0,0.0,6,0,0,,,pending,,,
212,Alan Berger,MIT,openalex,A5034258738,Alan Berger,1.0,1.0,1.0,1.0,0.42,23,338,6,Massachusetts Institute of Technology,,accepted,matcher,2026-09-14,
212,Alan Berger,MIT,openalex,A5019724915,Alan L. Berger,0.657,1.0,0.0,0.714,0.314,102,253,9,Florida Atlantic University,,pending,,,
212,Alan Berger,MIT,openalex,A5021848896,Alan S. Berger,0.645,1.0,0.0,0.636,0.176,15,142,4,,,pending,,,
212,Alan Berger,MIT,openalex,A5012182056,Alan Berger,0.602,1.0,0.0,0.68,2.026,24,1631,11,Air Products (United States),,pending,,,
212,Alan Berger,MIT,openalex,A5061674061,Alan E. Berger,0.6,1.0,0.5,0.0,7.335,127,5905,30,Johns Hopkins University,https://orcid.org/0000-0002-8449-7776,rejected,audit_matches,2026-09-16,"rejected 2026-09-16: OpenAlex 5,905 citations against 805 from pop (7.3x); probable namesake"
213,Devin Bunten,MIT,openalex,A5088247606,Devin Michelle Bunten,1.0,1.0,1.0,1.0,0.665,22,294,10,Massachusetts Institute of Technology,https://orcid.org/0000-0001-6937-5407,accepted,matcher,2026-09-14,
213,Devin Bunten,MIT,openalex,A5096444134,Devin Bunten,0.9,1.0,1.0,1.0,0.002,1,1,1,Massachusetts Institute of Technology,,pending,,,
214,Gabriella Carolini,MIT,openalex,A5013544509,Gabriella Y. Carolini,0.987,1.0,1.0,0.912,0.304,30,459,8,Massachusetts Institute of Technology,,accepted,matcher,2026-09-14,
215,Karilyn Crockett,MIT,openalex,A5081321255,Karilyn Crockett,0.97,1.0,1.0,0.8,0.31,6,22,1,Massachusetts Institute of Technology,,accepted,matcher,2026-09-14,
215,Karilyn Crockett,MIT,openalex,A5118239922,Karilyn Crockett,0.6,1.0,0.0,1.0,0.0,1,0,0,,,pending,,,
216,Catherine D’Ignazio,MIT,openalex,A5050163961,Catherine D’Ignazio,0.945,1.0,1.0,0.632,0.471,135,3454,26,University of Toronto,,accepted,matcher,2026-09-14,
216,Catherine D’Ignazio,MIT,openalex,A5096147323,Catherine D'Ignazio,0.6,1.0,0.0,1.0,0.009,1,69,1,,,pending,,,
216,Catherine D’Ignazio,MIT,openalex,A5097676523,Catherine D'Ignazio,0.45,1.0,0.0,0.0,0.0,1,0,0,,,pending,,,
218,Dennis Frenchman,MIT,openalex,A5066825148,Dennis Frenchman,1.0,1.0,1.0,1.0,0.612,25,967,5,Massachusetts Institute of Technology,,accepted,matcher,2026-09-14,
219,David Geltner,MIT,openalex,A5090561022,David Geltner,0.992,1.0,1.0,0.944,0.743,225,6494,37,Massachusetts Institute of Technology,https://orcid.org/0000-0002-1024-7555,accepted,matcher,2026-09-14,
220,Amy Glasmeier,MIT,openalex,A5001871676,Amy Glasmeier,1.0,1.0,1.0,1.0,0.507,149,3952,33,IIT@MIT,,accepted,matcher,2026-09-14,
220,Amy Glasmeier,MIT,openalex,A5148849605,Amy Glasmeier,0.9,1.0,1.0,1.0,0.0,1,0,0,Massachusetts Institute of Technology,,pending,,,
222,Jason Jackson,MIT,openalex,A5086232037,Jason Jackson,0.95,1.0,1.0,0.667,0.795,10,62,3,Nationwide Children's Hospital,https://orcid.org/0000-0002-0674-6853,accepted,matcher,2026-09-14,
222,Jason Jackson,MIT,openalex,A5083494795,Jason Baird Jackson,0.795,1.0,1.0,0.303,16.705,170,1303,10,Massachusetts Institute of Technology,https://orcid.org/0000-0002-9802-7839,rejected,audit_matches,2026-09-16,"rejected 2026-09-16: OpenAlex 1,303 citations against 89 from google_scholar (14.6x); probable namesake"
222,Jason Jackson,MIT,openalex,A5058244424,Jason Jackson,0.64,1.0,0.0,0.6,0.256,3,20,2,,,pending,,,
222,Jason Jackson,MIT,openalex,A5006032283,Jason Jackson,0.636,1.0,0.0,0.571,0.705,6,55,3,,,pending,,,
222,Jason Jackson,MIT,openalex,A5009024358,Jason Jackson,0.61,1.0,0.0,0.4,0.744,6,58,2,,,pending,,,
223,Erica James,MIT,openalex,A5015468347,Erica Caple James,0.936,1.0,1.0,0.571,0.352,33,334,7,Advanced Pharma,,accepted,matcher,2026-09-14,
223,Erica James,MIT,openalex,A5047411104,Erica Moiah James,0.618,1.0,0.0,0.786,0.034,11,32,3,,,pending,,,
223,Erica James,MIT,openalex,A5143924903,Erica Lyn James,0.6,1.0,0.0,1.0,0.013,2,12,1,,,pending,,,
223,Erica James,MIT,openalex,A5059529106,Erica E. James,0.6,1.0,0.0,1.0,0.006,1,6,1,,,pending,,,
223,Erica James,MIT,openalex,A5031394279,Erica Latriese James,0.6,1.0,0.0,1.0,0.002,1,2,1,,,pending,,,
224,Janelle Knox-Hayes,MIT,openalex,A5081992910,Janelle Knox‐Hayes,0.978,1.0,1.0,0.855,0.807,83,1570,19,IIT@MIT,https://orcid.org/0000-0003-0378-5811,accepted,matcher,2026-09-14,
224,Janelle Knox-Hayes,MIT,openalex,A5076413064,Janelle Knox Hayes,0.525,1.0,0.0,0.5,0.004,1,8,1,,,pending,,,
224,Janelle Knox-Hayes,MIT,openalex,A5056507652,Knox-Hayes Janelle,0.445,0.767,0.0,0.667,0.004,1,8,1,,,pending,,,
226,Balakrishnan Rajagopal,MIT,openalex,A5103949630,Balakrishnan Rajagopal,1.0,1.0,1.0,1.0,0.265,70,1206,13,,,accepted,matcher,2026-09-14,
226,Balakrishnan Rajagopal,MIT,openalex,A5030755029,Balakrishnan K Rajagopal,0.45,1.0,0.0,0.0,0.002,1,10,1,Sri Ramachandra Institute of Higher Education and Research,,pending,,,
226,Balakrishnan Rajagopal,MIT,openalex,A5102129061,Komarakshi Rajagopal Balakrishnan,0.284,0.63,0.0,0.0,0.0,1,1,1,,,pending,,,
227,Carlo Ratti,MIT,openalex,A5103326255,Carlo Ratti,1.0,1.0,1.0,1.0,0.686,625,32976,95,Massachusetts Institute of Technology,,accepted,matcher,2026-09-14,
227,Carlo Ratti,MIT,openalex,A5122355650,Carlo Ratti,0.9,1.0,1.0,1.0,0.0,1,5,1,Massachusetts Institute of Technology,,pending,,,
227,Carlo Ratti,MIT,openalex,A5134494911,Carlo Ratti,0.85,1.0,1.0,0.667,0.0,1,2,1,Massachusetts Institute of Technology,,pending,,,
227,Carlo Ratti,MIT,openalex,A5143963667,Carlo Ratti,0.85,1.0,1.0,0.667,0.0,1,0,0,Massachusetts Institute of Technology,,pending,,,
227,Carlo Ratti,MIT,openalex,A5126763907,Carlo Ratti,0.85,1.0,1.0,0.667,0.0,1,0,0,Massachusetts Institute of Technology,,pending,,,
228,Brent Ryan,MIT,openalex,A5079381686,Brent D. Ryan,1.0,1.0,1.0,1.0,0.656,64,862,15,School of Planning and Architecture Delhi,https://orcid.org/0000-0002-0223-1887,accepted,matcher,2026-09-14,
228,Brent Ryan,MIT,openalex,A5041087756,Brent Ryan Pav,0.6,1.0,0.0,1.0,0.002,1,3,1,,,pending,,,
228,Brent Ryan,MIT,openalex,A5083502920,Brent Ryan Bellamy,0.526,1.0,0.0,0.176,0.098,48,129,4,Trent University,https://orcid.org/0000-0003-1078-151X,pending,,,
228,Brent Ryan,MIT,openalex,A5019170976,Brent J. Ryan,0.5,1.0,0.0,0.0,2.725,56,3580,30,University of Oxford,https://orcid.org/0000-0002-6703-3718,pending,,,
228,Brent Ryan,MIT,openalex,A5072259453,Brent Ryan,0.45,1.0,0.0,0.0,0.003,4,4,1,,,pending,,,
229,Albert Saiz,MIT,openalex,A5056543982,Albert Sáiz,0.989,1.0,1.0,0.93,0.595,80,8721,26,IZA - Institute of Labor Economics,https://orcid.org/0000-0003-4407-4661,accepted,matcher,2026-09-14,
229,Albert Saiz,MIT,openalex,A5016256107,Mar Albert-Saiz,0.6,1.0,0.0,1.0,0.005,14,71,4,University of Life Sciences in Lublin,https://orcid.org/0000-0001-5676-3750,pending,,,
229,Albert Saiz,MIT,openalex,A5112743544,Albert Saiz,0.6,1.0,0.0,1.0,0.003,1,37,1,,,pending,,,
229,Albert Saiz,MIT,openalex,A5107497076,Albert Saiz,0.6,1.0,0.0,1.0,0.0,1,2,1,,,pending,,,
229,Albert Saiz,MIT,openalex,A5142440805,Albert Saiz,0.6,1.0,0.0,1.0,0.0,1,0,0,,,pending,,,
230,Bishwapriya Sanyal,MIT,openalex,A5110455547,Bishwapriya Sanyal,0.983,1.0,1.0,0.886,0.219,50,747,17,,,accepted,matcher,2026-09-14,
231,Andres Sevtsuk,MIT,openalex,A5055980218,Andres Sevtsuk,0.985,1.0,1.0,0.897,0.628,70,2451,24,IIT@MIT,https://orcid.org/0000-0001-5098-9636,accepted,matcher,2026-09-14,
231,Andres Sevtsuk,MIT,openalex,A5107803192,Andres Sevtsuk,0.9,1.0,1.0,1.0,0.002,2,7,1,Massachusetts Institute of Technology,,pending,,,
231,Andres Sevtsuk,MIT,openalex,A5125131972,Andres Sevtsuk,0.85,1.0,1.0,0.667,0.0,1,1,1,Massachusetts Institute of Technology,,pending,,,
231,Andres Sevtsuk,MIT,openalex,A5046794738,Andrés Sevtsuk,0.6,1.0,0.0,1.0,0.001,1,5,1,,,pending,,,
231,Andres Sevtsuk,MIT,openalex,A5100491028,Andres Sevtsuk,0.55,1.0,0.0,0.667,0.0,3,0,0,,,pending,,,
232,Anne Whiston Spirn,MIT,openalex,A5084114268,Anne Whiston Spirn,0.973,1.0,1.0,0.818,0.174,42,866,8,,,accepted,matcher,2026-09-14,
232,Anne Whiston Spirn,MIT,openalex,A5110128521,Anne Whiston Spirn,0.6,1.0,0.0,1.0,0.0,1,1,1,,,pending,,,
232,Anne Whiston Spirn,MIT,openalex,A5031115682,Human Design Anne Whiston Spirn,0.47,0.712,0.0,1.0,0.0,1,0,0,,,pending,,,
232,Anne Whiston Spirn,MIT,openalex,A5091544759,Spirn Anne Whiston,0.451,0.78,0.0,0.667,0.0,1,0,0,,,pending,,,
233,Justin Steil,MIT,openalex,A5091596801,Justin Steil,1.0,1.0,1.0,1.0,0.525,72,1420,18,Massachusetts Institute of Technology,,accepted,matcher,2026-09-14,
233,Justin Steil,MIT,openalex,A5144269187,Justin Steil,0.9,1.0,1.0,1.0,0.0,4,1,1,IIT@MIT,https://orcid.org/0000-0003-1761-655X,pending,,,
234,Lawrence Susskind,MIT,openalex,A5108186363,Lawrence Susskind,0.962,1.0,1.0,0.746,0.812,367,12743,47,IIT@MIT,,accepted,matcher,2026-09-14,
234,Lawrence Susskind,MIT,openalex,A5138491698,Lawrence Susskind,0.84,1.0,1.0,0.6,0.0,4,2,1,Schlumberger (Ireland),,pending,,,
234,Lawrence Susskind,MIT,openalex,A5133299203,Lawrence E. Susskind,0.525,1.0,0.0,0.5,0.0,1,0,0,,,pending,,,
234,Lawrence Susskind,MIT,openalex,A5031634361,Susskind Lawrence,0.343,0.429,0.0,1.0,0.0,1,0,0,,,pending,,,
235,J. Phillip Thompson,MIT,openalex,A5017935837,J. Phillip Thompson,1.0,1.0,1.0,1.0,0.711,41,1532,10,Massachusetts Institute of Technology,https://orcid.org/0000-0002-7712-6483,accepted,matcher,2026-09-14,
235,J. Phillip Thompson,MIT,openalex,A5049557537,J. Phillip Thompson,0.6,1.0,0.0,1.0,0.003,2,7,2,,,pending,,,
235,J. Phillip Thompson,MIT,openalex,A5102573112,J Phillip Thompson,0.6,1.0,0.0,1.0,0.0,1,0,0,,,pending,,,
235,J. Phillip Thompson,MIT,openalex,A5096272423,J. Phillip Thompson,0.6,1.0,0.0,1.0,0.0,1,0,0,,,pending,,,
235,J. Phillip Thompson,MIT,openalex,A5074402141,J. Phillip Thompson,0.575,1.0,0.0,0.833,0.005,6,11,2,Kwame Nkrumah University of Science and Technology,,pending,,,
236,Lawrence Vale,MIT,openalex,A5086794261,Lawrence J. Vale,1.0,1.0,1.0,1.0,0.41,140,2811,23,Moscow Institute of Thermal Technology,,accepted,matcher,2026-09-14,
236,Lawrence Vale,MIT,openalex,A5138933644,Lawrence Vale,0.6,1.0,0.0,1.0,0.0,1,0,0,,,pending,,,
236,Lawrence Vale,MIT,openalex,A5047022961,Sandra Parvu Lawrence J. Vale,0.411,0.58,0.0,1.0,0.0,1,0,0,,,pending,,,
237,Delia Wendel,MIT,openalex,A5089149575,Delia Duong Ba Wendel,0.975,1.0,1.0,0.833,0.825,11,47,4,,https://orcid.org/0000-0001-8514-5185,accepted,matcher,2026-09-14,
237,Delia Wendel,MIT,openalex,A5129435023,Delia Duong Ba Wendel,0.6,1.0,0.0,1.0,0.0,1,0,0,,,pending,,,
240,Jinhua Zhao,MIT,openalex,A5023905102,Jinhua Zhao,0.982,1.0,1.0,0.879,0.693,325,7202,45,Moscow Institute of Thermal Technology,https://orcid.org/0000-0002-1929-7583,accepted,matcher,2026-09-14,
240,Jinhua Zhao,MIT,openalex,A5126732267,Jinhua Zhao,0.8,1.0,1.0,0.333,0.0,1,2,1,Massachusetts Institute of Technology,,pending,,,
240,Jinhua Zhao,MIT,openalex,A5109046966,Jinhua Zhao,0.75,1.0,1.0,0.0,0.004,11,46,2,Massachusetts Institute of Technology,,pending,,,
240,Jinhua Zhao,MIT,openalex,A5023530848,Jinhua Zhao,0.7,1.0,0.0,1.0,0.209,209,2173,23,Cornell University,https://orcid.org/0000-0003-4290-6540,pending,,,
240,Jinhua Zhao,MIT,openalex,A5100540792,Jinhua Zhao,0.697,1.0,0.5,0.649,0.008,43,84,5,Mitchell Institute,,pending,,,
244,Siddhartha Sen,Morgan State University,openalex,A5084190473,Siddhartha Sen,0.93,1.0,1.0,0.533,0.373,20,237,7,Microsoft (United States),https://orcid.org/0000-0003-4272-3293,accepted,matcher,2026-09-14,
244,Siddhartha Sen,Morgan State University,openalex,A5138346366,Siddhartha Sen,0.8,1.0,1.0,0.333,0.0,1,0,0,Morgan State University,,pending,,,
244,Siddhartha Sen,Morgan State University,openalex,A5049055278,Siddhartha Sen,0.75,1.0,1.0,0.0,3.553,161,2256,25,Microsoft (United States),https://orcid.org/0000-0001-6501-6386,rejected,audit_matches,2026-09-16,"rejected 2026-09-16: OpenAlex 2,256 citations against 635 from pop (3.6x); probable namesake"
244,Siddhartha Sen,Morgan State University,openalex,A5101147747,Siddhartha Sen,0.75,1.0,0.5,1.0,0.0,2,0,0,,,pending,,,
244,Siddhartha Sen,Morgan State University,openalex,A5104314428,Siddhartha Sen,0.6,1.0,0.0,1.0,0.0,1,0,0,,,pending,,,
245,Hyeon-Shic Shin,Morgan State University,openalex,A5009061450,Hyeon-Shic Shin,0.976,1.0,1.0,0.838,0.545,50,377,10,Morgan State University,https://orcid.org/0000-0003-2210-4911,accepted,matcher,2026-09-14,
247,Zeynep Celik,New Jersey Institute of Technology,openalex,A5043802377,Zeynep Çelík,1.0,1.0,1.0,1.0,0.44,116,1441,21,Mimar Sinan Güzel Sanatlar Üniversitesi,https://orcid.org/0000-0001-7941-9880,accepted,matcher,2026-09-14,
247,Zeynep Celik,New Jersey Institute of Technology,openalex,A5093235968,ZEYNEP ÇELİK,0.6,1.0,0.0,1.0,0.001,1,4,1,,,pending,,,
247,Zeynep Celik,New Jersey Institute of Technology,openalex,A5023493015,Zeynep Çelik‐Butler,0.574,1.0,0.0,0.159,0.498,263,1632,24,,https://orcid.org/0000-0001-6230-4999,pending,,,
247,Zeynep Celik,New Jersey Institute of Technology,openalex,A5038877432,Zeynep Çelik Orhan,0.55,1.0,0.0,0.0,0.121,37,396,9,Ege University,https://orcid.org/0000-0002-9424-2339,pending,,,
247,Zeynep Celik,New Jersey Institute of Technology,openalex,A5018776854,Zeynep Çelik Kaysim,0.51,1.0,0.0,0.4,0.003,3,11,2,Iğdır Üniversitesi,https://orcid.org/0000-0002-6123-0833,pending,,,
248,Gabrielle Esperdy,New Jersey Institute of Technology,openalex,A5013392610,Gabrielle Esperdy,0.959,1.0,1.0,0.727,0.246,37,57,3,New Jersey Institute of Technology,,accepted,matcher,2026-09-14,
248,Gabrielle Esperdy,New Jersey Institute of Technology,openalex,A5120097369,Gabrielle Esperdy,0.6,1.0,0.0,1.0,0.0,1,0,0,,,pending,,,
248,Gabrielle Esperdy,New Jersey Institute of Technology,openalex,A5067809844,GABRIELLE ESPERDY,0.525,1.0,0.0,0.5,0.009,1,2,1,,,pending,,,
250,Taro Narahara,New Jersey Institute of Technology,openalex,A5072644328,Taro Narahara,0.944,1.0,1.0,0.628,0.588,48,144,6,New Jersey Institute of Technology,https://orcid.org/0000-0002-2200-1253,accepted,matcher,2026-09-14,
251,Darius Sollohub,New Jersey Institute of Technology,openalex,A5086519750,Darius Sollohub,0.954,1.0,1.0,0.692,0.575,13,23,3,,,accepted,matcher,2026-09-14,
251,Darius Sollohub,New Jersey Institute of Technology,openalex,A5081959051,Darius Sollohub,0.84,1.0,1.0,0.6,0.025,3,1,1,,,pending,,,
251,Darius Sollohub,New Jersey Institute of Technology,openalex,A5099967298,Darius Sollohub,0.54,1.0,0.0,0.6,0.025,7,1,1,,,pending,,,
251,Darius Sollohub,New Jersey Institute of Technology,openalex,A5100062322,Darius Sollohub,0.525,1.0,0.0,0.5,0.0,1,0,0,,,pending,,,
252,Georgeen Theodore,New Jersey Institute of Technology,openalex,A5010900790,Georgeen Theodore,0.944,1.0,1.0,0.625,0.233,13,14,1,,,accepted,matcher,2026-09-14,
253,Andrzej Zarzycki,New Jersey Institute of Technology,openalex,A5038326251,Andrzej Zarzycki,0.93,1.0,1.0,0.536,0.56,80,159,6,New Jersey Institute of Technology,https://orcid.org/0000-0002-1683-198X,accepted,matcher,2026-09-14,
253,Andrzej Zarzycki,New Jersey Institute of Technology,openalex,A5008644772,Martina Decker and Andrzej Zarzycki,0.414,0.587,0.0,1.0,0.0,1,0,0,,,pending,,,
254,Salo Coslovsky,New York University,openalex,A5011276016,Salo Coslovsky,0.937,1.0,1.0,0.581,0.754,41,553,12,Wagner College,,accepted,matcher,2026-09-14,
254,Salo Coslovsky,New York University,openalex,A5147191869,Salo Coslovsky,0.525,1.0,0.0,0.5,0.0,3,0,0,,,pending,,,
255,Ingrid Gould Ellen,New York University,openalex,A5036201351,Ingrid Gould Ellen,1.0,1.0,1.0,1.0,0.558,252,6764,44,Wagner College,https://orcid.org/0000-0002-6127-633X,accepted,matcher,2026-09-14,
255,Ingrid Gould Ellen,New York University,openalex,A5138215932,Ingrid Gould Ellen,0.9,1.0,1.0,1.0,0.0,1,0,0,New York University,,pending,,,
255,Ingrid Gould Ellen,New York University,openalex,A5144692712,Ingrid Gould Ellen,0.6,1.0,0.0,1.0,0.0,1,0,0,,,pending,,,
255,Ingrid Gould Ellen,New York University,openalex,A5140793388,Ingrid Gould Ellen,0.6,1.0,0.0,1.0,0.0,1,0,0,Goddard College,https://orcid.org/0000-0002-6127-633X,pending,,,
256,Zhan Guo,New York University,openalex,A5113750867,Zhan Guo,0.966,1.0,1.0,0.776,0.685,131,2334,22,Suzhou University of Science and Technology,,accepted,matcher,2026-09-14,
256,Zhan Guo,New York University,openalex,A5100676088,Chang‐Guo Zhan,0.75,1.0,1.0,0.0,3.943,403,13429,58,Limestone College,https://orcid.org/0000-0002-4128-7269,rejected,audit_matches,2026-09-16,"rejected 2026-09-16: OpenAlex 13,429 citations against 3,588 from google_scholar (3.7x); probable namesake"
256,Zhan Guo,New York University,openalex,A5033133532,Zhan Guo,0.644,1.0,0.0,0.627,0.174,36,594,15,Jinan University,https://orcid.org/0000-0003-1267-0530,pending,,,
256,Zhan Guo,New York University,openalex,A5111699748,Zhan Guo Li,0.614,1.0,0.0,0.429,0.182,37,620,8,Peking University,,pending,,,
256,Zhan Guo,New York University,openalex,A5078773386,Zhan‐Yun Guo,0.608,1.0,0.0,0.388,0.532,134,1812,23,,https://orcid.org/0000-0003-2315-4910,pending,,,
257,Natasha Iskander,New York University,openalex,A5051819432,Natasha Iskander,1.0,1.0,1.0,1.0,0.724,87,754,15,,,accepted,matcher,2026-09-14,
257,Natasha Iskander,New York University,openalex,A5120675025,Iskander Natasha,0.602,0.56,1.0,0.333,0.0,1,0,0,New York University,,pending,,,
257,Natasha Iskander,New York University,openalex,A5099711303,Natasha Iskander,0.6,1.0,0.0,1.0,0.0,2,0,0,,,pending,,,
257,Natasha Iskander,New York University,openalex,A5099556961,Natasha Iskander,0.6,1.0,0.0,1.0,0.0,1,0,0,,,pending,,,
257,Natasha Iskander,New York University,openalex,A5003884808,NATASHA ISKANDER,0.6,1.0,0.0,1.0,0.0,1,0,0,,,pending,,,
258,Mitchell Moss,New York University,openalex,A5111987958,Mitchell Moss,0.928,1.0,1.0,0.523,0.434,316,1153,16,University Transportation Research Center,,accepted,matcher,2026-09-14,
258,Mitchell Moss,New York University,openalex,A5108228737,Anthony M. Townse Mitchell L. Moss,0.6,1.0,0.0,0.667,0.063,1,167,1,,,pending,,,
258,Mitchell Moss,New York University,openalex,A5091656389,Mitchell E. Moss,0.6,1.0,0.0,1.0,0.0,1,0,0,,,pending,,,
258,Mitchell Moss,New York University,openalex,A5037694179,Mitchell Boyd‐Moss,0.55,1.0,0.0,0.0,0.175,19,465,12,Deakin University,https://orcid.org/0000-0002-8670-8477,pending,,,
258,Mitchell Moss,New York University,openalex,A5064794135,Mitchell Moss,0.54,1.0,0.0,0.6,0.0,2,1,1,,,pending,,,
259,Katherine O’Regan,New York University,openalex,A5027105708,Katherine M. O’Regan,1.0,1.0,1.0,1.0,0.458,97,1993,24,Wagner College,,accepted,matcher,2026-09-14,
259,Katherine O’Regan,New York University,openalex,A5064982049,Katherine A. Graham‐O'Regan,0.5,1.0,0.0,0.0,0.071,11,309,5,,,pending,,,
259,Katherine O’Regan,New York University,openalex,A5092893961,Katherine Graham-O’Regan,0.45,1.0,0.0,0.0,0.003,2,12,1,Scripps Research Institute,,pending,,,
259,Katherine O’Regan,New York University,openalex,A5066227794,Katherine Anne Graham-O'Regan,0.45,1.0,0.0,0.0,0.0,1,0,0,,,pending,,,
260,Paul Smoke,New York University,openalex,A5005778262,Paul Smoke,0.99,1.0,1.0,0.936,0.351,134,1896,19,,https://orcid.org/0000-0002-2318-5138,accepted,matcher,2026-09-14,
260,Paul Smoke,New York University,openalex,A5143216301,Paul Smoke,0.6,1.0,0.0,1.0,0.0,1,0,0,,,pending,,,
260,Paul Smoke,New York University,openalex,A5142646490,Paul Smoke,0.55,1.0,0.0,0.667,0.0,1,0,0,,,pending,,,
261,Christopher Bosso,Northeastern University,openalex,A5020351323,Christopher J. Bosso,0.952,1.0,1.0,0.677,0.403,69,973,15,Universidad del Noreste,,accepted,matcher,2026-09-14,
261,Christopher Bosso,Northeastern University,openalex,A5099230168,Christopher John Bosso,0.6,1.0,0.0,1.0,0.0,1,0,0,,,pending,,,
261,Christopher Bosso,Northeastern University,openalex,A5099230170,Christopher John Bosso,0.6,1.0,0.0,1.0,0.0,1,0,0,,,pending,,,
261,Christopher Bosso,Northeastern University,openalex,A5099230174,Christopher John Bosso,0.6,1.0,0.0,1.0,0.0,1,0,0,,,pending,,,
261,Christopher Bosso,Northeastern University,openalex,A5133131073,Christopher Bosso,0.525,1.0,0.0,0.5,0.0,2,0,0,,,pending,,,
266,Alicia Sasser Modestino,Northeastern University,openalex,A5082023516,Alicia Modestino,0.986,1.0,1.0,0.908,0.402,107,863,14,Northeastern University,https://orcid.org/0000-0001-8998-3282,accepted,matcher,2026-09-14,
269,Thomas Vicino,Northeastern University,openalex,A5015272543,Thomas J. Vicino,1.0,1.0,1.0,1.0,0.668,67,1010,16,Georgia State University,https://orcid.org/0000-0002-4165-0603,accepted,matcher,2026-09-14,
270,Moira Zellner,Northeastern University,openalex,A5059003249,Moira Zellner,0.948,1.0,1.0,0.65,0.721,90,3137,25,Northeastern University,https://orcid.org/0000-0002-4111-3357,accepted,matcher,2026-09-14,
270,Moira Zellner,Northeastern University,openalex,A5139924373,Moira Zellner,0.6,1.0,0.0,1.0,0.0,1,0,0,Universidad del Noreste,,pending,,,
270,Moira Zellner,Northeastern University,openalex,A5051570274,Zellner Moira,0.305,0.456,0.0,0.667,0.0,1,2,1,,,pending,,,
271,Seung Jun Choi,Northern Arizona University,openalex,A5069369819,Seung Jun Choi,0.955,1.0,1.0,0.7,0.888,29,207,8,Incheon National University,https://orcid.org/0000-0001-5993-4105,accepted,matcher,2026-09-14,
271,Seung Jun Choi,Northern Arizona University,openalex,A5021065183,Seung Jun Choi,0.7,1.0,0.5,0.0,1.159,52,270,9,Asan Medical Center,https://orcid.org/0000-0002-4878-0929,pending,,,
271,Seung Jun Choi,Northern Arizona University,openalex,A5089419682,Seung Jun Choi,0.65,1.0,0.5,0.0,2.498,53,582,11,Ulsan College,https://orcid.org/0000-0003-0736-1055,pending,,,
271,Seung Jun Choi,Northern Arizona University,openalex,A5146698349,Seung Jun Choi,0.6,1.0,0.5,0.0,0.0,1,0,0,University of Ulsan,,pending,,,
271,Seung Jun Choi,Northern Arizona University,openalex,A5110422760,Seung Jun Choi,0.582,1.0,0.0,0.545,0.03,5,7,1,Korea Institute of Industrial Technology,,pending,,,
272,David Folch,Northern Arizona University,openalex,A5003196533,David C. Folch,0.95,1.0,1.0,0.667,0.847,69,1322,14,Northern Arizona University,https://orcid.org/0000-0002-8167-1118,accepted,matcher,2026-09-14,
272,David Folch,Northern Arizona University,openalex,A5139095832,David C. Folch,0.85,1.0,1.0,0.667,0.0,1,0,0,Northern Arizona University,,pending,,,
272,David Folch,Northern Arizona University,openalex,A5098270371,David C. Folch,0.6,1.0,0.0,1.0,0.001,1,1,1,,,pending,,,
272,David Folch,Northern Arizona University,openalex,A5030069713,David Folch Flórez,0.525,1.0,0.0,0.5,0.0,2,0,0,,,pending,,,
272,David Folch,Northern Arizona University,openalex,A5047070890,David Folch Campillo,0.45,1.0,0.0,0.0,0.0,1,0,0,,,pending,,,
273,Steven Gehrke,Northern Arizona University,openalex,A5039692315,Steven R. Gehrke,0.981,1.0,1.0,0.872,0.651,64,929,19,Northern Arizona University,https://orcid.org/0000-0001-9355-5571,accepted,matcher,2026-09-14,
273,Steven Gehrke,Northern Arizona University,openalex,A5112101491,Steven H Gehrke,0.55,1.0,0.0,0.333,0.031,1,44,1,University of Kansas,,pending,,,
273,Steven Gehrke,Northern Arizona University,openalex,A5077344195,R Gehrke Steven,0.377,0.616,0.0,0.667,0.0,1,0,0,,,pending,,,
277,Kelsea Best,Ohio State University,openalex,A5049625734,Kelsea Best,1.0,1.0,1.0,1.0,0.908,48,443,12,The Ohio State University,https://orcid.org/0000-0002-9040-6244,accepted,matcher,2026-09-14,
277,Kelsea Best,Ohio State University,openalex,A5135593748,Kelsea Best,0.9,1.0,1.0,1.0,0.002,1,1,1,The Ohio State University,,pending,,,
277,Kelsea Best,Ohio State University,openalex,A5138475057,Kelsea Best,0.9,1.0,1.0,1.0,0.0,1,0,0,The Ohio State University,,pending,,,
277,Kelsea Best,Ohio State University,openalex,A5137603273,Kelsea Best,0.9,1.0,1.0,1.0,0.0,1,0,0,The Ohio State University,https://orcid.org/0000-0002-9040-6244,pending,,,
277,Kelsea Best,Ohio State University,openalex,A5151136536,Kelsea Best,0.825,1.0,1.0,0.5,0.0,1,0,0,Saint Petersburg State University of Architecture and Civil Engineering,,pending,,,
279,Andre Carrel,Ohio State University,openalex,A5051239567,André Carrel,1.0,1.0,1.0,1.0,0.769,51,1463,17,The Ohio State University,https://orcid.org/0000-0002-3040-6306,accepted,matcher,2026-09-14,
280,Zhenhua Chen,Ohio State University,openalex,A5100775431,Zhenhua Chen,1.0,1.0,1.0,1.0,0.789,201,3793,37,The Ohio State University,https://orcid.org/0000-0003-0473-1508,accepted,matcher,2026-09-14,
280,Zhenhua Chen,Ohio State University,openalex,A5124950662,Zhenhua Chen,0.9,1.0,1.0,1.0,0.001,1,3,1,The Ohio State University,,pending,,,
280,Zhenhua Chen,Ohio State University,openalex,A5103407072,Zhenhua Chen,0.85,1.0,1.0,0.0,0.627,179,3014,32,China University of Mining and Technology,https://orcid.org/0000-0001-5556-9665,pending,,,
280,Zhenhua Chen,Ohio State University,openalex,A5100775432,Zhenhua Chen,0.841,1.0,1.0,0.276,0.044,30,213,8,Louisiana State University,https://orcid.org/0000-0003-1536-7342,pending,,,
280,Zhenhua Chen,Ohio State University,openalex,A5100775427,Zhenhua Chen,0.8,1.0,1.0,0.0,1.952,315,9380,49,Chinese Academy of Sciences,https://orcid.org/0000-0002-5195-2234,pending,,,
282,Maria Conroy,Ohio State University,openalex,A5062129035,Maria Manta Conroy,0.963,1.0,1.0,0.75,0.619,35,1604,13,Federal State University of Education,https://orcid.org/0000-0002-9470-1929,accepted,matcher,2026-09-14,
282,Maria Conroy,Ohio State University,openalex,A5030130452,Maria Kelly-Conroy,0.6,1.0,0.0,1.0,0.001,1,3,1,University Hospital Limerick,,pending,,,
282,Maria Conroy,Ohio State University,openalex,A5031150738,María del Carmen Conroy,0.55,1.0,0.0,0.667,0.0,1,0,0,,,pending,,,
282,Maria Conroy,Ohio State University,openalex,A5133323090,Maria Conroy Kelly,0.5,1.0,0.0,0.333,0.0,1,0,0,,,pending,,,
283,Harley Etienne,Ohio State University,openalex,A5015900107,Harley F. Etienne,1.0,1.0,1.0,1.0,0.361,16,92,5,The Ohio State University,,accepted,matcher,2026-09-14,
283,Harley Etienne,Ohio State University,openalex,A5064042682,Harley E. Etienne,0.45,1.0,0.0,0.0,0.012,1,3,1,,,pending,,,
284,Bernadette Hanlon,Ohio State University,openalex,A5011472441,Bernadette Hanlon,1.0,1.0,1.0,1.0,0.528,56,921,14,Federal State University of Education,https://orcid.org/0000-0002-3514-7972,accepted,matcher,2026-09-14,
285,Rachel Kleit,Ohio State University,openalex,A5073398924,Rachel Garshick Kleit,1.0,1.0,1.0,1.0,0.603,37,1455,20,The Ohio State University,https://orcid.org/0000-0002-2112-2934,accepted,matcher,2026-09-14,
285,Rachel Kleit,Ohio State University,openalex,A5137735428,Rachel Kleit,0.9,1.0,1.0,1.0,0.0,1,0,0,The Ohio State University,https://orcid.org/0000-0002-2112-2934,pending,,,
286,Yasuyuki Motoyama,Ohio State University,openalex,A5091744279,Yasuyuki Motoyama,0.919,1.0,1.0,0.459,0.646,77,1714,20,The Ohio State University,https://orcid.org/0000-0001-9851-4867,accepted,matcher,2026-09-14,
286,Yasuyuki Motoyama,Ohio State University,openalex,A5131537953,Yasuyuki Motoyama,0.6,1.0,0.0,1.0,0.0,1,0,0,,,pending,,,
286,Yasuyuki Motoyama,Ohio State University,openalex,A5105059222,Yasuyuki Motoyama,0.525,1.0,0.0,0.5,0.0,1,0,0,,,pending,,,
287,Manuel Santana Palacios,Ohio State University,openalex,A5022479706,Manuel Santana Palacios,0.986,1.0,1.0,0.909,0.586,10,197,5,,https://orcid.org/0000-0002-1875-8085,accepted,matcher,2026-09-14,
287,Manuel Santana Palacios,Ohio State University,openalex,A5124691839,Manuel A. Santana Palacios,0.9,1.0,1.0,1.0,0.0,1,0,0,The Ohio State University,,pending,,,
288,Jason Reece,Ohio State University,openalex,A5017385018,Jason Reece,1.0,1.0,1.0,1.0,0.729,50,1197,12,The Ohio State University,https://orcid.org/0000-0001-9678-8661,accepted,matcher,2026-09-14,
288,Jason Reece,Ohio State University,openalex,A5059804368,Jason Reece,0.57,1.0,0.0,0.8,0.001,2,2,1,,,pending,,,
289,Kareem Usher,Ohio State University,openalex,A5008882756,Kareem Usher,0.982,1.0,1.0,0.882,0.742,14,164,7,The Ohio State University,https://orcid.org/0000-0001-9367-6816,accepted,matcher,2026-09-14,
289,Kareem Usher,Ohio State University,openalex,A5107843149,Kareem M. Usher,0.55,1.0,0.0,0.667,0.005,1,1,1,University of Louisville Hospital,,pending,,,
289,Kareem Usher,Ohio State University,openalex,A5150239265,Kareem Usher,0.55,1.0,0.0,0.667,0.0,1,0,0,,,pending,,,
290,Mattijs Van Maasakkers,Ohio State University,openalex,A5080970876,Mattijs van Maasakkers,1.0,1.0,1.0,1.0,0.528,11,38,4,The Ohio State University,https://orcid.org/0000-0002-1663-2016,accepted,matcher,2026-09-14,
290,Mattijs Van Maasakkers,Ohio State University,openalex,A5010380821,Mattijs J. van Maasakkers,0.6,1.0,0.0,1.0,0.0,1,0,0,,,pending,,,
290,Mattijs Van Maasakkers,Ohio State University,openalex,A5071462595,Mattijs J. Van Maasakkers,0.6,1.0,0.0,1.0,0.0,1,0,0,,,pending,,,
290,Mattijs Van Maasakkers,Ohio State University,openalex,A5047369035,Sai Balakrishnan Mattijs van Maasakkers,0.398,0.718,0.0,0.5,0.0,1,0,0,,,pending,,,
292,Jennifer Dill,Portland State University,openalex,A5016368811,Jennifer Dill,0.985,1.0,1.0,0.898,0.579,189,8281,36,,https://orcid.org/0000-0001-5498-3928,accepted,matcher,2026-09-14,
292,Jennifer Dill,Portland State University,openalex,A5102808093,Jennifer L. Dill,0.51,1.0,0.0,0.4,0.002,5,25,3,University of Kansas Medical Center,https://orcid.org/0000-0002-5292-3064,pending,,,
292,Jennifer Dill,Portland State University,openalex,A5059411933,Jennifer A. Dill‐Okubo,0.51,1.0,0.0,0.4,0.001,2,16,2,Florida Department of Agriculture and Consumer Services,,pending,,,
292,Jennifer Dill,Portland State University,openalex,A5126672554,Jennifer Dill,0.5,1.0,0.0,0.333,0.0,1,3,1,Missouri Baptist Medical Center,,pending,,,
292,Jennifer Dill,Portland State University,openalex,A5038906231,Jennifer Dill-Okubo,0.48,1.0,0.0,0.2,0.004,9,53,4,University of Florida,,pending,,,
295,Aaron Golub,Portland State University,openalex,A5021198509,Aaron Golub,1.0,1.0,1.0,1.0,0.588,128,2911,24,Portland State University,https://orcid.org/0000-0002-5999-0593,accepted,matcher,2026-09-14,
295,Aaron Golub,Portland State University,openalex,A5140489871,Aaron Golub,0.9,1.0,1.0,1.0,0.0,1,0,0,Portland State University,,pending,,,
295,Aaron Golub,Portland State University,openalex,A5073963039,Aaron Golub,0.57,1.0,0.0,0.8,0.004,2,19,1,Saint Petersburg State University of Architecture and Civil Engineering,,pending,,,
295,Aaron Golub,Portland State University,openalex,A5082739364,Aaron Golub,0.562,1.0,0.0,0.75,0.0,3,0,0,,,pending,,,
297,Greg Schrock,Portland State University,openalex,A5059565765,Greg Schrock,0.983,1.0,1.0,0.886,0.529,65,1267,15,Portland State University,https://orcid.org/0000-0003-0476-8677,accepted,matcher,2026-09-14,
297,Greg Schrock,Portland State University,openalex,A5087325315,Greg L. Schrock,0.5,1.0,0.0,0.333,0.001,2,2,1,Bucknell University,,pending,,,
298,Ozcan Tunalilar,Portland State University,openalex,A5027453122,Ozcan Tunalilar,1.0,1.0,1.0,1.0,0.856,58,184,7,Portland State University,https://orcid.org/0000-0001-9864-1217,accepted,matcher,2026-09-14,
300,Yu Xiao,Portland State University,openalex,A5011154045,Yu Xiao,0.974,1.0,1.0,0.828,0.3,73,2306,24,Dongguan University of Technology,https://orcid.org/0000-0002-4998-5213,accepted,matcher,2026-09-14,
300,Yu Xiao,Portland State University,openalex,A5091551174,Yu Xiao,0.678,1.0,0.0,0.854,0.323,99,2486,29,Chinese Academy of Medical Sciences & Peking Union Medical College,https://orcid.org/0000-0002-9357-7671,pending,,,
300,Yu Xiao,Portland State University,openalex,A5100321684,Yu Xiao,0.623,1.0,0.0,0.486,0.256,145,1967,24,Harbin Medical University,https://orcid.org/0000-0002-6947-3178,pending,,,
300,Yu Xiao,Portland State University,openalex,A5062392698,Yu Xiao,0.619,1.0,0.0,0.457,0.192,66,1479,20,Tongji University,https://orcid.org/0000-0001-8345-542X,pending,,,
300,Yu Xiao,Portland State University,openalex,A5012340027,Yu-Xiao Liu,0.604,1.0,0.0,0.362,1.162,420,8938,48,Lanzhou University of Technology,https://orcid.org/0000-0002-4117-4176,pending,,,
301,Marisa Zapata,Portland State University,openalex,A5010305628,Marisa Zapata,1.0,1.0,1.0,1.0,0.345,37,262,7,Portland State University,,accepted,matcher,2026-09-14,
301,Marisa Zapata,Portland State University,openalex,A5133780210,Marisa Zapata,0.9,1.0,1.0,1.0,0.0,1,0,0,Portland State University,,pending,,,
301,Marisa Zapata,Portland State University,openalex,A5123909341,Marisa Zapata,0.9,1.0,1.0,1.0,0.0,1,0,0,Portland State University,,pending,,,
301,Marisa Zapata,Portland State University,openalex,A5124768024,Marisa Zapata,0.6,1.0,0.0,1.0,0.0,1,0,0,,,pending,,,
301,Marisa Zapata,Portland State University,openalex,A5124888143,Marisa Zapata,0.6,1.0,0.0,1.0,0.0,2,0,0,,,pending,,,
303,Courtney Knapp,Pratt Institute,openalex,A5039956051,Courtney Elizabeth Knapp,1.0,1.0,1.0,1.0,0.728,24,75,5,,https://orcid.org/0000-0002-4882-9737,accepted,matcher,2026-09-14,
303,Courtney Knapp,Pratt Institute,openalex,A5074898859,Courtney Knapp,0.45,1.0,0.0,0.0,0.019,3,2,1,University of Colorado System,,pending,,,
304,Jonathan Martin,Pratt Institute,openalex,A5073730510,Jonathan Martin,1.0,1.0,1.0,1.0,0.46,11,244,3,Framingham State University,,accepted,matcher,2026-09-14,
304,Jonathan Martin,Pratt Institute,openalex,A5071602322,Jonathan W. Martin,0.702,1.0,0.5,0.68,53.692,479,28457,90,Department of Natural and Environmental Resources,https://orcid.org/0000-0001-6265-4294,rejected,audit_matches,2026-09-16,"rejected 2026-09-16: OpenAlex 28,457 citations against 530 from pop (53.7x); probable namesake"
304,Jonathan Martin,Pratt Institute,openalex,A5005150095,Jonathan S. Martin,0.642,1.0,0.0,0.615,0.362,5,192,4,Devon Partnership NHS Trust,,pending,,,
304,Jonathan Martin,Pratt Institute,openalex,A5016045753,Jonathan Martin,0.61,1.0,0.0,0.4,0.351,4,186,1,University of Florida,,pending,,,
304,Jonathan Martin,Pratt Institute,openalex,A5087304957,Jonathan Martin,0.61,1.0,0.0,0.4,0.119,3,63,2,,,pending,,,
305,Juan Osorio,Pratt Institute,openalex,A5101842300,Juan Camilo Osorio,1.0,1.0,1.0,1.0,0.653,9,154,6,,https://orcid.org/0009-0008-3499-648X,accepted,matcher,2026-09-14,
305,Juan Osorio,Pratt Institute,openalex,A5070849954,Juan Camilo Osorio,0.85,1.0,1.0,0.0,0.403,11,95,5,Purdue University West Lafayette,https://orcid.org/0000-0002-6380-7827,pending,,,
305,Juan Osorio,Pratt Institute,openalex,A5016634957,Juan Manuel Piña Osorio,0.7,1.0,0.0,1.0,0.441,58,104,5,Universidad Nacional Autónoma de México,https://orcid.org/0000-0003-4829-2260,pending,,,
305,Juan Osorio,Pratt Institute,openalex,A5073985982,Juan Torres-Osorio,0.7,1.0,0.0,1.0,0.258,6,61,3,Instituto Nacional de Salud del Niño,https://orcid.org/0000-0001-8089-0151,pending,,,
305,Juan Osorio,Pratt Institute,openalex,A5020791062,Juan David Osorio Múnera,0.685,1.0,0.0,0.9,0.305,18,72,5,,https://orcid.org/0000-0002-1361-5472,pending,,,
307,Ajay Agarwal,Queen's University,openalex,A5078083467,Ajay Agarwal,0.945,1.0,1.0,0.636,0.948,121,1359,14,University of Fukui,https://orcid.org/0000-0003-0499-5511,accepted,matcher,2026-09-14,
307,Ajay Agarwal,Queen's University,openalex,A5062675204,Ajay Kumar Agarwal,0.664,1.0,0.0,0.76,0.139,29,199,6,Visvesvaraya National Institute of Technology,https://orcid.org/0000-0002-2977-3176,pending,,,
307,Ajay Agarwal,Queen's University,openalex,A5040950857,Ajay Agarwal,0.618,1.0,0.0,0.455,0.72,37,1032,17,,https://orcid.org/0000-0002-3492-2412,pending,,,
307,Ajay Agarwal,Queen's University,openalex,A5140106325,Ajay Agarwal,0.6,1.0,0.0,1.0,0.0,1,0,0,Fortis Hospital,,pending,,,
307,Ajay Agarwal,Queen's University,openalex,A5110958416,Ajay Agarwal,0.562,1.0,0.0,0.75,0.004,2,6,1,London School of Hygiene & Tropical Medicine,,pending,,,
310,David Gordon,Queen's University,openalex,A5090456710,David Gordon,0.979,1.0,1.0,0.862,0.527,41,1404,16,University of Virginia,https://orcid.org/0000-0001-9334-9567,accepted,matcher,2026-09-14,
310,David Gordon,Queen's University,openalex,A5048993280,David J. Gordon,0.75,1.0,1.0,0.0,15.656,428,41740,79,University of Iowa,https://orcid.org/0000-0003-1830-4371,rejected,audit_matches,2026-09-16,"rejected 2026-09-16: OpenAlex 41,740 citations against 2,731 from google_scholar (15.3x); probable namesake"
310,David Gordon,Queen's University,openalex,A5110304633,David Gordon,0.7,1.0,0.0,1.0,0.244,28,651,8,University of Bristol,https://orcid.org/0000-0002-7317-2773,pending,,,
310,David Gordon,Queen's University,openalex,A5084945359,David Gordon,0.692,1.0,0.5,0.613,6.362,351,16962,39,MedStar Washington Hospital Center,https://orcid.org/0000-0002-9764-1968,rejected,audit_matches,2026-09-16,"rejected 2026-09-16: OpenAlex 16,962 citations against 2,731 from google_scholar (6.2x); probable namesake"
310,David Gordon,Queen's University,openalex,A5016498882,David Gordon,0.686,1.0,0.0,0.906,0.539,77,1438,20,Nationwide Children's Hospital,https://orcid.org/0000-0001-7307-6274,pending,,,
311,Maxwell Hartt,Queen's University,openalex,A5060305656,Maxwell Hartt,1.0,1.0,1.0,1.0,0.706,170,1285,20,Queen's University,https://orcid.org/0000-0003-1748-7890,accepted,matcher,2026-09-14,
311,Maxwell Hartt,Queen's University,openalex,A5139459989,Maxwell Hartt,0.825,1.0,1.0,0.5,0.0,1,0,0,Queen's University,,pending,,,
311,Maxwell Hartt,Queen's University,openalex,A5125196251,Maxwell D. Hartt,0.5,1.0,0.0,0.333,0.0,7,0,0,,,pending,,,
312,John Meligrana,Queen's University,openalex,A5003488795,John Meligrana,1.0,1.0,1.0,1.0,0.508,22,462,8,,,accepted,matcher,2026-09-14,
312,John Meligrana,Queen's University,openalex,A5004734484,Alan F.J. Artibise and John Meligrana,0.381,0.514,0.0,1.0,0.001,1,1,1,,,pending,,,
314,Zachary Christman,Rowan University,openalex,A5038557716,Zachary Christman,1.0,1.0,1.0,1.0,0.763,57,908,19,Rowan University,https://orcid.org/0000-0002-3037-7621,accepted,matcher,2026-09-14,
314,Zachary Christman,Rowan University,openalex,A5138299146,Zachary Christman,0.85,1.0,1.0,0.667,0.0,1,0,0,Rowan University,,pending,,,
314,Zachary Christman,Rowan University,openalex,A5034180442,Zachary Edward Christman,0.45,1.0,0.0,0.0,0.0,1,0,0,,,pending,,,
318,Jennifer Kitson,Rowan University,openalex,A5007333438,Jennifer Kitson,1.0,1.0,1.0,1.0,0.875,20,237,8,Rowan University,https://orcid.org/0000-0002-3845-4521,accepted,matcher,2026-09-14,
318,Jennifer Kitson,Rowan University,openalex,A5027886716,Jennifer Lynn Kitson,0.45,1.0,0.0,0.0,0.0,1,0,0,,,pending,,,
319,Mahbubur Meenar,Rowan University,openalex,A5043628850,Mahbubur Meenar,1.0,1.0,1.0,1.0,0.716,69,1249,20,Rowan University,https://orcid.org/0000-0002-0869-3249,accepted,matcher,2026-09-14,
319,Mahbubur Meenar,Rowan University,openalex,A5113702651,Mahbubur R. Meenar,0.6,1.0,0.0,1.0,0.0,1,0,0,,,pending,,,
319,Mahbubur Meenar,Rowan University,openalex,A5075482679,Md. Mahbubur R. Meenar,0.514,0.92,0.0,0.667,0.0,1,0,0,,,pending,,,
320,Hooshang Amirahmadi,Rutgers University,openalex,A5026753771,Hooshang Amirahmadi,1.0,1.0,1.0,1.0,0.461,64,888,16,,,accepted,matcher,2026-09-14,
321,Clinton Andrews,Rutgers University,openalex,A5075444806,Clinton J. Andrews,1.0,1.0,1.0,1.0,0.552,221,2638,30,"Rutgers, The State University of New Jersey",https://orcid.org/0000-0002-2989-8091,accepted,matcher,2026-09-14,
321,Clinton Andrews,Rutgers University,openalex,A5112908194,Clinton Andrews,0.55,1.0,0.0,0.667,0.0,1,2,1,,,pending,,,
321,Clinton Andrews,Rutgers University,openalex,A5090575766,J. Clinton Andrews,0.459,0.872,0.0,0.444,0.004,3,19,2,Coastal Orthopedics,,pending,,,
321,Clinton Andrews,Rutgers University,openalex,A5064867251,Clinton Andrews,0.45,1.0,0.0,0.0,0.002,2,11,2,University of Chicago,,pending,,,
321,Clinton Andrews,Rutgers University,openalex,A5037991101,Clinton R. Andrews,0.45,1.0,0.0,0.0,0.002,2,8,2,,,pending,,,
322,Bernadette Baird-Zars,Rutgers University,openalex,A5062540614,Bernadette Baird-Zars,1.0,1.0,1.0,1.0,0.434,11,46,3,,https://orcid.org/0000-0001-8745-1055,accepted,matcher,2026-09-14,
322,Bernadette Baird-Zars,Rutgers University,openalex,A5120611737,Bernadette Baird-Zars,0.8,1.0,1.0,0.333,0.0,1,0,0,"Rutgers, The State University of New Jersey",,pending,,,
323,James DeFilippis,Rutgers University,openalex,A5004638020,James DeFilippis,1.0,1.0,1.0,1.0,0.444,100,2702,26,"Rutgers, The State University of New Jersey",https://orcid.org/0000-0001-9691-6272,accepted,matcher,2026-09-14,
323,James DeFilippis,Rutgers University,openalex,A5032019618,James DeFilippis John Mollenkopf Akira Drake Rodriguez,0.6,1.0,0.0,1.0,0.0,1,0,0,,,pending,,,
323,James DeFilippis,Rutgers University,openalex,A5137164167,James Defilippis,0.59,1.0,0.0,0.6,0.031,11,188,1,,,pending,,,
325,Carmelo Ignaccolo,Rutgers University,openalex,A5014178643,Carmelo Ignaccolo,1.0,1.0,1.0,1.0,0.44,11,33,2,,https://orcid.org/0000-0002-7149-2511,accepted,matcher,2026-09-14,
327,David Listokin,Rutgers University,openalex,A5063841094,David Listokin,1.0,1.0,1.0,1.0,0.337,120,1382,16,,,accepted,matcher,2026-09-14,
328,Kathe Newman,Rutgers University,openalex,A5048554443,Kathe Newman,1.0,1.0,1.0,1.0,0.545,41,1775,14,,https://orcid.org/0000-0001-8320-6263,accepted,matcher,2026-09-14,
328,Kathe Newman,Rutgers University,openalex,A5078098984,Kathe Newman a,0.6,1.0,0.0,1.0,0.0,1,0,0,,,pending,,,
329,Robert Noland,Rutgers University,openalex,A5044787869,Robert B. Noland,0.944,1.0,1.0,0.628,0.615,295,12790,55,"Rutgers, The State University of New Jersey",https://orcid.org/0000-0003-0775-0624,accepted,matcher,2026-09-14,
329,Robert Noland,Rutgers University,openalex,A5028677558,Robert C. Noland,0.7,1.0,0.5,0.0,0.276,102,5739,29,Pennington Biomedical Research Center,https://orcid.org/0000-0001-5543-3450,pending,,,
329,Robert Noland,Rutgers University,openalex,A5009763019,Robert L. Noland,0.555,1.0,0.0,0.7,0.003,11,70,5,,,pending,,,
329,Robert Noland,Rutgers University,openalex,A5102179775,Robert B. Noland,0.55,1.0,0.0,0.667,0.0,2,0,0,,,pending,,,
329,Robert Noland,Rutgers University,openalex,A5129998462,Robert Noland,0.525,1.0,0.0,0.5,0.0,1,0,0,,,pending,,,
330,Will Payne,Rutgers University,openalex,A5004317057,Will B. Payne,0.965,1.0,1.0,0.765,0.622,23,181,6,"Rutgers, The State University of New Jersey",https://orcid.org/0000-0002-2223-7864,accepted,matcher,2026-09-14,
330,Will Payne,Rutgers University,openalex,A5124963527,Will B. Payne,0.9,1.0,1.0,1.0,0.003,1,1,1,"Rutgers, The State University of New Jersey",,pending,,,
330,Will Payne,Rutgers University,openalex,A5013198863,Will Payne,0.65,1.0,0.0,1.0,0.041,2,12,2,Johns Hopkins University,,pending,,,
330,Will Payne,Rutgers University,openalex,A5123158544,Will Payne,0.6,1.0,0.0,1.0,0.0,1,0,0,,,pending,,,
330,Will Payne,Rutgers University,openalex,A5030230489,Will H. Payne,0.6,1.0,0.0,1.0,0.0,1,0,0,,,pending,,,
331,Kelcie Ralph,Rutgers University,openalex,A5067088159,Kelcie Ralph,0.982,1.0,1.0,0.88,0.605,58,894,17,"Rutgers, The State University of New Jersey",https://orcid.org/0000-0003-4316-3195,accepted,matcher,2026-09-14,
331,Kelcie Ralph,Rutgers University,openalex,A5055155649,Ralph Kelcie,0.287,0.472,0.0,0.5,0.0,2,0,0,,,pending,,,
332,Andrea Restrepo-Mieth,Rutgers University,openalex,A5071886532,Andrea Restrepo-Mieth,1.0,1.0,1.0,1.0,0.914,8,74,3,"Rutgers, The State University of New Jersey",https://orcid.org/0000-0002-6791-7345,accepted,matcher,2026-09-14,
333,Hal Salzman,Rutgers University,openalex,A5000469305,Hal Salzman,0.933,1.0,1.0,0.551,0.755,109,1080,19,"Rutgers, The State University of New Jersey",https://orcid.org/0000-0003-3036-3286,accepted,matcher,2026-09-14,
333,Hal Salzman,Rutgers University,openalex,A5126990965,Hal Salzman,0.87,1.0,1.0,0.8,0.001,2,2,1,"Rutgers, The State University of New Jersey",,pending,,,
334,Eric Seymour,Rutgers University,openalex,A5084759395,Eric Seymour,0.811,1.0,1.0,0.406,3.492,85,2329,25,United States Department of Housing and Urban Development,https://orcid.org/0000-0002-1906-3701,rejected,audit_matches,2026-09-15,
335,Mi Shih,Rutgers University,openalex,A5010209545,Mi Shih,1.0,1.0,1.0,1.0,0.844,22,281,9,"Rutgers, The State University of New Jersey",https://orcid.org/0000-0002-9197-9386,accepted,matcher,2026-09-14,
335,Mi Shih,Rutgers University,openalex,A5067396163,Mi Shih,0.6,1.0,0.0,1.0,0.003,2,1,1,,,pending,,,
335,Mi Shih,Rutgers University,openalex,A5125615351,Mi Shih,0.573,1.0,0.0,0.818,0.0,5,0,0,,,pending,,,
335,Mi Shih,Rutgers University,openalex,A5029246085,Shih-Yuan Mi,0.31,0.577,0.0,0.0,0.045,1,15,1,National Taipei University of Technology,,pending,,,
336,Michael Smart,Rutgers University,openalex,A5103045655,Michael Smart,1.0,1.0,1.0,1.0,0.587,136,2398,27,"Rutgers, The State University of New Jersey",https://orcid.org/0000-0003-3739-2725,accepted,matcher,2026-09-14,
336,Michael Smart,Rutgers University,openalex,A5053954925,Michael Smart,0.667,1.0,0.0,0.779,0.742,150,3031,24,Ifo Institute for Economic Research,https://orcid.org/0009-0004-9601-5932,pending,,,
336,Michael Smart,Rutgers University,openalex,A5080347681,R. Michael Smart,0.614,0.853,0.0,0.867,0.711,92,2901,23,University of Essex,https://orcid.org/0009-0006-1410-2106,pending,,,
336,Michael Smart,Rutgers University,openalex,A5127906182,Michael Smart,0.6,1.0,0.0,1.0,0.0,1,0,0,,,pending,,,
336,Michael Smart,Rutgers University,openalex,A5123879868,Michael Smart,0.6,1.0,0.0,1.0,0.0,1,0,0,University of Toronto,,pending,,,
337,Piyushimita Thakuriah,Rutgers University,openalex,A5011913902,Piyushimita Thakuriah,0.986,1.0,1.0,0.909,0.791,136,2233,22,"Rutgers, The State University of New Jersey",https://orcid.org/0000-0002-5681-2353,accepted,matcher,2026-09-14,
337,Piyushimita Thakuriah,Rutgers University,openalex,A5145836382,Piyushimita. Thakuriah (7954070),0.5,1.0,0.0,0.333,0.001,1,2,1,,,pending,,,
337,Piyushimita Thakuriah,Rutgers University,openalex,A5145639323,Piyushimita Thakuriah,0.5,1.0,0.0,0.333,0.0,1,0,0,,,pending,,,
337,Piyushimita Thakuriah,Rutgers University,openalex,A5004856240,Thakuriah Piyushimita,0.404,0.676,0.0,0.667,0.0,1,0,0,,,pending,,,
340,Anette Freytag,"Rutgers University, School of Environmental & Biological Sciences",openalex,A5041942245,Anette Freytag,0.97,1.0,1.0,0.8,0.227,15,27,3,,,accepted,matcher,2026-09-14,
341,Jean Hartman,"Rutgers University, School of Environmental & Biological Sciences",openalex,A5112632145,Jean M. Hartman,0.901,0.93,1.0,0.553,0.649,65,1004,14,Belmont University,,accepted,matcher,2026-09-14,
341,Jean Hartman,"Rutgers University, School of Environmental & Biological Sciences",openalex,A5030845621,Jean M Hartman,0.569,0.93,0.0,1.0,0.005,2,7,1,,,pending,,,
341,Jean Hartman,"Rutgers University, School of Environmental & Biological Sciences",openalex,A5004039973,Heidi Jean Hartman,0.519,0.819,0.0,1.0,0.0,1,0,0,,,pending,,,
341,Jean Hartman,"Rutgers University, School of Environmental & Biological Sciences",openalex,A5030050202,Marjorie Jean Hartman,0.473,0.718,0.0,1.0,0.0,1,0,0,,,pending,,,
341,Jean Hartman,"Rutgers University, School of Environmental & Biological Sciences",openalex,A5110167747,Jean Fran ois J. F. Hartman,0.464,0.92,0.0,0.333,0.0,1,0,0,Hôpital Robert-Debré,,pending,,,
342,Wolfram Hoefer,"Rutgers University, School of Environmental & Biological Sciences",openalex,A5070228266,Wolfram Hoefer,0.988,1.0,1.0,0.923,0.874,9,97,3,,,accepted,matcher,2026-09-14,
345,David Tulloch,"Rutgers University, School of Environmental & Biological Sciences",openalex,A5061812543,David Tulloch,1.0,1.0,1.0,1.0,0.668,52,1303,17,"Rutgers, The State University of New Jersey",https://orcid.org/0000-0002-0692-9190,accepted,matcher,2026-09-14,
345,David Tulloch,"Rutgers University, School of Environmental & Biological Sciences",openalex,A5120532795,David Tulloch,0.6,1.0,0.0,1.0,0.0,2,0,0,Diagnostics for the Real World (United Kingdom),,pending,,,
345,David Tulloch,"Rutgers University, School of Environmental & Biological Sciences",openalex,A5110148651,David Tulloch,0.6,1.0,0.0,1.0,0.0,3,0,0,,,pending,,,
345,David Tulloch,"Rutgers University, School of Environmental & Biological Sciences",openalex,A5007448295,David Tulloch,0.57,1.0,0.0,0.133,0.149,14,290,4,,,pending,,,
345,David Tulloch,"Rutgers University, School of Environmental & Biological Sciences",openalex,A5143776749,David Tulloch,0.45,1.0,0.0,0.0,0.004,1,7,1,,,pending,,,
346,Amal Ali,Salisbury University,openalex,A5020390841,Amal K. Ali,1.0,1.0,1.0,1.0,0.43,10,114,4,,,accepted,matcher,2026-09-14,
346,Amal Ali,Salisbury University,openalex,A5030217901,Amal Ali Farahat,0.7,1.0,0.0,1.0,0.155,1,41,1,Save the Children,,pending,,,
346,Amal Ali,Salisbury University,openalex,A5016785490,Amal Ali Amar,0.7,1.0,0.0,1.0,0.109,1,29,1,,,pending,,,
346,Amal Ali,Salisbury University,openalex,A5111886823,Amal Ali,0.657,1.0,0.0,0.714,0.309,16,82,5,University of Richmond,,pending,,,
346,Amal Ali,Salisbury University,openalex,A5020018994,Amal Ali Alharbi,0.654,1.0,0.0,0.692,0.509,18,135,5,University of Tabuk,https://orcid.org/0000-0003-3347-1143,pending,,,
347,Bruce Appleyard,San Diego State University,openalex,A5016454601,Bruce Appleyard,0.976,1.0,1.0,0.841,0.525,102,1172,17,San Diego State University,https://orcid.org/0000-0003-2105-8079,accepted,matcher,2026-09-14,
347,Bruce Appleyard,San Diego State University,openalex,A5087976112,Appleyard Bruce,0.471,0.714,0.0,1.0,0.001,2,2,1,,,pending,,,
350,Valerie Stahl,San Diego State University,openalex,A5022403730,Valerie E. Stahl,1.0,1.0,1.0,1.0,0.427,15,32,3,San Diego State University,https://orcid.org/0000-0002-2002-3723,accepted,matcher,2026-09-14,
350,Valerie Stahl,San Diego State University,openalex,A5084513876,Valerie Stahl,0.55,1.0,0.0,0.667,0.0,3,0,0,,,pending,,,
350,Valerie Stahl,San Diego State University,openalex,A5026975832,Valérie Stahl,0.45,1.0,0.0,0.0,12.36,46,927,17,Aerial BioPharma,https://orcid.org/0000-0002-1490-9026,rejected,audit_matches,2026-09-16,rejected 2026-09-16: OpenAlex 927 citations against 88 from google_scholar (10.5x); probable namesake
350,Valerie Stahl,San Diego State University,openalex,A5149094780,"Jenifer Henry, stage manager, set construction; Clifford Curtis Klotz, assistant stage manager; Valerie Knoke, assistant stage manager, properties manager; Rachel Northcott, master electrician, set construction; Zina Camblin, light board operator; Patrick Sipes, sound operator; Alicia Stahl, floor crew; D. Brady Kearns, set construction; Kimberly Nisenshal, set construction; Branden Scala, set construction, costume crew; Steven Bennett, set construction; Sarah Holland, set construction; Chrissy",0.304,0.509,0.0,0.5,0.0,1,0,0,,,pending,,,
351,Madison Swayne,San Diego State University,openalex,A5033945697,Madison R. E. Swayne,1.0,1.0,1.0,1.0,0.836,15,51,4,San Diego State University,https://orcid.org/0000-0003-0913-6716,accepted,matcher,2026-09-14,
352,Asha Agrawal,San Jose State University,openalex,A5071980920,Asha Weinstein Agrawal,1.0,1.0,1.0,1.0,0.495,138,1348,19,San Jose State University,https://orcid.org/0000-0003-2328-0263,accepted,matcher,2026-09-14,
352,Asha Agrawal,San Jose State University,openalex,A5026833705,Asha Agrawal,0.634,1.0,0.0,0.562,0.128,13,348,7,King's College Hospital NHS Foundation Trust,,pending,,,
352,Asha Agrawal,San Jose State University,openalex,A5110816860,ASHA LATA AGRAWAL,0.575,1.0,0.0,0.833,0.003,3,7,2,India Meteorological Department,,pending,,,
352,Asha Agrawal,San Jose State University,openalex,A5030511826,Agrawal Nomita Ajay Asha,0.414,0.92,0.0,0.0,0.0,1,1,1,,,pending,,,
352,Asha Agrawal,San Jose State University,openalex,A5076626824,Jiwan Asha Agrawal,0.394,0.764,0.0,0.333,0.011,3,29,2,,,pending,,,
353,Vincent Del Casino,San Jose State University,openalex,A5075459039,Vincent J. Del Casino,1.0,1.0,1.0,1.0,0.54,63,1311,22,,https://orcid.org/0000-0003-0071-4567,accepted,matcher,2026-09-14,
353,Vincent Del Casino,San Jose State University,openalex,A5006472756,Vincent Del Casino,0.9,1.0,1.0,1.0,0.013,3,31,2,San Jose State University,,pending,,,
355,Laureen Hom,San Jose State University,openalex,A5004405356,Laureen D. Hom,1.0,1.0,1.0,1.0,0.765,15,88,5,San Jose State University,https://orcid.org/0000-0001-7450-5229,accepted,matcher,2026-09-14,
356,Sophie Kelmenson,San Jose State University,openalex,A5082933156,Sophie Kelmenson,0.954,1.0,1.0,0.692,0.744,11,90,5,San Jose State University,https://orcid.org/0000-0002-9593-1259,accepted,matcher,2026-09-14,
357,Ayda Kianmehr,San Jose State University,openalex,A5015393139,Ayda Kianmehr,1.0,1.0,1.0,1.0,1.046,12,68,4,University of Southern California,https://orcid.org/0000-0001-8497-1733,accepted,matcher,2026-09-14,
358,Shishir Mathur,San Jose State University,openalex,A5010628593,Shishir Mathur,0.984,1.0,1.0,0.892,0.987,121,1185,21,San Jose State University,https://orcid.org/0000-0003-4601-7636,accepted,matcher,2026-09-14,
358,Shishir Mathur,San Jose State University,openalex,A5057351102,Rajesh K. Meena Shishir Mathur,0.6,1.0,0.0,1.0,0.001,1,1,1,,,pending,,,
359,Marcel Moran,San Jose State University,openalex,A5002619801,Marcel Moran,0.9,1.0,1.0,0.667,1.518,147,428,9,San Jose State University,https://orcid.org/0000-0002-5637-4971,accepted,matcher,2026-09-14,
359,Marcel Moran,San Jose State University,openalex,A5137788730,Marcel Moran,0.85,1.0,1.0,0.667,0.0,3,0,0,San Jose State University,https://orcid.org/0000-0002-5637-4971,pending,,,
359,Marcel Moran,San Jose State University,openalex,A5028470866,Marcel Moran Moran,0.6,1.0,0.0,1.0,0.0,1,0,0,,,pending,,,
359,Marcel Moran,San Jose State University,openalex,A5054348216,Marcel Moran Moran,0.525,1.0,0.0,0.5,0.0,1,0,0,,,pending,,,
360,Kathrine Richardson,San Jose State University,openalex,A5049839553,Kathrine E. Richardson,1.0,1.0,1.0,1.0,0.51,17,79,6,San Jose State University,https://orcid.org/0000-0002-2457-993X,accepted,matcher,2026-09-14,
360,Kathrine Richardson,San Jose State University,openalex,A5129181799,Kathrine Richardson Christensen,0.6,1.0,0.0,1.0,0.0,1,0,0,,,pending,,,
360,Kathrine Richardson,San Jose State University,openalex,A5143189274,Kathrine E. Richardson,0.6,1.0,0.0,1.0,0.0,1,0,0,,,pending,,,
360,Kathrine Richardson,San Jose State University,openalex,A5119438093,Kathrine Richardson,0.493,1.0,0.0,0.286,0.0,4,0,0,Global Biodiversity Information Facility,,pending,,,
361,Ahoura Zandiatashbar,San Jose State University,openalex,A5042515938,Ahoura Zandiatashbar,1.0,1.0,1.0,1.0,0.879,43,661,11,"California State University, Sacramento",https://orcid.org/0000-0001-8198-4619,accepted,matcher,2026-09-14,
361,Ahoura Zandiatashbar,San Jose State University,openalex,A5000672821,Zandiatashbar Ahoura,0.495,0.767,0.0,1.0,0.001,1,1,1,,,pending,,,
362,Behrooz Kalantari,Savannah State University,openalex,A5006876816,Behrooz Kalantari,0.91,1.0,1.0,0.4,0.504,16,264,7,Savannah State University,https://orcid.org/0000-0001-6366-6764,accepted,matcher,2026-09-14,
364,Jonathan Boron,Simon Fraser University,openalex,A5011460152,Jonathan Boron,0.919,1.0,1.0,0.462,0.596,7,134,5,,https://orcid.org/0000-0002-7326-4467,accepted,matcher,2026-09-14,
364,Jonathan Boron,Simon Fraser University,openalex,A5120149867,Jonathan Boron,0.9,1.0,1.0,1.0,0.0,1,0,0,Simon Fraser University,,pending,,,
364,Jonathan Boron,Simon Fraser University,openalex,A5080984895,Jonathan A. Boron,0.55,1.0,0.0,0.0,0.111,2,25,1,Marine Corps University,,pending,,,
364,Jonathan Boron,Simon Fraser University,openalex,A5026574975,Boron Jonathan,0.424,0.721,0.0,0.667,0.0,1,0,0,,,pending,,,
365,Andreanne Doyon,Simon Fraser University,openalex,A5020845547,Andréanne Doyon,0.947,1.0,1.0,0.649,0.79,76,1504,15,Simon Fraser University,https://orcid.org/0000-0002-1165-8751,accepted,matcher,2026-09-14,
366,Thomas Gunton,Simon Fraser University,openalex,A5059560375,Thomas Gunton,0.953,1.0,1.0,0.689,0.424,40,1128,17,Simon Fraser University,https://orcid.org/0000-0001-6686-7502,accepted,matcher,2026-09-14,
366,Thomas Gunton,Simon Fraser University,openalex,A5135661201,Thomas Gunton,0.8,1.0,1.0,0.333,0.0,1,0,0,Simon Fraser University,,pending,,,
367,Meg Holden,Simon Fraser University,openalex,A5067275272,Meg Holden,0.97,1.0,1.0,0.803,0.644,119,1463,22,Simon Fraser University,https://orcid.org/0000-0002-7112-8613,accepted,matcher,2026-09-14,
367,Meg Holden,Simon Fraser University,openalex,A5093134119,Meg Holden,0.9,1.0,1.0,1.0,0.0,4,0,0,Simon Fraser University,,pending,,,
367,Meg Holden,Simon Fraser University,openalex,A5136064782,Meg Holden,0.825,1.0,1.0,0.5,0.0,2,0,0,Simon Fraser University,,pending,,,
367,Meg Holden,Simon Fraser University,openalex,A5093134123,Par Meg Holden,0.752,0.838,1.0,0.5,0.0,2,0,0,Simon Fraser University,,pending,,,
367,Meg Holden,Simon Fraser University,openalex,A5124776307,Meg Holden,0.6,1.0,0.0,1.0,0.0,1,1,1,,,pending,,,
368,Sean Markey,Simon Fraser University,openalex,A5087641543,Sean Markey,0.951,1.0,1.0,0.675,0.437,133,1400,21,Simon Fraser University,https://orcid.org/0000-0002-6335-0687,accepted,matcher,2026-09-14,
368,Sean Markey,Simon Fraser University,openalex,A5116179212,Sean Markey,0.6,1.0,0.0,1.0,0.0,1,0,0,,,pending,,,
368,Sean Markey,Simon Fraser University,openalex,A5000608982,Sean M. Markey,0.45,1.0,0.0,0.0,0.01,1,31,1,,,pending,,,
368,Sean Markey,Simon Fraser University,openalex,A5121263523,Sean Markey,0.45,1.0,0.0,0.0,0.001,1,2,1,,,pending,,,
368,Sean Markey,Simon Fraser University,openalex,A5062020011,Sean P. Markey,0.45,1.0,0.0,0.0,0.001,3,3,1,DePaul University,,pending,,,
369,Tammara Soma,Simon Fraser University,openalex,A5085365598,Tammara Soma,0.911,1.0,1.0,0.41,0.729,69,1145,16,Simon Fraser University,https://orcid.org/0000-0002-4273-1165,accepted,matcher,2026-09-14,
369,Tammara Soma,Simon Fraser University,openalex,A5127706005,Tammara Rica Soma,0.65,1.0,0.5,0.333,0.0,1,0,0,University of Toronto,,pending,,,
370,Shiguo Jiang,State University of New York at Albany,openalex,A5008833262,Shiguo Jiang,0.936,1.0,1.0,0.571,0.473,33,360,10,Albany State University,https://orcid.org/0000-0001-9088-883X,accepted,matcher,2026-09-14,
371,Catherine Lawson,State University of New York at Albany,openalex,A5031593554,Catherine T. Lawson,1.0,1.0,1.0,1.0,0.614,86,3030,17,"University at Albany, State University of New York",https://orcid.org/0000-0003-4169-2069,accepted,matcher,2026-09-14,
371,Catherine Lawson,State University of New York at Albany,openalex,A5079691536,Catherine Elsie. Lawson,0.6,1.0,0.0,1.0,0.0,1,0,0,,,pending,,,
371,Catherine Lawson,State University of New York at Albany,openalex,A5070023605,Catherine R. L. Lawson,0.6,1.0,0.0,1.0,0.0,1,0,0,,,pending,,,
371,Catherine Lawson,State University of New York at Albany,openalex,A5103092191,Catherine Lawson,0.55,1.0,0.0,0.0,0.174,20,859,9,Harrogate and District NHS Foundation Trust,https://orcid.org/0000-0003-3156-598X,pending,,,
371,Catherine Lawson,State University of New York at Albany,openalex,A5015683814,Catherine L. Lawson,0.5,1.0,0.0,0.0,2.088,136,10301,42,"Rutgers, The State University of New Jersey",https://orcid.org/0000-0002-3261-7035,pending,,,
374,Ryan Devlin,Temple University,openalex,A5023723578,Ryan Thomas Devlin,1.0,1.0,1.0,1.0,0.496,22,603,8,Temple College,https://orcid.org/0000-0001-8845-7301,accepted,matcher,2026-09-14,
374,Ryan Devlin,Temple University,openalex,A5125572722,Ryan Devlin,0.525,1.0,0.0,0.5,0.0,3,0,0,,,pending,,,
374,Ryan Devlin,Temple University,openalex,A5025522018,Ryan Alexander Devlin,0.5,1.0,0.0,0.333,0.003,1,4,1,,,pending,,,
374,Ryan Devlin,Temple University,openalex,A5014625055,Ryan Devlin,0.493,1.0,0.0,0.286,0.007,7,8,1,University of Ulster,,pending,,,
374,Ryan Devlin,Temple University,openalex,A5134866994,Ryan Devlin,0.45,1.0,0.0,0.0,0.0,1,0,0,John Innes Centre,,pending,,,
376,Lynn Mandarano,Temple University,openalex,A5024163993,Lynn Mandarano,1.0,1.0,1.0,1.0,0.642,24,731,12,Temple University,https://orcid.org/0000-0001-5477-7630,accepted,matcher,2026-09-14,
377,Robert Brown,Texas A&M University,openalex,A5019633786,Robert D. Brown,1.0,1.0,1.0,1.0,0.949,479,9517,54,Texas A&M University,https://orcid.org/0000-0001-6955-910X,accepted,matcher,2026-09-14,
377,Robert Brown,Texas A&M University,openalex,A5054721642,Robert A. Brown,0.85,1.0,0.5,1.0,0.596,272,5976,43,Boston University,https://orcid.org/0000-0001-6419-7031,pending,,,
377,Robert Brown,Texas A&M University,openalex,A5023137351,James Robert Brown,0.846,0.792,1.0,0.599,0.748,295,7505,31,,https://orcid.org/0000-0002-8947-4821,pending,,,
377,Robert Brown,Texas A&M University,openalex,A5061305604,Robert L. Brown,0.822,1.0,1.0,0.148,1.614,932,16190,63,Johns Hopkins University,https://orcid.org/0000-0002-2294-5721,pending,,,
377,Robert Brown,Texas A&M University,openalex,A5065613085,Robert W. Brown,0.808,1.0,0.5,0.719,0.851,281,8540,42,,https://orcid.org/0000-0002-5236-1567,pending,,,
378,Xinyu Fu,Texas A&M University,openalex,A5079648643,Xinyu Fu,0.938,1.0,1.0,0.585,0.862,56,1034,21,Texas A&M University – Texarkana,https://orcid.org/0000-0002-3591-4158,accepted,matcher,2026-09-14,
378,Xinyu Fu,Texas A&M University,openalex,A5101478439,Xinyu Fu,0.7,1.0,0.5,0.0,1.328,58,1594,16,Anhui University of Science and Technology,https://orcid.org/0000-0002-7195-2549,pending,,,
378,Xinyu Fu,Texas A&M University,openalex,A5059260753,Xinyu Fu,0.7,1.0,0.5,0.0,0.778,50,934,15,Shandong University of Traditional Chinese Medicine,https://orcid.org/0000-0003-4178-238X,pending,,,
378,Xinyu Fu,Texas A&M University,openalex,A5011870609,Xinyu Fu,0.65,1.0,0.5,0.0,1.968,86,2361,24,Shenyang Agricultural University,https://orcid.org/0000-0002-1181-9981,pending,,,
378,Xinyu Fu,Texas A&M University,openalex,A5039370605,Xinyu Fu,0.636,1.0,0.0,0.571,0.118,3,142,2,Renmin University of China,,pending,,,
383,Dongying Li,Texas A&M University,openalex,A5031707610,Dongying Li,1.0,1.0,1.0,1.0,0.846,138,4190,33,Nanchang University,https://orcid.org/0000-0002-2273-8079,accepted,matcher,2026-09-14,
383,Dongying Li,Texas A&M University,openalex,A5147375466,Dongying Li,0.9,1.0,1.0,1.0,0.0,1,0,0,Texas A&M University,,pending,,,
383,Dongying Li,Texas A&M University,openalex,A5126948830,Dongying Li,0.85,1.0,1.0,0.667,0.0,1,2,1,Texas A&M University System,,pending,,,
383,Dongying Li,Texas A&M University,openalex,A5101614201,Dongying Li,0.55,1.0,0.0,0.0,0.255,108,1264,20,National Center for Toxicological Research,https://orcid.org/0000-0003-0721-2500,pending,,,
383,Dongying Li,Texas A&M University,openalex,A5101614202,Dongying Li,0.55,1.0,0.0,0.0,0.258,136,1276,18,Shaoyang University,https://orcid.org/0000-0003-3434-9924,pending,,,
385,Michelle Meyer,Texas A&M University,openalex,A5056761586,Michelle A. Meyer,0.988,1.0,1.0,0.919,0.669,79,3810,20,Texas A&M University,https://orcid.org/0000-0002-8750-8178,accepted,matcher,2026-09-14,
385,Michelle Meyer,Texas A&M University,openalex,A5079756254,Michelle N. Meyer,0.654,1.0,0.0,0.694,1.248,109,7104,28,Geisinger Health System,https://orcid.org/0000-0001-5497-8803,pending,,,
385,Michelle Meyer,Texas A&M University,openalex,A5024526364,Michelle L. Meyer,0.624,1.0,0.0,0.492,0.409,190,2328,27,University of North Carolina at Chapel Hill,https://orcid.org/0000-0001-7085-3154,pending,,,
385,Michelle Meyer,Texas A&M University,openalex,A5108595936,Michelle N. Meyer,0.6,1.0,0.0,0.333,0.471,7,2681,4,Geisinger Health System,,pending,,,
385,Michelle Meyer,Texas A&M University,openalex,A5107950170,Michelle N. Meyer,0.594,1.0,0.0,0.296,0.363,17,2069,11,Regeneron (United States),,pending,,,
386,Galen Newman,Texas A&M University,openalex,A5077358456,Galen Newman,1.0,1.0,1.0,1.0,0.762,224,3347,31,Texas A&M University System,https://orcid.org/0000-0003-4277-5931,accepted,matcher,2026-09-14,
386,Galen Newman,Texas A&M University,openalex,A5140410571,Galen Newman,0.78,1.0,1.0,0.2,0.0,2,0,0,Mitchell Institute,,pending,,,
386,Galen Newman,Texas A&M University,openalex,A5092180834,Newman Galen,0.744,0.653,1.0,1.0,0.0,2,0,0,Texas A&M University,,pending,,,
386,Galen Newman,Texas A&M University,openalex,A5106843281,Galen Newman,0.6,1.0,0.0,1.0,0.0,1,0,0,,,pending,,,
386,Galen Newman,Texas A&M University,openalex,A5083566802,Galen Newman,0.54,1.0,0.0,0.6,0.0,2,2,1,,,pending,,,
387,Youngre Noh,Texas A&M University,openalex,A5050763210,Youngre Noh,1.0,1.0,1.0,1.0,0.848,16,112,6,Texas A&M University System,https://orcid.org/0000-0002-5971-4644,accepted,matcher,2026-09-14,
388,Walter Peacock,Texas A&M University,openalex,A5016323910,Walter Gillis Peacock,0.961,1.0,1.0,0.742,0.55,88,5453,36,Texas A&M University System,https://orcid.org/0000-0002-8726-4505,accepted,matcher,2026-09-14,
388,Walter Peacock,Texas A&M University,openalex,A5097728548,Walter S. Peacock,0.6,1.0,0.0,1.0,0.0,1,2,1,,,pending,,,
388,Walter Peacock,Texas A&M University,openalex,A5084178996,Walter R Peacock,0.6,1.0,0.0,1.0,0.0,1,1,1,,,pending,,,
388,Walter Peacock,Texas A&M University,openalex,A5058549433,Walter Peacock,0.6,1.0,0.0,1.0,0.0,2,0,0,St Stephen’s AIDS Trust,,pending,,,
388,Walter Peacock,Texas A&M University,openalex,A5001510330,Walter C. Peacock,0.6,1.0,0.0,1.0,0.0,2,0,0,Public Health Scotland,,pending,,,
389,Thomas Sanchez,Texas A&M University,openalex,A5020367679,Thomas W. Sanchez,0.983,1.0,1.0,0.884,0.649,225,3908,34,Mitchell Institute,https://orcid.org/0000-0002-8259-0088,accepted,matcher,2026-09-14,
389,Thomas Sanchez,Texas A&M University,openalex,A5054215995,Thomas Sanchez,0.638,1.0,0.0,0.918,0.051,46,304,10,Lyon 1 Université,https://orcid.org/0000-0002-5929-7449,pending,,,
389,Thomas Sanchez,Texas A&M University,openalex,A5090557468,Thomas V. Sanchez,0.625,1.0,0.0,0.833,0.032,4,193,4,University of Michigan,,pending,,,
389,Thomas Sanchez,Texas A&M University,openalex,A5121123041,Thomas Sanchez,0.6,1.0,0.0,1.0,0.0,2,1,1,,,pending,,,
389,Thomas Sanchez,Texas A&M University,openalex,A5074883524,Ruby Thomas-Sánchez,0.6,1.0,0.0,1.0,0.0,4,3,1,Centro Nacional de Investigaciones Científicas,,pending,,,
390,Laura Schmahmann,Texas A&M University,openalex,A5064212746,Laura Schmahmann,1.0,1.0,1.0,1.0,0.155,7,22,1,Mitchell Institute,,accepted,matcher,2026-09-14,
390,Laura Schmahmann,Texas A&M University,openalex,A5012622672,Laura Schmahmann,0.67,1.0,0.0,0.8,0.317,6,45,3,University of California System,https://orcid.org/0009-0007-4185-6605,pending,,,
390,Laura Schmahmann,Texas A&M University,openalex,A5135050265,Laura Schmahmann,0.6,1.0,0.0,1.0,0.0,1,0,0,,https://orcid.org/0009-0007-4185-6605,pending,,,
394,Sinan Zhong,Texas A&M University,openalex,A5073686417,Sinan Zhong,0.966,1.0,1.0,0.771,0.875,23,593,8,Mitchell Institute,https://orcid.org/0000-0001-6683-0160,accepted,matcher,2026-09-14,
394,Sinan Zhong,Texas A&M University,openalex,A5093035572,Sinan Zhong,0.6,1.0,0.0,1.0,0.0,1,0,0,,,pending,,,
394,Sinan Zhong,Texas A&M University,openalex,A5128955210,Sinan Zhong,0.45,1.0,0.0,0.0,0.001,1,1,1,Sun Yat-sen University,,pending,,,
395,Robert Bullard,Texas Southern University,openalex,A5113834952,Robert D. Bullard,1.0,1.0,1.0,1.0,0.353,150,10659,36,University of Jordan,https://orcid.org/0000-0003-3683-1255,accepted,matcher,2026-09-14,
395,Robert Bullard,Texas Southern University,openalex,A5138377214,Robert Bullard,0.85,1.0,1.0,0.667,0.001,2,21,1,Texas Southern University,,pending,,,
395,Robert Bullard,Texas Southern University,openalex,A5141424326,Robert D. Bullard,0.6,1.0,0.0,1.0,0.002,2,64,1,,,pending,,,
395,Robert Bullard,Texas Southern University,openalex,A5070421364,Robert Lee Bullard,0.6,1.0,0.0,1.0,0.001,2,17,1,,,pending,,,
395,Robert Bullard,Texas Southern University,openalex,A5087536894,Robert C. Bullard,0.6,1.0,0.0,1.0,0.0,1,10,1,,,pending,,,
396,Bum Seok Chun,Texas Southern University,openalex,A5053118505,Bumseok Chun,0.986,1.0,1.0,0.907,0.774,33,1112,8,Texas Southern University,https://orcid.org/0000-0001-7096-4743,accepted,matcher,2026-09-14,
396,Bum Seok Chun,Texas Southern University,openalex,A5110485768,Dae-Young Jeong,0.431,0.495,0.0,0.72,0.229,22,329,9,Korea Research Institute of Chemical Technology,,pending,,,
396,Bum Seok Chun,Texas Southern University,openalex,A5100371911,Ju-Hee Lee,0.421,0.569,0.0,0.431,1.144,97,1643,20,,https://orcid.org/0000-0001-5354-2303,pending,,,
396,Bum Seok Chun,Texas Southern University,openalex,A5036364918,Jong-Chun Cheong,0.387,0.559,0.0,0.239,0.151,84,217,8,Rural Development Administration,,pending,,,
396,Bum Seok Chun,Texas Southern University,openalex,A5112442505,Seunguk Paik,0.334,0.52,0.0,0.0,0.277,21,398,10,,,pending,,,
397,Glenn Johnson,Texas Southern University,openalex,A5016861505,Glenn S. Johnson,0.965,1.0,1.0,0.767,0.34,34,1281,11,Texas Southern University,,accepted,matcher,2026-09-14,
397,Glenn Johnson,Texas Southern University,openalex,A5054606122,Glenn L. Johnson,0.81,1.0,0.5,0.735,0.248,100,934,19,,,pending,,,
397,Glenn Johnson,Texas Southern University,openalex,A5110509385,Glenn Johnson,0.7,1.0,0.0,1.0,0.214,30,807,14,State University of New York at Potsdam,,pending,,,
397,Glenn Johnson,Texas Southern University,openalex,A5103389886,Glenn P. Johnson,0.7,1.0,0.5,0.0,0.516,46,1943,23,Southern Regional Research Center,,pending,,,
397,Glenn Johnson,Texas Southern University,openalex,A5110257490,Glenn W. Johnson,0.682,1.0,0.0,0.882,0.297,46,1119,19,University of Utah,,pending,,,
398,Jeffrey Lowe,Texas Southern University,openalex,A5082131229,Jeffrey S. Lowe,1.0,1.0,1.0,1.0,0.536,21,248,10,Texas Southern University,https://orcid.org/0000-0002-7739-9190,accepted,matcher,2026-09-14,
398,Jeffrey Lowe,Texas Southern University,openalex,A5012386157,Jeffrey C. Lowe,0.6,1.0,0.0,1.0,0.006,2,3,1,,,pending,,,
398,Jeffrey Lowe,Texas Southern University,openalex,A5054940009,Jeffrey D. Lowe,0.6,1.0,0.0,1.0,0.004,2,2,1,,,pending,,,
398,Jeffrey Lowe,Texas Southern University,openalex,A5087194463,Jeffrey K. Lowe,0.588,1.0,0.0,0.25,0.425,6,197,6,University of Alberta,,pending,,,
398,Jeffrey Lowe,Texas Southern University,openalex,A5006985422,Jeffrey S. Lowe,0.55,1.0,0.0,0.0,1.026,44,475,9,General Motors (Poland),https://orcid.org/0000-0002-0816-9105,pending,,,
399,Sheri Smith,Texas Southern University,openalex,A5014405930,Sheri L. Smith,1.0,1.0,1.0,1.0,0.356,8,98,3,Texas Southern University,,accepted,matcher,2026-09-14,
399,Sheri Smith,Texas Southern University,openalex,A5108737758,Sheri Smith,0.65,1.0,0.0,0.667,0.345,7,95,3,Families USA,,pending,,,
399,Sheri Smith,Texas Southern University,openalex,A5059411835,Sheri Smith,0.612,1.0,0.0,0.411,0.411,71,113,4,Excelsior College,https://orcid.org/0009-0005-6586-5763,pending,,,
399,Sheri Smith,Texas Southern University,openalex,A5110791787,Sheri Smith,0.6,1.0,0.0,1.0,0.007,1,2,1,,,pending,,,
399,Sheri Smith,Texas Southern University,openalex,A5022695239,Sheri H. Smith,0.6,1.0,0.5,0.0,0.004,3,1,1,Texas A&M University,,pending,,,
400,Laura Solitare,Texas Southern University,openalex,A5001523500,Laura Solitare,1.0,1.0,1.0,1.0,0.66,18,417,9,Texas Southern University,,accepted,matcher,2026-09-14,
401,Darrick Hamilton,The New School,openalex,A5082323678,Darrick Hamilton,0.971,1.0,1.0,0.808,0.467,86,2448,23,,https://orcid.org/0000-0003-2080-0403,accepted,matcher,2026-09-14,
402,Joseph Heathcott,The New School,openalex,A5053611157,Joseph Heathcott,1.0,1.0,1.0,1.0,0.336,56,444,13,New School,https://orcid.org/0000-0002-8442-1667,accepted,matcher,2026-09-14,
405,Alex Schwartz,The New School,openalex,A5050198110,Alex Schwartz,1.0,1.0,1.0,1.0,0.498,100,1992,22,New School,https://orcid.org/0000-0003-0613-2736,accepted,matcher,2026-09-14,
405,Alex Schwartz,The New School,openalex,A5137377405,Alex Schwartz,0.9,1.0,1.0,1.0,0.0,2,0,0,New School,,pending,,,
405,Alex Schwartz,The New School,openalex,A5027336303,Alex Schwartz,0.7,1.0,0.0,1.0,0.159,64,635,14,Royal College of Physicians and Surgeons of Glasgow,https://orcid.org/0000-0002-9806-7726,pending,,,
405,Alex Schwartz,The New School,openalex,A5111364195,Alex Schwartz,0.642,1.0,0.0,0.615,0.142,16,570,10,Fort Hays State University,,pending,,,
405,Alex Schwartz,The New School,openalex,A5123621487,Alex Schwartz,0.6,1.0,0.0,1.0,0.0,1,0,0,,,pending,,,
406,Yemi Adediji,Toronto Metropolitan University,openalex,A5037820459,Yemi Adediji,0.957,1.0,1.0,0.714,0.514,6,18,2,Toronto Metropolitan University,https://orcid.org/0000-0003-2542-8938,accepted,matcher,2026-09-14,
406,Yemi Adediji,Toronto Metropolitan University,openalex,A5093333043,Musefiu Yemi Adediji,0.478,0.728,0.0,0.333,1.4,1,49,1,Federal University of Technology,,pending,,,
406,Yemi Adediji,Toronto Metropolitan University,openalex,A5119681078,Musefiu Yemi Adediji,0.378,0.728,0.0,0.0,0.057,1,2,1,Louisiana Tech University,,pending,,,
407,Samantha Biglieri,Toronto Metropolitan University,openalex,A5000903638,Samantha Biglieri,1.0,1.0,1.0,1.0,0.696,111,402,10,Institute for Urban and Regional Research,https://orcid.org/0000-0001-6106-5738,accepted,matcher,2026-09-14,
410,Nina-Marie Lister,Toronto Metropolitan University,openalex,A5074461437,Nina‐Marie Lister,0.984,1.0,1.0,0.895,0.17,26,249,7,Toronto Metropolitan University,https://orcid.org/0000-0002-7415-5772,accepted,matcher,2026-09-14,
410,Nina-Marie Lister,Toronto Metropolitan University,openalex,A5137494200,Nina-Marie Lister,0.9,1.0,1.0,1.0,0.0,2,0,0,Toronto Metropolitan University,,pending,,,
410,Nina-Marie Lister,Toronto Metropolitan University,openalex,A5144357637,Nina-Marie Lister,0.825,1.0,1.0,0.5,0.0,1,0,0,Toronto Metropolitan University,,pending,,,
410,Nina-Marie Lister,Toronto Metropolitan University,openalex,A5099313757,Nina-Marie E. Lister,0.502,0.95,0.0,0.5,0.0,1,0,0,New York University Press,,pending,,,
410,Nina-Marie Lister,Toronto Metropolitan University,openalex,A5099313755,Nina-Marie E. Lister,0.502,0.95,0.0,0.5,0.0,1,0,0,New York University Press,,pending,,,
412,Shelagh McCartney,Toronto Metropolitan University,openalex,A5007958586,Shelagh McCartney,1.0,1.0,1.0,1.0,0.609,33,213,7,Institute for Urban and Regional Research,https://orcid.org/0000-0002-4185-434X,accepted,matcher,2026-09-14,
413,Raktim Mitra,Toronto Metropolitan University,openalex,A5019437444,Raktim Mitra,0.981,1.0,1.0,0.87,0.73,120,4237,29,Toronto Public Health,https://orcid.org/0000-0001-6712-8568,accepted,matcher,2026-09-14,
413,Raktim Mitra,Toronto Metropolitan University,openalex,A5019451203,Raktim Mitra,0.528,1.0,0.0,0.189,0.059,29,345,9,University of Southern California,https://orcid.org/0000-0003-1182-3742,pending,,,
413,Raktim Mitra,Toronto Metropolitan University,openalex,A5067666132,Raktim Mitra,0.5,1.0,0.0,0.0,0.047,10,272,5,Indian Agricultural Research Institute,https://orcid.org/0000-0002-6186-8511,pending,,,
415,Pamela Robinson,Toronto Metropolitan University,openalex,A5040110065,Pamela Robinson,0.969,1.0,1.0,0.792,0.736,93,1609,20,Toronto Metropolitan University,https://orcid.org/0000-0002-7936-8988,accepted,matcher,2026-09-14,
415,Pamela Robinson,Toronto Metropolitan University,openalex,A5034764192,Pamela Robinson,0.675,1.0,0.5,0.5,0.02,2,43,2,St. Michael's Hospital,,pending,,,
415,Pamela Robinson,Toronto Metropolitan University,openalex,A5108453499,Pamela J. Robinson,0.675,1.0,0.5,0.167,0.098,4,215,3,Newcastle University,,pending,,,
415,Pamela Robinson,Toronto Metropolitan University,openalex,A5038281705,Pamela K. Robinson,0.647,1.0,0.0,0.65,0.192,17,420,9,University of Birmingham,,pending,,,
415,Pamela Robinson,Toronto Metropolitan University,openalex,A5009990491,Pamela Robinson,0.645,1.0,0.0,0.636,0.415,31,908,12,Australian National University,https://orcid.org/0000-0002-1663-5970,pending,,,
416,Matthias Sweet,Toronto Metropolitan University,openalex,A5068591529,Matthias Sweet,1.0,1.0,1.0,1.0,0.88,48,1076,16,Toronto Metropolitan University,https://orcid.org/0000-0002-3983-0699,accepted,matcher,2026-09-14,
417,Magdalena Ugarte,Toronto Metropolitan University,openalex,A5084904604,Magdalena Ugarte,1.0,1.0,1.0,1.0,1.071,7,91,4,,,accepted,matcher,2026-09-14,
417,Magdalena Ugarte,Toronto Metropolitan University,openalex,A5099055321,Magdalena Ugarte,0.9,1.0,1.0,1.0,0.0,1,0,0,Toronto Metropolitan University,,pending,,,
417,Magdalena Ugarte,Toronto Metropolitan University,openalex,A5049428719,Magdalena Ugarte Urzua,0.8,1.0,0.5,1.0,0.071,1,6,1,University of British Columbia,,pending,,,
417,Magdalena Ugarte,Toronto Metropolitan University,openalex,A5017390869,Magdalena Malachowska–Ugarte,0.6,1.0,0.0,0.333,0.976,6,83,3,Gdańsk University of Technology,,pending,,,
417,Magdalena Ugarte,Toronto Metropolitan University,openalex,A5064988568,Magdalena Ugarte Pérez,0.55,1.0,0.0,0.0,0.306,8,26,3,National Human Genome Research Institute,,pending,,,
419,Zhixi Zhuang,Toronto Metropolitan University,openalex,A5000871376,Zhixi Cecilia Zhuang,1.0,1.0,1.0,1.0,0.772,98,309,10,Toronto Public Health,https://orcid.org/0000-0001-8867-3493,accepted,matcher,2026-09-14,
419,Zhixi Zhuang,Toronto Metropolitan University,openalex,A5133618636,Zhixi Zhuang,0.9,1.0,1.0,1.0,0.0,2,0,0,Toronto Metropolitan University,,pending,,,
419,Zhixi Zhuang,Toronto Metropolitan University,openalex,A5137057296,Zhixi C. Zhuang,0.6,1.0,0.0,1.0,0.0,1,0,0,Metropolitan University,,pending,,,
420,Julian Agyeman,Tufts University,openalex,A5053377665,Julian Agyeman,0.977,1.0,1.0,0.844,0.508,153,14918,34,Tufts University,https://orcid.org/0000-0002-3209-5687,accepted,matcher,2026-09-14,
420,Julian Agyeman,Tufts University,openalex,A5124931964,Julian Agyeman,0.6,1.0,0.0,1.0,0.0,1,0,0,,,pending,,,
420,Julian Agyeman,Tufts University,openalex,A5130028407,Julian Agyeman,0.6,1.0,0.0,1.0,0.0,1,0,0,,,pending,,,
420,Julian Agyeman,Tufts University,openalex,A5134903024,Julian Agyeman,0.6,1.0,0.0,1.0,0.0,1,0,0,,,pending,,,
420,Julian Agyeman,Tufts University,openalex,A5104661794,Julian Agyeman,0.57,1.0,0.0,0.8,0.0,4,1,1,,,pending,,,
422,Peilei Fan,Tufts University,openalex,A5071379250,Peilei Fan,1.0,1.0,1.0,1.0,0.87,145,5672,42,Tufts University,https://orcid.org/0000-0003-4448-4281,accepted,matcher,2026-09-14,
422,Peilei Fan,Tufts University,openalex,A5089523909,Fan Peilei,0.385,0.633,0.0,0.667,0.0,1,0,0,,,pending,,,
423,Justin Hollander,Tufts University,openalex,A5043126618,Justin B. Hollander,1.0,1.0,1.0,1.0,0.601,187,3362,26,Tufts University,https://orcid.org/0000-0001-5148-7902,accepted,matcher,2026-09-14,
423,Justin Hollander,Tufts University,openalex,A5097915537,Justin Hollander,0.8,1.0,1.0,0.333,0.001,1,7,1,Tufts University,,pending,,,
424,Shan Jiang,Tufts University,openalex,A5111771495,Shan Jiang,0.981,1.0,1.0,0.875,0.525,30,1859,10,Wannan Medical College,https://orcid.org/0000-0003-4736-4680,accepted,matcher,2026-09-14,
424,Shan Jiang,Tufts University,openalex,A5035620882,Shan Jiang,0.7,1.0,0.0,1.0,0.737,169,2610,26,Northeast Forestry University,https://orcid.org/0000-0002-7278-1446,pending,,,
424,Shan Jiang,Tufts University,openalex,A5101801377,Shan Jiang,0.66,1.0,0.0,0.733,0.437,64,1550,22,China Institute of Water Resources and Hydropower Research,https://orcid.org/0000-0003-1709-3605,pending,,,
424,Shan Jiang,Tufts University,openalex,A5086952347,Shan Jiang,0.652,1.0,0.0,0.68,0.519,88,1839,19,Taishan University,https://orcid.org/0000-0003-1792-1503,pending,,,
424,Shan Jiang,Tufts University,openalex,A5073831840,Shan Jiang,0.65,1.0,0.5,0.0,2.177,153,7713,41,Iowa State University,https://orcid.org/0000-0001-8119-9012,pending,,,
425,Hassaan Furqan Khan,Tufts University,openalex,A5054538334,Hassaan Furqan Khan,0.871,1.0,1.0,0.474,1.551,30,425,10,Tufts University,https://orcid.org/0000-0001-9059-8779,accepted,matcher,2026-09-14,
425,Hassaan Furqan Khan,Tufts University,openalex,A5129007774,Hassaan Furqan Khan,0.85,1.0,1.0,0.667,0.0,1,0,0,Tufts University,,pending,,,
425,Hassaan Furqan Khan,Tufts University,openalex,A5136931229,Hassaan Furqan Khan,0.825,1.0,1.0,0.5,0.0,1,0,0,Tufts University,https://orcid.org/0000-0001-9059-8779,pending,,,
425,Hassaan Furqan Khan,Tufts University,openalex,A5136248803,Hassaan Furqan Khan,0.825,1.0,1.0,0.5,0.0,1,0,0,Tufts University,https://orcid.org/0000-0001-9059-8779,pending,,,
425,Hassaan Furqan Khan,Tufts University,openalex,A5073212668,HASSAAN FURQAN KHAN,0.525,1.0,0.0,0.5,0.004,1,1,1,Habib University,,pending,,,
426,Shomon Shamsuddin,Tufts University,openalex,A5006976714,Shomon Shamsuddin,1.0,1.0,1.0,1.0,0.667,33,660,13,,,accepted,matcher,2026-09-14,
427,Kristin Skrabut,Tufts University,openalex,A5057091472,Kristin Skrabut,1.0,1.0,1.0,1.0,1.185,13,64,4,Tufts University,https://orcid.org/0009-0000-3636-8999,accepted,matcher,2026-09-14,
427,Kristin Skrabut,Tufts University,openalex,A5098671885,Kristin Skrabut,0.6,1.0,0.0,1.0,0.0,1,0,0,,,pending,,,
427,Kristin Skrabut,Tufts University,openalex,A5098671867,Kristin Skrabut,0.525,1.0,0.0,0.5,0.0,1,0,0,,,pending,,,
430,Jesse Keenan,Tulane University,openalex,A5030324210,Jesse M. Keenan,1.0,1.0,1.0,1.0,0.63,77,1278,16,Tulane University,https://orcid.org/0000-0003-4058-1682,accepted,matcher,2026-09-14,
430,Jesse Keenan,Tulane University,openalex,A5121198287,Jesse M. Keenan,0.9,1.0,1.0,1.0,0.0,1,1,1,Tulane University,,pending,,,
430,Jesse Keenan,Tulane University,openalex,A5117462345,Jesse M. Keenan,0.8,1.0,1.0,0.333,0.0,1,0,0,Tulane University,,pending,,,
430,Jesse Keenan,Tulane University,openalex,A5130672339,Jesse M. Keenan,0.6,1.0,0.0,1.0,0.0,1,0,0,,,pending,,,
430,Jesse Keenan,Tulane University,openalex,A5109558779,Jesse M. Keenan,0.579,1.0,0.0,0.857,0.0,3,1,1,,,pending,,,
431,Yeonhwa Lee,Tulane University,openalex,A5017256963,Yeonhwa Lee,0.939,1.0,1.0,0.591,1.128,15,159,4,Tulane University,https://orcid.org/0000-0002-1649-3271,accepted,matcher,2026-09-14,
431,Yeonhwa Lee,Tulane University,openalex,A5129055161,Yeonhwa Lee,0.6,1.0,0.0,1.0,0.0,1,0,0,,,pending,,,
431,Yeonhwa Lee,Tulane University,openalex,A5050999422,yeonhwa Lee,0.55,1.0,0.0,0.667,0.0,1,0,0,,,pending,,,
431,Yeonhwa Lee,Tulane University,openalex,A5150496447,Yeonhwa Lee,0.55,1.0,0.0,0.667,0.0,1,0,0,,,pending,,,
431,Yeonhwa Lee,Tulane University,openalex,A5111199062,Yeonhwa Lee,0.45,1.0,0.0,0.0,0.028,1,4,1,Samsung (South Korea),,pending,,,
432,John Renne,Tulane University,openalex,A5004581820,John L. Renne,0.982,1.0,1.0,0.881,0.552,131,3091,27,Tulane University,https://orcid.org/0000-0002-1554-7557,accepted,matcher,2026-09-14,
432,John Renne,Tulane University,openalex,A5137722368,John Renne,0.9,1.0,1.0,1.0,0.0,1,0,0,Tulane University,https://orcid.org/0000-0002-1554-7557,pending,,,
433,Charisma Acey,UC Berkeley,openalex,A5091827076,Charisma Acey,0.939,1.0,1.0,0.593,0.73,29,955,11,,https://orcid.org/0000-0002-4074-2717,accepted,matcher,2026-09-14,
434,Sai Balakrishnan,UC Berkeley,openalex,A5007867132,Sai Balakrishnan,1.0,1.0,1.0,1.0,0.473,27,213,8,"University of California, Berkeley",https://orcid.org/0000-0002-2468-0018,accepted,matcher,2026-09-14,
434,Sai Balakrishnan,UC Berkeley,openalex,A5111085167,Sai Sanjeev Balakrishnan,0.75,1.0,1.0,0.0,0.0,3,0,0,"University of California, Berkeley",,pending,,,
434,Sai Balakrishnan,UC Berkeley,openalex,A5118185605,Sai Balakrishnan,0.6,1.0,0.0,1.0,0.002,1,1,1,,,pending,,,
434,Sai Balakrishnan,UC Berkeley,openalex,A5100563350,Sai Balakrishnan,0.6,1.0,0.0,1.0,0.0,2,0,0,,,pending,,,
434,Sai Balakrishnan,UC Berkeley,openalex,A5099665678,Sai Balakrishnan,0.6,1.0,0.0,1.0,0.0,1,0,0,,,pending,,,
436,Daniel Chatman,UC Berkeley,openalex,A5023437450,Daniel G. Chatman,1.0,1.0,1.0,1.0,0.576,71,2027,22,"University of California, Berkeley",https://orcid.org/0000-0001-5475-8544,accepted,matcher,2026-09-14,
437,Stephen Collier,UC Berkeley,openalex,A5110561934,Stephen J. Collier,1.0,1.0,1.0,1.0,0.445,89,5094,27,"University of California, Berkeley",,accepted,matcher,2026-09-14,
437,Stephen Collier,UC Berkeley,openalex,A5012042987,Stephen Collier Wallwork,0.6,1.0,0.0,1.0,0.001,2,14,1,,,pending,,,
437,Stephen Collier,UC Berkeley,openalex,A5055385610,Stephen N. Collier,0.6,1.0,0.0,1.0,0.0,3,0,0,Towson University,,pending,,,
437,Stephen Collier,UC Berkeley,openalex,A5047058953,Stephen Ward Collier,0.6,1.0,0.0,1.0,0.0,1,0,0,,,pending,,,
437,Stephen Collier,UC Berkeley,openalex,A5088355097,Dr Stephen Collier,0.535,0.856,0.0,1.0,0.0,2,1,1,University of New England,,pending,,,
438,Jason Corburn,UC Berkeley,openalex,A5062231279,Jason Corburn,1.0,1.0,1.0,1.0,0.668,99,6066,35,Berkeley Public Health Division,https://orcid.org/0000-0002-2160-348X,accepted,matcher,2026-09-14,
439,Karen Frick,UC Berkeley,openalex,A5068393300,Karen Trapenberg Frick,1.0,1.0,1.0,1.0,0.684,84,1063,14,,https://orcid.org/0000-0001-8104-7254,accepted,matcher,2026-09-14,
439,Karen Frick,UC Berkeley,openalex,A5067135719,Karen Frick,0.66,1.0,0.0,0.733,0.261,18,405,8,University of Copenhagen,https://orcid.org/0000-0002-5635-6693,pending,,,
439,Karen Frick,UC Berkeley,openalex,A5038500886,Karen Trappenburg Frick,0.55,1.0,0.0,0.667,0.001,1,2,1,,,pending,,,
440,Marta Gonzalez,UC Berkeley,openalex,A5111672074,Marta C. González,0.979,1.0,1.0,0.86,0.741,228,20460,57,Lawrence Berkeley National Laboratory,https://orcid.org/0000-0002-8482-0318,accepted,matcher,2026-09-14,
440,Marta Gonzalez,UC Berkeley,openalex,A5040564140,Marta González del Tánago,0.65,1.0,0.0,1.0,0.074,72,2043,23,Universidad Politécnica de Madrid,https://orcid.org/0000-0002-8113-7329,pending,,,
440,Marta Gonzalez,UC Berkeley,openalex,A5101720091,Marta González,0.6,1.0,0.0,1.0,0.012,27,338,6,Institut Cartogràfic i Geològic de Catalunya,https://orcid.org/0000-0002-8803-5894,pending,,,
440,Marta Gonzalez,UC Berkeley,openalex,A5031098425,Marta González‐Vicent,0.588,1.0,0.0,0.251,0.148,236,4089,32,Hospital Infantil Universitario Niño Jesús,https://orcid.org/0000-0002-4845-5616,pending,,,
440,Marta Gonzalez,UC Berkeley,openalex,A5040057841,Marta González‐Álvarez,0.566,1.0,0.0,0.108,0.14,191,3868,36,Universitat de Miguel Hernández d'Elx,https://orcid.org/0000-0002-8122-1504,pending,,,
441,Zoe Hamstead,UC Berkeley,openalex,A5010280554,Zoé A. Hamstead,1.0,1.0,1.0,1.0,0.752,29,3822,18,"University of California, Berkeley",https://orcid.org/0000-0003-4104-2373,accepted,matcher,2026-09-14,
442,Justin Hosbey,UC Berkeley,openalex,A5054351690,Justin Hosbey,0.977,1.0,1.0,0.846,0.956,15,473,9,"University of California, Santa Barbara",https://orcid.org/0000-0003-0947-4002,accepted,matcher,2026-09-14,
443,Zachary Lamb,UC Berkeley,openalex,A5017673186,Zachary Lamb,1.0,1.0,1.0,1.0,0.676,39,1303,8,United States Air Force Research Laboratory,https://orcid.org/0000-0001-6701-3728,accepted,matcher,2026-09-14,
443,Zachary Lamb,UC Berkeley,openalex,A5140911539,Zachary Lamb,0.9,1.0,1.0,1.0,0.0,1,0,0,"University of California, Berkeley",https://orcid.org/0000-0001-6701-3728,pending,,,
443,Zachary Lamb,UC Berkeley,openalex,A5114586776,Zachary B. Lamb,0.6,1.0,0.0,1.0,0.006,1,12,1,,,pending,,,
443,Zachary Lamb,UC Berkeley,openalex,A5135577384,Zachary Lamb,0.6,1.0,0.0,1.0,0.0,3,0,0,,,pending,,,
443,Zachary Lamb,UC Berkeley,openalex,A5011364545,Zachary S. Lamb,0.475,1.0,0.0,0.167,0.011,5,21,3,Lawrence Livermore National Laboratory,,pending,,,
445,Carolina Reid,UC Berkeley,openalex,A5082612952,Carolina Reid,0.977,1.0,1.0,0.849,0.563,110,1026,17,"University of California, Berkeley",https://orcid.org/0000-0002-1315-6413,accepted,matcher,2026-09-14,
445,Carolina Reid,UC Berkeley,openalex,A5130709418,Carolina Reid,0.9,1.0,1.0,1.0,0.001,3,1,1,"University of California, Berkeley",,pending,,,
445,Carolina Reid,UC Berkeley,openalex,A5148972706,"AFL-CIO. Civil Rights Department; University of North Carolina at Chapel Hill; University of North Carolina at Chapel Hill. Department of City and Regional Planning; Malizia, Emil; Crow, Robert E.; Fleming, William T.; Reid, Dianne; Stroup, Peter",0.384,0.519,0.0,1.0,0.0,1,0,0,,,pending,,,
447,Dominic Bednar,UC Irvine,openalex,A5006024741,Dominic J. Bednar,1.0,1.0,1.0,1.0,0.824,9,623,6,,https://orcid.org/0000-0002-1662-2643,accepted,matcher,2026-09-14,
447,Dominic Bednar,UC Irvine,openalex,A5107283363,Dominic Bednar,0.9,1.0,1.0,1.0,0.003,2,2,1,"University of California, Irvine",,pending,,,
447,Dominic Bednar,UC Irvine,openalex,A5042195076,J Bednar Dominic,0.376,0.613,0.0,0.667,0.0,1,0,0,,,pending,,,
448,Ajay Garde,UC Irvine,openalex,A5016750586,Ajay Garde,0.973,1.0,1.0,0.818,0.572,25,485,12,"University of California, Irvine",https://orcid.org/0000-0001-5558-059X,accepted,matcher,2026-09-14,
449,Jessica Garrison,UC Irvine,openalex,A5075993456,Jessica Debats Garrison,1.0,1.0,1.0,1.0,0.307,7,137,5,"University of California, Irvine",https://orcid.org/0000-0001-9601-4375,accepted,matcher,2026-09-14,
449,Jessica Garrison,UC Irvine,openalex,A5030320142,Jessica Garrison,0.607,1.0,0.0,0.714,0.054,12,24,4,University of Pittsburgh,,pending,,,
449,Jessica Garrison,UC Irvine,openalex,A5143044845,Jessica Garrison,0.5,1.0,0.0,0.333,0.022,1,10,1,,,pending,,,
449,Jessica Garrison,UC Irvine,openalex,A5052486871,Jessica A. Garrison,0.45,1.0,0.0,0.0,0.0,1,0,0,Western Kentucky University,,pending,,,
450,Douglas Houston,UC Irvine,openalex,A5002295904,Douglas Houston,1.0,1.0,1.0,1.0,0.679,109,2206,26,University of California System,https://orcid.org/0000-0002-3901-6072,accepted,matcher,2026-09-14,
450,Douglas Houston,UC Irvine,openalex,A5099597104,Douglas Houston,0.9,1.0,1.0,1.0,0.0,4,0,0,"University of California, Irvine",,pending,,,
450,Douglas Houston,UC Irvine,openalex,A5042255623,Douglas B. Houston,0.689,1.0,0.0,0.925,0.572,41,1859,16,Mount St. Mary's University,,pending,,,
450,Douglas Houston,UC Irvine,openalex,A5102719259,Douglas W. Houston,0.66,1.0,0.0,0.732,1.257,99,4084,27,University of Iowa,https://orcid.org/0000-0002-7438-4655,pending,,,
450,Douglas Houston,UC Irvine,openalex,A5014998620,Douglas A. Houston,0.584,1.0,0.0,0.562,0.062,19,201,5,,,pending,,,
452,Jae Hong Kim,UC Irvine,openalex,A5023008694,Jae Hong Kim,1.0,1.0,1.0,1.0,1.033,80,1309,18,"University of California, Irvine",https://orcid.org/0000-0001-9365-4326,accepted,matcher,2026-09-14,
452,Jae Hong Kim,UC Irvine,openalex,A5100374308,Jae Hong Kim,0.751,1.0,0.5,0.67,2.204,130,2792,32,Korea Advanced Institute of Science and Technology,https://orcid.org/0000-0002-6253-6877,pending,,,
452,Jae Hong Kim,UC Irvine,openalex,A5100374317,Jae‐Hong Kim,0.731,1.0,0.5,0.874,29.576,845,37473,92,Yale University,https://orcid.org/0000-0003-2224-3516,rejected,audit_matches,2026-09-16,"rejected 2026-09-16: OpenAlex 37,473 citations against 1,441 from google_scholar (26.0x); probable namesake"
452,Jae Hong Kim,UC Irvine,openalex,A5012154590,Jae‐Hong Kim,0.7,1.0,0.5,0.0,0.836,139,1059,17,Catholic University of Pusan,https://orcid.org/0000-0002-2679-8802,pending,,,
452,Jae Hong Kim,UC Irvine,openalex,A5103796786,Jae Hong Kim,0.661,1.0,0.0,0.737,0.156,23,198,8,Yeungnam University,,pending,,,
454,Mukul Kumar,UC Irvine,openalex,A5046183995,Mukul Kumar,0.983,1.0,1.0,0.889,0.54,12,107,6,Society for Nutrition Education and Health Action,https://orcid.org/0000-0001-8905-8927,accepted,matcher,2026-09-14,
454,Mukul Kumar,UC Irvine,openalex,A5040435360,Mukul Kumar,0.7,1.0,0.0,1.0,0.48,6,95,3,,,pending,,,
454,Mukul Kumar,UC Irvine,openalex,A5043655699,Mukul Kumar Sahu,0.685,1.0,0.0,0.9,0.652,10,129,3,National Institute of Technology Karnataka,https://orcid.org/0000-0002-4705-7552,pending,,,
454,Mukul Kumar,UC Irvine,openalex,A5040859762,Mukul Kumar Mangla,0.681,1.0,0.0,0.875,1.212,4,240,4,,,pending,,,
454,Mukul Kumar,UC Irvine,openalex,A5081691477,Mukul Kumar,0.657,1.0,0.0,0.714,0.212,10,42,2,,https://orcid.org/0000-0003-4058-7187,pending,,,
456,Nicholas Marantz,UC Irvine,openalex,A5067895618,Nicholas J. Marantz,1.0,1.0,1.0,1.0,0.561,40,225,8,"University of California, Irvine",https://orcid.org/0000-0003-2565-6885,accepted,matcher,2026-09-14,
456,Nicholas Marantz,UC Irvine,openalex,A5138551752,Nicholas Marantz,0.9,1.0,1.0,1.0,0.0,1,0,0,"University of California, Irvine",,pending,,,
459,Walter Nicholls,UC Irvine,openalex,A5068769820,Walter J. Nicholls,1.0,1.0,1.0,1.0,0.563,120,3091,31,University of California System,https://orcid.org/0000-0003-4589-5082,accepted,matcher,2026-09-14,
459,Walter Nicholls,UC Irvine,openalex,A5123965701,Walter J Nicholls,0.9,1.0,1.0,1.0,0.0,1,2,1,"University of California, Irvine",,pending,,,
459,Walter Nicholls,UC Irvine,openalex,A5150738194,Walter Nicholls,0.9,1.0,1.0,1.0,0.0,1,0,0,"University of California, Irvine",,pending,,,
459,Walter Nicholls,UC Irvine,openalex,A5042965793,Walter J. Nicholls,0.6,1.0,0.0,1.0,0.0,5,0,0,,,pending,,,
459,Walter Nicholls,UC Irvine,openalex,A5137546181,Walter J. Nicholls,0.6,1.0,0.0,1.0,0.0,2,0,0,University of California System,,pending,,,
460,Virginia Parks,UC Irvine,openalex,A5044336064,Virginia Parks,1.0,1.0,1.0,1.0,0.5,32,1148,14,UC Irvine Health,https://orcid.org/0000-0002-7595-9596,accepted,matcher,2026-09-14,
460,Virginia Parks,UC Irvine,openalex,A5049363808,Virginia L. Parks,0.59,1.0,0.0,0.6,0.03,7,69,4,The University of Texas MD Anderson Cancer Center,,pending,,,
460,Virginia Parks,UC Irvine,openalex,A5042914852,Virginia Parks,0.58,1.0,0.0,0.2,0.221,33,506,13,Takeda (United States),,pending,,,
460,Virginia Parks,UC Irvine,openalex,A5085510398,Virginia Carol Parks,0.55,1.0,0.0,0.667,0.0,1,0,0,,,pending,,,
460,Virginia Parks,UC Irvine,openalex,A5135293434,Virginia Parks,0.5,1.0,0.0,0.333,0.0,1,0,0,,,pending,,,
461,Seth Pipkin,UC Irvine,openalex,A5091570819,Seth Pipkin,1.0,1.0,1.0,1.0,0.733,21,297,6,"University of California, Berkeley",https://orcid.org/0000-0002-9482-008X,accepted,matcher,2026-09-14,
462,Maria Rendon,UC Irvine,openalex,A5029971956,María G. Rendón,1.0,1.0,1.0,1.0,0.665,19,312,9,"University of California, Irvine",https://orcid.org/0000-0001-9334-9508,accepted,matcher,2026-09-14,
462,Maria Rendon,UC Irvine,openalex,A5015276004,María Isabel Rendón,0.7,1.0,0.0,1.0,0.33,22,155,4,,https://orcid.org/0000-0002-4780-8934,pending,,,
462,Maria Rendon,UC Irvine,openalex,A5111871619,María Del Carmen Rendón,0.625,1.0,0.0,0.5,0.194,3,91,2,,,pending,,,
462,Maria Rendon,UC Irvine,openalex,A5031454374,María Alexandra Rendón Uribe,0.611,1.0,0.0,0.737,0.055,25,26,4,,,pending,,,
462,Maria Rendon,UC Irvine,openalex,A5019305589,Maria Rendón Abad,0.6,1.0,0.0,1.0,0.019,2,9,1,Universitat de València,,pending,,,
463,Alejandra Reyes,UC Irvine,openalex,A5068076596,Alejandra Reyes,0.93,1.0,1.0,0.865,2.371,74,460,12,Centro de Investigación Biomédica en Red de Enfermedades Hepáticas y Digestivas,https://orcid.org/0000-0001-9845-5000,accepted,matcher,2026-09-14,
463,Alejandra Reyes,UC Irvine,openalex,A5041154592,Alejandra Reyes-Márquez,0.681,1.0,0.0,0.875,0.113,5,22,3,"Secretaría de Ciencia, Humanidades, Tecnología e Innovación",https://orcid.org/0000-0001-9378-4892,pending,,,
463,Alejandra Reyes,UC Irvine,openalex,A5116008785,Alejandra Reyes-Palacios,0.65,1.0,0.0,1.0,0.031,1,6,1,Universidad Nacional de Colombia,https://orcid.org/0000-0002-0540-080X,pending,,,
463,Alejandra Reyes,UC Irvine,openalex,A5029286473,María Alejandra Jaimes-Reyes,0.623,0.734,0.5,0.286,0.381,9,74,4,MedStar Washington Hospital Center,https://orcid.org/0000-0002-1186-4010,pending,,,
463,Alejandra Reyes,UC Irvine,openalex,A5049613439,Alejandra Reyes J.,0.58,1.0,0.0,0.2,0.165,3,32,3,Sociedad de Biología de Chile,,pending,,,
464,Nicola Ulibarri,UC Irvine,openalex,A5042344499,Nícola Ulibarrí,0.965,1.0,1.0,0.77,0.761,104,2743,27,Public Policy Institute of California,https://orcid.org/0000-0001-6238-9056,accepted,matcher,2026-09-14,
465,Abigail Andrews,UC San Diego,openalex,A5081313168,Abigail Andrews,1.0,1.0,1.0,1.0,0.718,40,414,12,University of California San Diego,https://orcid.org/0000-0001-5946-2187,accepted,matcher,2026-09-14,
465,Abigail Andrews,UC San Diego,openalex,A5087827096,Abigail Andrews,0.7,1.0,0.0,1.0,0.139,10,80,3,"Rutgers, The State University of New Jersey",https://orcid.org/0000-0003-2826-0245,pending,,,
465,Abigail Andrews,UC San Diego,openalex,A5119233176,Abigail Andrews,0.6,1.0,0.0,1.0,0.002,1,1,1,,,pending,,,
465,Abigail Andrews,UC San Diego,openalex,A5129586164,Abigail Andrews,0.6,1.0,0.0,1.0,0.0,1,0,0,,,pending,,,
465,Abigail Andrews,UC San Diego,openalex,A5104739733,Abigail Leslie Andrews,0.6,1.0,0.0,1.0,0.0,2,0,0,,,pending,,,
466,John Arroyo,UC San Diego,openalex,A5054671512,John Arroyo,0.9,1.0,1.0,0.333,0.731,12,114,3,,,accepted,matcher,2026-09-14,
466,John Arroyo,UC San Diego,openalex,A5085840368,John C. Arroyo,0.65,1.0,0.0,1.0,0.083,3,13,2,,,pending,,,
466,John Arroyo,UC San Diego,openalex,A5133164460,John Michael Arroyo,0.6,1.0,0.0,1.0,0.0,3,0,0,,,pending,,,
466,John Arroyo,UC San Diego,openalex,A5142135899,John Adrián Peralta Arroyo,0.6,1.0,0.0,1.0,0.0,1,0,0,,,pending,,,
466,John Arroyo,UC San Diego,openalex,A5110100467,John Harrinson González Arroyo,0.59,1.0,0.0,0.6,0.064,3,10,2,,https://orcid.org/0009-0003-5387-7105,pending,,,
468,Caroline Collins,UC San Diego,openalex,A5109502482,Caroline L. Collins,0.814,1.0,1.0,0.429,14.1,10,141,4,University of California San Diego,,accepted,matcher,2026-09-14,
468,Caroline Collins,UC San Diego,openalex,A5112402998,Caroline Collins,0.7,1.0,0.0,1.0,0.5,2,5,1,Connecticut College,,pending,,,
468,Caroline Collins,UC San Diego,openalex,A5052646216,Caroline J Collins,0.7,1.0,0.0,1.0,0.1,1,1,1,Emory University,,pending,,,
468,Caroline Collins,UC San Diego,openalex,A5041832938,Caroline Collins,0.675,1.0,0.0,0.833,1.5,5,15,2,,,pending,,,
468,Caroline Collins,UC San Diego,openalex,A5028516678,Caroline Collins-Pisano,0.6,1.0,0.0,1.0,10.6,23,106,7,University of Colorado Colorado Springs,https://orcid.org/0000-0002-5377-0311,pending,,,
471,Nancy Kwak,UC San Diego,openalex,A5045554982,Nancy H. Kwak,1.0,1.0,1.0,1.0,0.712,41,193,6,,https://orcid.org/0000-0001-6429-195X,accepted,matcher,2026-09-14,
472,Amy Lerner,UC San Diego,openalex,A5013784517,Amy M. Lerner,0.944,1.0,1.0,0.629,0.724,45,1840,22,University of California San Diego,https://orcid.org/0000-0001-7033-248X,accepted,matcher,2026-09-14,
472,Amy Lerner,UC San Diego,openalex,A5003775746,Amy B. Lerner,0.6,1.0,0.0,1.0,0.019,2,49,2,NYU Langone Health,,pending,,,
472,Amy Lerner,UC San Diego,openalex,A5034539430,Amy S. Lerner,0.6,1.0,0.0,1.0,0.0,1,0,0,,,pending,,,
472,Amy Lerner,UC San Diego,openalex,A5080445990,Amy L. Lerner,0.55,1.0,0.0,0.0,0.707,60,1795,24,University of Rochester,https://orcid.org/0000-0001-5151-8289,pending,,,
473,Isaac Martin,UC San Diego,openalex,A5084146449,Isaac William Martin,1.0,1.0,1.0,1.0,0.559,99,1571,21,University of California San Diego,https://orcid.org/0000-0002-7470-636X,accepted,matcher,2026-09-14,
473,Isaac Martin,UC San Diego,openalex,A5057107523,Isaac Martín Delgado,0.6,1.0,0.0,1.0,0.026,98,72,4,,https://orcid.org/0000-0003-3515-1725,pending,,,
473,Isaac Martin,UC San Diego,openalex,A5048876438,Isaac Martín Lupiáñez,0.6,1.0,0.0,1.0,0.001,5,2,1,Universidad Loyola Andalucía,,pending,,,
473,Isaac Martin,UC San Diego,openalex,A5112549586,Isaac Martín,0.593,1.0,0.0,0.95,0.0,15,1,1,,,pending,,,
473,Isaac Martin,UC San Diego,openalex,A5021324994,Isaac Martin,0.572,1.0,0.0,0.81,0.019,11,53,4,University of Alabama at Birmingham,https://orcid.org/0000-0002-4828-0369,pending,,,
474,Kelema Moses,UC San Diego,openalex,A5022535388,Kelema Lee Moses,0.975,1.0,1.0,0.833,0.158,12,3,1,,https://orcid.org/0000-0002-1695-7726,accepted,matcher,2026-09-14,
475,Mai Nguyen,UC San Diego,openalex,A5101845660,Mai Thanh Thi Nguyen,0.85,1.0,1.0,0.0,0.777,230,3046,31,Vietnam National University Ho Chi Minh City,https://orcid.org/0000-0001-8006-4028,accepted,matcher,2026-09-14,
475,Mai Nguyen,UC San Diego,openalex,A5068845476,Mai Nguyen,0.646,1.0,0.0,0.64,0.192,39,752,9,University of Alabama at Birmingham,https://orcid.org/0000-0001-5349-7880,pending,,,
475,Mai Nguyen,UC San Diego,openalex,A5101540004,Mai Nguyen,0.638,1.0,0.0,0.588,0.126,25,494,10,The University of Sydney,https://orcid.org/0000-0002-3166-6898,pending,,,
475,Mai Nguyen,UC San Diego,openalex,A5013934459,Mai Nguyen,0.626,1.0,0.0,0.504,1.015,150,3979,32,Griffith University,https://orcid.org/0000-0002-4889-589X,pending,,,
475,Mai Nguyen,UC San Diego,openalex,A5064607844,Phuong‐Mai Nguyen,0.621,0.825,0.0,1.0,0.385,43,1509,14,Laboratoire National de Métrologie et d'Essais,https://orcid.org/0000-0002-6910-8218,pending,,,
476,Keith Pezzoli,UC San Diego,openalex,A5074296381,Keith Pezzoli,0.972,1.0,1.0,0.812,0.455,42,670,12,University of California San Diego,https://orcid.org/0000-0003-2137-0345,accepted,matcher,2026-09-14,
477,Mirle Rabinowitz Bussell,UC San Diego,openalex,A5043457683,Mirle Rabinowitz Bussell,1.0,1.0,1.0,1.0,0.436,11,48,4,University of California System,,accepted,matcher,2026-09-14,
477,Mirle Rabinowitz Bussell,UC San Diego,openalex,A5020596949,Mirle Dora Rabinowitz Bussell,0.95,1.0,1.0,1.0,0.045,1,5,1,University of California San Diego,,pending,,,
477,Mirle Rabinowitz Bussell,UC San Diego,openalex,A5106437224,Mirle Rabinowitz-Bussell,0.9,1.0,1.0,1.0,0.0,1,0,0,University of San Diego,https://orcid.org/0000-0002-1673-1487,pending,,,
477,Mirle Rabinowitz Bussell,UC San Diego,openalex,A5147135860,Mirle Rabinowitz-Bussell,0.9,1.0,1.0,1.0,0.0,1,0,0,University of California San Diego,,pending,,,
477,Mirle Rabinowitz Bussell,UC San Diego,openalex,A5011714383,Mirle Rabinowitz-Bussell,0.55,1.0,0.0,0.667,0.0,1,0,0,,,pending,,,
478,Nora Schwaller,UC San Diego,openalex,A5056126180,Nora Louise Schwaller,0.984,1.0,1.0,0.893,1.0,20,69,4,Jiangsu Provincial Urban Planning and Design Institute,https://orcid.org/0000-0002-2244-5735,accepted,matcher,2026-09-14,
480,Behram Wali,UC San Diego,openalex,A5088378121,Behram Wali,0.94,1.0,1.0,0.602,0.814,75,1820,26,University of California San Diego,https://orcid.org/0000-0001-9969-7503,accepted,matcher,2026-09-14,
482,Amada Armenta,UCLA,openalex,A5037282093,Amada Armenta,1.0,1.0,1.0,1.0,0.713,35,1260,13,"University of California, Los Angeles",https://orcid.org/0000-0001-9878-0954,accepted,matcher,2026-09-14,
482,Amada Armenta,UCLA,openalex,A5106267747,Amada Armenta,0.9,1.0,1.0,1.0,0.005,4,9,2,"University of California, Los Angeles",,pending,,,
482,Amada Armenta,UCLA,openalex,A5116334747,Amada Armenta,0.87,1.0,1.0,0.8,0.002,2,3,1,"University of California, Los Angeles",https://orcid.org/0000-0003-2301-7350,pending,,,
482,Amada Armenta,UCLA,openalex,A5103300807,Amada Armenta,0.6,1.0,0.0,1.0,0.0,2,0,0,,,pending,,,
482,Amada Armenta,UCLA,openalex,A5117654100,Amada Armenta,0.6,1.0,0.0,1.0,0.0,1,0,0,,,pending,,,
484,Dana Cuff,UCLA,openalex,A5006211309,Dana Cuff,1.0,1.0,1.0,1.0,0.464,62,1690,14,Southern California Institute of Architecture,https://orcid.org/0000-0003-2587-0523,accepted,matcher,2026-09-14,
484,Dana Cuff,UCLA,openalex,A5116209242,Dana Cuff,0.6,1.0,0.0,1.0,0.0,1,1,1,,,pending,,,
484,Dana Cuff,UCLA,openalex,A5147218342,Dana Cuff,0.54,1.0,0.0,0.6,0.0,2,0,0,,,pending,,,
485,Kian Goh,UCLA,openalex,A5015134244,Kian Goh,1.0,1.0,1.0,1.0,0.704,41,1812,12,"University of California, Los Angeles",https://orcid.org/0000-0003-1830-2392,accepted,matcher,2026-09-14,
485,Kian Goh,UCLA,openalex,A5010954982,Kian Mau Goh,0.595,1.0,0.0,0.298,0.903,125,2324,27,University of Technology Malaysia,,pending,,,
485,Kian Goh,UCLA,openalex,A5053044500,Kian Peng Goh,0.55,1.0,0.0,0.0,0.162,4,417,4,Khoo Teck Puat Hospital,,pending,,,
485,Kian Goh,UCLA,openalex,A5076950070,Kian-Peng Goh,0.533,1.0,0.0,0.222,0.049,9,127,3,,,pending,,,
485,Kian Goh,UCLA,openalex,A5144916016,Lee Kian Goh,0.503,0.785,0.0,1.0,0.0,1,0,0,,,pending,,,
486,Susanna Hecht,UCLA,openalex,A5039374607,Susanna B. Hecht,1.0,1.0,1.0,1.0,0.6,190,7534,35,"University of California, Los Angeles",https://orcid.org/0000-0002-4345-792X,accepted,matcher,2026-09-14,
486,Susanna Hecht,UCLA,openalex,A5119612168,Susanna Hecht,0.6,1.0,0.0,1.0,0.0,4,0,0,,,pending,,,
486,Susanna Hecht,UCLA,openalex,A5149339857,Susanna B.. - 19..-.... Hecht,0.6,1.0,0.0,1.0,0.0,2,0,0,,,pending,,,
486,Susanna Hecht,UCLA,openalex,A5130621531,Susanna Hecht,0.525,1.0,0.0,0.5,0.0,1,1,1,,,pending,,,
486,Susanna Hecht,UCLA,openalex,A5132822314,Susanna Hecht,0.525,1.0,0.0,0.5,0.0,1,0,0,,,pending,,,
487,Veronica Herrera,UCLA,openalex,A5019884284,Veronica Herrera,1.0,1.0,1.0,1.0,0.891,39,774,11,,https://orcid.org/0000-0003-4935-1226,accepted,matcher,2026-09-14,
487,Veronica Herrera,UCLA,openalex,A5027683188,Veronica M. Herrera,0.654,1.0,0.0,0.694,1.199,27,1042,10,United States Department of Justice,https://orcid.org/0000-0002-2393-9024,pending,,,
487,Veronica Herrera,UCLA,openalex,A5002373523,Verónica Alcalá‐Herrera,0.593,1.0,0.0,0.286,0.237,9,206,6,Universidad Nacional Autónoma de México,,pending,,,
487,Veronica Herrera,UCLA,openalex,A5036243284,Verónica Herrera Gómez,0.583,1.0,0.0,0.889,0.015,9,13,2,Politecnico di Milano,https://orcid.org/0000-0002-5026-7761,pending,,,
487,Veronica Herrera,UCLA,openalex,A5088815074,Verónica Herrera,0.55,1.0,0.0,0.0,1.109,29,964,18,Johnson & Johnson (United States),https://orcid.org/0000-0002-4299-802X,pending,,,
488,Minjee Kim,UCLA,openalex,A5078630282,Minjee Kim,1.0,1.0,1.0,1.0,0.277,16,61,4,,https://orcid.org/0000-0001-7087-5847,accepted,matcher,2026-09-14,
488,Minjee Kim,UCLA,openalex,A5010494278,Minjee. Kim,0.6,1.0,0.0,1.0,0.0,1,0,0,,,pending,,,
488,Minjee Kim,UCLA,openalex,A5101649675,Minjee Kim,0.575,1.0,0.0,0.167,0.195,14,43,3,Konkuk University,https://orcid.org/0000-0002-5508-9298,pending,,,
488,Minjee Kim,UCLA,openalex,A5107994274,Minjee Kim,0.569,1.0,0.0,0.125,1.086,28,239,7,Ulsan College,https://orcid.org/0000-0002-0035-4437,pending,,,
488,Minjee Kim,UCLA,openalex,A5101649672,Minjee Kim,0.569,1.0,0.0,0.125,0.473,9,104,4,,https://orcid.org/0000-0001-7007-7407,pending,,,
489,Liz Koslov,UCLA,openalex,A5006936366,Liz Koslov,0.992,1.0,1.0,0.946,0.725,25,534,9,"University of California, Los Angeles",https://orcid.org/0000-0002-0076-791X,accepted,matcher,2026-09-14,
490,Michael Lens,UCLA,openalex,A5030486202,Michael Lens,1.0,1.0,1.0,1.0,0.598,66,950,17,"University of California, Los Angeles",https://orcid.org/0000-0002-4693-3370,accepted,matcher,2026-09-14,
490,Michael Lens,UCLA,openalex,A5114410060,Michael C. Lens,0.6,1.0,0.0,1.0,0.0,1,0,0,,,pending,,,
491,Anastasia Loukaitou-Sideris,UCLA,openalex,A5000363134,Anastasia Loukaitou‐Sideris,0.966,1.0,1.0,0.775,0.518,236,6773,42,"University of California, Los Angeles",https://orcid.org/0000-0003-0186-4751,accepted,matcher,2026-09-14,
491,Anastasia Loukaitou-Sideris,UCLA,openalex,A5113999036,Anastasia Loukaitou-Sideris,0.6,1.0,0.0,1.0,0.0,1,0,0,,,pending,,,
491,Anastasia Loukaitou-Sideris,UCLA,openalex,A5099588349,Anastasia Loukaitou-Sideris,0.6,1.0,0.0,1.0,0.0,1,0,0,,,pending,,,
492,Jose Loya,UCLA,openalex,A5050977552,José Loya,0.992,1.0,1.0,0.947,1.018,14,115,6,UCLA Health,https://orcid.org/0000-0003-0602-3556,accepted,matcher,2026-09-14,
492,Jose Loya,UCLA,openalex,A5038679882,José López Loya,0.672,1.0,0.0,0.812,0.487,18,55,4,Autonomous University of Chihuahua,https://orcid.org/0000-0003-0001-5766,pending,,,
492,Jose Loya,UCLA,openalex,A5109432809,José José López Loya,0.65,1.0,0.0,0.667,0.115,1,13,1,Fundación Universitaria San Pablo CEU,,pending,,,
492,Jose Loya,UCLA,openalex,A5054199332,José Lopez Loya,0.65,1.0,0.0,1.0,0.062,5,7,1,Autonomous University of Chihuahua,,pending,,,
492,Jose Loya,UCLA,openalex,A5120127252,José G. Loya-Ramírez,0.6,1.0,0.0,1.0,0.0,1,0,0,,,pending,,,
493,Michael Manville,UCLA,openalex,A5044046175,Michael Manville,0.966,1.0,1.0,0.775,0.493,114,1978,23,"University of California, Los Angeles",https://orcid.org/0000-0002-4218-6427,accepted,matcher,2026-09-14,
493,Michael Manville,UCLA,openalex,A5126423989,Michael Manville Ellen Schwartz,0.55,1.0,0.0,0.667,0.0,1,0,0,,,pending,,,
493,Michael Manville,UCLA,openalex,A5017149405,GRETA MANVILLE AND MICHAEL J. MEYER,0.318,0.596,0.0,0.333,0.0,1,1,1,,,pending,,,
494,Adam Millard-Ball,UCLA,openalex,A5023046795,Adam Millard‐Ball,0.973,1.0,1.0,0.821,0.507,123,3490,28,UCLA Health,https://orcid.org/0000-0002-2353-8730,accepted,matcher,2026-09-14,
494,Adam Millard-Ball,UCLA,openalex,A5121320756,Adam Millard-Ball,0.85,1.0,1.0,0.667,0.0,1,0,0,"University of California, Los Angeles",,pending,,,
494,Adam Millard-Ball,UCLA,openalex,A5122535174,Adam Millard-Ball Amy Lee,0.55,1.0,0.0,0.667,0.0,1,0,0,,,pending,,,
495,Paavo Monkkonen,UCLA,openalex,A5042161094,Paavo Monkkonen,1.0,1.0,1.0,1.0,0.603,130,2074,25,"University of California, Los Angeles",https://orcid.org/0000-0002-3513-0230,accepted,matcher,2026-09-14,
495,Paavo Monkkonen,UCLA,openalex,A5117356262,Paavo Monkkonen,0.6,1.0,0.0,1.0,0.0,1,0,0,,,pending,,,
495,Paavo Monkkonen,UCLA,openalex,A5139969733,Paavo Monkkonen,0.525,1.0,0.0,0.5,0.0,1,0,0,,,pending,,,
496,Vinit Mukhija,UCLA,openalex,A5030817696,Vinit Mukhija,1.0,1.0,1.0,1.0,0.448,54,1169,20,"University of California, Los Angeles",,accepted,matcher,2026-09-14,
498,Ananya Roy,UCLA,openalex,A5101929900,Ananya Roy,1.0,1.0,1.0,1.0,0.57,130,12845,35,,https://orcid.org/0000-0003-4967-9117,accepted,matcher,2026-09-14,
498,Ananya Roy,UCLA,openalex,A5034406137,Ananya Roy,0.653,1.0,0.0,0.69,0.791,115,17816,24,Jatiya Kabi Kazi Nazrul Islam University,https://orcid.org/0000-0002-0706-3237,pending,,,
498,Ananya Roy,UCLA,openalex,A5059697021,Ananya Roy,0.6,1.0,0.0,1.0,0.002,3,44,2,,,pending,,,
498,Ananya Roy,UCLA,openalex,A5142038674,Ananya Roy,0.6,1.0,0.0,1.0,0.001,1,29,1,,,pending,,,
498,Ananya Roy,UCLA,openalex,A5005898626,Ananya Roy Pratihar,0.6,1.0,0.0,1.0,0.001,17,32,2,"Institute of Physics, Bhubaneshwar",https://orcid.org/0000-0002-9603-0444,pending,,,
502,Veronica Terriquez,UCLA,openalex,A5058660520,Veronica Terriquez,1.0,1.0,1.0,1.0,0.549,49,1707,21,,,accepted,matcher,2026-09-14,
502,Veronica Terriquez,UCLA,openalex,A5140737246,Veronica Terriquez,0.6,1.0,0.0,1.0,0.0,1,0,0,,,pending,,,
502,Veronica Terriquez,UCLA,openalex,A5132730579,Veronica Terriquez,0.525,1.0,0.0,0.5,0.0,1,0,0,,,pending,,,
502,Veronica Terriquez,UCLA,openalex,A5124050579,Veronica Terriquez,0.5,1.0,0.0,0.333,0.0,1,1,1,,,pending,,,
503,Chris Tilly,UCLA,openalex,A5044543993,Chris Tilly,1.0,1.0,1.0,1.0,0.49,212,4602,29,University of Massachusetts Lowell,https://orcid.org/0000-0003-0332-1849,accepted,matcher,2026-09-14,
504,V. Kelly Turner,UCLA,openalex,A5051244342,V. Kelly Turner,1.0,1.0,1.0,1.0,0.166,38,933,17,"University of California, Los Angeles",https://orcid.org/0000-0003-1383-5624,accepted,matcher,2026-09-14,
504,V. Kelly Turner,UCLA,openalex,A5142958627,V. Kelly Turner,0.84,1.0,1.0,0.6,0.0,3,0,0,"University of California, Los Angeles",,pending,,,
506,Todd BenDor,UNC,openalex,A5075426884,Todd K. BenDor,1.0,1.0,1.0,1.0,0.75,146,4046,36,University of North Carolina at Chapel Hill,https://orcid.org/0000-0003-0132-7702,accepted,matcher,2026-09-14,
510,Miyuki Hino,UNC,openalex,A5024677029,Miyuki Hino,0.962,1.0,1.0,0.744,0.825,74,2016,16,University of North Carolina at Chapel Hill,https://orcid.org/0000-0001-9369-5769,accepted,matcher,2026-09-14,
511,Nikhil Kaza,UNC,openalex,A5007318256,Nikhil Kaza,1.0,1.0,1.0,1.0,0.797,85,2037,24,University of North Carolina at Chapel Hill,https://orcid.org/0000-0002-9536-7643,accepted,matcher,2026-09-14,
512,Noreen McDonald,UNC,openalex,A5001842197,Noreen McDonald,0.97,1.0,1.0,0.799,0.759,167,6216,36,University of North Carolina at Chapel Hill,https://orcid.org/0000-0002-4854-7035,accepted,matcher,2026-09-14,
512,Noreen McDonald,UNC,openalex,A5031235601,Noreen McDonald,0.562,1.0,0.0,0.75,0.0,3,3,1,,,pending,,,
512,Noreen McDonald,UNC,openalex,A5037861202,Noreen McDonald Humphrey,0.5,1.0,0.0,0.333,0.0,2,2,1,American Nurses Association,,pending,,,
513,Matthew Palm,UNC,openalex,A5077931412,Matthew Palm,0.984,1.0,1.0,0.891,0.83,110,1109,19,,https://orcid.org/0000-0002-8800-2777,accepted,matcher,2026-09-14,
513,Matthew Palm,UNC,openalex,A5010416000,Matthew J. Powell‐Palm,0.562,1.0,0.0,0.411,1.686,111,2253,24,Mitchell Institute,https://orcid.org/0000-0001-5117-8296,pending,,,
513,Matthew Palm,UNC,openalex,A5127602480,Palm Matthew,0.55,1.0,0.0,0.667,0.0,1,0,0,,,pending,,,
513,Matthew Palm,UNC,openalex,A5134681009,Matthew J. Powell-Palm,0.5,1.0,0.0,0.333,0.0,1,0,0,,,pending,,,
513,Matthew Palm,UNC,openalex,A5133747551,Matthew Powell-Palm,0.48,1.0,0.0,0.2,0.0,2,0,0,Texas A&M University – San Antonio,,pending,,,
514,Roberto Quercia,UNC,openalex,A5005662887,Roberto G. Quercia,0.976,1.0,1.0,0.838,0.463,105,2367,27,University of North Carolina at Chapel Hill,,accepted,matcher,2026-09-14,
515,William Rohe,UNC,openalex,A5103421698,William M. Rohe,0.986,1.0,1.0,0.907,0.464,109,4099,31,University of North Carolina at Chapel Hill,,accepted,matcher,2026-09-14,
515,William Rohe,UNC,openalex,A5027035396,William H. Rohe,0.9,1.0,1.0,1.0,0.0,2,0,0,University of North Carolina at Chapel Hill,,pending,,,
517,Danielle Spurlock,UNC,openalex,A5068929379,Danielle Spurlock,0.973,1.0,1.0,0.818,0.665,21,324,7,University of North Carolina at Chapel Hill,https://orcid.org/0000-0002-2834-3764,accepted,matcher,2026-09-14,
517,Danielle Spurlock,UNC,openalex,A5059688297,Camryn Smith Danielle Spurlock Aliyah Abdur-Rahman Kay Jowers,0.426,0.613,0.0,1.0,0.0,1,0,0,,,pending,,,
518,Meenu Tewari,UNC,openalex,A5075013774,Meenu Tewari,0.988,1.0,1.0,0.918,0.547,49,1428,16,,https://orcid.org/0000-0003-3403-712X,accepted,matcher,2026-09-14,
520,Andrew Whittemore,UNC,openalex,A5007982970,Andrew H. Whittemore,1.0,1.0,1.0,1.0,0.646,54,689,16,University of North Carolina at Chapel Hill,https://orcid.org/0000-0003-2546-9051,accepted,matcher,2026-09-14,
520,Andrew Whittemore,UNC,openalex,A5108388236,ANDREW WHITTEMORE,0.6,1.0,0.0,1.0,0.003,1,3,1,Brigham and Women's Hospital,,pending,,,
520,Andrew Whittemore,UNC,openalex,A5116597767,Andrew H. Whittemore,0.6,1.0,0.0,1.0,0.0,1,0,0,,,pending,,,
520,Andrew Whittemore,UNC,openalex,A5150175854,Andrew H. Whittemore,0.6,1.0,0.0,1.0,0.0,1,0,0,,,pending,,,
520,Andrew Whittemore,UNC,openalex,A5119733805,Andrew H. Whittemore,0.6,1.0,0.0,1.0,0.0,1,0,0,,,pending,,,
521,Dale Whittington,UNC,openalex,A5056069653,Dale Whittington,0.911,1.0,1.0,0.409,0.72,399,12356,65,University of North Carolina at Chapel Hill,https://orcid.org/0000-0002-6075-8812,accepted,matcher,2026-09-14,
521,Dale Whittington,UNC,openalex,A5013813995,Dale Lauria Whittington,0.55,1.0,0.0,0.667,0.002,1,27,1,,,pending,,,
521,Dale Whittington,UNC,openalex,A5110871776,Dale Whittington,0.525,1.0,0.0,0.5,0.0,2,1,1,,,pending,,,
521,Dale Whittington,UNC,openalex,A5088376050,Dale Xinming Mu Roche Whittington,0.5,1.0,0.0,0.333,0.0,1,8,1,,,pending,,,
521,Dale Whittington,UNC,openalex,A5085291055,Dale Whittington,0.45,1.0,0.0,0.0,0.004,4,69,2,University of Washington,https://orcid.org/0009-0004-0901-4481,pending,,,
522,Gérard Beaudet,Universite de Montreal,openalex,A5032296625,Gérard Beaudet,0.98,1.0,1.0,0.868,0.126,98,71,5,,,accepted,matcher,2026-09-14,
522,Gérard Beaudet,Universite de Montreal,openalex,A5010647389,Gérard Beaudet,0.9,1.0,1.0,1.0,0.012,3,7,1,,,pending,,,
522,Gérard Beaudet,Universite de Montreal,openalex,A5098812249,Gérard Beaudet,0.6,1.0,0.0,1.0,0.002,1,1,1,,,pending,,,
522,Gérard Beaudet,Universite de Montreal,openalex,A5095878710,Gérard Beaudet,0.6,1.0,0.0,1.0,0.0,1,0,0,,,pending,,,
522,Gérard Beaudet,Universite de Montreal,openalex,A5100278901,Gérard Beaudet,0.6,1.0,0.0,1.0,0.0,1,0,0,,,pending,,,
523,Raphaël Fischler,Universite de Montreal,openalex,A5057899065,Raphaël Fischler,1.0,1.0,1.0,1.0,0.434,42,562,13,Berkeley College,,accepted,matcher,2026-09-14,
524,Jacques Fisette,Universite de Montreal,openalex,A5001452232,Jacques Fisette,1.0,1.0,1.0,1.0,0.258,14,16,2,Université de Montréal,,accepted,matcher,2026-09-14,
526,Danielle Labbé,Universite de Montreal,openalex,A5038298307,Danielle Labbé,1.0,1.0,1.0,1.0,0.612,74,753,16,Université de Montréal,https://orcid.org/0000-0001-8182-114X,accepted,matcher,2026-09-14,
526,Danielle Labbé,Universite de Montreal,openalex,A5099451395,Danielle Labbé,0.6,1.0,0.0,1.0,0.0,1,0,0,,,pending,,,
526,Danielle Labbé,Universite de Montreal,openalex,A5099484988,Danielle Labbé,0.55,1.0,0.0,0.667,0.0,1,0,0,,,pending,,,
526,Danielle Labbé,Universite de Montreal,openalex,A5099449971,Danielle Labbé,0.525,1.0,0.0,0.5,0.0,1,0,0,,,pending,,,
527,Sébastien Lord,Universite de Montreal,openalex,A5040834101,Sébastien Lord,1.0,1.0,1.0,1.0,0.615,92,987,18,Université Laval,https://orcid.org/0000-0002-2017-3254,accepted,matcher,2026-09-14,
527,Sébastien Lord,Universite de Montreal,openalex,A5082334709,Sébastien LORD,0.9,1.0,1.0,1.0,0.0,2,0,0,Université de Montréal,,pending,,,
527,Sébastien Lord,Universite de Montreal,openalex,A5122051152,Sébastien Lord,0.9,1.0,1.0,1.0,0.0,1,0,0,Université de Montréal,,pending,,,
527,Sébastien Lord,Universite de Montreal,openalex,A5049135065,Sébastien Lord,0.646,1.0,0.0,0.972,0.054,14,87,4,Université de Moncton,,pending,,,
527,Sébastien Lord,Universite de Montreal,openalex,A5098674292,Sébastien Lord,0.6,1.0,0.0,1.0,0.0,1,0,0,,,pending,,,
528,Jean-Philippe Meloche,Universite de Montreal,openalex,A5109051332,Jean‐Philippe Meloche,1.0,1.0,1.0,1.0,0.334,57,133,5,,,accepted,matcher,2026-09-14,
529,Paula Negron-Poblete,Universite de Montreal,openalex,A5109898907,Paula Negron-Poblete,1.0,1.0,1.0,1.0,0.316,40,168,8,Université de Montréal,,accepted,matcher,2026-09-14,
529,Paula Negron-Poblete,Universite de Montreal,openalex,A5018898480,Paula A. Negrón Poblete,0.9,1.0,1.0,1.0,0.0,1,0,0,Universidad de la Amazonia,,pending,,,
529,Paula Negron-Poblete,Universite de Montreal,openalex,A5111375915,Paula Negron Poblete,0.6,1.0,0.0,1.0,0.017,3,9,2,,,pending,,,
529,Paula Negron-Poblete,Universite de Montreal,openalex,A5099270651,Paula Negron-Poblete,0.6,1.0,0.0,1.0,0.009,3,5,1,,,pending,,,
529,Paula Negron-Poblete,Universite de Montreal,openalex,A5099251753,Poblete Paula Negron,0.42,0.6,0.0,1.0,0.0,1,0,0,,,pending,,,
530,Max Raynaud,Universite de Montreal,openalex,A5046309756,Michel Max Raynaud,0.864,0.92,1.0,1.0,0.015,17,1,1,Université de Montréal,,rejected,audit_matches,2026-09-15,
531,Franck Scherrer,Universite de Montreal,openalex,A5015756740,Franck Scherrer,1.0,1.0,1.0,1.0,0.247,62,149,7,Université de Montréal,https://orcid.org/0009-0004-5341-4044,accepted,matcher,2026-09-14,
531,Franck Scherrer,Universite de Montreal,openalex,A5102439538,Franck Scherrer,0.55,1.0,0.0,0.667,0.0,1,0,0,,,pending,,,
533,Juan Torres,Universite de Montreal,openalex,A5068929396,Juan Torres,0.929,1.0,1.0,0.857,2.238,52,535,11,Université de Montréal,https://orcid.org/0000-0001-9010-3174,accepted,matcher,2026-09-14,
533,Juan Torres,Universite de Montreal,openalex,A5075225730,Juan‐Manuel Torres‐Moreno,0.75,1.0,1.0,0.0,6.339,324,1515,21,Université d'Avignon et des Pays de Vaucluse,https://orcid.org/0000-0002-4392-1825,rejected,audit_matches,2026-09-16,"rejected 2026-09-16: OpenAlex 1,515 citations against 239 from pop (6.3x); probable namesake"
533,Juan Torres,Universite de Montreal,openalex,A5061373429,Juan M. Torres-Rincón,0.587,1.0,0.0,0.912,8.059,129,1926,27,Institut Català de Ciències del Clima,https://orcid.org/0000-0001-5470-8416,rejected,audit_matches,2026-09-16,"rejected 2026-09-16: OpenAlex 1,926 citations against 239 from pop (8.1x); probable namesake"
533,Juan Torres,Universite de Montreal,openalex,A5075986925,Juan Manuel Carmona‐Torres,0.579,1.0,0.0,0.857,8.439,106,2017,26,Servicio de Salud de Castilla La Mancha,https://orcid.org/0000-0002-7781-872X,rejected,audit_matches,2026-09-16,"rejected 2026-09-16: OpenAlex 2,017 citations against 239 from pop (8.4x); probable namesake"
533,Juan Torres,Universite de Montreal,openalex,A5074462112,Juan Torres-Reveron,0.575,1.0,0.0,0.5,1.921,7,459,5,Yale University,https://orcid.org/0000-0002-3269-1067,pending,,,
534,Johanne Brochu,Universite Laval,openalex,A5112289478,Johanne Brochu,1.0,1.0,1.0,1.0,0.349,13,15,2,Université Laval,,accepted,matcher,2026-09-14,
535,Mario Carrier,Universite Laval,openalex,A5041860415,Mario Carrier,1.0,1.0,1.0,1.0,0.313,50,189,7,Université Laval,,accepted,matcher,2026-09-14,
536,Genevieve Cloutier,Universite Laval,openalex,A5089324241,Geneviève Cloutier,1.0,1.0,1.0,1.0,1.108,111,1104,15,Université Laval,https://orcid.org/0000-0001-9697-3648,accepted,matcher,2026-09-14,
536,Genevieve Cloutier,Universite Laval,openalex,A5022475926,Geneviève Cloutier,0.6,1.0,0.0,1.0,0.005,3,5,1,,,pending,,,
536,Genevieve Cloutier,Universite Laval,openalex,A5095958955,Geneviève Cloutier,0.6,1.0,0.0,1.0,0.0,1,0,0,,,pending,,,
536,Genevieve Cloutier,Universite Laval,openalex,A5127770702,Geneviève Cloutier,0.6,1.0,0.0,1.0,0.0,1,0,0,,,pending,,,
536,Genevieve Cloutier,Universite Laval,openalex,A5145651572,Geneviève Cloutier,0.6,1.0,0.0,1.0,0.0,1,0,0,,,pending,,,
538,Florent Joerin,Universite Laval,openalex,A5056958625,Florent Joerin,1.0,1.0,1.0,1.0,0.574,77,1374,17,HES-SO University of Applied Sciences and Arts Western Switzerland,,accepted,matcher,2026-09-14,
539,Roxane Lavoie,Universite Laval,openalex,A5020187927,Roxane Lavoie,0.929,1.0,1.0,0.526,0.567,22,203,7,Université Laval,https://orcid.org/0000-0002-0257-7837,accepted,matcher,2026-09-14,
539,Roxane Lavoie,Universite Laval,openalex,A5123191616,Roxane Lavoie,0.6,1.0,0.0,1.0,0.006,1,2,1,,,pending,,,
539,Roxane Lavoie,Universite Laval,openalex,A5122333723,Roxane Lavoie,0.6,1.0,0.0,1.0,0.0,2,0,0,,,pending,,,
539,Roxane Lavoie,Universite Laval,openalex,A5114036938,Roxane Lavoie,0.557,1.0,0.0,0.714,0.0,4,0,0,,,pending,,,
539,Roxane Lavoie,Universite Laval,openalex,A5050028496,Roxane R. Lavoie,0.55,1.0,0.0,0.0,1.156,48,414,10,Mayo Clinic,https://orcid.org/0000-0001-6253-8090,pending,,,
540,Claude Lavoie,Universite Laval,openalex,A5060513455,Claude Lavoie,0.975,1.0,1.0,0.831,0.803,157,5227,40,,https://orcid.org/0000-0001-6510-5178,accepted,matcher,2026-09-14,
540,Claude Lavoie,Universite Laval,openalex,A5102107297,Marie-Claude Lavoie,0.628,0.728,1.0,0.0,0.003,1,20,1,Université Laval,,pending,,,
540,Claude Lavoie,Universite Laval,openalex,A5051991700,Claude Lavoie,0.6,1.0,0.0,1.0,0.001,3,9,2,Bank of Canada,,pending,,,
540,Claude Lavoie,Universite Laval,openalex,A5095892011,Claude Lavoie,0.6,1.0,0.0,1.0,0.001,1,4,1,,,pending,,,
540,Claude Lavoie,Universite Laval,openalex,A5093320299,Claude Lavoie,0.6,1.0,0.0,1.0,0.0,1,2,1,,,pending,,,
541,Alexandre Lebel,Universite Laval,openalex,A5031598881,Alexandre Lebel,1.0,1.0,1.0,1.0,0.744,73,1284,18,Lung Institute,https://orcid.org/0000-0001-6774-7633,accepted,matcher,2026-09-14,
541,Alexandre Lebel,Universite Laval,openalex,A5146352879,Alexandre Lebel,0.6,1.0,0.0,1.0,0.0,1,0,0,,,pending,,,
541,Alexandre Lebel,Universite Laval,openalex,A5074583465,Alexandre Perez-Lebel,0.584,1.0,0.0,0.227,0.808,35,1394,5,Montreal Neurological Institute and Hospital,https://orcid.org/0000-0003-0556-0763,pending,,,
541,Alexandre Lebel,Universite Laval,openalex,A5102904529,Alexandre Lebel,0.57,1.0,0.0,0.8,0.015,5,26,3,University of Saint Joseph,https://orcid.org/0009-0001-6721-7381,pending,,,
541,Alexandre Lebel,Universite Laval,openalex,A5128678602,Alexandre Lebel,0.55,1.0,0.0,0.667,0.001,1,1,1,,,pending,,,
542,Martin Lee-Gosselin,Universite Laval,openalex,A5113441032,Martin Lee-Gosselin,0.987,1.0,1.0,0.916,0.462,91,1042,17,Université Laval,,accepted,matcher,2026-09-14,
542,Martin Lee-Gosselin,Universite Laval,openalex,A5001946773,Martin Lee-Gosselin,0.6,1.0,0.0,1.0,0.013,2,30,2,,,pending,,,
542,Martin Lee-Gosselin,Universite Laval,openalex,A5098125626,Martin Lee-Gosselin,0.55,1.0,0.0,0.667,0.0,1,1,1,,,pending,,,
547,Emmanuel Boamah,"University at Buffalo, The State University of New York",openalex,A5015067875,Emmanuel Frimpong Boamah,1.0,1.0,1.0,1.0,0.72,75,888,17,University of Global Health Equity,https://orcid.org/0000-0002-6608-9170,accepted,matcher,2026-09-14,
547,Emmanuel Boamah,"University at Buffalo, The State University of New York",openalex,A5106619812,Emmanuel Boamah Duku,0.48,1.0,0.0,0.2,0.002,2,3,1,Council for Scientific and Industrial Research,,pending,,,
547,Emmanuel Boamah,"University at Buffalo, The State University of New York",openalex,A5018154763,Emmanuel Osei-Boamah,0.48,1.0,0.0,0.2,0.006,3,7,2,"University of Maryland, Baltimore",,pending,,,
547,Emmanuel Boamah,"University at Buffalo, The State University of New York",openalex,A5072366942,Emmanuel Duku Boamah,0.45,1.0,0.0,0.0,0.015,2,18,2,Council for Scientific and Industrial Research,,pending,,,
547,Emmanuel Boamah,"University at Buffalo, The State University of New York",openalex,A5015499392,Frimpong Boamah Emmanuel,0.376,0.614,0.0,0.667,0.0,1,0,0,,,pending,,,
549,Lauren Fischer,"University at Buffalo, The State University of New York",openalex,A5014181906,Lauren Ames Fischer,1.0,1.0,1.0,1.0,0.441,45,188,8,"University at Buffalo, State University of New York",https://orcid.org/0000-0003-1506-4915,accepted,matcher,2026-09-14,
549,Lauren Fischer,"University at Buffalo, The State University of New York",openalex,A5113900521,Lauren Fischer,0.6,1.0,0.0,0.667,0.035,3,15,3,,,pending,,,
549,Lauren Fischer,"University at Buffalo, The State University of New York",openalex,A5063820399,Lauren Theisen Fischer,0.58,1.0,0.0,0.2,0.124,3,53,2,Universidade Federal de Santa Maria,https://orcid.org/0000-0002-3360-5263,pending,,,
549,Lauren Fischer,"University at Buffalo, The State University of New York",openalex,A5109451393,Lauren Fischer,0.562,1.0,0.0,0.75,0.016,2,7,1,,,pending,,,
549,Lauren Fischer,"University at Buffalo, The State University of New York",openalex,A5090855420,Lauren Fischer,0.55,1.0,0.0,0.0,0.65,11,277,5,Boston University,,pending,,,
550,Kelly Gregg,"University at Buffalo, The State University of New York",openalex,A5080520838,Kelly Gregg,1.0,1.0,1.0,1.0,0.681,23,162,7,"University at Buffalo, State University of New York",https://orcid.org/0000-0002-1559-6877,accepted,matcher,2026-09-14,
550,Kelly Gregg,"University at Buffalo, The State University of New York",openalex,A5028494497,Gregg Kelly,0.321,0.492,0.0,0.0,0.525,1,125,1,Pfizer (United States),,pending,,,
550,Kelly Gregg,"University at Buffalo, The State University of New York",openalex,A5063484986,Gregg Kelly,0.321,0.492,0.0,0.0,0.105,1,25,1,,,pending,,,
551,Daniel Hess,"University at Buffalo, The State University of New York",openalex,A5061631527,Daniel Baldwin Hess,0.982,1.0,1.0,0.881,0.698,167,3192,28,"University at Buffalo, State University of New York",https://orcid.org/0000-0003-2239-236X,accepted,matcher,2026-09-14,
551,Daniel Hess,"University at Buffalo, The State University of New York",openalex,A5079570689,Daniel Skidmore-Hess,0.6,1.0,0.0,1.0,0.011,41,52,4,Georgia Southern University,,pending,,,
551,Daniel Hess,"University at Buffalo, The State University of New York",openalex,A5147405198,Daniel Hess,0.6,1.0,0.0,1.0,0.0,2,0,0,Universidade Estadual do Ceará,https://orcid.org/0009-0003-4863-9401,pending,,,
551,Daniel Hess,"University at Buffalo, The State University of New York",openalex,A5134534475,Daniel Hess,0.6,1.0,0.0,1.0,0.0,4,0,0,,,pending,,,
551,Daniel Hess,"University at Buffalo, The State University of New York",openalex,A5116006034,Daniel Hess,0.6,1.0,0.0,1.0,0.0,1,0,0,,,pending,,,
552,Alexandra Judelsohn,"University at Buffalo, The State University of New York",openalex,A5018472592,Alexandra Judelsohn,0.945,1.0,1.0,0.636,0.791,18,125,5,"University at Buffalo, State University of New York",https://orcid.org/0000-0001-7952-5149,accepted,matcher,2026-09-14,
554,Jordana Maisel,"University at Buffalo, The State University of New York",openalex,A5069209541,Jordana L. Maisel,1.0,1.0,1.0,1.0,0.398,51,873,11,"University at Buffalo, State University of New York",https://orcid.org/0000-0001-7981-8005,accepted,matcher,2026-09-14,
555,Xuanyi “Maxwell” Nie,"University at Buffalo, The State University of New York",openalex,A5087299734,Xuanyi Nie,1.0,1.0,1.0,1.0,1.326,38,228,10,School of Planning and Architecture Delhi,https://orcid.org/0000-0002-7518-7071,accepted,matcher,2026-09-14,
557,Samina Raja,"University at Buffalo, The State University of New York",openalex,A5085421559,Samina Raja,0.968,1.0,1.0,0.785,0.445,87,2015,20,"University at Buffalo, State University of New York",https://orcid.org/0000-0002-6251-2736,accepted,matcher,2026-09-14,
557,Samina Raja,"University at Buffalo, The State University of New York",openalex,A5123497940,"Samina Yasmin, Naveed Iqbal Raja, Shahid Hameed",0.45,1.0,0.0,0.0,0.0,1,0,0,IAC (United States),,pending,,,
558,Robert Shibley,"University at Buffalo, The State University of New York",openalex,A5110567491,Robert G. Shibley,1.0,1.0,1.0,1.0,0.236,49,329,6,"University at Buffalo, State University of New York",,accepted,matcher,2026-09-14,
558,Robert Shibley,"University at Buffalo, The State University of New York",openalex,A5140588176,Robert Shibley,0.6,1.0,0.0,1.0,0.0,1,0,0,,,pending,,,
558,Robert Shibley,"University at Buffalo, The State University of New York",openalex,A5135953801,Robert Shibley,0.55,1.0,0.0,0.667,0.0,1,0,0,,,pending,,,
559,Robert Silverman,"University at Buffalo, The State University of New York",openalex,A5067888443,Robert Mark Silverman,1.0,1.0,1.0,1.0,0.731,182,1962,23,"University at Buffalo, State University of New York",https://orcid.org/0000-0003-2155-7871,accepted,matcher,2026-09-14,
559,Robert Silverman,"University at Buffalo, The State University of New York",openalex,A5103563354,Robert A. Silverman,0.7,1.0,0.0,1.0,1.161,59,3117,23,Long Island Jewish Medical Center,,pending,,,
559,Robert Silverman,"University at Buffalo, The State University of New York",openalex,A5113567056,Robert J. Silverman,0.64,1.0,0.0,0.6,0.306,76,822,15,,,pending,,,
559,Robert Silverman,"University at Buffalo, The State University of New York",openalex,A5044286918,Robert K. Silverman,0.61,1.0,0.0,0.733,0.05,20,133,7,SUNY Upstate Medical University,,pending,,,
559,Robert Silverman,"University at Buffalo, The State University of New York",openalex,A5143915171,Robert J. Silverman,0.6,1.0,0.0,1.0,0.003,1,9,1,,,pending,,,
560,Ernest Sternberg,"University at Buffalo, The State University of New York",openalex,A5073146111,Ernest Sternberg,1.0,1.0,1.0,1.0,0.503,52,895,13,,,accepted,matcher,2026-09-14,
561,Henry Taylor,"University at Buffalo, The State University of New York",openalex,A5048349767,Henry Louis Taylor,0.949,1.0,1.0,0.658,0.379,77,589,14,"University at Buffalo, State University of New York",https://orcid.org/0000-0002-8827-4852,accepted,matcher,2026-09-14,
561,Henry Taylor,"University at Buffalo, The State University of New York",openalex,A5110901207,Henry L. Taylor,0.768,1.0,1.0,0.118,8.865,176,13785,45,"University at Buffalo, State University of New York",,rejected,audit_matches,2026-09-16,"rejected 2026-09-16: OpenAlex 13,785 citations against 1,617 from google_scholar (8.5x); probable namesake"
561,Henry Taylor,"University at Buffalo, The State University of New York",openalex,A5112481354,Henry G. Taylor,0.7,1.0,0.0,1.0,0.383,10,595,8,Johns Hopkins University,,pending,,,
561,Henry Taylor,"University at Buffalo, The State University of New York",openalex,A5083433475,Henry C. Taylor,0.683,1.0,0.0,0.887,0.151,90,235,10,,,pending,,,
561,Henry Taylor,"University at Buffalo, The State University of New York",openalex,A5110472660,Henry Osborn Taylor,0.626,1.0,0.0,0.84,0.078,65,122,7,Harvard University Press,,pending,,,
563,Sandeep Agrawal,University of Alberta,openalex,A5073015402,Sandeep Agrawal,1.0,1.0,1.0,1.0,0.43,97,770,16,Jiwaji University,https://orcid.org/0000-0001-5147-6445,accepted,matcher,2026-09-14,
563,Sandeep Agrawal,University of Alberta,openalex,A5106278669,Sandeep Agrawal,0.9,1.0,1.0,1.0,0.0,5,0,0,University of Alberta,,pending,,,
563,Sandeep Agrawal,University of Alberta,openalex,A5140261628,Sandeep K. Agrawal,0.9,1.0,1.0,1.0,0.0,1,0,0,University of Alberta,,pending,,,
563,Sandeep Agrawal,University of Alberta,openalex,A5101898116,Sandeep Agrawal,0.85,1.0,1.0,0.0,0.328,30,586,11,Indian Council of Medical Research,https://orcid.org/0000-0002-8524-9045,pending,,,
563,Sandeep Agrawal,University of Alberta,openalex,A5109636679,Sandeep Agrawal,0.6,1.0,0.0,1.0,0.001,1,2,1,,,pending,,,
565,Carl Amrhein,University of Alberta,openalex,A5014436686,Carl Amrhein,1.0,1.0,1.0,1.0,0.584,71,1588,16,University of Alberta,,accepted,matcher,2026-09-14,
566,Elmond Bandauko,University of Alberta,openalex,A5021343421,Elmond Bandauko,1.0,1.0,1.0,1.0,0.81,105,1134,18,University of Alberta,https://orcid.org/0000-0002-1917-9640,accepted,matcher,2026-09-14,
568,Damian Collins,University of Alberta,openalex,A5024556112,Damian Collins,0.972,1.0,1.0,0.812,0.758,122,3165,32,University of Alberta,https://orcid.org/0000-0002-7981-3586,accepted,matcher,2026-09-14,
568,Damian Collins,University of Alberta,openalex,A5136367841,Damian Collins,0.9,1.0,1.0,1.0,0.0,3,0,0,University of Alberta,,pending,,,
568,Damian Collins,University of Alberta,openalex,A5104317495,Damian Collins,0.6,1.0,0.0,1.0,0.0,1,0,0,,,pending,,,
568,Damian Collins,University of Alberta,openalex,A5040599683,Damian Collins,0.583,1.0,0.0,0.218,0.428,67,1789,22,New South Wales Department of Primary Industries,https://orcid.org/0000-0002-6919-0741,pending,,,
568,Damian Collins,University of Alberta,openalex,A5017659242,Damian W. Collins,0.55,1.0,0.0,0.667,0.0,1,2,1,Belfast Health and Social Care Trust,,pending,,,
570,Theresa Garvin,University of Alberta,openalex,A5015309857,Theresa Garvin,1.0,1.0,1.0,1.0,0.58,36,2561,19,University of Alberta,https://orcid.org/0000-0003-0391-0520,accepted,matcher,2026-09-14,
571,Emily Grisé,University of Alberta,openalex,A5054740250,Emily Grisé,0.977,1.0,1.0,0.85,0.723,52,842,15,University of Alberta,https://orcid.org/0000-0002-7656-1440,accepted,matcher,2026-09-14,
573,Rob Shields,University of Alberta,openalex,A5051885478,Rob Shields,0.939,1.0,1.0,0.596,0.397,255,5544,38,University of Alberta,https://orcid.org/0000-0002-7999-1833,accepted,matcher,2026-09-14,
573,Rob Shields,University of Alberta,openalex,A5123254680,Rob Shields,0.8,1.0,1.0,0.333,0.0,1,0,0,University of Alberta,,pending,,,
573,Rob Shields,University of Alberta,openalex,A5120053964,Rob Shields,0.6,1.0,0.0,1.0,0.0,1,0,0,,,pending,,,
573,Rob Shields,University of Alberta,openalex,A5104870729,Rob Shields,0.6,1.0,0.0,1.0,0.0,1,0,0,,,pending,,,
573,Rob Shields,University of Alberta,openalex,A5092025356,Rob Shields,0.6,1.0,0.0,1.0,0.0,1,0,0,,,pending,,,
576,Kyle Whitfield,University of Alberta,openalex,A5088624944,Kyle Whitfield,1.0,1.0,1.0,1.0,0.67,30,384,10,University of Alberta,,accepted,matcher,2026-09-14,
576,Kyle Whitfield,University of Alberta,openalex,A5142958027,Kyle Whitfield,0.55,1.0,0.0,0.667,0.0,1,0,0,,,pending,,,
577,Arlie Adkins,University of Arizona,openalex,A5074669197,Arlie Adkins,0.981,1.0,1.0,0.875,0.735,32,938,13,University of Arizona,https://orcid.org/0000-0001-5613-4372,accepted,matcher,2026-09-14,
577,Arlie Adkins,University of Arizona,openalex,A5023843439,Arlie A. Adkins,0.562,1.0,0.0,0.75,0.002,2,3,1,McGill University,,pending,,,
578,Kristina Currans,University of Arizona,openalex,A5035956443,Kristina Currans,0.989,1.0,1.0,0.929,0.584,64,393,12,University of Arizona,https://orcid.org/0000-0001-6522-0758,accepted,matcher,2026-09-14,
580,Ladd Keith,University of Arizona,openalex,A5037464674,Ladd Keith,0.99,1.0,1.0,0.934,0.781,59,541,10,Landscape Institute,https://orcid.org/0000-0002-5549-0372,accepted,matcher,2026-09-14,
580,Ladd Keith,University of Arizona,openalex,A5117538221,Keith Ladd,0.18,0.4,0.0,0.0,0.001,1,1,1,,,pending,,,
580,Ladd Keith,University of Arizona,openalex,A5117548551,Keith Ladd,0.18,0.4,0.0,0.0,0.001,1,1,1,,,pending,,,
581,Daniel Kuhlmann,University of Arizona,openalex,A5067476607,Daniel Kuhlmann,0.935,1.0,1.0,0.9,2.337,28,423,9,University of Arizona,https://orcid.org/0000-0002-6007-1228,accepted,matcher,2026-09-14,
581,Daniel Kuhlmann,University of Arizona,openalex,A5016795118,Daniel Butchart-Kuhlmann,0.667,1.0,0.0,0.778,0.122,5,22,1,Friedrich Schiller University Jena,https://orcid.org/0000-0002-6128-3679,pending,,,
581,Daniel Kuhlmann,University of Arizona,openalex,A5064953890,William Daniel Kuhlmann,0.483,0.74,0.0,1.0,0.0,1,0,0,,,pending,,,
584,Philip Stoker,University of Arizona,openalex,A5021551961,Philip Stoker,0.962,1.0,1.0,0.744,0.684,42,728,14,,https://orcid.org/0000-0003-1960-3015,accepted,matcher,2026-09-14,
585,Leonora Angeles,University of British Columbia,openalex,A5032378447,Leonora C. Angeles,1.0,1.0,1.0,1.0,0.594,60,699,14,University of British Columbia,https://orcid.org/0000-0002-6166-3751,accepted,matcher,2026-09-14,
585,Leonora Angeles,University of British Columbia,openalex,A5143996418,Leonora Angeles,0.6,1.0,0.0,1.0,0.003,1,4,1,,,pending,,,
585,Leonora Angeles,University of British Columbia,openalex,A5017556870,Leonora Angeles-Forster,0.6,1.0,0.0,1.0,0.002,1,2,1,,,pending,,,
585,Leonora Angeles,University of British Columbia,openalex,A5023801625,Angeles Leonora,0.55,1.0,0.0,0.667,0.001,3,1,1,,,pending,,,
588,Holly Caggiano,University of British Columbia,openalex,A5004613995,Holly Caggiano,1.0,1.0,1.0,1.0,0.766,30,344,10,University of British Columbia,https://orcid.org/0000-0001-7519-7221,accepted,matcher,2026-09-14,
588,Holly Caggiano,University of British Columbia,openalex,A5136175373,Holly Caggiano,0.875,1.0,1.0,0.833,0.0,3,0,0,University of British Columbia,https://orcid.org/0000-0001-7519-7221,pending,,,
589,Heather Campbell,University of British Columbia,openalex,A5005293894,Heather Campbell,1.0,1.0,1.0,1.0,0.529,119,2649,28,University of British Columbia,https://orcid.org/0000-0003-2930-0915,accepted,matcher,2026-09-14,
589,Heather Campbell,University of British Columbia,openalex,A5024138470,Heather E. Campbell,0.834,1.0,0.5,0.896,0.168,77,840,15,Claremont Graduate University,https://orcid.org/0000-0002-5233-7057,pending,,,
589,Heather Campbell,University of British Columbia,openalex,A5101603759,Heather Campbell,0.8,1.0,0.5,1.0,0.05,39,249,8,,https://orcid.org/0000-0001-7802-4190,pending,,,
589,Heather Campbell,University of British Columbia,openalex,A5101603760,Heather Campbell,0.682,1.0,0.5,0.211,0.057,40,286,11,University of New Mexico,https://orcid.org/0000-0002-6401-9240,pending,,,
589,Heather Campbell,University of British Columbia,openalex,A5029637179,Heather J. Campbell‐Enns,0.65,1.0,0.0,0.667,0.115,23,574,11,Canadian Mennonite University,https://orcid.org/0000-0002-9920-5254,pending,,,
590,Stephanie Chang,University of British Columbia,openalex,A5059077977,Stephanie E. Chang,0.98,1.0,1.0,0.869,0.695,119,14047,45,University of British Columbia,https://orcid.org/0000-0001-9383-7464,accepted,matcher,2026-09-14,
590,Stephanie Chang,University of British Columbia,openalex,A5018679794,Stephanie H. Chang,0.65,1.0,0.5,0.0,0.059,125,1200,19,NYU Langone Health,https://orcid.org/0000-0002-6254-7832,pending,,,
590,Stephanie Chang,University of British Columbia,openalex,A5101559110,Stephanie Chang,0.633,1.0,0.0,0.552,0.245,161,4955,30,Northwestern Medicine Lake Forest Hospital,https://orcid.org/0000-0002-2725-4102,pending,,,
590,Stephanie Chang,University of British Columbia,openalex,A5101559111,Stephanie Chang,0.621,1.0,0.5,0.143,0.003,22,53,5,Skyworks Solutions (United States),https://orcid.org/0000-0003-0433-6380,pending,,,
590,Stephanie Chang,University of British Columbia,openalex,A5119523398,Stephanie Chang,0.6,1.0,0.0,1.0,0.0,1,2,1,University College London,,pending,,,
591,Kelly Clifton,University of British Columbia,openalex,A5091540434,Kelly J. Clifton,0.99,1.0,1.0,0.932,0.62,196,5244,34,University of British Columbia,https://orcid.org/0000-0002-7669-4833,accepted,matcher,2026-09-14,
591,Kelly Clifton,University of British Columbia,openalex,A5121454231,Kelly Clifton,0.9,1.0,1.0,1.0,0.0,2,0,0,University of British Columbia,,pending,,,
591,Kelly Clifton,University of British Columbia,openalex,A5114046547,Kelly Clifton,0.6,1.0,0.0,1.0,0.001,1,7,1,Portland State University,,pending,,,
591,Kelly Clifton,University of British Columbia,openalex,A5075972041,Clifton W. Kelly,0.571,1.0,0.0,0.143,0.113,25,959,16,Fred Hutch Cancer Center,https://orcid.org/0000-0003-0794-3901,pending,,,
591,Kelly Clifton,University of British Columbia,openalex,A5067483673,Kelly H. Clifton,0.55,1.0,0.0,0.0,0.244,129,2060,28,,,pending,,,
592,James Connolly,University of British Columbia,openalex,A5033505722,James J. Connolly,1.0,1.0,1.0,1.0,0.851,209,8093,43,University of British Columbia,https://orcid.org/0000-0002-7363-8414,accepted,matcher,2026-09-14,
592,James Connolly,University of British Columbia,openalex,A5103840324,James John Timothy Connolly,0.6,1.0,0.0,1.0,0.024,2,230,2,Universitat Autònoma de Barcelona,,pending,,,
592,James Connolly,University of British Columbia,openalex,A5037185361,James E. Connolly,0.6,1.0,0.0,1.0,0.011,59,109,5,University College London,https://orcid.org/0000-0002-4267-4551,pending,,,
592,James Connolly,University of British Columbia,openalex,A5068044787,James Connolly,0.6,1.0,0.0,1.0,0.0,2,4,1,,,pending,,,
592,James Connolly,University of British Columbia,openalex,A5112806347,James Connolly,0.6,1.0,0.0,1.0,0.0,7,3,1,,,pending,,,
593,Julia Harten,University of British Columbia,openalex,A5046516204,Julia Gabriele Harten,1.0,1.0,1.0,1.0,0.937,10,104,6,University of British Columbia,https://orcid.org/0000-0001-8953-513X,accepted,matcher,2026-09-14,
593,Julia Harten,University of British Columbia,openalex,A5134754239,Julia Gabriele Harten,0.9,1.0,1.0,1.0,0.009,1,1,1,University of British Columbia,https://orcid.org/0000-0001-8953-513X,pending,,,
593,Julia Harten,University of British Columbia,openalex,A5120627906,Julia Gabriele Harten,0.9,1.0,1.0,1.0,0.0,1,0,0,University of British Columbia,,pending,,,
593,Julia Harten,University of British Columbia,openalex,A5108922070,Julia Harten,0.6,1.0,0.0,0.667,0.09,1,10,1,,,pending,,,
593,Julia Harten,University of British Columbia,openalex,A5092540721,Julia Harten,0.55,1.0,0.0,0.667,0.0,1,0,0,Federal Foreign Office,,pending,,,
594,Michael Hooper,University of British Columbia,openalex,A5017060928,Michael Hooper,0.92,1.0,1.0,0.8,2.533,34,1241,10,University of British Columbia,https://orcid.org/0000-0001-8912-9414,accepted,matcher,2026-09-14,
594,Michael Hooper,University of British Columbia,openalex,A5103486635,Michael K. Hooper,0.65,1.0,0.0,1.0,0.031,7,15,2,,,pending,,,
594,Michael Hooper,University of British Columbia,openalex,A5012929780,Michael Buchanan Hooper,0.65,1.0,0.0,1.0,0.031,1,15,1,,,pending,,,
594,Michael Hooper,University of British Columbia,openalex,A5098786190,Michael Hooper,0.6,1.0,0.0,1.0,0.0,1,0,0,Harvard University Press,,pending,,,
594,Michael Hooper,University of British Columbia,openalex,A5071647437,Michael Eric Hooper,0.6,1.0,0.0,1.0,0.0,1,0,0,,,pending,,,
597,Maggie Low,University of British Columbia,openalex,A5062883436,Maggie Low,1.0,1.0,1.0,1.0,0.217,9,13,1,University of British Columbia,https://orcid.org/0009-0000-4116-1394,accepted,matcher,2026-09-14,
597,Maggie Low,University of British Columbia,openalex,A5044729946,Maggie Low,0.65,1.0,0.0,0.667,0.117,8,7,1,,,pending,,,
597,Maggie Low,University of British Columbia,openalex,A5104655485,Maggie Low,0.6,1.0,0.0,1.0,0.0,1,0,0,,,pending,,,
597,Maggie Low,University of British Columbia,openalex,A5097490631,Maggie Low,0.55,1.0,0.0,0.667,0.0,1,0,0,,,pending,,,
597,Maggie Low,University of British Columbia,openalex,A5097438782,Maggie Low,0.55,1.0,0.0,0.667,0.0,1,0,0,,,pending,,,
598,Maged Senbel,University of British Columbia,openalex,A5083939038,Maged Senbel,0.95,1.0,1.0,1.0,1.632,32,1291,12,University of British Columbia Hospital,https://orcid.org/0000-0001-5890-5791,accepted,matcher,2026-09-14,
598,Maged Senbel,University of British Columbia,openalex,A5136675717,Maged Senbel,0.6,1.0,0.0,1.0,0.0,1,0,0,,,pending,,,
598,Maged Senbel,University of British Columbia,openalex,A5128503527,Maged Senbel,0.525,1.0,0.0,0.5,0.0,1,0,0,,,pending,,,
599,Mark Stevens,University of British Columbia,openalex,A5078903162,Mark R. Stevens,1.0,1.0,1.0,1.0,0.784,52,1745,20,,https://orcid.org/0000-0003-2097-362X,accepted,matcher,2026-09-14,
599,Mark Stevens,University of British Columbia,openalex,A5102917255,Mark Stevens,0.68,1.0,0.0,0.87,0.96,77,2138,15,,https://orcid.org/0000-0003-2744-1685,pending,,,
599,Mark Stevens,University of British Columbia,openalex,A5103165630,Mark J. Stevens,0.639,1.0,0.0,0.595,1.159,60,2581,26,Norwich Research Park,https://orcid.org/0000-0002-8203-0013,pending,,,
599,Mark Stevens,University of British Columbia,openalex,A5091090667,Mark Stevens,0.59,1.0,0.0,0.265,0.791,49,1761,18,Australian National University,https://orcid.org/0000-0001-6009-3470,pending,,,
599,Mark Stevens,University of British Columbia,openalex,A5012975876,Mark L. Stevens,0.588,1.0,0.0,0.25,0.152,17,338,8,,https://orcid.org/0000-0002-1813-6403,pending,,,
600,Martino Tran,University of British Columbia,openalex,A5038912348,Martino Tran,0.937,1.0,1.0,0.58,0.723,56,2318,23,University of British Columbia,https://orcid.org/0000-0002-8947-3829,accepted,matcher,2026-09-14,
601,Alberto de Salvatierra,University of Calgary,openalex,A5013944437,Alberto de Salvatierra,0.967,1.0,1.0,0.778,0.556,11,5,1,University of Calgary,https://orcid.org/0000-0002-3931-0132,accepted,matcher,2026-09-14,
602,Rebecca Pedersen,University of Calgary,openalex,A5042975887,Rebecca Laycock Pedersen,0.855,1.0,1.0,0.7,0.027,13,126,5,Landscape Institute,https://orcid.org/0000-0002-5966-5141,rejected,audit_matches,2026-09-15,
602,Rebecca Pedersen,University of Calgary,openalex,A5082877046,Rebecca Pedersen,0.478,0.6,0.0,0.722,0.257,24,1204,14,Southwestern Medical Center,,pending,,,
602,Rebecca Pedersen,University of Calgary,openalex,A5018499583,Rebecca L Pedersen,0.32,0.6,0.0,0.333,0.0,1,0,0,,,pending,,,
602,Rebecca Pedersen,University of Calgary,openalex,A5041390087,Rebecca Broe Pedersen,0.27,0.6,0.0,0.0,0.0,1,0,0,Hospital Oftalmologico de Brasília,,pending,,,
603,Joseli Macedo,University of Calgary,openalex,A5040799704,Joseli Macedo,0.977,1.0,1.0,0.85,0.578,62,410,9,University of Calgary,https://orcid.org/0000-0003-2494-4754,accepted,matcher,2026-09-14,
603,Joseli Macedo,University of Calgary,openalex,A5124502323,Joseli Pereira Macedo Rezende,0.6,1.0,0.0,1.0,0.0,1,0,0,,,pending,,,
603,Joseli Macedo,University of Calgary,openalex,A5053031130,Joseli Pereira Macedo Rezende,0.585,1.0,0.0,0.9,0.003,6,2,1,Universidade Federal de Mato Grosso do Sul,https://orcid.org/0000-0003-4666-7786,pending,,,
604,Fabian Neuhaus,University of Calgary,openalex,A5027909698,Fabian Neuhaus,1.0,1.0,1.0,1.0,1.166,58,204,7,,https://orcid.org/0000-0001-5297-4163,accepted,matcher,2026-09-14,
604,Fabian Neuhaus,University of Calgary,openalex,A5080272127,Fabian Neuhaus,0.615,1.0,0.5,0.1,11.0,101,1925,16,Otto-von-Guericke-Universität Magdeburg,https://orcid.org/0000-0002-1058-3102,rejected,audit_matches,2026-09-16,"rejected 2026-09-16: OpenAlex 1,925 citations against 175 from pop (11.0x); probable namesake"
604,Fabian Neuhaus,University of Calgary,openalex,A5142351635,Fabian Neuhaus,0.6,1.0,0.0,1.0,0.011,1,2,1,,,pending,,,
604,Fabian Neuhaus,University of Calgary,openalex,A5108940905,Fabian Neuhaus,0.6,1.0,0.0,1.0,0.0,1,0,0,,,pending,,,
604,Fabian Neuhaus,University of Calgary,openalex,A5027002575,Fabian J. H. Neuhaus,0.55,1.0,0.0,0.0,0.114,3,20,1,University of Wuppertal,,pending,,,
605,Beverly Sandalack,University of Calgary,openalex,A5016265147,Beverly A. Sandalack,1.0,1.0,1.0,1.0,0.714,23,417,8,,,accepted,matcher,2026-09-14,
605,Beverly Sandalack,University of Calgary,openalex,A5099403582,BEVERLY A. SANDALACK,0.6,1.0,0.0,1.0,0.0,1,0,0,,,pending,,,
606,Sasha Tsenkova,University of Calgary,openalex,A5026688791,Sasha Tsenkova,1.0,1.0,1.0,1.0,0.422,117,1359,19,University of Calgary,https://orcid.org/0000-0002-1982-8495,accepted,matcher,2026-09-14,
607,Mary-Ellen Tyler,University of Calgary,openalex,A5109001697,Mary-Ellen Tyler,1.0,1.0,1.0,1.0,0.153,15,22,3,,https://orcid.org/0000-0001-7823-6062,accepted,matcher,2026-09-14,
607,Mary-Ellen Tyler,University of Calgary,openalex,A5027787658,Mary-Ellen M. Tyler,0.49,0.978,0.0,0.333,0.0,2,0,0,,,pending,,,
608,Christopher Auffrey,University of Cincinnati,openalex,A5036774424,Christopher Auffrey,0.97,1.0,1.0,0.8,0.563,40,445,6,University of Cincinnati,https://orcid.org/0000-0002-0183-6833,accepted,matcher,2026-09-14,
609,Carla Chifos,University of Cincinnati,openalex,A5082020561,Carla Chifos,0.946,1.0,1.0,0.643,0.429,22,81,5,University of Cincinnati,,accepted,matcher,2026-09-14,
610,David Edelman,University of Cincinnati,openalex,A5046673039,David J. Edelman,1.0,1.0,1.0,1.0,1.263,86,446,10,,https://orcid.org/0000-0003-0354-0232,accepted,matcher,2026-09-14,
610,David Edelman,University of Cincinnati,openalex,A5070488532,David Edelman,0.652,1.0,0.0,0.683,1.232,70,435,11,University College Dublin,,pending,,,
610,David Edelman,University of Cincinnati,openalex,A5071658383,David Edelman,0.637,1.0,0.0,0.583,0.51,17,180,8,Montefiore Medical Center,https://orcid.org/0000-0003-3627-9149,pending,,,
610,David Edelman,University of Cincinnati,openalex,A5110412576,David Edelman,0.637,1.0,0.5,0.25,0.0,2,0,0,Cornell University,,pending,,,
610,David Edelman,University of Cincinnati,openalex,A5117655666,David Edelman,0.6,1.0,0.0,1.0,0.0,1,0,0,,,pending,,,
611,Jan Fritz,University of Cincinnati,openalex,A5051478915,Jan Marie Fritz,0.9,1.0,1.0,1.0,0.004,8,4,1,University of Cincinnati,https://orcid.org/0000-0002-0605-4152,rejected,audit_matches,2026-09-15,
611,Jan Fritz,University of Cincinnati,openalex,A5006795112,Jan Fritz,0.75,1.0,1.0,0.0,9.196,487,9527,49,University of Johannesburg,https://orcid.org/0000-0003-4456-3043,rejected,audit_matches,2026-09-16,"rejected 2026-09-16: OpenAlex 9,527 citations against 1,079 from google_scholar (8.8x); probable namesake"
611,Jan Fritz,University of Cincinnati,openalex,A5023282314,Jan Fritz,0.75,1.0,0.5,1.0,0.003,15,3,1,,,pending,,,
611,Jan Fritz,University of Cincinnati,openalex,A5047526450,Jan-Stefan Fritz,0.679,1.0,0.0,0.857,0.137,24,142,6,Hochschule Bremen,,pending,,,
611,Jan Fritz,University of Cincinnati,openalex,A5071556875,JAN MARIE FRITZ,0.6,1.0,0.0,1.0,0.002,1,2,1,,,pending,,,
612,Rainer Hofe,University of Cincinnati,openalex,A5067406116,Rainer vom Hofe,0.95,1.0,1.0,1.0,1.846,31,323,10,University of Cincinnati,,accepted,matcher,2026-09-14,
612,Rainer Hofe,University of Cincinnati,openalex,A5039779109,Rainer von Hofe,0.9,1.0,1.0,1.0,0.0,3,0,0,,,pending,,,
613,Leah Hollstein,University of Cincinnati,openalex,A5049534165,Leah Hollstein,1.0,1.0,1.0,1.0,0.505,25,53,5,University of Cincinnati,https://orcid.org/0000-0002-6243-7772,accepted,matcher,2026-09-14,
614,Hyesun Jeong,University of Cincinnati,openalex,A5000684130,Hyesun Jeong,1.0,1.0,1.0,1.0,0.586,12,92,3,University of Cincinnati,https://orcid.org/0000-0001-7794-397X,accepted,matcher,2026-09-14,
614,Hyesun Jeong,University of Cincinnati,openalex,A5029116490,Hyesun Jeong,0.66,1.0,0.0,0.733,1.21,25,190,7,Youngsan University,https://orcid.org/0000-0003-3769-9591,pending,,,
614,Hyesun Jeong,University of Cincinnati,openalex,A5052217399,Hyesun Jeong,0.6,1.0,0.0,1.0,0.006,5,1,1,,,pending,,,
614,Hyesun Jeong,University of Cincinnati,openalex,A5097752488,Hyesun Jeong,0.5,1.0,0.0,0.333,0.0,1,0,0,,,pending,,,
614,Hyesun Jeong,University of Cincinnati,openalex,A5038016384,Hyesun Jeong,0.45,1.0,0.0,0.0,8.178,25,1284,13,Korea University,https://orcid.org/0000-0001-6600-8548,rejected,audit_matches,2026-09-16,"rejected 2026-09-16: OpenAlex 1,284 citations against 177 from google_scholar (7.3x); probable namesake"
615,Johanna Looye,University of Cincinnati,openalex,A5081366329,Johanna W. Looye,1.0,1.0,1.0,1.0,0.73,13,119,7,University of Cincinnati,https://orcid.org/0000-0002-7868-5607,accepted,matcher,2026-09-14,
617,Danilo Palazzo,University of Cincinnati,openalex,A5026383619,Danilo Palazzo,1.0,1.0,1.0,1.0,0.827,72,566,8,University of Cincinnati,https://orcid.org/0000-0002-3029-3452,accepted,matcher,2026-09-14,
617,Danilo Palazzo,University of Cincinnati,openalex,A5099588267,Danilo Palazzo,0.6,1.0,0.0,1.0,0.0,1,0,0,,,pending,,,
617,Danilo Palazzo,University of Cincinnati,openalex,A5099588351,Danilo Palazzo,0.6,1.0,0.0,1.0,0.0,1,0,0,,,pending,,,
618,Hayden Shelby,University of Cincinnati,openalex,A5087055241,Hayden Shelby,1.0,1.0,1.0,1.0,0.75,13,57,5,University of Cincinnati,https://orcid.org/0000-0002-2314-4360,accepted,matcher,2026-09-14,
618,Hayden Shelby,University of Cincinnati,openalex,A5140917738,Hayden Shelby,0.825,1.0,1.0,0.5,0.0,1,0,0,University of Cincinnati,,pending,,,
618,Hayden Shelby,University of Cincinnati,openalex,A5117356263,Hayden Shelby,0.6,1.0,0.0,1.0,0.0,1,0,0,,,pending,,,
618,Hayden Shelby,University of Cincinnati,openalex,A5099588336,Hayden Shelby,0.6,1.0,0.0,1.0,0.0,1,0,0,,,pending,,,
618,Hayden Shelby,University of Cincinnati,openalex,A5076514633,Shelby Hayden,0.344,0.597,0.0,0.5,0.0,1,0,0,,,pending,,,
619,Xinhao Wang,University of Cincinnati,openalex,A5100772595,Xinhao Wang,1.0,1.0,1.0,1.0,0.72,114,2732,27,Inner Mongolia University of Science and Technology,https://orcid.org/0000-0002-2626-160X,accepted,matcher,2026-09-14,
619,Xinhao Wang,University of Cincinnati,openalex,A5100772596,Xinhao Wang,0.85,1.0,1.0,0.0,0.69,153,2619,27,University of Connecticut,https://orcid.org/0000-0002-4050-8736,pending,,,
619,Xinhao Wang,University of Cincinnati,openalex,A5100772600,Xinhao Wang,0.7,1.0,0.5,0.0,0.204,30,772,10,,https://orcid.org/0009-0009-4241-7449,pending,,,
619,Xinhao Wang,University of Cincinnati,openalex,A5115591523,Xinhao Wang,0.679,1.0,0.0,0.86,0.627,68,2379,24,Hebei Medical University,https://orcid.org/0009-0002-5639-9914,pending,,,
619,Xinhao Wang,University of Cincinnati,openalex,A5072331456,Xinhao Wang,0.637,1.0,0.5,0.25,0.006,3,23,2,University of Delaware,https://orcid.org/0000-0001-6927-3267,pending,,,
620,Priyanka DeSouza,"University of Colorado, Denver",openalex,A5065161673,Priyanka deSouza,0.981,1.0,1.0,0.876,0.599,113,1809,24,University of Denver,https://orcid.org/0000-0002-2618-4050,accepted,matcher,2026-09-14,
620,Priyanka DeSouza,"University of Colorado, Denver",openalex,A5099890499,Priyanka Desouza,0.9,1.0,1.0,1.0,0.0,1,0,0,University of Denver,,pending,,,
620,Priyanka DeSouza,"University of Colorado, Denver",openalex,A5133684840,Priyanka deSouza,0.85,1.0,1.0,0.667,0.0,1,0,0,University of Denver,,pending,,,
620,Priyanka DeSouza,"University of Colorado, Denver",openalex,A5008879994,Priyanka deSouza,0.6,1.0,0.0,1.0,0.0,2,1,1,Massachusetts Institute of Technology,,pending,,,
620,Priyanka DeSouza,"University of Colorado, Denver",openalex,A5137357397,Priyanka deSouza,0.6,1.0,0.0,1.0,0.0,1,0,0,University of Denver,,pending,,,
622,Carrie Makarewicz,"University of Colorado, Denver",openalex,A5004957571,Carrie Makarewicz,1.0,1.0,1.0,1.0,0.716,38,734,13,University of Denver,https://orcid.org/0000-0002-6964-8927,accepted,matcher,2026-09-14,
623,Jeremy Nemeth,"University of Colorado, Denver",openalex,A5004607325,Jeremy Németh,1.0,1.0,1.0,1.0,0.616,51,2929,23,University of Denver,,accepted,matcher,2026-09-14,
623,Jeremy Nemeth,"University of Colorado, Denver",openalex,A5028152272,Jeremy Hattosh-Nemeth,0.45,1.0,0.0,0.0,0.0,4,1,1,,,pending,,,
624,Manish Shirgaokar,"University of Colorado, Denver",openalex,A5008488651,Manish Shirgaokar,1.0,1.0,1.0,1.0,0.783,55,763,17,University of Denver,https://orcid.org/0000-0001-6458-1885,accepted,matcher,2026-09-14,
625,Austin Troy,"University of Colorado, Denver",openalex,A5083982052,Austin Troy,1.0,1.0,1.0,1.0,0.702,93,7085,33,University of Denver,https://orcid.org/0000-0003-3003-2532,accepted,matcher,2026-09-14,
625,Austin Troy,"University of Colorado, Denver",openalex,A5093485957,AUSTIN TROY,0.6,1.0,0.0,1.0,0.002,1,18,1,,,pending,,,
625,Austin Troy,"University of Colorado, Denver",openalex,A5100466584,Austin Troy,0.6,1.0,0.0,1.0,0.0,6,0,0,,,pending,,,
625,Austin Troy,"University of Colorado, Denver",openalex,A5104756978,Austin Troy,0.6,1.0,0.0,1.0,0.0,1,0,0,,,pending,,,
625,Austin Troy,"University of Colorado, Denver",openalex,A5104756984,Austin Troy,0.6,1.0,0.0,1.0,0.0,1,0,0,,,pending,,,
626,Nina David,University of Delaware,openalex,A5028514938,Nina P. David,0.944,1.0,1.0,0.625,0.608,20,262,9,University of Delaware,https://orcid.org/0000-0002-3415-808X,accepted,matcher,2026-09-14,
626,Nina David,University of Delaware,openalex,A5134820234,Nina David,0.9,1.0,1.0,1.0,0.0,5,0,0,University of Delaware,,pending,,,
626,Nina David,University of Delaware,openalex,A5082958430,Nina Blöndal David A. Raitzer,0.6,1.0,0.0,1.0,0.014,1,6,1,,,pending,,,
626,Nina David,University of Delaware,openalex,A5141593861,David Nina,0.6,1.0,0.0,1.0,0.0,1,0,0,Université Toulouse - Jean Jaurès,,pending,,,
626,Nina David,University of Delaware,openalex,A5116557961,Nina de Oliveira David,0.6,1.0,0.0,1.0,0.0,1,0,0,,,pending,,,
628,Jonathan Justice,University of Delaware,openalex,A5035732347,Jonathan B. Justice,1.0,1.0,1.0,1.0,0.411,61,657,14,University of Delaware,https://orcid.org/0000-0003-2195-2329,accepted,matcher,2026-09-14,
628,Jonathan Justice,University of Delaware,openalex,A5018932492,Justice Wiston Amstrong Jonathan,0.588,0.92,0.0,0.824,0.059,23,95,5,University of Health and Allied Sciences,https://orcid.org/0000-0001-9050-5421,pending,,,
628,Jonathan Justice,University of Delaware,openalex,A5031303983,Jonathan Justice,0.45,1.0,0.0,0.0,0.009,2,15,1,University of South Carolina,,pending,,,
628,Jonathan Justice,University of Delaware,openalex,A5039080621,Jonathan Scott Justice,0.45,1.0,0.0,0.0,0.003,1,5,1,Louisiana State University,,pending,,,
629,John McNutt,University of Delaware,openalex,A5077426702,John G. McNutt,1.0,1.0,1.0,1.0,0.497,134,1212,19,University of Delaware,https://orcid.org/0000-0002-5172-9163,accepted,matcher,2026-09-14,
629,John McNutt,University of Delaware,openalex,A5068715171,John C. McNutt,0.6,1.0,0.0,1.0,0.0,1,1,1,,,pending,,,
629,John McNutt,University of Delaware,openalex,A5048236635,Jamie John McNutt,0.562,0.92,0.0,0.323,0.958,12,2337,8,Southern Illinois University Carbondale,,pending,,,
629,John McNutt,University of Delaware,openalex,A5040268244,John G. McNutt,0.45,1.0,0.0,0.0,0.012,2,30,1,Indiana University Bloomington,,pending,,,
629,John McNutt,University of Delaware,openalex,A5111517435,John Dewight McNutt,0.45,1.0,0.0,0.0,0.011,2,28,1,The University of Texas at Arlington,,pending,,,
630,Andrea Pierce,University of Delaware,openalex,A5034530176,Andrea L. Pierce,0.921,1.0,1.0,0.471,0.205,23,488,10,University of Delaware,https://orcid.org/0000-0001-9941-5764,accepted,matcher,2026-09-14,
630,Andrea Pierce,University of Delaware,openalex,A5113439711,Andrea Pierce,0.6,1.0,0.0,1.0,0.007,5,17,2,Toronto Metropolitan University,,pending,,,
630,Andrea Pierce,University of Delaware,openalex,A5135807993,Andrea O. Pierce,0.55,1.0,0.0,0.667,0.0,2,0,0,Carleton University,,pending,,,
630,Andrea Pierce,University of Delaware,openalex,A5117233297,Andrea L Pierce,0.45,1.0,0.0,0.0,0.001,1,3,1,Uniformed Services University of the Health Sciences,,pending,,,
630,Andrea Pierce,University of Delaware,openalex,A5049378641,Andrea K. Pierce,0.45,1.0,0.0,0.0,0.0,1,1,1,,,pending,,,
631,Abhinav Alakshendra,University of Florida,openalex,A5083476149,Abhinav Alakshendra,1.0,1.0,1.0,1.0,0.638,27,146,7,,https://orcid.org/0000-0003-0153-0233,accepted,matcher,2026-09-14,
631,Abhinav Alakshendra,University of Florida,openalex,A5115717968,Abhinav Alakshendra,0.9,1.0,1.0,1.0,0.0,1,0,0,University of Florida,,pending,,,
631,Abhinav Alakshendra,University of Florida,openalex,A5118970737,Abhinav Alakshendra,0.825,1.0,1.0,0.5,0.004,1,1,1,University of Florida,,pending,,,
631,Abhinav Alakshendra,University of Florida,openalex,A5144268168,Abhinav Alakshendra,0.8,1.0,1.0,0.333,0.0,1,0,0,University of Florida,,pending,,,
632,Ilir Bejleri,University of Florida,openalex,A5071777797,Ilir Bejleri,0.933,1.0,1.0,0.551,0.555,51,345,10,University of Florida,,accepted,matcher,2026-09-14,
635,Kristin Larsen,University of Florida,openalex,A5091849508,Kristin E. Larsen,0.864,1.0,1.0,0.761,14.115,73,4531,20,University of Florida,https://orcid.org/0000-0002-4014-2543,rejected,audit_matches,2026-09-15,
635,Kristin Larsen,University of Florida,openalex,A5050048641,Kristin Lind-Larsen,0.625,1.0,0.0,0.5,0.115,2,37,1,University of Bergen,,pending,,,
635,Kristin Larsen,University of Florida,openalex,A5014310198,Kristin M. Larsen,0.6,1.0,0.0,1.0,0.009,1,3,1,University of Pennsylvania,,pending,,,
635,Kristin Larsen,University of Florida,openalex,A5067504938,Kristin A. Larsen,0.575,1.0,0.0,0.5,0.069,2,22,2,The University of Texas at San Antonio Health Science Center,,pending,,,
635,Kristin Larsen,University of Florida,openalex,A5005868083,Kristin Tveitan Larsen,0.56,1.0,0.0,0.067,0.252,12,81,5,Oslo University Hospital,https://orcid.org/0000-0002-1310-8243,pending,,,
638,Renee Tapp,University of Florida,openalex,A5079538021,Renee Tapp,1.0,1.0,1.0,1.0,0.804,18,234,7,University of North Carolina at Chapel Hill,https://orcid.org/0000-0002-2893-2534,accepted,matcher,2026-09-14,
638,Renee Tapp,University of Florida,openalex,A5149014584,"Ronald Gilliam, director; Jim Senti, scenic designer; Emily Brand, lighting design; Laurel Iddings, costume designer; Nicole Cormaci, sound design; Renee Tapp, movement",0.489,0.92,0.0,0.5,0.0,1,0,0,,,pending,,,
639,Emre Tepe,University of Florida,openalex,A5083381729,Emre Tepe,0.988,1.0,1.0,0.923,0.836,22,168,8,University of Florida,https://orcid.org/0000-0001-8575-2401,accepted,matcher,2026-09-14,
641,Shenhao Wang,University of Florida,openalex,A5101998459,Shenhao Wang,0.966,1.0,1.0,0.771,0.716,96,1222,19,University of Florida,https://orcid.org/0000-0003-4374-8193,accepted,matcher,2026-09-14,
641,Shenhao Wang,University of Florida,openalex,A5136471743,Shenhao Wang,0.562,1.0,0.0,0.75,0.0,3,0,0,,,pending,,,
641,Shenhao Wang,University of Florida,openalex,A5115591122,Shenhao Wang,0.55,1.0,0.0,0.0,0.316,31,540,12,,,pending,,,
641,Shenhao Wang,University of Florida,openalex,A5055616275,Shenhao Wang,0.55,1.0,0.0,0.333,0.032,2,54,2,Second Affiliated Hospital of Xi'an Jiaotong University,https://orcid.org/0000-0002-9760-9044,pending,,,
641,Shenhao Wang,University of Florida,openalex,A5028351756,Shenhao Wang,0.55,1.0,0.0,0.667,0.004,1,7,1,,,pending,,,
644,Mark Reinberger,University of Georgia,openalex,A5083066270,Mark Reinberger,1.0,1.0,1.0,1.0,0.135,24,18,2,,,accepted,matcher,2026-09-14,
645,Rosanna Rivero,University of Georgia,openalex,A5061824969,Rosanna G. Rivero,1.0,1.0,1.0,1.0,0.606,29,699,15,University of Georgia,https://orcid.org/0000-0002-9896-3678,accepted,matcher,2026-09-14,
645,Rosanna Rivero,University of Georgia,openalex,A5071196084,Rosanna L. Rivero,0.6,1.0,0.0,1.0,0.003,1,3,1,,,pending,,,
645,Rosanna Rivero,University of Georgia,openalex,A5114235021,Rosanna Rivero,0.6,1.0,0.0,1.0,0.0,1,0,0,,,pending,,,
648,Umit Yilmaz,University of Georgia,openalex,A5101340626,Ümit Yılmaz,0.977,1.0,1.0,0.846,0.152,19,14,2,Balıkesir University,,accepted,matcher,2026-09-14,
648,Umit Yilmaz,University of Georgia,openalex,A5059565287,Ümit Yılmaz,0.636,1.0,0.0,0.571,0.522,17,48,5,Balıkesir University,https://orcid.org/0000-0003-4268-8598,pending,,,
648,Umit Yilmaz,University of Georgia,openalex,A5014147825,Ümit Yılmaz,0.621,1.0,0.0,0.474,0.315,13,29,3,eBay (Ireland),https://orcid.org/0000-0003-2918-7799,pending,,,
648,Umit Yilmaz,University of Georgia,openalex,A5092263070,Umit Yilmaz,0.6,1.0,0.0,1.0,0.0,1,0,0,,,pending,,,
648,Umit Yilmaz,University of Georgia,openalex,A5145114487,Ümit Yilmaz,0.6,1.0,0.0,1.0,0.0,1,0,0,,,pending,,,
650,Wayne Caldwell,University of Guelph,openalex,A5079843276,Wayne Caldwell,0.984,1.0,1.0,0.894,0.326,62,441,10,University of Guelph,,accepted,matcher,2026-09-14,
650,Wayne Caldwell,University of Guelph,openalex,A5004282587,Wayne T. Caldwell,0.6,1.0,0.0,1.0,0.0,1,0,0,,,pending,,,
650,Wayne Caldwell,University of Guelph,openalex,A5128440056,Wayne Caldwell Neely Collection Of Shorthorn Cattle Catalogs.,0.55,1.0,0.0,0.667,0.0,8,0,0,,,pending,,,
650,Wayne Caldwell,University of Guelph,openalex,A5047061680,Wayne Caldwell Neely,0.525,1.0,0.0,0.5,0.01,3,13,1,New York University Press,,pending,,,
650,Wayne Caldwell,University of Guelph,openalex,A5071429120,John Archibald Wayne Caldwell,0.493,0.799,0.0,0.222,0.179,9,242,3,,,pending,,,
651,Leith Deacon,University of Guelph,openalex,A5066279137,Leith Deacon,0.967,1.0,1.0,0.778,0.467,34,328,12,University of Guelph,https://orcid.org/0000-0002-4858-3722,accepted,matcher,2026-09-14,
652,Sara Epp,University of Guelph,openalex,A5090734776,Sara Epp,0.961,1.0,1.0,0.742,0.653,28,62,4,University of Guelph,https://orcid.org/0000-0001-8386-4135,accepted,matcher,2026-09-14,
652,Sara Epp,University of Guelph,openalex,A5120149935,Sara Epp,0.9,1.0,1.0,1.0,0.0,1,0,0,University of Guelph,,pending,,,
652,Sara Epp,University of Guelph,openalex,A5116632485,Sara Epp,0.825,1.0,1.0,0.5,0.0,1,0,0,University of Guelph,,pending,,,
652,Sara Epp,University of Guelph,openalex,A5096963849,Sara Epp and James Newlands,0.825,1.0,1.0,0.5,0.0,1,0,0,University of Guelph,,pending,,,
652,Sara Epp,University of Guelph,openalex,A5029343961,Sara Van Epp,0.55,1.0,0.0,0.0,0.505,2,48,2,,,pending,,,
654,Dave Guyadeen,University of Guelph,openalex,A5021457619,Dave Guyadeen,0.968,1.0,1.0,0.789,0.584,15,410,7,,https://orcid.org/0000-0002-5628-6736,accepted,matcher,2026-09-14,
655,Silvia Sarapura,University of Guelph,openalex,A5072450376,Silvia Sarapura,1.0,1.0,1.0,1.0,0.465,18,223,4,University of Guelph,,accepted,matcher,2026-09-14,
655,Silvia Sarapura,University of Guelph,openalex,A5078110218,Silvia Sarapura–Escobar,0.9,1.0,1.0,1.0,0.025,5,12,1,,,pending,,,
655,Silvia Sarapura,University of Guelph,openalex,A5120810171,Silvia Sarapura Escobar,0.9,1.0,1.0,1.0,0.0,1,0,0,University of Guelph,,pending,,,
655,Silvia Sarapura,University of Guelph,openalex,A5129391574,Silvia Sarapura Escobar,0.9,1.0,1.0,1.0,0.0,1,0,0,University of Guelph,,pending,,,
655,Silvia Sarapura,University of Guelph,openalex,A5148503446,Silvia Sarapura-Escobar,0.9,1.0,1.0,1.0,0.0,1,0,0,University of Guelph,,pending,,,
658,Priyam Das,University of Hawaii,openalex,A5102752586,Priyam Das,0.968,1.0,1.0,0.786,0.334,11,201,6,University of Hawaiʻi at Mānoa,,accepted,matcher,2026-09-14,
658,Priyam Das,University of Hawaii,openalex,A5006206163,Priyam Das,0.625,1.0,0.0,0.5,0.414,8,249,5,"University of California, Irvine",https://orcid.org/0000-0003-0706-8721,pending,,,
658,Priyam Das,University of Hawaii,openalex,A5135038314,Priyam Das,0.6,1.0,0.0,1.0,0.0,1,0,0,EP Analytics (United States),,pending,,,
658,Priyam Das,University of Hawaii,openalex,A5134935382,Priyam Das,0.6,1.0,0.0,1.0,0.0,1,0,0,Budge Budge Institute of Technology,,pending,,,
658,Priyam Das,University of Hawaii,openalex,A5007525600,Priyam Das,0.55,1.0,0.0,0.0,0.967,63,581,13,Virginia Commonwealth University,https://orcid.org/0000-0003-2384-0486,pending,,,
659,Peter Flachsbart,University of Hawaii,openalex,A5041868199,Peter G. Flachsbart,0.971,1.0,1.0,0.805,0.698,31,441,11,University of Hawaii System,,accepted,matcher,2026-09-14,
660,Karl Kim,University of Hawaii,openalex,A5056007363,Karl Kim,0.956,1.0,1.0,0.709,0.671,199,3395,32,,https://orcid.org/0000-0003-0528-8747,accepted,matcher,2026-09-14,
660,Karl Kim,University of Hawaii,openalex,A5135494808,Karl Kim,0.78,1.0,1.0,0.2,0.0,4,0,0,University of Hawaii System,https://orcid.org/0000-0003-0528-8747,pending,,,
660,Karl Kim,University of Hawaii,openalex,A5070200010,Karl H. S. Kim,0.569,1.0,0.0,0.125,0.313,7,1585,6,Theravance Biopharma (United States),,pending,,,
660,Karl Kim,University of Hawaii,openalex,A5020627567,Karl C. Yu Kim Teng,0.5,1.0,0.0,0.0,0.08,8,407,4,Universität Hamburg,,pending,,,
660,Karl Kim,University of Hawaii,openalex,A5053226980,Karl Yu Kim Teng,0.5,1.0,0.0,0.0,0.036,4,182,3,,,pending,,,
661,Dan Milz,University of Hawaii,openalex,A5037285008,Dan Milz,0.976,1.0,1.0,0.842,0.616,21,290,10,University of Hawaiʻi at Mānoa,https://orcid.org/0000-0002-8108-7800,accepted,matcher,2026-09-14,
661,Dan Milz,University of Hawaii,openalex,A5135227984,Dan Milz,0.57,1.0,0.0,0.8,0.0,2,0,0,University of Hawaiʻi at Mānoa,https://orcid.org/0000-0002-8108-7800,pending,,,
662,Subhashni Raj,University of Hawaii,openalex,A5061890732,Subhashni Raj,0.953,1.0,1.0,0.684,0.703,15,234,7,University of Hawaiʻi at Mānoa,https://orcid.org/0000-0002-4000-698X,accepted,matcher,2026-09-14,
662,Subhashni Raj,University of Hawaii,openalex,A5122386390,Subhashni Raj,0.6,1.0,0.0,1.0,0.0,3,0,0,University of Hawaiʻi at Mānoa,,pending,,,
662,Subhashni Raj,University of Hawaii,openalex,A5133416418,Subhashni Raj,0.525,1.0,0.0,0.5,0.0,1,0,0,University of Hawaiʻi at Mānoa,,pending,,,
662,Subhashni Raj,University of Hawaii,openalex,A5043785628,Subhashni Raj,0.51,1.0,0.0,0.4,0.009,2,3,1,,,pending,,,
663,Suwan Shen,University of Hawaii,openalex,A5087297149,Suwan Shen,0.97,1.0,1.0,0.8,0.813,25,509,11,University of Hawaiʻi at Mānoa,https://orcid.org/0000-0002-8339-3000,accepted,matcher,2026-09-14,
664,Ning Ai,"University of Illinois, Chicago",openalex,A5084558097,Ning Ai,0.953,1.0,1.0,0.684,0.778,21,535,8,Urban Institute,https://orcid.org/0000-0003-3391-491X,accepted,matcher,2026-09-14,
664,Ning Ai,"University of Illinois, Chicago",openalex,A5086740437,Ning Ai,0.651,1.0,0.0,0.675,0.427,35,294,10,Yan'an University,https://orcid.org/0000-0001-7317-4050,pending,,,
664,Ning Ai,"University of Illinois, Chicago",openalex,A5006746769,Ai Ning Zhang,0.566,0.703,0.0,1.0,0.346,3,238,2,Xi'an University of Architecture and Technology,,pending,,,
664,Ning Ai,"University of Illinois, Chicago",openalex,A5087137440,Ning Ai,0.562,1.0,0.0,0.077,0.199,6,137,1,Jilin University,,pending,,,
664,Ning Ai,"University of Illinois, Chicago",openalex,A5027873098,Ning Ai,0.55,1.0,0.0,0.0,0.257,15,177,7,Shihezi University,https://orcid.org/0000-0002-4791-4307,pending,,,
665,Kheir Al-Kodmany,"University of Illinois, Chicago",openalex,A5089335039,Kheir Al‐Kodmany,1.0,1.0,1.0,1.0,0.526,126,2954,25,University of Illinois System,https://orcid.org/0000-0002-4138-267X,accepted,matcher,2026-09-14,
665,Kheir Al-Kodmany,"University of Illinois, Chicago",openalex,A5080546467,Kheir Al Kodmany,0.9,1.0,1.0,1.0,0.007,1,38,1,University of Illinois Chicago,,pending,,,
665,Kheir Al-Kodmany,"University of Illinois, Chicago",openalex,A5109069171,Kheir Al Kodmany,0.9,1.0,1.0,1.0,0.004,2,24,2,University of Illinois Urbana-Champaign,,pending,,,
665,Kheir Al-Kodmany,"University of Illinois, Chicago",openalex,A5119438962,Kheir M. Al-Kodmany,0.6,1.0,0.0,1.0,0.0,1,0,0,,,pending,,,
665,Kheir Al-Kodmany,"University of Illinois, Chicago",openalex,A5108832383,Kheir Al-Kodmany,0.55,1.0,0.0,0.667,0.0,2,0,0,,,pending,,,
667,John Betancur,"University of Illinois, Chicago",openalex,A5044342226,John J. Betancur,1.0,1.0,1.0,1.0,0.447,61,926,13,,https://orcid.org/0000-0001-8940-1828,accepted,matcher,2026-09-14,
667,John Betancur,"University of Illinois, Chicago",openalex,A5149218689,John Jairo Betancur,0.6,1.0,0.0,1.0,0.0,1,0,0,,,pending,,,
667,John Betancur,"University of Illinois, Chicago",openalex,A5143086037,John J. Betancur,0.6,1.0,0.0,1.0,0.0,1,0,0,,,pending,,,
667,John Betancur,"University of Illinois, Chicago",openalex,A5149385700,John Diego Rodríguez Betancur,0.6,1.0,0.0,1.0,0.0,2,0,0,,,pending,,,
667,John Betancur,"University of Illinois, Chicago",openalex,A5009048937,John Fredy Betancur Pérez,0.6,1.0,0.0,1.0,0.0,1,0,0,Universidad de Manizales,,pending,,,
668,Teresa Cordova,"University of Illinois, Chicago",openalex,A5074562707,Teresa Córdova,0.913,1.0,1.0,0.75,0.093,28,84,6,,https://orcid.org/0000-0002-2512-8671,accepted,matcher,2026-09-14,
668,Teresa Cordova,"University of Illinois, Chicago",openalex,A5055063274,Teresa Córdova,0.662,1.0,0.0,0.75,0.159,9,143,4,,,pending,,,
668,Teresa Cordova,"University of Illinois, Chicago",openalex,A5083232823,Teresa Córdova Constantino,0.6,1.0,0.0,1.0,0.004,1,4,1,,https://orcid.org/0000-0002-0324-2481,pending,,,
668,Teresa Cordova,"University of Illinois, Chicago",openalex,A5045031282,Teresa I. Córdova,0.6,1.0,0.0,1.0,0.002,1,2,1,,,pending,,,
668,Teresa Cordova,"University of Illinois, Chicago",openalex,A5141187913,Teresa Chabouty Córdova,0.6,1.0,0.0,1.0,0.0,1,0,0,Universidad de La Frontera,https://orcid.org/0009-0005-5259-6808,pending,,,
669,Joshua Drucker,"University of Illinois, Chicago",openalex,A5011423120,Joshua Drucker,1.0,1.0,1.0,1.0,0.562,71,1701,17,,https://orcid.org/0000-0002-6322-6395,accepted,matcher,2026-09-14,
669,Joshua Drucker,"University of Illinois, Chicago",openalex,A5142687039,Joshua Drucker,0.6,1.0,0.0,1.0,0.0,1,0,0,,,pending,,,
670,April Jackson,"University of Illinois, Chicago",openalex,A5044763456,April Jackson,0.95,1.0,1.0,1.0,2.857,33,300,12,University of Illinois Chicago,https://orcid.org/0000-0002-7530-6421,accepted,matcher,2026-09-14,
670,April Jackson,"University of Illinois, Chicago",openalex,A5014624884,April Jackson-Gilfort,0.7,1.0,0.0,1.0,1.219,3,128,2,University of Miami,,pending,,,
670,April Jackson,"University of Illinois, Chicago",openalex,A5065772565,april l. graham-jackson,0.67,1.0,0.0,0.8,0.21,3,22,2,"University of California, Berkeley",,pending,,,
670,April Jackson,"University of Illinois, Chicago",openalex,A5030930432,April Jackson,0.6,1.0,0.0,1.0,0.0,2,0,0,,,pending,,,
670,April Jackson,"University of Illinois, Chicago",openalex,A5004016798,April Hill-Jackson,0.6,1.0,0.0,1.0,0.0,1,0,0,,,pending,,,
671,Kazuya Kawamura,"University of Illinois, Chicago",openalex,A5029359005,Kazuya Kawamura,0.977,1.0,1.0,0.844,0.585,80,1234,19,University of Illinois System,,accepted,matcher,2026-09-14,
671,Kazuya Kawamura,"University of Illinois, Chicago",openalex,A5038678566,Kazuya KAWAMURA,0.6,1.0,0.0,1.0,0.0,3,0,0,,,pending,,,
671,Kazuya Kawamura,"University of Illinois, Chicago",openalex,A5014322597,Kazuya Kawamura,0.55,1.0,0.0,0.0,0.275,164,580,14,Chiba University,https://orcid.org/0000-0002-2736-1311,pending,,,
671,Kazuya Kawamura,"University of Illinois, Chicago",openalex,A5145821784,Kazuya Kawamura,0.547,1.0,0.0,0.645,0.0,26,0,0,,,pending,,,
671,Kazuya Kawamura,"University of Illinois, Chicago",openalex,A5102368347,Kazuya Kawamura,0.536,1.0,0.0,0.571,0.0,5,1,1,,,pending,,,
673,Kate Lowe,"University of Illinois, Chicago",openalex,A5044382910,Kate Lowe,0.95,1.0,1.0,1.0,1.572,101,838,18,University of Illinois Urbana-Champaign,,accepted,matcher,2026-09-14,
673,Kate Lowe,"University of Illinois, Chicago",openalex,A5138622618,Kate Lowe,0.9,1.0,1.0,1.0,0.0,1,0,0,University of Illinois Chicago,,pending,,,
673,Kate Lowe,"University of Illinois, Chicago",openalex,A5122117090,Kate Lowe,0.9,1.0,1.0,1.0,0.0,1,0,0,University of Illinois Chicago,,pending,,,
673,Kate Lowe,"University of Illinois, Chicago",openalex,A5020677297,Kate Lowe,0.6,1.0,0.0,1.0,0.004,1,2,1,Newtown Hospital,,pending,,,
673,Kate Lowe,"University of Illinois, Chicago",openalex,A5070413039,Kate Frances Ann Lowe,0.575,1.0,0.0,0.833,0.013,3,7,1,,,pending,,,
674,Brenda Parker,"University of Illinois, Chicago",openalex,A5003994105,Brenda Parker,1.0,1.0,1.0,1.0,0.584,26,925,14,University of Illinois System,,accepted,matcher,2026-09-14,
674,Brenda Parker,"University of Illinois, Chicago",openalex,A5048833243,Brenda C. Parker,0.83,1.0,1.0,0.2,0.098,24,155,8,University of Illinois Chicago,https://orcid.org/0000-0002-5008-3591,pending,,,
674,Brenda Parker,"University of Illinois, Chicago",openalex,A5006886906,Brenda W. Parker,0.605,1.0,0.0,0.364,0.164,11,259,8,Medical University of South Carolina,,pending,,,
674,Brenda Parker,"University of Illinois, Chicago",openalex,A5034870647,Brenda Parker,0.601,1.0,0.0,0.343,0.643,58,1018,19,Biochemical Society,https://orcid.org/0000-0002-4869-9637,pending,,,
674,Brenda Parker,"University of Illinois, Chicago",openalex,A5007260356,Brenda J Parker,0.6,1.0,0.0,1.0,0.0,1,0,0,,,pending,,,
675,Stacey Sutton,"University of Illinois, Chicago",openalex,A5004914918,Stacey A. Sutton,0.965,1.0,1.0,0.769,0.468,16,297,6,,,accepted,matcher,2026-09-14,
675,Stacey Sutton,"University of Illinois, Chicago",openalex,A5144027596,Stacey A. Sutton,0.6,1.0,0.0,1.0,0.009,1,6,1,,,pending,,,
676,Nik Theodore,"University of Illinois, Chicago",openalex,A5047602207,Nik Theodore,1.0,1.0,1.0,1.0,0.49,153,16808,48,,https://orcid.org/0000-0001-6629-779X,accepted,matcher,2026-09-14,
676,Nik Theodore,"University of Illinois, Chicago",openalex,A5137087925,Nik Theodore,0.54,1.0,0.0,0.6,0.0,16,0,0,,,pending,,,
677,Nebiyou Tilahun,"University of Illinois, Chicago",openalex,A5020348090,Nebiyou Tilahun,0.981,1.0,1.0,0.873,0.67,72,1606,16,University of Illinois Chicago,https://orcid.org/0000-0001-9127-4581,accepted,matcher,2026-09-14,
679,Lindsay Braun,"University of Illinois, Urbana-Champaign",openalex,A5027062366,Lindsay M. Braun,0.972,1.0,1.0,0.815,0.741,33,741,12,University of Illinois Urbana-Champaign,https://orcid.org/0000-0003-3398-0204,accepted,matcher,2026-09-14,
679,Lindsay Braun,"University of Illinois, Urbana-Champaign",openalex,A5046764901,Lindsay Frederick Braun,0.68,1.0,0.0,0.867,0.201,37,201,6,University of Oregon,https://orcid.org/0000-0002-3790-4412,pending,,,
679,Lindsay Braun,"University of Illinois, Urbana-Champaign",openalex,A5037715599,Lindsay R. Braun,0.6,1.0,0.0,1.0,0.0,1,0,0,,,pending,,,
679,Lindsay Braun,"University of Illinois, Urbana-Champaign",openalex,A5111606546,Lindsay C. Braun,0.56,1.0,0.0,0.4,0.052,2,52,2,"University of California, San Francisco",,pending,,,
679,Lindsay Braun,"University of Illinois, Urbana-Champaign",openalex,A5073864085,Lindsay P. Braun,0.55,1.0,0.0,0.333,0.084,1,84,1,University of Washington,,pending,,,
680,Colleen Chiu-Shee,"University of Illinois, Urbana-Champaign",openalex,A5005239719,Colleen Chiu-Shee,1.0,1.0,1.0,1.0,0.703,14,116,3,,,accepted,matcher,2026-09-14,
681,Marc Doussard,"University of Illinois, Urbana-Champaign",openalex,A5035113729,Marc Doussard,1.0,1.0,1.0,1.0,0.61,93,970,15,University of Illinois Urbana-Champaign,https://orcid.org/0000-0001-9355-9361,accepted,matcher,2026-09-14,
681,Marc Doussard,"University of Illinois, Urbana-Champaign",openalex,A5042214231,Philip Ashton Marc Doussard Rachel Weber,0.441,0.647,0.0,1.0,0.003,1,5,1,,,pending,,,
684,Andrew Greenlee,"University of Illinois, Urbana-Champaign",openalex,A5043611333,Andrew J. Greenlee,1.0,1.0,1.0,1.0,0.467,72,845,18,University of Illinois Urbana-Champaign,https://orcid.org/0000-0002-2790-673X,accepted,matcher,2026-09-14,
684,Andrew Greenlee,"University of Illinois, Urbana-Champaign",openalex,A5124723340,Andrew Greenlee,0.9,1.0,1.0,1.0,0.001,1,1,1,University of Illinois Urbana-Champaign,,pending,,,
684,Andrew Greenlee,"University of Illinois, Urbana-Champaign",openalex,A5140737586,Andrew J. Greenlee,0.9,1.0,1.0,1.0,0.0,1,0,0,University of Illinois Urbana-Champaign,,pending,,,
684,Andrew Greenlee,"University of Illinois, Urbana-Champaign",openalex,A5086256993,Andrew J. Greenlee,0.8,1.0,1.0,0.0,0.093,13,168,8,University of Illinois Urbana-Champaign,https://orcid.org/0000-0002-9085-6309,pending,,,
684,Andrew Greenlee,"University of Illinois, Urbana-Champaign",openalex,A5031886748,Andrew B. Greenlee,0.55,1.0,0.0,0.667,0.009,2,16,2,Florida A&M University - Florida State University College of Engineering,,pending,,,
685,Bumsoo Lee,"University of Illinois, Urbana-Champaign",openalex,A5085786759,Bumsoo Lee,1.0,1.0,1.0,1.0,0.756,69,1892,20,Gangneung–Wonju National University,https://orcid.org/0000-0001-8718-2609,accepted,matcher,2026-09-14,
685,Bumsoo Lee,"University of Illinois, Urbana-Champaign",openalex,A5062745233,Bumsoo Lee,0.525,1.0,0.0,0.5,0.0,1,0,0,,,pending,,,
685,Bumsoo Lee,"University of Illinois, Urbana-Champaign",openalex,A5149459140,Bumsoo LEE,0.5,1.0,0.0,0.333,0.0,1,0,0,,,pending,,,
685,Bumsoo Lee,"University of Illinois, Urbana-Champaign",openalex,A5109453116,Bumsoo Lee,0.45,1.0,0.0,0.0,0.023,10,58,4,,,pending,,,
685,Bumsoo Lee,"University of Illinois, Urbana-Champaign",openalex,A5008362224,Koo BonSung BaekHeeJin Lee ChangMuk Sim JunSu Hahn BumSoo,0.317,0.538,0.0,0.5,0.0,1,0,0,,,pending,,,
686,Faranak Miraftab,"University of Illinois, Urbana-Champaign",openalex,A5091377191,Faranak Miraftab,1.0,1.0,1.0,1.0,0.503,59,3336,25,University of Illinois Urbana-Champaign,,accepted,matcher,2026-09-14,
687,Magdalena Novoa,"University of Illinois, Urbana-Champaign",openalex,A5067684089,Magdalena Novoa,0.936,1.0,1.0,0.571,0.651,11,125,5,,https://orcid.org/0000-0002-6582-8429,accepted,matcher,2026-09-14,
687,Magdalena Novoa,"University of Illinois, Urbana-Champaign",openalex,A5046525656,Magdalena Novoa Castope,0.6,1.0,0.0,1.0,0.0,1,0,0,Universidad Privada Antonio Guillermo Urrelo,,pending,,,
687,Magdalena Novoa,"University of Illinois, Urbana-Champaign",openalex,A5017737021,Magdalena Novoa E.,0.55,1.0,0.0,0.667,0.0,1,0,0,,,pending,,,
687,Magdalena Novoa,"University of Illinois, Urbana-Champaign",openalex,A5074497714,María Magdalena Novoa Hernández,0.489,0.92,0.0,0.5,0.0,1,0,0,,,pending,,,
687,Magdalena Novoa,"University of Illinois, Urbana-Champaign",openalex,A5104599690,Magdalena Novoa E.,0.45,1.0,0.0,0.0,0.01,1,2,1,,,pending,,,
688,Rolf Pendall,"University of Illinois, Urbana-Champaign",openalex,A5011829374,Rolf Pendall,1.0,1.0,1.0,1.0,0.425,63,4261,22,University of Illinois Urbana-Champaign,https://orcid.org/0000-0001-8516-495X,accepted,matcher,2026-09-14,
688,Rolf Pendall,"University of Illinois, Urbana-Champaign",openalex,A5150277654,Rolf Pendall,0.6,1.0,0.0,1.0,0.0,1,0,0,,,pending,,,
689,Omar Perez-Figueroa,"University of Illinois, Urbana-Champaign",openalex,A5094250976,Omar Pérez Figueroa,1.0,1.0,1.0,1.0,0.492,9,97,3,,https://orcid.org/0000-0003-1333-9751,accepted,matcher,2026-09-14,
689,Omar Perez-Figueroa,"University of Illinois, Urbana-Champaign",openalex,A5133340212,Omar Pérez Figueroa,0.825,1.0,1.0,0.5,0.0,1,0,0,University of Illinois Urbana-Champaign,,pending,,,
689,Omar Perez-Figueroa,"University of Illinois, Urbana-Champaign",openalex,A5049139539,Omar Perez‐Figueroa,0.657,1.0,0.0,0.714,0.36,5,71,3,Universidad Nacional Autónoma de México,https://orcid.org/0000-0002-5657-7058,pending,,,
690,Rebecca Walker,"University of Illinois, Urbana-Champaign",openalex,A5087199768,Rebecca Walker,0.95,1.0,1.0,1.0,2.042,14,194,7,University of Illinois Urbana-Champaign,https://orcid.org/0000-0002-0200-6874,accepted,matcher,2026-09-14,
690,Rebecca Walker,"University of Illinois, Urbana-Champaign",openalex,A5016522425,Rebecca Walker,0.75,1.0,0.5,1.0,9.663,61,918,13,,https://orcid.org/0000-0002-2063-9683,rejected,audit_matches,2026-09-16,rejected 2026-09-16: OpenAlex 918 citations against 95 from pop (9.7x); probable namesake
690,Rebecca Walker,"University of Illinois, Urbana-Champaign",openalex,A5032999077,Rebecca Walker,0.7,1.0,0.5,0.0,0.474,1,45,1,Penn Presbyterian Medical Center,,pending,,,
690,Rebecca Walker,"University of Illinois, Urbana-Champaign",openalex,A5019500609,Rebecca L. Walker,0.665,1.0,0.5,0.436,12.305,132,1169,19,University of North Carolina at Chapel Hill,https://orcid.org/0000-0003-3789-3992,rejected,audit_matches,2026-09-16,"rejected 2026-09-16: OpenAlex 1,169 citations against 95 from pop (12.3x); probable namesake"
690,Rebecca Walker,"University of Illinois, Urbana-Champaign",openalex,A5037333666,Rebecca Walker,0.65,1.0,0.0,0.667,0.305,3,29,2,Natural England,,pending,,,
691,Jerry Anthony,University of Iowa,openalex,A5045553097,Jerry Anthony,1.0,1.0,1.0,1.0,0.701,51,648,10,University of Iowa,https://orcid.org/0000-0003-1978-0003,accepted,matcher,2026-09-14,
691,Jerry Anthony,University of Iowa,openalex,A5138169156,Jerry Anthony Schexnayder III,0.6,1.0,0.0,1.0,0.0,1,0,0,,,pending,,,
691,Jerry Anthony,University of Iowa,openalex,A5036487856,Jerry Anthony Hunnicutt,0.5,1.0,0.0,0.333,0.0,1,0,0,,,pending,,,
691,Jerry Anthony,University of Iowa,openalex,A5042730671,Jerry Anthony Chuck Rubins,0.45,1.0,0.0,0.0,0.0,1,0,0,,,pending,,,
691,Jerry Anthony,University of Iowa,openalex,A5072048957,Anthony R. Jerry,0.448,0.662,0.0,1.0,0.017,13,16,3,"University of California, Riverside",,pending,,,
693,Bogdan Kapatsila,University of Iowa,openalex,A5003578784,Bogdan Kapatsila,0.967,1.0,1.0,0.783,1.005,22,211,5,University of Iowa,https://orcid.org/0000-0001-8895-237X,accepted,matcher,2026-09-14,
695,Haifeng Qian,University of Iowa,openalex,A5000033669,Haifeng Qian,0.901,1.0,1.0,0.343,0.974,115,2959,25,University of Iowa,https://orcid.org/0000-0001-8371-5826,accepted,matcher,2026-09-14,
695,Haifeng Qian,University of Iowa,openalex,A5101984520,Haifeng Qian,0.604,1.0,0.0,0.361,0.309,51,938,17,Jiangnan University,https://orcid.org/0000-0003-3219-8202,pending,,,
695,Haifeng Qian,University of Iowa,openalex,A5085590419,Haifeng Qian,0.6,1.0,0.0,1.0,4.722,270,14349,65,Shaoxing University,https://orcid.org/0000-0003-0807-9991,rejected,audit_matches,2026-09-16,"rejected 2026-09-16: OpenAlex 14,349 citations against 3,218 from google_scholar (4.5x); probable namesake"
695,Haifeng Qian,University of Iowa,openalex,A5123168931,Haifeng Qian,0.6,1.0,0.0,1.0,0.001,1,3,1,Shaoxing University,,pending,,,
695,Haifeng Qian,University of Iowa,openalex,A5127879511,Haifeng Qian,0.6,1.0,0.0,1.0,0.001,1,2,1,Shaoxing University,,pending,,,
696,Scott Spak,University of Iowa,openalex,A5068897447,Scott N. Spak,0.927,1.0,1.0,0.516,0.918,86,2882,31,University of Iowa,https://orcid.org/0000-0002-8545-1411,accepted,matcher,2026-09-14,
698,Hye-Sung Han,University of Kansas,openalex,A5074606441,Hye-Sung Han,1.0,1.0,1.0,1.0,0.665,20,276,8,University of Kansas,https://orcid.org/0000-0001-6536-8058,accepted,matcher,2026-09-14,
698,Hye-Sung Han,University of Kansas,openalex,A5011567663,Hye-Sung Han,0.562,1.0,0.0,0.75,0.01,2,4,1,Gyeongguk National University,,pending,,,
698,Hye-Sung Han,University of Kansas,openalex,A5068381676,Hye-Sung Han,0.544,1.0,0.0,0.625,0.027,6,11,3,Korea Rural Economic Institute,,pending,,,
698,Hye-Sung Han,University of Kansas,openalex,A5041376176,Han Hye Sung,0.514,0.92,0.0,0.667,0.0,1,0,0,,,pending,,,
698,Hye-Sung Han,University of Kansas,openalex,A5010177061,Hye Sung Han,0.5,1.0,0.0,0.0,2.041,107,847,17,Chung-Ang University Hospital,https://orcid.org/0000-0002-3556-0740,pending,,,
701,Joel Mendez,University of Kansas,openalex,A5032070091,Joel Mendez,0.989,1.0,1.0,0.929,0.429,7,6,1,Institute of Geography of the Slovak Academy of Sciences,https://orcid.org/0000-0003-0356-1156,accepted,matcher,2026-09-14,
701,Joel Mendez,University of Kansas,openalex,A5092507891,Joel C. Hernández-Méndez,0.67,1.0,0.0,0.8,0.357,2,5,2,Universidad Autónoma de la Ciudad de México,,pending,,,
701,Joel Mendez,University of Kansas,openalex,A5025621183,Joel Sáenz Méndez,0.65,1.0,0.0,1.0,2.5,3,35,3,Centro Agronomico Tropical de Investigacion y Ensenanza Catie,,pending,,,
701,Joel Mendez,University of Kansas,openalex,A5113330103,Joel Caleb Hernandez Mendez,0.65,1.0,0.0,1.0,0.071,1,1,1,,,pending,,,
701,Joel Mendez,University of Kansas,openalex,A5011446952,Jorge Joel Reyes Méndez,0.645,0.92,0.0,0.875,0.214,4,3,1,Universidad Autónoma Metropolitana,https://orcid.org/0000-0002-1899-0378,pending,,,
702,Lisa Bjorkman,University of Louisville,openalex,A5003206953,Lisa Björkman,1.0,1.0,1.0,1.0,0.792,98,1041,13,,,accepted,matcher,2026-09-14,
703,Daniel DeCaro,University of Louisville,openalex,A5075385653,Daniel A. DeCaro,0.979,1.0,1.0,0.862,0.701,53,1165,14,University of Louisville,https://orcid.org/0000-0003-3869-4530,accepted,matcher,2026-09-14,
703,Daniel DeCaro,University of Louisville,openalex,A5139572415,Daniel DeCaro,0.87,1.0,1.0,0.8,0.0,2,0,0,University of Louisville,,pending,,,
704,Patrick Exmeyer,University of Louisville,openalex,A5072535134,Patrick C. Exmeyer,0.919,1.0,1.0,0.462,0.8,13,60,5,University of Louisville Hospital,https://orcid.org/0000-0002-2404-6199,accepted,matcher,2026-09-14,
706,Frank Goetzke,University of Louisville,openalex,A5070369501,Frank Goetzke,1.0,1.0,1.0,1.0,0.608,43,805,15,University of Louisville,,accepted,matcher,2026-09-14,
707,David Imbroscio,University of Louisville,openalex,A5083588280,David Imbroscio,1.0,1.0,1.0,1.0,0.535,77,1421,20,University of Louisville,https://orcid.org/0000-0002-9660-0718,accepted,matcher,2026-09-14,
707,David Imbroscio,University of Louisville,openalex,A5116056632,David Imbroscio,0.9,1.0,1.0,1.0,0.0,1,1,1,University of Louisville,,pending,,,
707,David Imbroscio,University of Louisville,openalex,A5104986928,David Imbroscio,0.6,1.0,0.0,1.0,0.0,1,0,0,,,pending,,,
707,David Imbroscio,University of Louisville,openalex,A5104655926,David Imbroscio,0.525,1.0,0.0,0.5,0.0,1,0,0,,,pending,,,
707,David Imbroscio,University of Louisville,openalex,A5100146219,David Imbroscio,0.525,1.0,0.0,0.5,0.0,1,0,0,,,pending,,,
708,Janet Kelly,University of Louisville,openalex,A5088592489,Janet M. Kelly,0.974,1.0,1.0,0.83,0.511,61,1893,20,,,accepted,matcher,2026-09-14,
708,Janet Kelly,University of Louisville,openalex,A5102880075,Janet Kelly,0.7,1.0,0.0,1.0,0.111,23,411,6,University of Hull,https://orcid.org/0000-0003-3538-8028,pending,,,
708,Janet Kelly,University of Louisville,openalex,A5027710228,Janet Kelly,0.688,1.0,0.0,0.923,0.382,133,1413,20,The University of Adelaide,https://orcid.org/0000-0002-7497-302X,pending,,,
708,Janet Kelly,University of Louisville,openalex,A5021780603,Janet Kelly,0.6,1.0,0.0,0.333,0.17,42,629,11,,https://orcid.org/0009-0006-9833-7315,pending,,,
708,Janet Kelly,University of Louisville,openalex,A5015756460,Janet Kelly Moen,0.6,1.0,0.0,1.0,0.004,4,15,2,United States Institute of Peace,,pending,,,
709,Steven Koven,University of Louisville,openalex,A5060834598,Steven G. Koven,0.948,1.0,1.0,0.651,0.43,123,473,12,University of Louisville,https://orcid.org/0000-0002-3724-2666,accepted,matcher,2026-09-14,
709,Steven Koven,University of Louisville,openalex,A5144037325,Steven Koven,0.5,1.0,0.0,0.333,0.0,1,0,0,,,pending,,,
710,Aaron Rollins,University of Louisville,openalex,A5060186319,Aaron Rollins,1.0,1.0,1.0,1.0,0.595,14,125,5,University of Louisville,,accepted,matcher,2026-09-14,
711,Matthew Ruther,University of Louisville,openalex,A5056648477,Matthew Ruther,0.964,1.0,1.0,0.762,0.327,24,363,9,University of Louisville,https://orcid.org/0000-0002-1375-2792,accepted,matcher,2026-09-14,
712,Margath Walker,University of Louisville,openalex,A5038114992,Margath A. Walker,1.0,1.0,1.0,1.0,0.677,62,327,11,University of Louisville Hospital,https://orcid.org/0000-0002-9006-1100,accepted,matcher,2026-09-14,
712,Margath Walker,University of Louisville,openalex,A5148796430,Margath Walker,0.85,1.0,1.0,0.667,0.0,1,0,0,University of Louisville,,pending,,,
712,Margath Walker,University of Louisville,openalex,A5099158474,Margath A. Walker,0.525,1.0,0.0,0.5,0.0,1,0,0,,,pending,,,
713,Sumei Zhang,University of Louisville,openalex,A5080812283,Sumei Zhang,0.855,1.0,1.0,0.702,11.746,410,7952,48,Shenzhen Institute of Information Technology,https://orcid.org/0000-0001-5779-3281,rejected,audit_matches,2026-09-15,
713,Sumei Zhang,University of Louisville,openalex,A5125141100,Sumei Zhang,0.8,1.0,1.0,0.333,0.0,1,0,0,University of Louisville,,pending,,,
713,Sumei Zhang,University of Louisville,openalex,A5128711332,Sumei Zhang,0.6,1.0,0.0,1.0,0.0,1,0,0,Xi’an University of Posts and Telecommunications,,pending,,,
713,Sumei Zhang,University of Louisville,openalex,A5101951825,Sumei Zhang,0.56,1.0,0.0,0.402,1.513,88,1024,20,Xi’an University of Posts and Telecommunications,https://orcid.org/0000-0002-0459-6126,pending,,,
713,Sumei Zhang,University of Louisville,openalex,A5112080935,Sumei Zhang,0.56,1.0,0.0,0.4,0.077,4,52,1,Henan Academy of Agricultural Sciences,https://orcid.org/0009-0003-4011-7131,pending,,,
714,Raphael Ayambire,University of Manitoba,openalex,A5062318096,Raphael Anammasiya Ayambire,1.0,1.0,1.0,1.0,0.829,23,510,9,University of Manitoba,https://orcid.org/0000-0002-3752-0830,accepted,matcher,2026-09-14,
714,Raphael Ayambire,University of Manitoba,openalex,A5138278004,Raphael Ayambire,0.9,1.0,1.0,1.0,0.0,2,0,0,University of Manitoba,,pending,,,
715,Rae Bridgman,University of Manitoba,openalex,A5112931255,Rae Bridgman,0.931,1.0,1.0,0.873,0.099,82,382,11,University of Manitoba,,accepted,matcher,2026-09-14,
715,Rae Bridgman,University of Manitoba,openalex,A5104959425,Rae Bridgman,0.525,1.0,0.0,0.5,0.0,1,0,0,,,pending,,,
716,Sarah Cooper,University of Manitoba,openalex,A5048434422,Sarah Cooper,1.0,1.0,1.0,1.0,0.289,19,33,2,University of Manitoba,https://orcid.org/0000-0001-9450-2199,accepted,matcher,2026-09-14,
716,Sarah Cooper,University of Manitoba,openalex,A5111727444,Sarah-Jane Cooper-Knock,0.7,1.0,0.0,1.0,1.5,4,171,3,University of Edinburgh,,pending,,,
716,Sarah Cooper,University of Manitoba,openalex,A5109270300,Sarah Jane Cooper-Knock,0.7,1.0,0.0,1.0,0.658,6,75,3,,,pending,,,
716,Sarah Cooper,University of Manitoba,openalex,A5101711645,Sarah Cooper,0.668,1.0,0.0,0.789,1.132,40,129,6,Office Of Health Economics,https://orcid.org/0000-0003-4605-6643,pending,,,
716,Sarah Cooper,University of Manitoba,openalex,A5112439482,Sarah Cooper,0.637,1.0,0.0,0.583,0.421,10,48,3,"Rutgers, The State University of New Jersey",,pending,,,
717,Orly Linovski,University of Manitoba,openalex,A5019889994,Orly Linovski,1.0,1.0,1.0,1.0,0.617,35,330,11,University of Manitoba,https://orcid.org/0000-0002-1088-8053,accepted,matcher,2026-09-14,
717,Orly Linovski,University of Manitoba,openalex,A5121195936,Orly Linovski,0.6,1.0,0.0,1.0,0.0,1,0,0,,,pending,,,
717,Orly Linovski,University of Manitoba,openalex,A5128666360,Orly Linovski,0.6,1.0,0.0,1.0,0.0,1,0,0,,,pending,,,
717,Orly Linovski,University of Manitoba,openalex,A5124824780,Orly Linovski,0.6,1.0,0.0,1.0,0.0,1,0,0,,,pending,,,
718,Richard Milgrom,University of Manitoba,openalex,A5026802815,Richard Milgrom,0.925,1.0,1.0,0.833,0.094,9,115,4,University of Manitoba,,accepted,matcher,2026-09-14,
719,David van Vliet,University of Manitoba,openalex,A5015719311,David Van Vliet,0.875,1.0,1.0,0.5,2.667,12,16,2,,https://orcid.org/0000-0003-1480-3018,accepted,matcher,2026-09-14,
719,David van Vliet,University of Manitoba,openalex,A5116067863,David van Vliet,0.7,1.0,0.0,1.0,0.167,1,1,1,,,pending,,,
719,David van Vliet,University of Manitoba,openalex,A5129657264,David van Vliet,0.6,1.0,0.0,1.0,0.0,1,0,0,,,pending,,,
720,Ariel Bierbaum,University of Maryland,openalex,A5071615035,Ariel H. Bierbaum,1.0,1.0,1.0,1.0,0.531,32,829,11,,https://orcid.org/0000-0001-6659-8082,accepted,matcher,2026-09-14,
721,Casey Dawkins,University of Maryland,openalex,A5062255832,Casey J. Dawkins,1.0,1.0,1.0,1.0,0.475,97,2767,28,"University of Maryland, College Park",https://orcid.org/0000-0002-2627-8137,accepted,matcher,2026-09-14,
721,Casey Dawkins,University of Maryland,openalex,A5098661924,Casey J. Dawkins,0.6,1.0,0.0,1.0,0.003,7,17,3,,,pending,,,
721,Casey Dawkins,University of Maryland,openalex,A5099725811,Casey J. Dawkins,0.6,1.0,0.0,1.0,0.0,1,1,1,,,pending,,,
721,Casey Dawkins,University of Maryland,openalex,A5098670799,Casey J. Dawkins,0.6,1.0,0.0,1.0,0.0,1,0,0,,,pending,,,
721,Casey Dawkins,University of Maryland,openalex,A5129431950,Casey J. Dawkins,0.6,1.0,0.0,1.0,0.0,2,0,0,,,pending,,,
722,Chengri Ding,University of Maryland,openalex,A5102223942,Chengri Ding,0.977,1.0,1.0,0.848,0.673,62,3811,23,"University of Maryland, College Park",,accepted,matcher,2026-09-14,
723,Marccus Hendricks,University of Maryland,openalex,A5042719831,Marccus D. Hendricks,1.0,1.0,1.0,1.0,0.789,38,747,14,"University of Maryland, Baltimore",https://orcid.org/0000-0002-1072-100X,accepted,matcher,2026-09-14,
723,Marccus Hendricks,University of Maryland,openalex,A5138134209,Marccus Hendricks,0.9,1.0,1.0,1.0,0.0,1,0,0,"University of Maryland, College Park",,pending,,,
726,Hiroyuki Iseki,University of Maryland,openalex,A5073573104,Hiroyuki Iseki,0.991,1.0,1.0,0.939,0.47,92,1607,20,Heritage Preservation,https://orcid.org/0000-0002-3443-9738,accepted,matcher,2026-09-14,
726,Hiroyuki Iseki,University of Maryland,openalex,A5029161733,Hiroyuki Iseki,0.45,1.0,0.0,0.0,0.003,2,11,1,Tokyo University of Science,,pending,,,
729,Willow Lung-Amam,University of Maryland,openalex,A5082091641,Willow Lung-Amam,1.0,1.0,1.0,1.0,0.627,41,373,10,"University of Maryland, College Park",https://orcid.org/0000-0001-6125-0896,accepted,matcher,2026-09-14,
729,Willow Lung-Amam,University of Maryland,openalex,A5112352318,Willow Lung-Amam,0.579,1.0,0.0,0.857,0.0,6,0,0,,,pending,,,
732,Jesse Saginor,University of Maryland,openalex,A5062374784,Jesse Saginor,0.986,1.0,1.0,0.906,0.493,34,318,9,Japan Real Estate Institute,https://orcid.org/0000-0001-9591-0119,accepted,matcher,2026-09-14,
733,Camille Barchers,University of Massachusetts-Amherst,openalex,A5070150652,Camille Barchers,0.944,1.0,1.0,0.625,0.604,10,84,6,University of Massachusetts Amherst,https://orcid.org/0000-0002-7653-2949,accepted,matcher,2026-09-14,
734,Elizabeth Brabec,University of Massachusetts-Amherst,openalex,A5034820615,Elizabeth Brabec,0.969,1.0,1.0,0.794,0.587,58,1644,12,,https://orcid.org/0000-0001-9980-6853,accepted,matcher,2026-09-14,
734,Elizabeth Brabec,University of Massachusetts-Amherst,openalex,A5126580231,Brabec Elizabeth,0.493,0.762,0.0,1.0,0.0,1,0,0,,,pending,,,
735,Theodore Eisenman,University of Massachusetts-Amherst,openalex,A5044373987,Theodore S. Eisenman,1.0,1.0,1.0,1.0,0.788,83,2169,20,University of Massachusetts Amherst,https://orcid.org/0000-0003-1266-7315,accepted,matcher,2026-09-14,
737,Darrel Ramsey-Musolf,University of Massachusetts-Amherst,openalex,A5014865915,Darrel Ramsey-Musolf,0.983,1.0,1.0,0.889,0.718,10,84,5,University of Massachusetts Amherst,https://orcid.org/0000-0002-9490-3889,accepted,matcher,2026-09-14,
738,Henry Renski,University of Massachusetts-Amherst,openalex,A5077321975,Henry Renski,0.971,1.0,1.0,0.804,0.515,91,1223,15,University of Massachusetts Amherst,https://orcid.org/0000-0001-5964-057X,accepted,matcher,2026-09-14,
738,Henry Renski,University of Massachusetts-Amherst,openalex,A5143120465,Henry Renski,0.84,1.0,1.0,0.6,0.0,2,0,0,University of Massachusetts Amherst,,pending,,,
739,Robert Ryan,University of Massachusetts-Amherst,openalex,A5075901089,Robert L. Ryan,1.0,1.0,1.0,1.0,0.88,90,3964,31,University of Massachusetts Amherst,https://orcid.org/0000-0001-5947-7274,accepted,matcher,2026-09-14,
739,Robert Ryan,University of Massachusetts-Amherst,openalex,A5005484428,Robert Ryan,0.777,1.0,0.5,0.511,0.593,124,2670,26,Bausch Health (United States),https://orcid.org/0000-0003-0827-3153,pending,,,
739,Robert Ryan,University of Massachusetts-Amherst,openalex,A5111487455,Robert F. Ryan,0.718,1.0,0.5,0.122,0.595,121,2679,22,University of Montana,https://orcid.org/0000-0001-5286-5039,pending,,,
739,Robert Ryan,University of Massachusetts-Amherst,openalex,A5114256884,Robert Ryan,0.715,1.0,0.5,0.102,0.467,123,2102,17,Stennis Space Center,,pending,,,
739,Robert Ryan,University of Massachusetts-Amherst,openalex,A5079084423,Robert O. Ryan,0.678,1.0,0.5,0.186,2.252,256,10137,56,"University of Nevada, Reno",https://orcid.org/0000-0002-6739-5903,pending,,,
740,Adenrele Awotona,University of Massachusetts-Boston,openalex,A5054777149,Adenrele Awotona,0.987,1.0,1.0,0.913,0.398,28,196,7,,,accepted,matcher,2026-09-14,
740,Adenrele Awotona,University of Massachusetts-Boston,openalex,A5107612662,Adenrele Awotona,0.6,1.0,0.0,1.0,0.002,1,1,1,,,pending,,,
740,Adenrele Awotona,University of Massachusetts-Boston,openalex,A5107492403,Adenrele Awotona,0.6,1.0,0.0,1.0,0.0,1,0,0,,,pending,,,
740,Adenrele Awotona,University of Massachusetts-Boston,openalex,A5099257989,Adenrele Awotona,0.6,1.0,0.0,1.0,0.0,1,0,0,,,pending,,,
742,John Duff,University of Massachusetts-Boston,openalex,A5071035247,John Duff,1.0,1.0,1.0,1.0,0.455,32,214,7,,,accepted,matcher,2026-09-14,
742,John Duff,University of Massachusetts-Boston,openalex,A5032746228,John B. Duff,0.7,1.0,0.0,1.0,0.126,31,59,5,,,pending,,,
742,John Duff,University of Massachusetts-Boston,openalex,A5035388870,John Carr Duff,0.634,1.0,0.0,0.562,0.121,36,57,4,,,pending,,,
742,John Duff,University of Massachusetts-Boston,openalex,A5126659472,John Duff,0.6,1.0,0.0,1.0,0.0,2,0,0,,,pending,,,
742,John Duff,University of Massachusetts-Boston,openalex,A5036493407,John J. Duff,0.581,1.0,0.0,0.875,0.019,3,9,2,,,pending,,,
743,Lorena Estrada-Martinez,University of Massachusetts-Boston,openalex,A5088617300,Lorena M. Estrada-Martínez,1.0,1.0,1.0,1.0,0.611,22,350,8,Department of the Environment,https://orcid.org/0000-0001-8992-600X,accepted,matcher,2026-09-14,
743,Lorena Estrada-Martinez,University of Massachusetts-Boston,openalex,A5133010949,Lorena M. Estrada‑Martinez,0.8,1.0,1.0,0.333,0.0,1,0,0,University of Massachusetts Boston,,pending,,,
743,Lorena Estrada-Martinez,University of Massachusetts-Boston,openalex,A5142727809,Lorena M. Estrada-martinez,0.6,1.0,0.0,1.0,0.0,1,0,0,,,pending,,,
743,Lorena Estrada-Martinez,University of Massachusetts-Boston,openalex,A5099979276,LORENA M. ESTRADA-MARTÍNEZ,0.6,1.0,0.0,1.0,0.0,1,0,0,,,pending,,,
744,Richard Hung,University of Massachusetts-Boston,openalex,A5044802606,Chi-kan Richard Hung,0.934,0.92,1.0,0.8,0.585,11,161,5,Boston University,,accepted,matcher,2026-09-14,
744,Richard Hung,University of Massachusetts-Boston,openalex,A5110054664,Richard T. Hung,0.567,0.971,0.0,0.2,0.171,4,47,3,Children's Hospital of Wisconsin,,pending,,,
744,Richard Hung,University of Massachusetts-Boston,openalex,A5101056784,Chun-Hung Richard Lin,0.551,0.92,0.0,0.583,0.047,12,13,2,National Sun Yat-sen University,,pending,,,
744,Richard Hung,University of Massachusetts-Boston,openalex,A5021703621,Richard Chun-Hung Lin,0.539,0.914,0.0,0.182,0.185,11,51,3,"University of California, Los Angeles",https://orcid.org/0000-0003-3960-6248,pending,,,
744,Richard Hung,University of Massachusetts-Boston,openalex,A5065294786,Richard Kim-Hung Kwong,0.522,0.909,0.0,0.75,0.022,2,6,1,,,pending,,,
745,Michael Johnson,University of Massachusetts-Boston,openalex,A5064484557,Michael P. Johnson,0.884,1.0,1.0,0.896,56.096,195,5273,36,,https://orcid.org/0000-0002-4466-5886,rejected,audit_matches,2026-09-15,
745,Michael Johnson,University of Massachusetts-Boston,openalex,A5021602538,Michael K. Johnson,0.691,1.0,0.5,0.606,170.872,377,16062,66,,https://orcid.org/0000-0002-8479-5810,rejected,audit_matches,2026-09-16,"rejected 2026-09-16: OpenAlex 16,062 citations against 117 from google_scholar (137.3x); probable namesake"
745,Michael Johnson,University of Massachusetts-Boston,openalex,A5016429945,Michael S. Johnson,0.656,1.0,0.5,0.375,115.968,168,10901,31,University of Nottingham,https://orcid.org/0000-0002-4389-9437,rejected,audit_matches,2026-09-16,"rejected 2026-09-16: OpenAlex 10,901 citations against 117 from google_scholar (93.2x); probable namesake"
745,Michael Johnson,University of Massachusetts-Boston,openalex,A5035489414,Michael D. Johnson,0.654,1.0,0.5,0.359,271.691,326,25539,60,University of Alabama at Birmingham,https://orcid.org/0000-0002-4120-3029,rejected,audit_matches,2026-09-16,"rejected 2026-09-16: OpenAlex 25,539 citations against 117 from google_scholar (218.3x); probable namesake"
745,Michael Johnson,University of Massachusetts-Boston,openalex,A5101704002,Michael L. Johnson,0.621,1.0,0.5,0.138,209.926,517,19733,71,University of Houston,https://orcid.org/0000-0001-9646-2223,rejected,audit_matches,2026-09-16,"rejected 2026-09-16: OpenAlex 19,733 citations against 117 from google_scholar (168.7x); probable namesake"
746,Antonio Raciti,University of Massachusetts-Boston,openalex,A5037596469,Antonio Raciti,0.988,1.0,1.0,0.917,0.2,20,66,5,Action for Boston Community Development,https://orcid.org/0000-0003-3744-9605,accepted,matcher,2026-09-14,
747,Kenneth Reardon,University of Massachusetts-Boston,openalex,A5038951953,Kenneth M. Reardon,1.0,1.0,1.0,1.0,0.456,45,595,13,University of Massachusetts Boston,,accepted,matcher,2026-09-14,
747,Kenneth Reardon,University of Massachusetts-Boston,openalex,A5031585152,Kenneth F. Reardon,0.651,1.0,0.5,0.34,5.601,204,7309,48,Colorado State University,https://orcid.org/0000-0002-7753-4049,rejected,audit_matches,2026-09-16,"rejected 2026-09-16: OpenAlex 7,309 citations against 1,351 from google_scholar (5.4x); probable namesake"
747,Kenneth Reardon,University of Massachusetts-Boston,openalex,A5136557923,Kenneth F. Reardon,0.6,1.0,0.0,1.0,0.0,1,0,0,,,pending,,,
747,Kenneth Reardon,University of Massachusetts-Boston,openalex,A5125521350,Kenneth F. Reardon,0.6,1.0,0.0,1.0,0.0,1,0,0,,,pending,,,
747,Kenneth Reardon,University of Massachusetts-Boston,openalex,A5134396883,Kenneth F. Reardon,0.575,1.0,0.0,0.833,0.0,2,0,0,,,pending,,,
748,Eduardo Siqueira,University of Massachusetts-Boston,openalex,A5005560594,Carlos Eduardo Siqueira,0.975,1.0,1.0,0.831,1.451,169,2932,20,Boston University,https://orcid.org/0000-0001-8993-3031,accepted,matcher,2026-09-14,
748,Eduardo Siqueira,University of Massachusetts-Boston,openalex,A5103204171,Carlos Eduardo Siqueira,0.82,0.822,1.0,1.0,0.007,12,14,2,University of Massachusetts Boston,https://orcid.org/0000-0003-2184-0079,pending,,,
748,Eduardo Siqueira,University of Massachusetts-Boston,openalex,A5007199322,Eduardo Queija de Siqueira,0.641,1.0,0.0,0.941,0.045,17,91,4,Universidade Federal de Goiás,,pending,,,
748,Eduardo Siqueira,University of Massachusetts-Boston,openalex,A5054491764,José Eduardo de Siqueira,0.608,0.796,0.0,1.0,0.23,90,464,11,,https://orcid.org/0000-0002-7513-1385,pending,,,
748,Eduardo Siqueira,University of Massachusetts-Boston,openalex,A5007786685,Eduardo Siqueira Fernandes,0.597,1.0,0.0,0.647,0.053,22,108,5,Pontifícia Universidade Católica de Minas Gerais,https://orcid.org/0000-0003-0716-5097,pending,,,
750,Alan Wiig,University of Massachusetts-Boston,openalex,A5085401573,Alan Wiig,0.952,1.0,1.0,0.682,0.679,55,2003,13,University of Florida,https://orcid.org/0000-0002-6224-2633,accepted,matcher,2026-09-14,
753,Stephen Kofi Diko,University of Memphis,openalex,A5055118593,Stephen Kofi Diko,1.0,1.0,1.0,1.0,0.686,67,517,13,University of Memphis,https://orcid.org/0000-0003-1809-436X,accepted,matcher,2026-09-14,
755,Charles Santo,University of Memphis,openalex,A5075572547,Charles A. Santo,1.0,1.0,1.0,1.0,0.509,17,263,6,University of Memphis,https://orcid.org/0000-0001-9963-5468,accepted,matcher,2026-09-14,
755,Charles Santo,University of Memphis,openalex,A5097786034,Charles P. De Santo,0.6,1.0,0.0,1.0,0.0,1,0,0,,,pending,,,
755,Charles Santo,University of Memphis,openalex,A5146315431,Charles Cunha do Espírito Santo,0.6,1.0,0.0,1.0,0.0,1,0,0,Universidade Federal de Pelotas,https://orcid.org/0009-0001-3222-4514,pending,,,
755,Charles Santo,University of Memphis,openalex,A5015544432,William Charles Santo,0.491,0.758,0.0,1.0,0.0,1,0,0,,,pending,,,
755,Charles Santo,University of Memphis,openalex,A5029941156,Charles De Santo,0.45,1.0,0.0,0.0,0.004,1,2,1,,,pending,,,
756,Maria Arquero de Alarcon,University of Michigan,openalex,A5030233964,María Arquero de Alarcón,1.0,1.0,1.0,1.0,1.442,30,137,5,University of Michigan,https://orcid.org/0000-0003-4716-4603,accepted,matcher,2026-09-14,
756,Maria Arquero de Alarcon,University of Michigan,openalex,A5132849013,María Arquero de Alarcón,0.6,1.0,0.0,1.0,0.0,2,0,0,,,pending,,,
758,Lan Deng,University of Michigan,openalex,A5072006373,Lan Deng,1.0,1.0,1.0,1.0,0.652,29,556,13,University of Michigan,https://orcid.org/0000-0002-3046-9964,accepted,matcher,2026-09-14,
758,Lan Deng,University of Michigan,openalex,A5082418971,Lan Deng,0.681,1.0,0.0,0.875,1.338,8,1141,3,Guangxi Medical University,,pending,,,
758,Lan Deng,University of Michigan,openalex,A5064026085,Lan Deng,0.569,1.0,0.0,0.125,0.984,74,839,17,Affiliated Hospital of Jiangxi University of Traditional Chinese Medicine,https://orcid.org/0000-0002-8243-4210,pending,,,
758,Lan Deng,University of Michigan,openalex,A5100948638,Li-Lan Deng,0.556,0.94,0.0,0.556,0.08,10,68,4,FirstUnion (China),,pending,,,
758,Lan Deng,University of Michigan,openalex,A5009494170,Lan Deng,0.55,1.0,0.0,0.0,1.074,72,916,14,Xiamen University,,pending,,,
759,Robert Goodspeed,University of Michigan,openalex,A5076828903,Robert Goodspeed,0.971,1.0,1.0,0.808,0.667,57,1221,19,University of Michigan,https://orcid.org/0000-0003-4858-8387,accepted,matcher,2026-09-14,
759,Robert Goodspeed,University of Michigan,openalex,A5119793834,Robert Goodspeed,0.6,1.0,0.0,1.0,0.0,1,0,0,,,pending,,,
759,Robert Goodspeed,University of Michigan,openalex,A5132902073,Robert Goodspeed,0.55,1.0,0.0,0.667,0.0,3,0,0,,,pending,,,
759,Robert Goodspeed,University of Michigan,openalex,A5137742857,Robert Goodspeed,0.525,1.0,0.0,0.5,0.0,1,0,0,,,pending,,,
759,Robert Goodspeed,University of Michigan,openalex,A5139655372,Robert Goodspeed,0.525,1.0,0.0,0.5,0.0,1,0,0,,,pending,,,
761,Lesli Hoey,University of Michigan,openalex,A5010741898,Lesli Hoey,0.934,1.0,1.0,0.557,0.721,54,1741,17,University of Michigan,https://orcid.org/0000-0001-8555-6849,accepted,matcher,2026-09-14,
762,Kimberley Kinder,University of Michigan,openalex,A5070959524,Kimberley Kinder,1.0,1.0,1.0,1.0,0.525,72,178,7,University of Michigan,https://orcid.org/0000-0001-7097-2225,accepted,matcher,2026-09-14,
763,Larissa Larsen,University of Michigan,openalex,A5088084219,Larissa Larsen,1.0,1.0,1.0,1.0,0.721,57,4552,24,University of Michigan,https://orcid.org/0000-0002-3732-7934,accepted,matcher,2026-09-14,
763,Larissa Larsen,University of Michigan,openalex,A5133313509,Larissa Larsen,0.84,1.0,1.0,0.6,0.0,6,0,0,University of Michigan,,pending,,,
763,Larissa Larsen,University of Michigan,openalex,A5058785757,Larissa Larsen,0.5,1.0,0.0,0.0,0.064,12,405,10,University of California System,https://orcid.org/0000-0003-1970-3526,pending,,,
763,Larissa Larsen,University of Michigan,openalex,A5074647106,Larissa L. Larsen,0.5,1.0,0.0,0.333,0.006,1,35,1,Brigham Young University,,pending,,,
764,Jonathan Levine,University of Michigan,openalex,A5055841506,Jonathan Levine,1.0,1.0,1.0,1.0,0.456,100,2463,23,Jerusalem College of Technology,https://orcid.org/0000-0003-4646-5463,accepted,matcher,2026-09-14,
764,Jonathan Levine,University of Michigan,openalex,A5103059727,Jonathan M. Levine,0.85,1.0,1.0,0.0,0.816,178,4405,40,University of Wisconsin–Madison,https://orcid.org/0000-0003-1510-6062,pending,,,
764,Jonathan Levine,University of Michigan,openalex,A5110051928,Jonathan Levine,0.621,1.0,0.0,0.471,0.176,10,948,9,,,pending,,,
764,Jonathan Levine,University of Michigan,openalex,A5114909609,Jonathan Levine,0.6,1.0,0.0,1.0,0.023,1,126,1,A. Alfred Taubman Health Care Center,,pending,,,
764,Jonathan Levine,University of Michigan,openalex,A5085676329,Jonathan M. Levine,0.589,1.0,0.0,0.928,6.06,246,32702,72,Princeton University,https://orcid.org/0000-0003-2857-7904,rejected,audit_matches,2026-09-16,"rejected 2026-09-16: OpenAlex 32,702 citations against 5,651 from google_scholar (5.8x); probable namesake"
765,Xiaofan Liang,University of Michigan,openalex,A5031129076,Xiaofan Liang,0.985,1.0,1.0,0.9,1.355,15,145,5,University of Michigan,https://orcid.org/0000-0002-0378-3608,accepted,matcher,2026-09-14,
765,Xiaofan Liang,University of Michigan,openalex,A5112646572,Xiaofan Liang,0.593,1.0,0.0,0.286,0.243,4,26,2,Southwest Jiaotong University,,pending,,,
765,Xiaofan Liang,University of Michigan,openalex,A5113307851,Xiaofan Liang,0.567,1.0,0.0,0.111,1.159,13,124,8,Zhejiang Chinese Medical University,,pending,,,
765,Xiaofan Liang,University of Michigan,openalex,A5039628979,Xiaofan Liang,0.55,1.0,0.0,0.0,0.271,3,29,3,Aerospace Research Institute of Materials and Processing Technology,,pending,,,
765,Xiaofan Liang,University of Michigan,openalex,A5127734905,Xiaofan Liang,0.55,1.0,0.0,0.667,0.0,1,0,0,,,pending,,,
766,Martin Murray,University of Michigan,openalex,A5090888204,Martin J. Murray,1.0,1.0,1.0,1.0,1.215,167,4331,27,A. Alfred Taubman Health Care Center,https://orcid.org/0000-0002-4448-281X,accepted,matcher,2026-09-14,
766,Martin Murray,University of Michigan,openalex,A5138279682,Martin Murray,0.9,1.0,1.0,1.0,0.0,1,0,0,University of Michigan,,pending,,,
766,Martin Murray,University of Michigan,openalex,A5082991075,Martin Murray,0.829,1.0,1.0,0.529,0.007,27,26,2,University of Michigan,,pending,,,
766,Martin Murray,University of Michigan,openalex,A5113812652,Martin H. Murray,0.626,1.0,0.0,0.506,0.169,86,601,12,,,pending,,,
766,Martin Murray,University of Michigan,openalex,A5032487622,Martin Murray,0.6,1.0,0.0,1.0,0.019,4,67,2,,,pending,,,
767,Richard Norton,University of Michigan,openalex,A5022096094,Richard K. Norton,0.974,1.0,1.0,0.828,0.668,39,806,15,University of Michigan,https://orcid.org/0000-0001-6767-1800,accepted,matcher,2026-09-14,
767,Richard Norton,University of Michigan,openalex,A5063132553,Augustus Richard Norton,0.788,0.863,0.5,1.0,0.703,126,848,13,,,pending,,,
767,Richard Norton,University of Michigan,openalex,A5069469775,Richard Norton Smith,0.7,1.0,0.0,1.0,0.178,26,215,6,,,pending,,,
767,Richard Norton,University of Michigan,openalex,A5026274660,Richard A. Norton,0.65,1.0,0.0,1.0,0.041,2,49,2,Washington State University Vancouver,https://orcid.org/0000-0002-1335-8621,pending,,,
767,Richard Norton,University of Michigan,openalex,A5074289876,Richard Norton-Taylor,0.623,1.0,0.0,0.818,0.065,27,78,3,,,pending,,,
769,David Thacher,University of Michigan,openalex,A5023977925,David Thacher,0.983,1.0,1.0,0.885,0.575,45,1435,17,University of Michigan,https://orcid.org/0000-0003-3324-1209,accepted,matcher,2026-09-14,
769,David Thacher,University of Michigan,openalex,A5087263205,David J. Thacher,0.5,1.0,0.0,0.333,0.0,1,0,0,,,pending,,,
769,David Thacher,University of Michigan,openalex,A5082548198,David O. Thacher,0.45,1.0,0.0,0.0,0.006,1,15,1,Central Washington University,,pending,,,
770,Ryan Allen,University of Minnesota,openalex,A5037752635,Ryan Allen,1.0,1.0,1.0,1.0,0.941,46,999,16,University of Minnesota,https://orcid.org/0000-0003-1456-4088,accepted,matcher,2026-09-14,
770,Ryan Allen,University of Minnesota,openalex,A5022910847,Ryan M. Allen,0.683,1.0,0.0,0.885,0.345,30,366,11,,https://orcid.org/0000-0001-9080-0818,pending,,,
770,Ryan Allen,University of Minnesota,openalex,A5085550499,Ryan Allen Hancock,0.67,1.0,0.0,0.8,0.128,2,136,1,,,pending,,,
770,Ryan Allen,University of Minnesota,openalex,A5051727691,Ryan A. Allen,0.67,1.0,0.0,0.8,0.184,22,195,7,John Carroll University,,pending,,,
770,Ryan Allen,University of Minnesota,openalex,A5075688809,Ryan T. Allen,0.604,1.0,0.0,0.357,0.193,18,205,6,Brigham Young University,https://orcid.org/0000-0003-4291-9456,pending,,,
771,Ragui Assaad,University of Minnesota,openalex,A5074701331,Ragui Assaad,1.0,1.0,1.0,1.0,0.729,233,6670,38,Institute of Public Affairs,https://orcid.org/0000-0002-2608-5335,accepted,matcher,2026-09-14,
771,Ragui Assaad,University of Minnesota,openalex,A5105473184,Assaad Ragui,0.412,0.583,0.0,1.0,0.001,2,10,1,,,pending,,,
772,Nisha Botchwey,University of Minnesota,openalex,A5054889735,Nisha Botchwey,1.0,1.0,1.0,1.0,0.706,79,1418,19,Institute of Public Affairs,https://orcid.org/0000-0003-1298-5065,accepted,matcher,2026-09-14,
772,Nisha Botchwey,University of Minnesota,openalex,A5136131596,Nisha Botchwey,0.87,1.0,1.0,0.8,0.0,2,0,0,University of Minnesota,,pending,,,
776,Edward Goetz,University of Minnesota,openalex,A5020606072,Edward G. Goetz,1.0,1.0,1.0,1.0,0.525,153,3570,31,,https://orcid.org/0000-0003-1326-8041,accepted,matcher,2026-09-14,
776,Edward Goetz,University of Minnesota,openalex,A5104640839,Edward G. Goetz,0.6,1.0,0.0,1.0,0.0,1,0,0,,,pending,,,
776,Edward Goetz,University of Minnesota,openalex,A5104693945,Edward G. Goetz,0.6,1.0,0.0,1.0,0.0,1,0,0,,,pending,,,
776,Edward Goetz,University of Minnesota,openalex,A5104640758,Edward G. Goetz,0.562,1.0,0.0,0.75,0.0,4,0,0,,,pending,,,
776,Edward Goetz,University of Minnesota,openalex,A5104640059,Edward G. Goetz,0.525,1.0,0.0,0.5,0.0,1,0,0,,,pending,,,
777,Elise Harrington,University of Minnesota,openalex,A5087622767,Elise Harrington,0.974,1.0,1.0,0.824,0.837,15,180,7,University of Minnesota,https://orcid.org/0000-0003-4345-4689,accepted,matcher,2026-09-14,
777,Elise Harrington,University of Minnesota,openalex,A5053041078,Elise Harrington,0.559,1.0,0.0,0.062,0.981,34,211,7,University of Oslo,https://orcid.org/0000-0002-5218-8346,pending,,,
778,Fayola Jacobs,University of Minnesota,openalex,A5074959314,Fayola Jacobs,0.991,1.0,1.0,0.938,0.77,13,255,6,Institute of Public Affairs,https://orcid.org/0000-0002-5206-6859,accepted,matcher,2026-09-14,
778,Fayola Jacobs,University of Minnesota,openalex,A5047565309,Fayola Jacobs,0.929,1.0,1.0,0.857,0.036,4,12,2,University of Minnesota,,pending,,,
778,Fayola Jacobs,University of Minnesota,openalex,A5133755999,Fayola Jacobs,0.87,1.0,1.0,0.8,0.0,2,0,0,University of Minnesota,,pending,,,
779,Nichola Lowe,University of Minnesota,openalex,A5082339345,Nichola Lowe,0.971,1.0,1.0,0.806,0.641,90,1567,20,University of North Carolina at Chapel Hill,https://orcid.org/0000-0002-1632-0493,accepted,matcher,2026-09-14,
779,Nichola Lowe,University of Minnesota,openalex,A5051157222,Nichola Lowe Tara Vinodrai,0.55,1.0,0.0,0.667,0.0,1,0,0,,,pending,,,
779,Nichola Lowe,University of Minnesota,openalex,A5125139036,Nichola J. Lowe,0.5,1.0,0.0,0.333,0.0,2,0,0,,,pending,,,
779,Nichola Lowe,University of Minnesota,openalex,A5120531710,Lowe Nichola,0.383,0.739,0.0,0.333,0.0,1,0,0,,,pending,,,
781,Kathy Quick,University of Minnesota,openalex,A5071292118,Kathy Quick,0.98,1.0,1.0,0.865,0.632,53,2090,16,University of Minnesota,https://orcid.org/0000-0003-0574-2866,accepted,matcher,2026-09-14,
781,Kathy Quick,University of Minnesota,openalex,A5085774431,Kathy Quick,0.54,1.0,0.0,0.6,0.0,3,1,1,,,pending,,,
782,Rashad Williams,University of Minnesota,openalex,A5054828073,Rashad A. Williams,1.0,1.0,1.0,1.0,0.628,4,292,3,University of Pittsburgh,https://orcid.org/0000-0003-3831-0904,accepted,matcher,2026-09-14,
782,Rashad Williams,University of Minnesota,openalex,A5104082292,Eric Rashad Williams,0.5,0.806,0.0,0.583,0.039,13,18,2,University of South Carolina,,pending,,,
783,Julia Crowley,University of Missouri-Kansas City,openalex,A5005927187,Julia Crowley,1.0,1.0,1.0,1.0,0.861,30,204,6,Children's Hospital of Philadelphia,https://orcid.org/0000-0001-7529-4478,accepted,matcher,2026-09-14,
783,Julia Crowley,University of Missouri-Kansas City,openalex,A5122641578,Julia C. Crowley,0.85,1.0,1.0,0.667,0.0,1,0,0,University of Missouri–Kansas City,,pending,,,
783,Julia Crowley,University of Missouri-Kansas City,openalex,A5132688972,JULIA CROWLEY,0.6,1.0,0.0,1.0,0.0,1,0,0,,,pending,,,
783,Julia Crowley,University of Missouri-Kansas City,openalex,A5131360561,Julia Crowley,0.6,1.0,0.0,1.0,0.0,1,0,0,,,pending,,,
783,Julia Crowley,University of Missouri-Kansas City,openalex,A5037309014,Julia Crowley,0.55,1.0,0.0,0.0,0.253,8,60,3,Children's Hospital of Philadelphia,https://orcid.org/0000-0002-4839-7022,pending,,,
784,Michael Frisch,University of Missouri-Kansas City,openalex,A5042799450,Michael Frisch,1.0,1.0,1.0,1.0,0.843,62,576,13,University of Missouri–Kansas City,https://orcid.org/0000-0002-5719-8076,accepted,matcher,2026-09-14,
784,Michael Frisch,University of Missouri-Kansas City,openalex,A5038589092,Michael A. Frisch,0.67,1.0,0.0,0.8,0.486,2,332,2,Advanced Micro Devices (United States),,pending,,,
784,Michael Frisch,University of Missouri-Kansas City,openalex,A5015244380,Michael Frisch,0.65,1.0,0.0,1.0,2.531,87,1729,16,Centerforce,https://orcid.org/0000-0001-8057-7544,pending,,,
784,Michael Frisch,University of Missouri-Kansas City,openalex,A5102103697,Michael Frisch,0.614,1.0,0.0,0.429,0.186,9,127,5,Universität Hamburg,,pending,,,
784,Michael Frisch,University of Missouri-Kansas City,openalex,A5066822548,Michael E. Frisch,0.6,1.0,0.0,1.0,0.003,1,2,1,,,pending,,,
785,Sungyop Kim,University of Missouri-Kansas City,openalex,A5067620830,Sungyop Kim,0.956,1.0,1.0,0.705,0.692,55,2565,20,University of Missouri–Kansas City,https://orcid.org/0000-0002-1784-1813,accepted,matcher,2026-09-14,
786,Jacob Wagner,University of Missouri-Kansas City,openalex,A5021228228,Jacob A. Wagner,1.0,1.0,1.0,1.0,0.876,26,226,8,University of Nebraska at Omaha,https://orcid.org/0000-0001-7761-5837,accepted,matcher,2026-09-14,
786,Jacob Wagner,University of Missouri-Kansas City,openalex,A5000486983,Jacob Wagner,0.65,1.0,0.5,0.0,0.031,7,8,2,University of Minnesota,,pending,,,
786,Jacob Wagner,University of Missouri-Kansas City,openalex,A5102766487,Jacob R. Wagner,0.65,1.0,0.0,1.0,0.05,6,13,2,Newport (United States),https://orcid.org/0000-0002-4571-132X,pending,,,
786,Jacob Wagner,University of Missouri-Kansas City,openalex,A5050914226,Jacob Wagner,0.625,1.0,0.0,0.5,0.996,2,257,2,University of Vermont,,pending,,,
786,Jacob Wagner,University of Missouri-Kansas City,openalex,A5083413243,Jacob L. Wagner,0.61,1.0,0.0,0.4,0.101,3,26,2,Emory University,,pending,,,
787,Abigail Cochran,University of Nebraska,openalex,A5026130334,Abigail L. Cochran,0.943,1.0,1.0,0.618,0.773,44,591,10,University of North Carolina at Chapel Hill,https://orcid.org/0000-0002-7866-4865,accepted,matcher,2026-09-14,
787,Abigail Cochran,University of Nebraska,openalex,A5137564743,Abigail L. Cochran,0.9,1.0,1.0,1.0,0.0,1,0,0,University of Nebraska–Lincoln,https://orcid.org/0000-0002-7866-4865,pending,,,
787,Abigail Cochran,University of Nebraska,openalex,A5043408966,Abigail M. Cochran,0.613,1.0,0.0,0.75,0.093,2,71,1,,,pending,,,
787,Abigail Cochran,University of Nebraska,openalex,A5059984136,Abigail Maciolek Cochran,0.55,1.0,0.0,0.0,0.111,1,85,1,SIU Medicine,,pending,,,
787,Abigail Cochran,University of Nebraska,openalex,A5146739902,Abigail Cochran,0.45,1.0,0.0,0.0,0.0,1,0,0,Saint Elizabeth Regional Medical Center,,pending,,,
788,Yunwoo Nam,University of Nebraska,openalex,A5017711632,Yunwoo Nam,0.972,1.0,1.0,0.815,0.719,28,205,7,University of Nebraska–Lincoln,https://orcid.org/0000-0002-0143-5132,accepted,matcher,2026-09-14,
788,Yunwoo Nam,University of Nebraska,openalex,A5101867175,Yunwoo Nam,0.7,1.0,0.5,0.0,1.488,15,424,9,Yonsei University,https://orcid.org/0009-0004-3185-6132,pending,,,
790,Renia Ehrenfeucht,University of New Mexico,openalex,A5056654365,Renia Ehrenfeucht,1.0,1.0,1.0,1.0,0.52,60,904,15,Regional Environmental Council,https://orcid.org/0000-0002-4173-7661,accepted,matcher,2026-09-14,
791,Moises Gonzales,University of New Mexico,openalex,A5113627117,Moises Gonzales,0.95,1.0,1.0,0.667,0.519,22,110,4,,,accepted,matcher,2026-09-14,
791,Moises Gonzales,University of New Mexico,openalex,A5107814352,Moises Gonzales,0.6,1.0,0.0,1.0,0.0,1,0,0,,,pending,,,
791,Moises Gonzales,University of New Mexico,openalex,A5134322681,William Moises Mondragon Gonzales,0.564,0.92,0.0,1.0,0.0,1,0,0,,,pending,,,
791,Moises Gonzales,University of New Mexico,openalex,A5134327219,Manuel Moisés Ismael Sánchez Gonzales,0.514,0.92,0.0,0.667,0.0,1,0,0,,,pending,,,
791,Moises Gonzales,University of New Mexico,openalex,A5006252934,Moises Gonzales,0.51,1.0,0.0,0.4,0.0,3,0,0,,,pending,,,
792,Claudia Isaac,University of New Mexico,openalex,A5006123807,Claudia B. Isaac,0.975,1.0,1.0,0.833,0.386,7,110,3,,,accepted,matcher,2026-09-14,
792,Claudia Isaac,University of New Mexico,openalex,A5056740445,Claudia Isaac,0.6,1.0,0.0,1.0,0.0,1,0,0,,,pending,,,
792,Claudia Isaac,University of New Mexico,openalex,A5008721113,Claudia Benoit Isaac,0.6,1.0,0.0,1.0,0.0,1,0,0,,,pending,,,
792,Claudia Isaac,University of New Mexico,openalex,A5122476116,Cláudia Soares Isaac,0.45,1.0,0.0,0.0,0.0,1,0,0,,,pending,,,
793,Theodore Jojola,University of New Mexico,openalex,A5021759750,Theodore S. Jojola,0.967,1.0,1.0,0.778,0.484,14,169,4,,,accepted,matcher,2026-09-14,
793,Theodore Jojola,University of New Mexico,openalex,A5125260226,Theodore (Ted) Jojola,0.55,1.0,0.0,0.667,0.0,1,0,0,,,pending,,,
793,Theodore Jojola,University of New Mexico,openalex,A5115554433,Theodore Jojola,0.525,1.0,0.0,0.5,0.0,1,0,0,,,pending,,,
793,Theodore Jojola,University of New Mexico,openalex,A5053175807,Theodore Jojola,0.45,1.0,0.0,0.0,0.0,1,0,0,,,pending,,,
794,Caroline Scruggs,University of New Mexico,openalex,A5084415079,Caroline E. Scruggs,0.956,1.0,1.0,0.705,0.709,41,481,14,University of New Mexico,https://orcid.org/0000-0003-2840-0068,accepted,matcher,2026-09-14,
794,Caroline Scruggs,University of New Mexico,openalex,A5132875468,Caroline Scruggs,0.825,1.0,1.0,0.5,0.0,1,0,0,University of New Mexico,,pending,,,
794,Caroline Scruggs,University of New Mexico,openalex,A5086824989,Caroline Scruggs,0.567,1.0,0.0,0.778,0.007,4,5,2,,https://orcid.org/0000-0003-3894-1183,pending,,,
794,Caroline Scruggs,University of New Mexico,openalex,A5110415003,Caroline Scruggs,0.525,1.0,0.0,0.5,0.0,1,0,0,,,pending,,,
795,Lani Tsinnajinnie,University of New Mexico,openalex,A5014073028,L. Tsinnajinnie,0.97,1.0,1.0,0.8,0.379,14,61,4,University of New Mexico,,accepted,matcher,2026-09-14,
796,Jennifer Tucker,University of New Mexico,openalex,A5061146787,Jennifer Tucker,0.975,1.0,1.0,0.833,0.843,26,226,7,University of New Mexico,https://orcid.org/0000-0002-0014-4958,accepted,matcher,2026-09-14,
796,Jennifer Tucker,University of New Mexico,openalex,A5064466404,Jennifer Tucker,0.7,1.0,0.0,1.0,1.213,52,325,8,Wesleyan University,https://orcid.org/0000-0003-4524-5450,pending,,,
796,Jennifer Tucker,University of New Mexico,openalex,A5048984639,Jennifer Tucker-Tatlow,0.7,1.0,0.0,1.0,0.183,3,49,3,San Diego State University,,pending,,,
796,Jennifer Tucker,University of New Mexico,openalex,A5005097939,Jennifer L. Tucker,0.657,1.0,0.0,0.714,0.429,20,115,4,,,pending,,,
796,Jennifer Tucker,University of New Mexico,openalex,A5079887569,Jennifer S. Tucker Segura,0.65,1.0,0.0,1.0,0.049,1,13,1,,,pending,,,
798,David Gladstone,University of New Orleans,openalex,A5081745082,David Gladstone,1.0,1.0,1.0,1.0,0.405,23,373,5,LSU New Orleans,,accepted,matcher,2026-09-14,
798,David Gladstone,University of New Orleans,openalex,A5024697190,David Gladstone,0.681,1.0,0.0,0.875,0.196,35,180,6,University of Bristol,,pending,,,
798,David Gladstone,University of New Orleans,openalex,A5102457869,David Gladstone,0.6,1.0,0.0,1.0,0.004,14,4,1,,,pending,,,
798,David Gladstone,University of New Orleans,openalex,A5107928357,David Gladstone,0.6,1.0,0.0,1.0,0.002,1,2,1,,,pending,,,
798,David Gladstone,University of New Orleans,openalex,A5039230807,David F. Gladstone,0.6,1.0,0.0,1.0,0.0,1,0,0,"Rutgers, The State University of New Jersey",,pending,,,
799,John Kiefer,University of New Orleans,openalex,A5087152615,John J. Kiefer,0.981,1.0,1.0,0.87,0.579,41,298,6,LSU New Orleans,,accepted,matcher,2026-09-14,
799,John Kiefer,University of New Orleans,openalex,A5050575286,John H. Kiefer,0.75,1.0,1.0,0.0,6.969,125,3589,39,,,rejected,audit_matches,2026-09-16,"rejected 2026-09-16: OpenAlex 3,589 citations against 536 from google_scholar (6.7x); probable namesake"
799,John Kiefer,University of New Orleans,openalex,A5007354125,John R. Kiefer,0.65,1.0,0.0,1.0,0.08,2,41,1,,,pending,,,
799,John Kiefer,University of New Orleans,openalex,A5077092483,John E. Kiefer,0.571,1.0,0.0,0.143,0.285,8,147,5,,,pending,,,
799,John Kiefer,University of New Orleans,openalex,A5015435484,John D. Kiefer,0.55,1.0,0.0,0.0,0.227,16,117,5,,,pending,,,
800,Marla Nelson,University of New Orleans,openalex,A5065119371,Marla Nelson,1.0,1.0,1.0,1.0,0.419,34,410,12,LSU New Orleans,https://orcid.org/0000-0003-1086-7305,accepted,matcher,2026-09-14,
800,Marla Nelson,University of New Orleans,openalex,A5068867540,Marla Nelson,0.6,1.0,0.0,1.0,0.0,2,0,0,,,pending,,,
800,Marla Nelson,University of New Orleans,openalex,A5138303597,Marla Nelson,0.525,1.0,0.0,0.5,0.0,1,0,0,,,pending,,,
800,Marla Nelson,University of New Orleans,openalex,A5077032283,Marla Nelson,0.525,1.0,0.0,0.5,0.0,2,0,0,,,pending,,,
800,Marla Nelson,University of New Orleans,openalex,A5040832936,Marla A. Nelson,0.517,1.0,0.0,0.111,0.097,4,95,4,"University of California, San Francisco",,pending,,,
801,Bethany Stich,University of New Orleans,openalex,A5090088619,Bethany Stich,0.968,1.0,1.0,0.786,0.369,45,131,5,LSU New Orleans,,accepted,matcher,2026-09-14,
802,Guang Tian,University of Utah,openalex,A5066835508,Guang Tian,0.99,1.0,1.0,0.936,0.818,86,1930,20,Tsinghua University,https://orcid.org/0000-0002-4023-3912,accepted,matcher,2026-09-14,
802,Guang Tian,University of Utah,openalex,A5025876763,Tian Guang,0.599,1.0,0.0,0.324,0.191,66,451,13,Central South University,https://orcid.org/0000-0002-3041-2546,pending,,,
802,Guang Tian,University of Utah,openalex,A5111601848,Guang-Shan Tian,0.594,1.0,0.0,0.291,0.428,81,1009,17,Peking University,,pending,,,
802,Guang Tian,University of Utah,openalex,A5110183198,Guang Tian,0.583,1.0,0.0,0.22,0.561,50,1323,20,Peking University,,pending,,,
802,Guang Tian,University of Utah,openalex,A5028122463,Guang Tian,0.583,1.0,0.0,0.222,0.107,39,252,9,Northwestern Polytechnical University,https://orcid.org/0000-0002-2520-7994,pending,,,
804,Rylan Graham,University of Northern British Columbia,openalex,A5005152667,Rylan Graham,1.0,1.0,1.0,1.0,0.667,16,62,5,University of Northern British Columbia,https://orcid.org/0000-0002-9602-4634,accepted,matcher,2026-09-14,
804,Rylan Graham,University of Northern British Columbia,openalex,A5143408243,Rylan Graham,0.825,1.0,1.0,0.5,0.0,1,0,0,University of Northern British Columbia,,pending,,,
805,Mark Groulx,University of Northern British Columbia,openalex,A5028455489,Mark Groulx,1.0,1.0,1.0,1.0,0.708,47,1023,18,University of Northern British Columbia,https://orcid.org/0000-0002-7256-3852,accepted,matcher,2026-09-14,
805,Mark Groulx,University of Northern British Columbia,openalex,A5143498208,Mark Groulx,0.9,1.0,1.0,1.0,0.0,2,0,0,University of Northern British Columbia,,pending,,,
806,Theresa Healy,University of Northern British Columbia,openalex,A5034642608,Theresa Healy,0.95,1.0,1.0,1.0,1.584,12,388,8,University of Northern British Columbia,,accepted,matcher,2026-09-14,
806,Theresa Healy,University of Northern British Columbia,openalex,A5034132296,Theresa Healy,0.65,1.0,0.0,0.667,0.449,1,110,1,,,pending,,,
806,Theresa Healy,University of Northern British Columbia,openalex,A5081369493,Theresa Healy,0.5,1.0,0.0,0.333,0.008,2,2,1,,,pending,,,
806,Theresa Healy,University of Northern British Columbia,openalex,A5028090549,Mary Theresa Healy,0.495,0.766,0.0,1.0,0.0,1,0,0,,,pending,,,
808,Bryce Lowery,University of Oklahoma,openalex,A5022352676,Bryce Lowery,0.954,1.0,1.0,0.692,0.805,27,306,7,San Diego State University,https://orcid.org/0000-0001-8359-9773,accepted,matcher,2026-09-14,
810,Anne Brown,University of Oregon,openalex,A5027174209,Anne Brown,0.978,1.0,1.0,0.855,0.758,136,2138,28,University of Oregon,https://orcid.org/0000-0001-5009-8331,accepted,matcher,2026-09-14,
810,Anne Brown,University of Oregon,openalex,A5112185642,Anne Brown,0.7,1.0,0.0,1.0,0.223,34,628,8,New York Institute of Technology,,pending,,,
810,Anne Brown,University of Oregon,openalex,A5076904995,Anne Brown Dolan,0.653,1.0,0.0,0.684,0.128,19,362,11,,,pending,,,
810,Anne Brown,University of Oregon,openalex,A5059012164,M. Anne Brown,0.645,0.878,0.0,1.0,0.389,81,1097,16,Portland State University,https://orcid.org/0000-0002-1557-7094,pending,,,
810,Anne Brown,University of Oregon,openalex,A5080703013,Anne S. Brown,0.625,1.0,0.0,0.5,0.142,13,401,12,,,pending,,,
814,Renee Irvin,University of Oregon,openalex,A5039933871,Renée A. Irvin,0.987,1.0,1.0,0.912,0.6,52,2250,10,,https://orcid.org/0000-0001-5038-1591,accepted,matcher,2026-09-14,
814,Renee Irvin,University of Oregon,openalex,A5119422483,Renee Irvin,0.6,1.0,0.0,1.0,0.0,1,0,0,,,pending,,,
814,Renee Irvin,University of Oregon,openalex,A5027491542,Renée Irvin,0.6,1.0,0.0,1.0,0.0,1,0,0,,,pending,,,
814,Renee Irvin,University of Oregon,openalex,A5051120994,Renee Danielle Irvin,0.6,1.0,0.0,1.0,0.0,1,0,0,,,pending,,,
814,Renee Irvin,University of Oregon,openalex,A5120818235,Renee A. Irvin,0.525,1.0,0.0,0.5,0.0,1,0,0,,,pending,,,
815,Patricia Lambert,University of Oregon,openalex,A5008349321,Patricia Dewey Lambert,0.958,1.0,1.0,0.718,0.607,39,91,4,,,accepted,matcher,2026-09-14,
815,Patricia Lambert,University of Oregon,openalex,A5113947735,Patricia Anne Lambert,0.65,1.0,0.0,1.0,0.067,2,10,2,Partnership for Drug-Free Kids,,pending,,,
815,Patricia Lambert,University of Oregon,openalex,A5067288375,Patricia Lambert Gent,0.6,1.0,0.0,0.667,0.06,1,9,1,"University of Maryland, Baltimore",,pending,,,
815,Patricia Lambert,University of Oregon,openalex,A5039871343,Patricia Lambert Swann,0.6,1.0,0.0,1.0,0.0,1,0,0,,,pending,,,
815,Patricia Lambert,University of Oregon,openalex,A5013367107,Patricia J.B. Lambert,0.6,1.0,0.0,1.0,0.0,1,0,0,,,pending,,,
816,Laura Leete,University of Oregon,openalex,A5032777152,Laura Leete,1.0,1.0,1.0,1.0,0.457,27,1120,12,University of Oregon,https://orcid.org/0000-0002-4189-3322,accepted,matcher,2026-09-14,
818,Richard Margerum,University of Oregon,openalex,A5045901772,Richard D. Margerum,1.0,1.0,1.0,1.0,0.606,90,2506,20,University of Oregon,https://orcid.org/0000-0002-0131-4736,accepted,matcher,2026-09-14,
819,Dyana Mason,University of Oregon,openalex,A5049798990,Dyana P. Mason,1.0,1.0,1.0,1.0,0.667,68,637,15,University of Oregon,https://orcid.org/0000-0003-2385-4044,accepted,matcher,2026-09-14,
819,Dyana Mason,University of Oregon,openalex,A5135749939,Dyana Mason,0.6,1.0,0.0,1.0,0.0,2,0,0,,,pending,,,
820,Jose Melendez,University of Oregon,openalex,A5012462711,Jóse W. Meléndez,1.0,1.0,1.0,1.0,0.582,17,121,5,University of Oregon,https://orcid.org/0000-0001-5775-6069,accepted,matcher,2026-09-14,
820,Jose Melendez,University of Oregon,openalex,A5092156272,José R. Hernández-Meléndez,0.7,1.0,0.5,0.0,0.423,5,88,4,University of Michigan,,pending,,,
820,Jose Melendez,University of Oregon,openalex,A5061724923,José Meléndez,0.657,1.0,0.0,0.714,0.149,5,31,3,Polytechnique Montréal,,pending,,,
820,Jose Melendez,University of Oregon,openalex,A5096199069,Jose Lacle-Melendez,0.65,1.0,0.0,0.667,0.125,1,26,1,Fundación Universitaria Konrad Lorenz,https://orcid.org/0009-0000-9573-4194,pending,,,
820,Jose Melendez,University of Oregon,openalex,A5089785810,José-Manuel Meléndez Garcia,0.6,1.0,0.0,0.333,0.356,1,74,1,Universidad Francisco Marroquín,,pending,,,
821,Nicole Ngo,University of Oregon,openalex,A5076041816,Nicole S. Ngo,0.975,1.0,1.0,0.833,0.786,40,796,12,University of Oregon,https://orcid.org/0000-0002-3558-8866,accepted,matcher,2026-09-14,
821,Nicole Ngo,University of Oregon,openalex,A5099736142,Nicole Florence Ngo Ngwe,0.6,1.0,0.0,1.0,0.002,1,2,1,,,pending,,,
821,Nicole Ngo,University of Oregon,openalex,A5009427695,Nicole Ngo,0.59,1.0,0.0,0.6,0.038,2,38,2,Sidney & Lois Eskenazi Hospital,,pending,,,
821,Nicole Ngo,University of Oregon,openalex,A5015575303,Nicole Ngo Giang Huong,0.586,1.0,0.0,0.571,0.086,6,87,4,,,pending,,,
821,Nicole Ngo,University of Oregon,openalex,A5125659778,Nicole Ngo-Giang-Huong,0.54,1.0,0.0,0.6,0.0,5,0,0,,,pending,,,
822,Eleonora Redaelli,University of Oregon,openalex,A5017001537,Eleonora Redaelli,0.966,1.0,1.0,0.771,0.464,71,351,10,University of Oregon,https://orcid.org/0000-0001-9122-6168,accepted,matcher,2026-09-14,
823,Gerardo Sandoval,University of Oregon,openalex,A5067431453,Gerardo Francisco Sandoval,1.0,1.0,1.0,1.0,0.505,46,399,11,"University of California, Irvine",,accepted,matcher,2026-09-14,
823,Gerardo Sandoval,University of Oregon,openalex,A5067408411,Gerardo A. Sandoval,0.62,0.934,0.0,1.0,0.048,12,38,3,,,pending,,,
823,Gerardo Sandoval,University of Oregon,openalex,A5138354899,Gerardo Sandoval,0.6,1.0,0.0,1.0,0.0,2,0,0,NOAA National Weather Service,,pending,,,
823,Gerardo Sandoval,University of Oregon,openalex,A5126177318,Gerardo Ruiz-Sandoval,0.578,0.952,0.0,1.0,0.001,1,1,1,Universidad Juárez del Estado de Durango,,pending,,,
823,Gerardo Sandoval,University of Oregon,openalex,A5024131860,Gerardo Ramírez-Sandoval,0.564,0.92,0.0,1.0,0.005,1,4,1,Mexican Social Security Institute,,pending,,,
824,Marc Schlossberg,University of Oregon,openalex,A5006153536,Marc Schlossberg,0.985,1.0,1.0,0.899,0.855,85,2550,19,,https://orcid.org/0000-0002-7698-4814,accepted,matcher,2026-09-14,
826,Francesca Ammon,University of Pennsylvania,openalex,A5068238188,Francesca Russello Ammon,1.0,1.0,1.0,1.0,0.211,16,48,4,,https://orcid.org/0000-0002-6702-5566,accepted,matcher,2026-09-14,
826,Francesca Ammon,University of Pennsylvania,openalex,A5104861535,Francesca Russello Ammon,0.6,1.0,0.0,1.0,0.0,1,0,0,,,pending,,,
826,Francesca Ammon,University of Pennsylvania,openalex,A5104710194,Francesca Russello Ammon,0.6,1.0,0.0,1.0,0.0,1,0,0,,,pending,,,
826,Francesca Ammon,University of Pennsylvania,openalex,A5104709265,Francesca Russello Ammon,0.6,1.0,0.0,1.0,0.0,1,0,0,,,pending,,,
826,Francesca Ammon,University of Pennsylvania,openalex,A5100468334,Francesca Russello Ammon,0.57,1.0,0.0,0.8,0.0,5,0,0,,,pending,,,
827,Eugenie Birch,University of Pennsylvania,openalex,A5035965394,Eugénie L. Birch,1.0,1.0,1.0,1.0,0.453,115,1592,20,California University of Pennsylvania,https://orcid.org/0000-0002-3735-5230,accepted,matcher,2026-09-14,
827,Eugenie Birch,University of Pennsylvania,openalex,A5093854819,Eugénie Birch,0.85,1.0,1.0,0.667,0.0,1,1,1,Penn Center for AIDS Research,,pending,,,
827,Eugenie Birch,University of Pennsylvania,openalex,A5123548424,Eugenie L. Birch,0.84,1.0,1.0,0.6,0.0,2,0,0,University of Pennsylvania,,pending,,,
827,Eugenie Birch,University of Pennsylvania,openalex,A5144000175,Eugenie L. Birch,0.6,1.0,0.0,1.0,0.013,2,45,2,,,pending,,,
827,Eugenie Birch,University of Pennsylvania,openalex,A5129036316,Eugenie L Birch,0.525,1.0,0.0,0.5,0.0,1,0,0,,,pending,,,
829,Thomas Daniels,University of Pennsylvania,openalex,A5017166236,Thomas L. Daniels,1.0,1.0,1.0,1.0,0.674,62,1426,19,California University of Pennsylvania,https://orcid.org/0000-0002-9447-5087,accepted,matcher,2026-09-14,
829,Thomas Daniels,University of Pennsylvania,openalex,A5054949868,Thomas Gary Daniels,0.6,1.0,0.0,1.0,0.004,1,8,1,,,pending,,,
829,Thomas Daniels,University of Pennsylvania,openalex,A5048048859,Thomas Andrew Daniels,0.6,1.0,0.0,1.0,0.001,1,2,1,,,pending,,,
829,Thomas Daniels,University of Pennsylvania,openalex,A5149332371,Thomas Gerard Daniels,0.6,1.0,0.0,1.0,0.0,1,0,0,,,pending,,,
829,Thomas Daniels,University of Pennsylvania,openalex,A5034667975,Thomas Daniels,0.578,1.0,0.0,0.188,0.407,28,860,11,Iowa State University,,pending,,,
830,Elizabeth Delmelle,University of Pennsylvania,openalex,A5070927928,Elizabeth C. Delmelle,1.0,1.0,1.0,1.0,0.709,71,2174,26,,https://orcid.org/0000-0003-3735-8359,accepted,matcher,2026-09-14,
830,Elizabeth Delmelle,University of Pennsylvania,openalex,A5139573852,Elizabeth C. Delmelle,0.9,1.0,1.0,1.0,0.0,2,0,0,University City Science Center,,pending,,,
832,Akira Drake Rodriguez,University of Pennsylvania,openalex,A5073073333,Akira Drake Rodriguez,1.0,1.0,1.0,1.0,0.926,53,176,6,California University of Pennsylvania,https://orcid.org/0000-0002-4356-9032,accepted,matcher,2026-09-14,
832,Akira Drake Rodriguez,University of Pennsylvania,openalex,A5032019618,James DeFilippis John Mollenkopf Akira Drake Rodriguez,0.391,0.535,0.0,1.0,0.0,1,0,0,,,pending,,,
833,Lance Freeman,University of Pennsylvania,openalex,A5046244327,Lance Freeman,1.0,1.0,1.0,1.0,0.483,73,3933,27,University City Science Center,https://orcid.org/0009-0000-0050-8478,accepted,matcher,2026-09-14,
833,Lance Freeman,University of Pennsylvania,openalex,A5099201075,Lance Freeman,0.525,1.0,0.0,0.5,0.0,2,0,0,,,pending,,,
833,Lance Freeman,University of Pennsylvania,openalex,A5071273053,Lance Freeman,0.48,1.0,0.0,0.2,0.007,2,57,2,Shriners Hospitals for Children - Erie,,pending,,,
834,Jamaal Green,University of Pennsylvania,openalex,A5017775447,Jamaal Green,0.975,1.0,1.0,0.833,0.653,21,342,4,University of Pennsylvania,https://orcid.org/0000-0002-8322-8654,accepted,matcher,2026-09-14,
835,Erick Guerra,University of Pennsylvania,openalex,A5013425228,Erick Guerra,0.988,1.0,1.0,0.918,0.628,137,2876,26,University City Science Center,https://orcid.org/0000-0002-7769-2581,accepted,matcher,2026-09-14,
835,Erick Guerra,University of Pennsylvania,openalex,A5057076618,Erick Ricardo Barajas Guerra,0.6,1.0,0.0,1.0,0.0,3,1,1,Universidad de Guadalajara,https://orcid.org/0009-0009-5377-1689,pending,,,
835,Erick Guerra,University of Pennsylvania,openalex,A5130392306,Erick Barajas Guerra,0.6,1.0,0.0,1.0,0.0,1,0,0,,,pending,,,
835,Erick Guerra,University of Pennsylvania,openalex,A5077457713,Erick Fernando Esparza Guerra,0.6,1.0,0.0,1.0,0.0,1,0,0,,,pending,,,
835,Erick Guerra,University of Pennsylvania,openalex,A5011419067,Erick Jairo Elvis Huisa Guerra,0.6,1.0,0.0,1.0,0.0,2,0,0,,https://orcid.org/0000-0001-7103-1574,pending,,,
836,Allison Lassiter,University of Pennsylvania,openalex,A5080050757,Allison Lassiter,0.861,1.0,1.0,0.737,6.774,24,210,7,University City Science Center,https://orcid.org/0000-0002-0262-9350,accepted,matcher,2026-09-14,
836,Allison Lassiter,University of Pennsylvania,openalex,A5015868537,Allison Lassiter,0.65,1.0,0.0,1.0,1.581,2,49,1,,,pending,,,
837,Xiaojiang Li,University of Pennsylvania,openalex,A5100686305,Xiaojiang Li,1.0,1.0,1.0,1.0,0.987,116,5232,35,University City Science Center,https://orcid.org/0000-0002-4208-1641,accepted,matcher,2026-09-14,
837,Xiaojiang Li,University of Pennsylvania,openalex,A5148908350,Xiaojiang Li,0.9,1.0,1.0,1.0,0.0,1,0,0,University City Science Center,,pending,,,
837,Xiaojiang Li,University of Pennsylvania,openalex,A5122520056,Xiaojiang Li,0.87,1.0,1.0,0.8,0.001,3,4,2,University City Science Center,,pending,,,
837,Xiaojiang Li,University of Pennsylvania,openalex,A5100686307,Xiaojiang Li,0.616,1.0,0.0,0.439,0.123,38,654,14,Second Affiliated Hospital of Dalian Medical University,https://orcid.org/0000-0002-8487-0315,pending,,,
837,Xiaojiang Li,University of Pennsylvania,openalex,A5069611730,Li Xiaojiang,0.6,1.0,0.0,1.0,0.003,3,16,1,China Academy of Urban Planning and Design,,pending,,,
840,Randall Mason,University of Pennsylvania,openalex,A5072508203,Randall Mason,0.856,1.0,1.0,0.375,0.063,28,251,4,California University of Pennsylvania,,accepted,matcher,2026-09-14,
840,Randall Mason,University of Pennsylvania,openalex,A5119208717,Randall F. Mason,0.6,1.0,0.0,1.0,0.0,1,0,0,,,pending,,,
840,Randall Mason,University of Pennsylvania,openalex,A5000912146,Randall M. Mason,0.55,1.0,0.0,0.333,0.048,1,194,1,Henry M. Jackson Foundation,,pending,,,
840,Randall Mason,University of Pennsylvania,openalex,A5108089943,Randall C. Mason,0.55,1.0,0.0,0.667,0.006,1,25,1,,,pending,,,
840,Randall Mason,University of Pennsylvania,openalex,A5016928948,Randall J. Mason,0.54,1.0,0.0,0.6,0.001,4,4,2,,,pending,,,
841,Vincent Reina,University of Pennsylvania,openalex,A5047003459,Vincent Reina,0.99,1.0,1.0,0.933,0.642,62,813,16,University City Science Center,https://orcid.org/0000-0001-7638-0079,accepted,matcher,2026-09-14,
841,Vincent Reina,University of Pennsylvania,openalex,A5132592434,Vincent Reina,0.9,1.0,1.0,1.0,0.0,1,0,0,California University of Pennsylvania,,pending,,,
841,Vincent Reina,University of Pennsylvania,openalex,A5094152519,Vincent Reina,0.6,1.0,0.0,1.0,0.0,1,0,0,,,pending,,,
841,Vincent Reina,University of Pennsylvania,openalex,A5117148344,Vincent Reina,0.6,1.0,0.0,1.0,0.0,1,0,0,,,pending,,,
841,Vincent Reina,University of Pennsylvania,openalex,A5119940345,Vincent Reina,0.6,1.0,0.0,1.0,0.0,2,0,0,,,pending,,,
842,Megan Ryerson,University of Pennsylvania,openalex,A5080224195,Megan S. Ryerson,0.951,1.0,1.0,0.676,0.729,102,1721,22,California University of Pennsylvania,https://orcid.org/0000-0002-8843-3286,accepted,matcher,2026-09-14,
842,Megan Ryerson,University of Pennsylvania,openalex,A5140227128,Megan S. Ryerson,0.81,1.0,1.0,0.4,0.0,2,0,0,University City Science Center,,pending,,,
842,Megan Ryerson,University of Pennsylvania,openalex,A5041441739,S Ryerson Megan,0.398,0.662,0.0,0.667,0.0,1,0,0,,,pending,,,
843,Lisa Servon,University of Pennsylvania,openalex,A5008885855,Lisa J. Servon,0.902,1.0,1.0,0.35,0.391,71,2183,22,University City Science Center,,accepted,matcher,2026-09-14,
843,Lisa Servon,University of Pennsylvania,openalex,A5127396101,Lisa Servon,0.6,1.0,0.0,1.0,0.0,1,0,0,,,pending,,,
843,Lisa Servon,University of Pennsylvania,openalex,A5116442899,Lisa J. Servon,0.6,1.0,0.0,1.0,0.0,1,0,0,,,pending,,,
843,Lisa Servon,University of Pennsylvania,openalex,A5116442945,Lisa J. Servon,0.579,1.0,0.0,0.857,0.0,6,0,0,,,pending,,,
844,Domenic Vitiello,University of Pennsylvania,openalex,A5042764674,Domenic Vitiello,1.0,1.0,1.0,1.0,0.379,57,487,11,California University of Pennsylvania,https://orcid.org/0000-0001-9679-8544,accepted,matcher,2026-09-14,
844,Domenic Vitiello,University of Pennsylvania,openalex,A5089612134,Domenic Vitiello,0.6,1.0,0.0,1.0,0.001,2,1,1,,,pending,,,
844,Domenic Vitiello,University of Pennsylvania,openalex,A5129568537,Domenic Vitiello,0.6,1.0,0.0,1.0,0.0,1,0,0,,,pending,,,
844,Domenic Vitiello,University of Pennsylvania,openalex,A5104959507,Domenic Vitiello,0.525,1.0,0.0,0.5,0.0,1,0,0,,,pending,,,
844,Domenic Vitiello,University of Pennsylvania,openalex,A5120565144,Domenic Vitiello,0.525,1.0,0.0,0.5,0.0,1,0,0,,,pending,,,
848,Maritza Orta,University of Puerto Rico,openalex,A5041193745,Maritza Barreto-Orta,0.85,1.0,1.0,0.333,2.4,8,24,3,University of Puerto Rico at Río Piedras,,accepted,matcher,2026-09-14,
848,Maritza Orta,University of Puerto Rico,openalex,A5038468562,Maritza Orta Hernandez,0.6,1.0,0.0,1.0,0.0,1,0,0,,,pending,,,
848,Maritza Orta,University of Puerto Rico,openalex,A5062037220,Maritza Alexandra Orta Iza,0.525,1.0,0.0,0.5,0.0,1,0,0,,,pending,,,
850,Raul Santiago-Bartolomei,University of Puerto Rico,openalex,A5045842354,Raúl Santiago-Bartolomei,1.0,1.0,1.0,1.0,0.512,22,275,9,University of Puerto Rico System,https://orcid.org/0000-0002-5257-0959,accepted,matcher,2026-09-14,
850,Raul Santiago-Bartolomei,University of Puerto Rico,openalex,A5140600304,Raul Santiago Bartolomei,0.9,1.0,1.0,1.0,0.0,1,0,0,University of Puerto Rico System,https://orcid.org/0000-0002-5257-0959,pending,,,
852,Priscilla Ananian,University of Quebec in Montreal,openalex,A5000336588,Priscilla Ananian,1.0,1.0,1.0,1.0,0.835,62,258,7,Université du Québec à Montréal,https://orcid.org/0000-0003-2373-6435,accepted,matcher,2026-09-14,
852,Priscilla Ananian,University of Quebec in Montreal,openalex,A5051128138,Ananian Priscilla,0.401,0.557,0.0,1.0,0.01,1,3,1,,,pending,,,
853,Hélène Bélanger,University of Quebec in Montreal,openalex,A5049958052,Hélène Bélanger,1.0,1.0,1.0,1.0,0.213,29,81,5,Université du Québec à Montréal,https://orcid.org/0000-0002-6749-9673,accepted,matcher,2026-09-14,
853,Hélène Bélanger,University of Quebec in Montreal,openalex,A5112845134,Hélène Bélanger,0.9,1.0,1.0,1.0,0.003,1,1,1,Université du Québec à Montréal,,pending,,,
853,Hélène Bélanger,University of Quebec in Montreal,openalex,A5120579195,Hélène Bélanger,0.9,1.0,1.0,1.0,0.0,1,0,0,Université du Québec à Montréal,,pending,,,
853,Hélène Bélanger,University of Quebec in Montreal,openalex,A5120772521,Hélène Bélanger,0.6,1.0,0.0,1.0,0.0,1,0,0,,,pending,,,
853,Hélène Bélanger,University of Quebec in Montreal,openalex,A5120772467,Hélène Bélanger,0.55,1.0,0.0,0.667,0.0,1,0,0,,,pending,,,
854,Guillaume Éthier,University of Quebec in Montreal,openalex,A5039135616,Guillaume Éthier,0.977,1.0,1.0,0.846,0.116,9,13,2,Université du Québec à Montréal,,accepted,matcher,2026-09-14,
854,Guillaume Éthier,University of Quebec in Montreal,openalex,A5038483163,Guillaume Éthier,0.632,1.0,0.0,0.878,2.884,33,323,11,Centre Hospitalier Universitaire Sainte-Justine,https://orcid.org/0009-0002-0076-8370,pending,,,
854,Guillaume Éthier,University of Quebec in Montreal,openalex,A5099290301,Guillaume Éthier,0.6,1.0,0.0,0.667,0.071,1,8,1,,,pending,,,
854,Guillaume Éthier,University of Quebec in Montreal,openalex,A5099251863,Guillaume Ethier,0.6,1.0,0.0,1.0,0.027,1,3,1,,,pending,,,
854,Guillaume Éthier,University of Quebec in Montreal,openalex,A5125913280,Guillaume Éthier,0.6,1.0,0.0,1.0,0.0,1,0,0,,,pending,,,
856,Yona Jébrak,University of Quebec in Montreal,openalex,A5085429944,Yona Jébrak,0.973,1.0,1.0,0.818,0.286,10,8,1,Université du Québec à Montréal,,accepted,matcher,2026-09-14,
856,Yona Jébrak,University of Quebec in Montreal,openalex,A5053225365,Yona Jébrak,0.857,1.0,1.0,0.714,0.0,3,0,0,Université du Québec à Montréal,,pending,,,
857,Ugo Lachapelle,University of Quebec in Montreal,openalex,A5077972179,Ugo Lachapelle,0.978,1.0,1.0,0.856,0.715,83,1661,21,Université du Québec à Montréal,https://orcid.org/0000-0003-2306-6021,accepted,matcher,2026-09-14,
858,Lucie K.Morisset,University of Quebec in Montreal,openalex,A5055666724,Lucie K. Morisset,0.885,1.0,1.0,0.568,0.093,122,116,6,Université du Québec à Montréal,,accepted,matcher,2026-09-14,
859,Luc Noppen,University of Quebec in Montreal,openalex,A5010097298,Luc Noppen,0.917,1.0,1.0,0.781,0.078,115,92,6,,,accepted,matcher,2026-09-14,
860,Sophie Paquin,University of Quebec in Montreal,openalex,A5001320661,Sophie Paquin,0.983,1.0,1.0,0.885,0.48,25,97,3,Université du Québec à Montréal,,accepted,matcher,2026-09-14,
861,Sylvie Paré,University of Quebec in Montreal,openalex,A5062312814,Sylvie Paré,0.985,1.0,1.0,0.9,0.233,33,67,4,Université du Québec à Montréal,,accepted,matcher,2026-09-14,
861,Sylvie Paré,University of Quebec in Montreal,openalex,A5061022649,Sylvie Paré,0.9,1.0,1.0,1.0,0.0,1,0,0,Université du Québec à Montréal,https://orcid.org/0000-0003-1506-8967,pending,,,
861,Sylvie Paré,University of Quebec in Montreal,openalex,A5119883246,Sylvie Paré,0.6,1.0,0.0,1.0,0.0,2,0,0,,,pending,,,
861,Sylvie Paré,University of Quebec in Montreal,openalex,A5107672673,Sylvie Paré,0.6,1.0,0.0,1.0,0.0,1,0,0,,,pending,,,
861,Sylvie Paré,University of Quebec in Montreal,openalex,A5095892109,Sylvie Paré,0.6,1.0,0.0,1.0,0.0,1,0,0,,,pending,,,
862,Florence Paulhiac,University of Quebec in Montreal,openalex,A5061639863,Florence Paulhiac Scherrer,1.0,1.0,1.0,1.0,0.435,55,135,6,Université du Québec à Montréal,https://orcid.org/0000-0003-2530-8004,accepted,matcher,2026-09-14,
862,Florence Paulhiac,University of Quebec in Montreal,openalex,A5095958812,Florence Paulhiac-Scherrer,0.6,1.0,0.0,1.0,0.003,1,1,1,,,pending,,,
862,Florence Paulhiac,University of Quebec in Montreal,openalex,A5125688797,Florence Paulhiac Scherrer,0.6,1.0,0.0,1.0,0.0,7,0,0,,,pending,,,
862,Florence Paulhiac,University of Quebec in Montreal,openalex,A5099269950,Florence Paulhiac Scherrer,0.6,1.0,0.0,1.0,0.0,1,0,0,,,pending,,,
862,Florence Paulhiac,University of Quebec in Montreal,openalex,A5120217520,Florence PAULHIAC SCHERRER,0.525,1.0,0.0,0.5,0.0,1,0,0,,,pending,,,
864,François Racine,University of Quebec in Montreal,openalex,A5087389272,François Racine,0.986,1.0,1.0,0.905,0.308,24,53,4,Université du Québec à Montréal,https://orcid.org/0000-0002-7409-5204,accepted,matcher,2026-09-14,
864,François Racine,University of Quebec in Montreal,openalex,A5080766292,François Racine-Hemmings,0.645,1.0,0.0,0.632,0.529,12,91,3,,https://orcid.org/0000-0003-2891-6830,pending,,,
864,François Racine,University of Quebec in Montreal,openalex,A5104424631,François Racine,0.6,1.0,0.0,1.0,0.0,1,0,0,,,pending,,,
864,François Racine,University of Quebec in Montreal,openalex,A5092161323,François RACINE,0.6,1.0,0.0,1.0,0.0,1,0,0,,,pending,,,
864,François Racine,University of Quebec in Montreal,openalex,A5092161334,François RACINE,0.6,1.0,0.0,1.0,0.0,1,0,0,,,pending,,,
865,Juste Rajaonson,University of Quebec in Montreal,openalex,A5057727038,Juste Rajaonson,0.981,1.0,1.0,0.87,0.649,56,1117,11,Université du Québec à Montréal,https://orcid.org/0000-0002-0191-2437,accepted,matcher,2026-09-14,
866,Michel Rochefort,University of Quebec in Montreal,openalex,A5087457973,Michel Rochefort,1.0,1.0,1.0,1.0,0.156,84,133,5,,,accepted,matcher,2026-09-14,
866,Michel Rochefort,University of Quebec in Montreal,openalex,A5013961307,Michel Rochefort,0.6,1.0,0.0,1.0,0.0,2,0,0,,,pending,,,
866,Michel Rochefort,University of Quebec in Montreal,openalex,A5125944710,Michel Rochefort,0.575,1.0,0.0,0.833,0.0,2,0,0,,,pending,,,
867,Georges A.Tanguay,University of Quebec in Montreal,openalex,A5041491206,Georges A. Tanguay,1.0,1.0,1.0,1.0,0.585,77,1576,14,Université du Québec à Montréal,https://orcid.org/0000-0001-5206-6237,accepted,matcher,2026-09-14,
867,Georges A.Tanguay,University of Quebec in Montreal,openalex,A5011051650,Georges-Émile Tanguay,0.6,1.0,0.0,1.0,0.0,1,0,0,,,pending,,,
868,Jill Blakley,University of Saskatchewan,openalex,A5014203548,Jill Blakley,0.948,1.0,1.0,0.654,0.106,16,208,7,University of Saskatchewan,https://orcid.org/0000-0002-1715-6197,accepted,matcher,2026-09-14,
868,Jill Blakley,University of Saskatchewan,openalex,A5093680019,Jill Blakley,0.6,1.0,0.0,1.0,0.0,1,0,0,,,pending,,,
868,Jill Blakley,University of Saskatchewan,openalex,A5093680022,Jill Blakley,0.6,1.0,0.0,1.0,0.0,1,0,0,,,pending,,,
871,Ryan Walker,University of Saskatchewan,openalex,A5028215006,Ryan Walker,0.95,1.0,1.0,1.0,1.522,48,951,18,University of Saskatchewan,https://orcid.org/0000-0003-4979-6161,accepted,matcher,2026-09-14,
871,Ryan Walker,University of Saskatchewan,openalex,A5058553450,Ryan B. Walker,0.7,1.0,0.0,1.0,0.515,6,322,5,Western Colorado University,https://orcid.org/0000-0002-8002-4250,pending,,,
871,Ryan Walker,University of Saskatchewan,openalex,A5049831748,Ryan Walker,0.685,1.0,0.0,0.897,0.278,22,174,7,"Rutgers, The State University of New Jersey",https://orcid.org/0000-0002-6810-9374,pending,,,
871,Ryan Walker,University of Saskatchewan,openalex,A5007872898,Ryan Walker,0.65,1.0,0.0,1.0,0.045,2,28,2,,,pending,,,
871,Ryan Walker,University of Saskatchewan,openalex,A5077340786,Ryan Michael Walker,0.65,1.0,0.0,1.0,0.048,6,30,2,Miami University,,pending,,,
872,Peng Chen,University of South Florida,openalex,A5044874175,Peng Chen,0.962,1.0,1.0,0.748,1.496,199,4099,35,Texas Christian University,https://orcid.org/0000-0002-3201-7339,accepted,matcher,2026-09-14,
872,Peng Chen,University of South Florida,openalex,A5100785027,Peng Chen,0.758,1.0,0.5,0.385,1.424,193,3902,33,Xihua University,https://orcid.org/0000-0003-4936-2064,pending,,,
872,Peng Chen,University of South Florida,openalex,A5100338485,Peng Chen,0.741,1.0,0.5,0.272,1.5,273,4110,35,Qingdao University,https://orcid.org/0000-0003-3630-5685,pending,,,
872,Peng Chen,University of South Florida,openalex,A5100338470,Peng Chen,0.718,1.0,0.5,0.455,2.766,315,7580,46,Guizhou University,https://orcid.org/0000-0002-8210-8562,pending,,,
872,Peng Chen,University of South Florida,openalex,A5101791707,Peng Chen,0.718,1.0,0.5,0.451,1.82,134,4986,39,Qingdao University,https://orcid.org/0000-0003-2767-7698,pending,,,
873,Robin Ersing,University of South Florida,openalex,A5033394014,Robin Ersing,0.98,1.0,1.0,0.867,0.658,36,817,16,,https://orcid.org/0000-0003-0708-8810,accepted,matcher,2026-09-14,
873,Robin Ersing,University of South Florida,openalex,A5147039062,Robin Ersing,0.879,1.0,1.0,0.857,0.0,5,0,0,University of South Florida,,pending,,,
873,Robin Ersing,University of South Florida,openalex,A5120749946,Robin L. Ersing,0.6,1.0,0.0,1.0,0.0,1,0,0,,,pending,,,
874,Youjung Kim,University of South Florida,openalex,A5062938103,Youjung Kim,0.967,1.0,1.0,0.778,1.414,46,536,13,University of South Florida,https://orcid.org/0000-0002-1617-3956,accepted,matcher,2026-09-14,
874,Youjung Kim,University of South Florida,openalex,A5137295452,Youjung Kim,0.87,1.0,1.0,0.8,0.0,2,0,0,Ewha Womans University,,pending,,,
874,Youjung Kim,University of South Florida,openalex,A5139401929,Youjung Kim,0.8,1.0,1.0,0.333,0.0,1,0,0,University of South Florida,,pending,,,
874,Youjung Kim,University of South Florida,openalex,A5133778850,Youjung Kim,0.6,1.0,0.0,1.0,0.0,1,0,0,,,pending,,,
874,Youjung Kim,University of South Florida,openalex,A5101829102,Youjung Kim,0.596,1.0,0.0,0.306,0.718,27,272,8,Seoul National University,https://orcid.org/0000-0002-8233-536X,pending,,,
875,Evangeline Linkous,University of South Florida,openalex,A5090096270,Evangeline Linkous,0.963,1.0,1.0,0.75,0.694,23,175,6,University of South Florida,https://orcid.org/0000-0001-8536-4046,accepted,matcher,2026-09-14,
876,Elizabeth Strom,University of South Florida,openalex,A5040229449,Elizabeth Strom,1.0,1.0,1.0,1.0,0.437,43,1020,13,University of South Florida,https://orcid.org/0000-0002-1240-1640,accepted,matcher,2026-09-14,
876,Elizabeth Strom,University of South Florida,openalex,A5009112744,Elizabeth M. Strom,0.514,1.0,0.0,0.429,0.004,4,9,2,"University of California, Los Angeles",,pending,,,
877,Carolyn Ball,University of Southern Maine,openalex,A5042282209,Carolyn Ball,1.0,1.0,1.0,1.0,0.383,15,436,5,,,accepted,matcher,2026-09-14,
877,Carolyn Ball,University of Southern Maine,openalex,A5037155620,Carolyn Somes Ball-Richardson,0.6,1.0,0.0,1.0,0.0,1,0,0,,,pending,,,
877,Carolyn Ball,University of Southern Maine,openalex,A5010646786,Carolyn C. Ball,0.57,1.0,0.0,0.8,0.002,2,2,1,,,pending,,,
877,Carolyn Ball,University of Southern Maine,openalex,A5024172223,Carolyn L. Ball,0.57,1.0,0.0,0.8,0.0,2,0,0,North Carolina State University,,pending,,,
877,Carolyn Ball,University of Southern Maine,openalex,A5028997240,Carolyn Ball,0.56,1.0,0.0,0.4,0.044,4,50,2,,,pending,,,
878,Yuseung Kim,University of Southern Maine,openalex,A5081225946,Yuseung Kim,0.936,1.0,1.0,0.571,0.419,6,54,3,Yonsei University,,accepted,matcher,2026-09-14,
878,Yuseung Kim,University of Southern Maine,openalex,A5039824404,Yuseung Kim,0.55,1.0,0.0,0.0,0.209,2,27,2,,,pending,,,
878,Yuseung Kim,University of Southern Maine,openalex,A5025965716,Yuseung Kim,0.45,1.0,0.0,0.0,0.008,2,1,1,,,pending,,,
879,Jianling Li,"University of Texas, Arlington",openalex,A5100685555,Jianling Li,0.98,1.0,1.0,0.864,1.024,70,558,13,Tianjin Normal University,https://orcid.org/0000-0002-6362-3956,accepted,matcher,2026-09-14,
879,Jianling Li,"University of Texas, Arlington",openalex,A5081965935,Li Jianling,0.825,1.0,1.0,0.5,0.011,2,6,2,Chongqing Technology and Business University,,pending,,,
879,Jianling Li,"University of Texas, Arlington",openalex,A5129645414,Jianling Li,0.8,1.0,1.0,0.333,0.0,1,0,0,The University of Texas at Arlington,,pending,,,
879,Jianling Li,"University of Texas, Arlington",openalex,A5100685554,Jianling Li,0.75,1.0,1.0,0.0,10.64,226,5799,40,Institute of Metallurgy,https://orcid.org/0000-0002-3915-9540,rejected,audit_matches,2026-09-16,"rejected 2026-09-16: OpenAlex 5,799 citations against 545 from pop (10.6x); probable namesake"
879,Jianling Li,"University of Texas, Arlington",openalex,A5100685558,Jianling Li,0.75,1.0,1.0,0.0,3.585,121,1954,20,Guangxi Medical University,https://orcid.org/0000-0002-9721-8086,rejected,audit_matches,2026-09-16,"rejected 2026-09-16: OpenAlex 1,954 citations against 545 from pop (3.6x); probable namesake"
881,Julene Paul,"University of Texas, Arlington",openalex,A5053066406,Julene Paul,0.984,1.0,1.0,0.891,0.649,23,163,6,The University of Texas at Arlington,https://orcid.org/0000-0003-3683-718X,accepted,matcher,2026-09-14,
883,Malini Roy,"University of Texas, Arlington",openalex,A5023426653,Malini Roy,1.0,1.0,1.0,1.0,1.061,32,243,9,The University of Texas at Arlington,https://orcid.org/0000-0002-9438-3000,accepted,matcher,2026-09-14,
883,Malini Roy,"University of Texas, Arlington",openalex,A5077267042,Malini Roy,0.632,1.0,0.0,0.545,0.231,11,53,2,,,pending,,,
883,Malini Roy,"University of Texas, Arlington",openalex,A5045952285,Malini Roy Choudhury,0.6,1.0,0.0,1.0,4.013,66,919,15,The University of Queensland,https://orcid.org/0000-0003-4775-3854,rejected,audit_matches,2026-09-16,rejected 2026-09-16: OpenAlex 919 citations against 299 from google_scholar (3.1x); probable namesake
883,Malini Roy,"University of Texas, Arlington",openalex,A5114081634,MALINI ROY,0.6,1.0,0.0,1.0,0.0,1,0,0,,,pending,,,
883,Malini Roy,"University of Texas, Arlington",openalex,A5101183360,Malini Roy,0.55,1.0,0.0,0.0,0.275,24,63,4,University of Calcutta,,pending,,,
884,Deden Rukmana,"University of Texas, Arlington",openalex,A5037421031,Deden Rukmana,1.0,1.0,1.0,1.0,0.507,67,912,15,,https://orcid.org/0000-0002-0730-8070,accepted,matcher,2026-09-14,
884,Deden Rukmana,"University of Texas, Arlington",openalex,A5132596838,Deden Rukmana,0.525,1.0,0.0,0.5,0.0,2,0,0,,,pending,,,
885,Wei Zhai,"University of Texas, Arlington",openalex,A5007973016,Wei Zhai,1.0,1.0,1.0,1.0,0.736,73,1269,19,The University of Texas at Arlington,https://orcid.org/0000-0003-4064-0427,accepted,matcher,2026-09-14,
885,Wei Zhai,"University of Texas, Arlington",openalex,A5101425640,Wei Zhai,0.85,1.0,1.0,0.0,0.646,84,1114,18,The University of Texas at Arlington,https://orcid.org/0000-0001-5695-8291,pending,,,
885,Wei Zhai,"University of Texas, Arlington",openalex,A5101925894,Wei Zhai,0.85,1.0,1.0,0.0,0.499,92,860,17,Northwestern Polytechnical University,https://orcid.org/0000-0001-7791-9048,pending,,,
885,Wei Zhai,"University of Texas, Arlington",openalex,A5030916775,Wei Zhai,0.744,1.0,0.5,0.625,0.038,7,65,3,Central University of Finance and Economics,https://orcid.org/0000-0002-4772-8555,pending,,,
885,Wei Zhai,"University of Texas, Arlington",openalex,A5111747339,Wei Zhai,0.7,1.0,0.5,0.0,0.282,25,486,11,Union Hospital,,pending,,,
886,Junfeng Jiao,"University of Texas, Austin",openalex,A5060920769,Junfeng Jiao,1.0,1.0,1.0,1.0,0.779,244,4584,35,The University of Texas of the Permian Basin,https://orcid.org/0000-0002-7272-8805,accepted,matcher,2026-09-14,
886,Junfeng Jiao,"University of Texas, Austin",openalex,A5130561812,Junfeng Jiao,0.85,1.0,1.0,0.667,0.0,1,1,1,The University of Texas at Austin,,pending,,,
886,Junfeng Jiao,"University of Texas, Austin",openalex,A5125914945,Junfeng Jiao,0.85,1.0,1.0,0.667,0.0,1,0,0,The University of Texas at Austin,,pending,,,
886,Junfeng Jiao,"University of Texas, Austin",openalex,A5120681309,Junfeng Jiao,0.84,1.0,1.0,0.6,0.001,2,3,1,The University of Texas at Austin,,pending,,,
886,Junfeng Jiao,"University of Texas, Austin",openalex,A5127029061,Junfeng Jiao,0.825,1.0,1.0,0.5,0.0,1,0,0,The University of Texas at Austin,,pending,,,
887,Alex Karner,"University of Texas, Austin",openalex,A5000540944,Alex Karner,0.979,1.0,1.0,0.863,0.72,91,2891,25,The University of Texas at Austin,https://orcid.org/0000-0002-3651-8157,accepted,matcher,2026-09-14,
887,Alex Karner,"University of Texas, Austin",openalex,A5135902011,Alex Karner,0.6,1.0,0.0,1.0,0.0,5,0,0,,https://orcid.org/0000-0002-3651-8157,pending,,,
887,Alex Karner,"University of Texas, Austin",openalex,A5033542588,Alex A. Karner,0.48,1.0,0.0,0.2,0.001,3,5,1,,,pending,,,
888,Katherine Lieberknecht,"University of Texas, Austin",openalex,A5008568037,Katherine Lieberknecht,1.0,1.0,1.0,1.0,0.783,40,649,13,The University of Texas at Austin,https://orcid.org/0000-0002-4168-7457,accepted,matcher,2026-09-14,
888,Katherine Lieberknecht,"University of Texas, Austin",openalex,A5135379188,Katherine Lieberknecht,0.9,1.0,1.0,1.0,0.001,3,1,1,The University of Texas at Austin,,pending,,,
888,Katherine Lieberknecht,"University of Texas, Austin",openalex,A5140913943,Katherine Lieberknecht,0.9,1.0,1.0,1.0,0.0,1,0,0,The University of Texas at Austin,,pending,,,
889,Elizabeth Mueller,"University of Texas, Austin",openalex,A5047988000,Elizabeth J. Mueller,1.0,1.0,1.0,1.0,0.525,50,573,12,The University of Texas at Austin,https://orcid.org/0000-0002-3110-0966,accepted,matcher,2026-09-14,
889,Elizabeth Mueller,"University of Texas, Austin",openalex,A5109859954,Elizabeth J. Mueller,0.65,1.0,0.0,1.0,0.081,1,88,1,Appalachian State University,,pending,,,
889,Elizabeth Mueller,"University of Texas, Austin",openalex,A5107469057,Elizabeth J. Mueller‐Orsay,0.6,1.0,0.0,0.667,0.083,1,91,1,University of Illinois Urbana-Champaign,,pending,,,
889,Elizabeth Mueller,"University of Texas, Austin",openalex,A5137100474,Elizabeth Mueller,0.6,1.0,0.0,1.0,0.0,2,0,0,,,pending,,,
889,Elizabeth Mueller,"University of Texas, Austin",openalex,A5144317721,Elizabeth J. Mueller,0.6,1.0,0.0,1.0,0.0,1,0,0,,,pending,,,
890,Michael Oden,"University of Texas, Austin",openalex,A5053604688,Michael Oden,0.967,1.0,1.0,0.783,0.274,28,252,8,The University of Texas at Austin,https://orcid.org/0000-0002-6994-2894,accepted,matcher,2026-09-14,
890,Michael Oden,"University of Texas, Austin",openalex,A5109702129,Michael I. Oden,0.55,1.0,0.0,0.0,0.111,16,102,5,University of Calabar,,pending,,,
890,Michael Oden,"University of Texas, Austin",openalex,A5130136084,I. Oden Michael,0.5,1.0,0.0,0.333,0.0,1,0,0,University of Calabar,,pending,,,
890,Michael Oden,"University of Texas, Austin",openalex,A5104863860,MICHAEL S. ODEN,0.45,1.0,0.0,0.0,0.0,1,0,0,,,pending,,,
890,Michael Oden,"University of Texas, Austin",openalex,A5110041731,Oden Michael,0.35,0.667,0.0,0.333,0.001,1,1,1,University of Calabar,,pending,,,
891,Robert Paterson,"University of Texas, Austin",openalex,A5049034338,Robert G. Paterson,0.976,1.0,1.0,0.842,0.953,38,1025,8,The University of Texas at Austin,,accepted,matcher,2026-09-14,
891,Robert Paterson,"University of Texas, Austin",openalex,A5147874558,Robert Paterson,0.825,1.0,1.0,0.5,0.0,3,0,0,The University of Texas at Austin,,pending,,,
891,Robert Paterson,"University of Texas, Austin",openalex,A5086795893,Robert W. Paterson,0.689,1.0,0.0,0.929,0.793,39,853,12,Institute of Industrial Economics,,pending,,,
891,Robert Paterson,"University of Texas, Austin",openalex,A5103428766,Robert Paterson,0.621,1.0,0.0,0.474,0.24,23,258,8,,,pending,,,
891,Robert Paterson,"University of Texas, Austin",openalex,A5069398719,Robert K. Paterson,0.609,1.0,0.0,0.394,0.423,87,455,10,University of British Columbia,,pending,,,
892,Gian Claudia Sciara,"University of Texas, Austin",openalex,A5087236214,Gian-Claudia Sciara,1.0,1.0,1.0,1.0,0.601,65,472,9,The University of Texas at Austin,https://orcid.org/0000-0003-3964-2660,accepted,matcher,2026-09-14,
892,Gian Claudia Sciara,"University of Texas, Austin",openalex,A5112627853,Gian Claudia Sciara,0.881,1.0,1.0,0.875,0.019,4,15,2,,,pending,,,
892,Gian Claudia Sciara,"University of Texas, Austin",openalex,A5135469442,Gian-Claudia Sciara,0.55,1.0,0.0,0.667,0.0,1,0,0,,,pending,,,
893,Bjorn Sletto,"University of Texas, Austin",openalex,A5012813188,Bjørn Sletto,1.0,1.0,1.0,1.0,0.564,55,1167,21,The University of Texas at Austin,https://orcid.org/0000-0002-8371-7917,accepted,matcher,2026-09-14,
893,Bjorn Sletto,"University of Texas, Austin",openalex,A5144071439,Bjørn Sletto,0.564,0.92,0.0,1.0,0.0,1,0,0,,,pending,,,
893,Bjorn Sletto,"University of Texas, Austin",openalex,A5048387975,Ingmunn Sletto Bjørn,0.41,0.689,0.0,0.667,0.0,2,1,1,,,pending,,,
894,Miriam Solis,"University of Texas, Austin",openalex,A5114258115,Miriam Solis,1.0,1.0,1.0,1.0,0.649,20,74,4,The University of Texas at Austin,,accepted,matcher,2026-09-14,
894,Miriam Solis,"University of Texas, Austin",openalex,A5014594353,Miriam León Solís,0.7,1.0,0.0,1.0,0.132,4,15,2,Costa Rican Department of Social Security,,pending,,,
894,Miriam Solis,"University of Texas, Austin",openalex,A5108314105,Miriam Solis,0.65,1.0,0.0,1.0,0.035,2,4,1,,,pending,,,
894,Miriam Solis,"University of Texas, Austin",openalex,A5140611685,Miriam Solis,0.6,1.0,0.0,1.0,0.0,1,0,0,,,pending,,,
894,Miriam Solis,"University of Texas, Austin",openalex,A5134204337,Miriam Solis-Dueñas,0.6,1.0,0.0,1.0,0.0,1,0,0,,,pending,,,
895,Jake Wegmann,"University of Texas, Austin",openalex,A5062355327,Jake Wegmann,1.0,1.0,1.0,1.0,0.564,52,842,16,The University of Texas at Austin,https://orcid.org/0000-0001-5553-2395,accepted,matcher,2026-09-14,
895,Jake Wegmann,"University of Texas, Austin",openalex,A5064579369,Wegmann Jake,0.433,0.739,0.0,0.667,0.0,1,0,0,,,pending,,,
899,Bhuiyan Alam,University of Toledo,openalex,A5091099011,Bhuiyan Monwar Alam,0.964,1.0,1.0,0.761,0.723,68,574,14,University of Toledo,https://orcid.org/0000-0002-9683-6560,accepted,matcher,2026-09-14,
899,Bhuiyan Alam,University of Toledo,openalex,A5050864217,Jahedul Alam Bhuiyan,0.737,0.787,1.0,0.222,0.039,9,31,5,The University of Texas at El Paso,,pending,,,
899,Bhuiyan Alam,University of Toledo,openalex,A5103232490,Md Zakirul Alam Bhuiyan,0.518,0.928,0.0,0.0,0.696,13,553,9,Fordham University,https://orcid.org/0000-0002-5996-5259,pending,,,
899,Bhuiyan Alam,University of Toledo,openalex,A5078681829,Md. Safiul Alam Bhuiyan,0.505,0.901,0.0,0.0,0.246,22,195,6,Universiti of Malaysia Sabah,https://orcid.org/0000-0002-6867-0081,pending,,,
899,Bhuiyan Alam,University of Toledo,openalex,A5074221814,Md Khurshid Alam Bhuiyan,0.504,0.615,0.0,0.85,1.076,48,854,17,Universidad de Cádiz,https://orcid.org/0000-0002-6425-9754,pending,,,
900,Kevin Czajkowski,University of Toledo,openalex,A5091832490,Kevin Czajkowski,1.0,1.0,1.0,1.0,0.715,108,2678,23,University of Toledo,https://orcid.org/0000-0002-0472-4204,accepted,matcher,2026-09-14,
901,Daniel Hammel,University of Toledo,openalex,A5020049045,Daniel J. Hammel,1.0,1.0,1.0,1.0,0.543,27,2002,16,University of Toledo,https://orcid.org/0000-0001-9859-4422,accepted,matcher,2026-09-14,
903,David Nemeth,University of Toledo,openalex,A5069844917,David J. Nemeth,1.0,1.0,1.0,1.0,0.232,43,95,5,University of Toledo,https://orcid.org/0000-0002-7188-4451,accepted,matcher,2026-09-14,
903,David Nemeth,University of Toledo,openalex,A5123258034,David J Nemeth,0.875,1.0,1.0,0.833,0.0,2,0,0,University of Toledo,,pending,,,
903,David Nemeth,University of Toledo,openalex,A5017433843,Dávid Németh,0.6,1.0,0.0,1.0,0.0,3,0,0,Károli Gáspár University of the Reformed Church in Hungary,https://orcid.org/0000-0001-6549-3721,pending,,,
903,David Nemeth,University of Toledo,openalex,A5130302000,David J. Nemeth,0.6,1.0,0.0,1.0,0.0,1,0,0,,,pending,,,
903,David Nemeth,University of Toledo,openalex,A5093853318,Nemeth David J,0.57,0.6,1.0,0.0,0.0,1,0,0,University of Toledo,,pending,,,
906,Sujata Shetty,University of Toledo,openalex,A5039862567,Sujata Shetty,1.0,1.0,1.0,1.0,0.63,40,429,11,University of Toledo,https://orcid.org/0000-0002-7039-2295,accepted,matcher,2026-09-14,
906,Sujata Shetty,University of Toledo,openalex,A5116361372,Shetty Sujata,0.564,0.92,0.0,1.0,0.0,1,0,0,,,pending,,,
907,Yanqing Xu,University of Toledo,openalex,A5084055773,Yanqing Xu,0.975,1.0,1.0,0.831,0.988,122,2578,25,Wuhan University,https://orcid.org/0000-0002-5004-9975,accepted,matcher,2026-09-14,
907,Yanqing Xu,University of Toledo,openalex,A5036663663,Yanqing Xu,0.633,1.0,0.0,0.889,0.066,16,171,6,Nanchang University,https://orcid.org/0000-0001-6072-384X,pending,,,
907,Yanqing Xu,University of Toledo,openalex,A5101946783,Yanqing Xu,0.601,1.0,0.0,0.343,0.442,54,1153,22,,https://orcid.org/0000-0002-9817-3289,pending,,,
907,Yanqing Xu,University of Toledo,openalex,A5125229461,Yanqing Xu,0.6,1.0,0.0,1.0,0.0,1,0,0,Wuhan University,,pending,,,
907,Yanqing Xu,University of Toledo,openalex,A5080068570,Yanqing Xu,0.55,1.0,0.0,0.0,1.405,200,3664,32,Beijing Institute of Technology,https://orcid.org/0000-0002-8310-1944,pending,,,
908,Karen Chapple,University of Toronto,openalex,A5052324665,Karen Chapple,1.0,1.0,1.0,1.0,0.444,144,2345,26,University of Toronto,https://orcid.org/0000-0002-4417-4251,accepted,matcher,2026-09-14,
908,Karen Chapple,University of Toronto,openalex,A5133178238,Karen Chapple,0.6,1.0,0.0,1.0,0.0,1,0,0,,,pending,,,
908,Karen Chapple,University of Toronto,openalex,A5095021281,Karen Chapple,0.45,1.0,0.0,0.0,0.0,1,0,0,,,pending,,,
909,Kanishka Goonewardena,University of Toronto,openalex,A5056727290,Kanishka Goonewardena,1.0,1.0,1.0,1.0,0.653,50,1633,11,,https://orcid.org/0000-0001-8103-3549,accepted,matcher,2026-09-14,
911,Katharine Rankin,University of Toronto,openalex,A5011720223,Katharine N. Rankin,1.0,1.0,1.0,1.0,0.542,59,1791,21,University of Toronto,,accepted,matcher,2026-09-14,
911,Katharine Rankin,University of Toronto,openalex,A5118189871,Katharine Rankin,0.9,1.0,1.0,1.0,0.0,2,0,0,University of Toronto,,pending,,,
911,Katharine Rankin,University of Toronto,openalex,A5023377214,Katharine Rankin,0.6,1.0,0.0,1.0,0.006,3,21,2,,,pending,,,
911,Katharine Rankin,University of Toronto,openalex,A5143588950,Katharine Rankin,0.6,1.0,0.0,1.0,0.0,1,0,0,,,pending,,,
912,Tyeshia Redden,University of Toronto,openalex,A5036080129,Tyeshia Redden,1.0,1.0,1.0,1.0,0.381,9,8,2,University of Toronto,https://orcid.org/0000-0002-8977-4584,accepted,matcher,2026-09-14,
913,Tim Ross,University of Toronto,openalex,A5104102864,Tim Ross,0.979,1.0,1.0,0.857,0.17,15,23,3,University of Toronto,,accepted,matcher,2026-09-14,
913,Tim Ross,University of Toronto,openalex,A5068622115,Tim Melville‐Ross,0.65,1.0,0.0,1.0,0.074,1,10,1,,,pending,,,
913,Tim Ross,University of Toronto,openalex,A5109882529,Tim J. Ross,0.65,1.0,0.5,0.333,0.0,1,0,0,University of Richmond,,pending,,,
913,Tim Ross,University of Toronto,openalex,A5073782912,Tim Ross,0.6,1.0,0.0,1.0,0.015,3,2,1,Toronto Rehabilitation Institute,,pending,,,
913,Tim Ross,University of Toronto,openalex,A5035977397,Tim Melville-Ross,0.6,1.0,0.0,1.0,0.015,1,2,1,Nationwide Building Society,,pending,,,
914,Matti Siemiatycki,University of Toronto,openalex,A5047420822,Matti Siemiatycki,0.892,1.0,1.0,0.278,0.564,79,1903,26,,https://orcid.org/0000-0002-2987-6677,accepted,matcher,2026-09-14,
915,Nidhi Subramanyam,University of Toronto,openalex,A5033215775,Nidhi Subramanyam,0.945,1.0,1.0,0.632,0.688,22,97,5,,https://orcid.org/0000-0003-1177-360X,accepted,matcher,2026-09-14,
917,Keith Bartholomew,University of Utah,openalex,A5013108748,Keith Bartholomew,0.992,1.0,1.0,0.945,0.328,50,983,12,University of Utah,https://orcid.org/0000-0003-1468-1110,accepted,matcher,2026-09-14,
919,Divya Chandrasekhar,University of Utah,openalex,A5077856735,Divya Chandrasekhar,1.0,1.0,1.0,1.0,0.679,27,364,9,University of Utah,https://orcid.org/0000-0003-2591-6923,accepted,matcher,2026-09-14,
919,Divya Chandrasekhar,University of Utah,openalex,A5137383636,Divya Chandrasekhar,0.9,1.0,1.0,1.0,0.0,1,0,0,University of Utah,https://orcid.org/0000-0003-2591-6923,pending,,,
919,Divya Chandrasekhar,University of Utah,openalex,A5133753516,Divya Chandrasekhar,0.8,1.0,1.0,0.333,0.0,1,0,0,University of Utah,,pending,,,
919,Divya Chandrasekhar,University of Utah,openalex,A5123934712,Divya Chandrasekhar,0.6,1.0,0.0,1.0,0.0,1,0,0,,,pending,,,
919,Divya Chandrasekhar,University of Utah,openalex,A5128724769,Divya Chandrasekhar,0.6,1.0,0.0,1.0,0.0,1,0,0,,,pending,,,
920,Reid Ewing,University of Utah,openalex,A5071367817,Reid Ewing,0.984,1.0,1.0,0.896,0.61,317,29775,63,University of Utah,https://orcid.org/0000-0002-4117-3456,accepted,matcher,2026-09-14,
920,Reid Ewing,University of Utah,openalex,A5083946479,Reid Ewing,0.825,1.0,1.0,0.5,0.0,9,11,2,University of Utah,,pending,,,
920,Reid Ewing,University of Utah,openalex,A5109555409,Reid Ewing,0.6,1.0,0.0,1.0,0.0,1,6,1,,,pending,,,
920,Reid Ewing,University of Utah,openalex,A5142631523,Reid Ewing,0.6,1.0,0.0,1.0,0.0,1,1,1,,,pending,,,
920,Reid Ewing,University of Utah,openalex,A5134208766,Reid Ewing,0.6,1.0,0.0,1.0,0.0,2,0,0,,,pending,,,
921,Stacy Harwood,University of Utah,openalex,A5001033711,Stacy Anne Harwood,1.0,1.0,1.0,1.0,0.476,42,1891,18,University of Utah,https://orcid.org/0000-0002-4844-4722,accepted,matcher,2026-09-14,
921,Stacy Harwood,University of Utah,openalex,A5135943668,Stacy Harwood,0.6,1.0,0.0,1.0,0.0,1,0,0,,,pending,,,
921,Stacy Harwood,University of Utah,openalex,A5129916718,Stacy Harwood,0.6,1.0,0.0,1.0,0.0,1,0,0,,,pending,,,
924,Alexandra Ponette-González,University of Utah,openalex,A5024692241,Alexandra G. Ponette‐González,0.933,1.0,1.0,0.554,0.88,72,1314,21,University of Utah,https://orcid.org/0000-0003-2908-2938,accepted,matcher,2026-09-14,
924,Alexandra Ponette-González,University of Utah,openalex,A5135894847,Alexandra G. Ponette-González,0.87,1.0,1.0,0.8,0.001,2,1,1,University of Utah,,pending,,,
925,Alessandro Rigolon,University of Utah,openalex,A5070788290,Alessandro Rigolon,1.0,1.0,1.0,1.0,0.796,125,7731,39,University of Utah,https://orcid.org/0000-0001-5197-6394,accepted,matcher,2026-09-14,
925,Alessandro Rigolon,University of Utah,openalex,A5148498162,Alessandro Rigolon,0.525,1.0,0.0,0.5,0.0,1,0,0,,,pending,,,
925,Alessandro Rigolon,University of Utah,openalex,A5128308583,Alessandro Rigolon,0.5,1.0,0.0,0.333,0.0,1,0,0,,,pending,,,
926,Timothy Beatley,University of Virginia,openalex,A5063320646,Timothy Beatley,1.0,1.0,1.0,1.0,0.31,221,4842,32,University of Virginia,https://orcid.org/0000-0002-6885-6636,accepted,matcher,2026-09-14,
926,Timothy Beatley,University of Virginia,openalex,A5000006930,TIMOTHY BEATLEY,0.6,1.0,0.0,1.0,0.0,1,1,1,,,pending,,,
926,Timothy Beatley,University of Virginia,openalex,A5099360507,Timothy Beatley,0.6,1.0,0.0,1.0,0.0,4,0,0,,,pending,,,
926,Timothy Beatley,University of Virginia,openalex,A5135413297,Timothy Beatley,0.6,1.0,0.0,1.0,0.0,1,0,0,,,pending,,,
926,Timothy Beatley,University of Virginia,openalex,A5116535191,Timothy Beatley,0.6,1.0,0.0,1.0,0.0,1,0,0,,,pending,,,
927,Andrew Mondschein,University of Virginia,openalex,A5064073322,Andrew Mondschein,0.972,1.0,1.0,0.815,0.682,69,980,14,University of Virginia,https://orcid.org/0000-0002-8454-0463,accepted,matcher,2026-09-14,
927,Andrew Mondschein,University of Virginia,openalex,A5098824171,Andrew Parkany Mondschein,0.45,1.0,0.0,0.0,0.0,1,0,0,,,pending,,,
929,Andrea Roberts,University of Virginia,openalex,A5011585330,Andrea Alston Roberts,0.955,1.0,1.0,0.698,1.346,25,724,11,University of Virginia,https://orcid.org/0000-0001-8821-8802,accepted,matcher,2026-09-14,
929,Andrea Roberts,University of Virginia,openalex,A5108797521,Andrea Roberts,0.735,1.0,0.5,0.9,0.017,9,9,2,,,pending,,,
929,Andrea Roberts,University of Virginia,openalex,A5100765891,Andrea Roberts,0.666,1.0,0.0,0.773,0.53,25,285,11,University of Illinois Urbana-Champaign,https://orcid.org/0000-0001-9979-6026,pending,,,
929,Andrea Roberts,University of Virginia,openalex,A5032130517,Andrea Roberts,0.628,1.0,0.0,0.522,0.818,20,440,9,Lurie Children's Hospital,https://orcid.org/0000-0003-0104-9124,pending,,,
929,Andrea Roberts,University of Virginia,openalex,A5084129700,Andrea M. Roberts,0.6,1.0,0.0,1.0,0.002,1,1,1,,,pending,,,
930,Jennifer Roe,University of Virginia,openalex,A5112558031,Jennifer Roe,0.808,1.0,1.0,0.385,0.016,17,165,7,University of Liverpool,,rejected,audit_matches,2026-09-15,
930,Jennifer Roe,University of Virginia,openalex,A5074860804,Jennifer Roe Hardin,0.6,1.0,0.0,1.0,0.0,1,0,0,,,pending,,,
930,Jennifer Roe,University of Virginia,openalex,A5081711996,Jennifer L. Roe,0.54,1.0,0.0,0.6,0.0,5,1,1,,,pending,,,
930,Jennifer Roe,University of Virginia,openalex,A5045654236,Jennifer Roe,0.5,1.0,0.0,0.0,0.097,27,1029,13,Saint Louis University,,pending,,,
930,Jennifer Roe,University of Virginia,openalex,A5049451522,Roe Jennifer,0.5,1.0,0.0,0.333,0.0,1,5,1,Children's Hospital of Wisconsin,,pending,,,
933,Daniel Abramson,University of Washington,openalex,A5029072063,Daniel Benjamin Abramson,1.0,1.0,1.0,1.0,0.547,47,659,17,University of Washington,https://orcid.org/0000-0002-5070-8619,accepted,matcher,2026-09-14,
933,Daniel Abramson,University of Washington,openalex,A5087153514,Daniel Abramson,0.87,1.0,1.0,0.8,0.001,3,1,1,University of Washington,,pending,,,
933,Daniel Abramson,University of Washington,openalex,A5060843627,Daniel M. Abramson,0.7,1.0,0.0,1.0,0.214,35,258,7,,,pending,,,
933,Daniel Abramson,University of Washington,openalex,A5111461212,Daniel J. Abramson,0.592,1.0,0.0,0.281,0.387,61,466,13,,,pending,,,
933,Daniel Abramson,University of Washington,openalex,A5046094340,Daniel Arden Abramson,0.54,1.0,0.0,0.6,0.007,2,8,2,,,pending,,,
934,Marina Alberti,University of Washington,openalex,A5027673966,Marina Alberti,1.0,1.0,1.0,1.0,0.719,141,17311,54,University of Washington,https://orcid.org/0000-0002-1920-309X,accepted,matcher,2026-09-14,
934,Marina Alberti,University of Washington,openalex,A5055107279,Marina Alberti Macedo,0.6,1.0,0.0,1.0,0.0,3,2,1,Instituto Federal de Goiás,,pending,,,
934,Marina Alberti,University of Washington,openalex,A5011310868,Marina Alberti Macedo Marina Alberti Macedo,0.55,1.0,0.0,0.667,0.0,1,1,1,,,pending,,,
934,Marina Alberti,University of Washington,openalex,A5061670858,Marina Alberti,0.525,1.0,0.0,0.5,0.0,3,0,0,,,pending,,,
934,Marina Alberti,University of Washington,openalex,A5003200157,Márcia Marina Alberti de Castro Siqueira,0.464,0.92,0.0,0.333,0.0,1,0,0,,,pending,,,
936,Rachel Berney,University of Washington,openalex,A5083725339,Rachel Berney,1.0,1.0,1.0,1.0,0.404,20,173,6,University of Washington,https://orcid.org/0000-0001-8826-5959,accepted,matcher,2026-09-14,
936,Rachel Berney,University of Washington,openalex,A5104529009,Rachel Berney,0.6,1.0,0.0,1.0,0.005,1,2,1,,,pending,,,
936,Rachel Berney,University of Washington,openalex,A5099561220,Rachel Berney,0.6,1.0,0.0,1.0,0.002,1,1,1,,,pending,,,
936,Rachel Berney,University of Washington,openalex,A5092576869,Rachel Berney,0.6,1.0,0.0,1.0,0.0,1,0,0,,,pending,,,
936,Rachel Berney,University of Washington,openalex,A5104499079,Rachel Berney,0.6,1.0,0.0,1.0,0.0,3,0,0,,,pending,,,
937,Branden Born,University of Washington,openalex,A5081607475,Branden Born,0.928,1.0,1.0,0.52,0.502,19,1190,7,University of Washington,https://orcid.org/0000-0001-7525-2446,accepted,matcher,2026-09-14,
939,Sofia Dermisi,University of Washington,openalex,A5026829209,Sofia Dermisi,0.971,1.0,1.0,0.81,0.45,48,304,9,University of Washington,https://orcid.org/0000-0002-1295-9441,accepted,matcher,2026-09-14,
939,Sofia Dermisi,University of Washington,openalex,A5125128781,Sofia Dermisi,0.9,1.0,1.0,1.0,0.0,2,0,0,,,pending,,,
940,Mark Purcell,University of Washington,openalex,A5065474839,Mark Purcell,1.0,1.0,1.0,1.0,0.56,111,7585,31,IBM Research - Ireland,https://orcid.org/0000-0002-1288-614X,accepted,matcher,2026-09-14,
940,Mark Purcell,University of Washington,openalex,A5113542809,Mark D. Purcell,0.6,1.0,0.0,1.0,0.002,1,26,1,University of Wisconsin–Madison,,pending,,,
940,Mark Purcell,University of Washington,openalex,A5123555154,Mark Purcell,0.575,1.0,0.0,0.833,0.0,7,0,0,,,pending,,,
940,Mark Purcell,University of Washington,openalex,A5060720914,Mark A. Purcell,0.55,1.0,0.0,0.667,0.001,1,14,1,Eastern Kentucky University,,pending,,,
940,Mark Purcell,University of Washington,openalex,A5112811552,Mark Purcell,0.55,1.0,0.0,0.667,0.0,3,0,0,,,pending,,,
941,Qing Shen,University of Washington,openalex,A5033555253,Qing Shen,1.0,1.0,1.0,1.0,0.675,156,5223,37,Tongji University,https://orcid.org/0000-0002-0968-7377,accepted,matcher,2026-09-14,
941,Qing Shen,University of Washington,openalex,A5071793944,Qing Shen,0.85,1.0,1.0,0.0,0.134,165,1033,16,Huzhou Normal University,https://orcid.org/0000-0002-0702-6583,pending,,,
941,Qing Shen,University of Washington,openalex,A5101984400,Qing Shen,0.639,1.0,0.0,0.595,0.188,92,1452,20,Tongji University,https://orcid.org/0000-0002-7214-4797,pending,,,
941,Qing Shen,University of Washington,openalex,A5039450243,Qing-Tao Shen,0.617,1.0,0.0,0.448,0.143,39,1103,15,Southern University of Science and Technology,https://orcid.org/0000-0003-1672-6300,pending,,,
941,Qing Shen,University of Washington,openalex,A5083796841,Qing Shen,0.603,1.0,0.0,0.351,0.24,127,1860,23,Nanjing Agricultural University,https://orcid.org/0000-0002-6825-2234,pending,,,
943,Jan Whittington,University of Washington,openalex,A5050736585,Jan Whittington,0.938,1.0,1.0,0.588,0.422,38,376,11,University of Central Florida,,accepted,matcher,2026-09-14,
943,Jan Whittington,University of Washington,openalex,A5135911999,Jan Whittington,0.825,1.0,1.0,0.5,0.0,1,0,0,University of Washington,,pending,,,
944,Martine August,"University of Waterloo, Ontario",openalex,A5056527280,Martine August,1.0,1.0,1.0,1.0,0.587,44,1252,14,University of Waterloo,,accepted,matcher,2026-09-14,
944,Martine August,"University of Waterloo, Ontario",openalex,A5127580475,Martine Jade August,0.6,1.0,0.0,1.0,0.0,1,0,0,,,pending,,,
945,Janice Barry,"University of Waterloo, Ontario",openalex,A5035156700,Janice Barry,1.0,1.0,1.0,1.0,0.611,31,662,13,University of Waterloo,https://orcid.org/0000-0003-4251-2015,accepted,matcher,2026-09-14,
945,Janice Barry,"University of Waterloo, Ontario",openalex,A5072205176,Raewyn Janice Barry,0.476,0.724,0.0,1.0,0.0,1,0,0,,,pending,,,
946,Jeff Casello,"University of Waterloo, Ontario",openalex,A5001943787,Jeffrey M. Casello,0.9,1.0,1.0,1.0,5.39,55,663,13,,https://orcid.org/0000-0002-9246-9759,rejected,audit_matches,2026-09-15,
947,Jennifer Dean,"University of Waterloo, Ontario",openalex,A5003309377,Jennifer Dean,1.0,1.0,1.0,1.0,1.195,80,2669,25,University of Waterloo,https://orcid.org/0000-0003-2642-7638,accepted,matcher,2026-09-14,
947,Jennifer Dean,"University of Waterloo, Ontario",openalex,A5090967912,Jennifer Dean,0.672,1.0,0.0,0.812,0.208,6,464,3,Jupiter Medical Center,https://orcid.org/0000-0003-4093-9744,pending,,,
947,Jennifer Dean,"University of Waterloo, Ontario",openalex,A5037540734,Jennifer Dean Durning,0.65,1.0,0.0,1.0,0.054,10,121,5,MGH Institute of Health Professions,https://orcid.org/0000-0002-3210-4395,pending,,,
947,Jennifer Dean,"University of Waterloo, Ontario",openalex,A5081880212,Jennifer Dean,0.634,1.0,0.0,0.892,0.042,32,93,3,Johns Hopkins University,https://orcid.org/0009-0000-0558-6758,pending,,,
947,Jennifer Dean,"University of Waterloo, Ontario",openalex,A5005156982,Jennifer K. Dean,0.613,1.0,0.0,0.75,0.057,4,127,3,Georgia State University,,pending,,,
948,Brian Doucet,"University of Waterloo, Ontario",openalex,A5041417928,Brian Doucet,1.0,1.0,1.0,1.0,0.566,126,809,16,University of Waterloo,https://orcid.org/0000-0002-4268-0185,accepted,matcher,2026-09-14,
948,Brian Doucet,"University of Waterloo, Ontario",openalex,A5092441845,Brian Doucet,0.6,1.0,0.0,1.0,0.0,1,0,0,,,pending,,,
948,Brian Doucet,"University of Waterloo, Ontario",openalex,A5092441852,Brian Doucet,0.6,1.0,0.0,1.0,0.0,1,0,0,,,pending,,,
948,Brian Doucet,"University of Waterloo, Ontario",openalex,A5077344866,Brian Doucet,0.566,1.0,0.0,0.438,0.036,11,51,4,Queensland Health,https://orcid.org/0000-0003-1656-2385,pending,,,
948,Brian Doucet,"University of Waterloo, Ontario",openalex,A5031377657,BRIAN DOUCET,0.525,1.0,0.0,0.5,0.0,1,0,0,,,pending,,,
949,Michael Drescher,"University of Waterloo, Ontario",openalex,A5037764925,Michael Drescher,1.0,1.0,1.0,1.0,0.906,87,2435,24,University of Waterloo,https://orcid.org/0000-0002-5407-9231,accepted,matcher,2026-09-14,
949,Michael Drescher,"University of Waterloo, Ontario",openalex,A5035076957,Michael J. Drescher,0.578,1.0,0.0,0.189,0.339,84,911,17,Rabin Medical Center,https://orcid.org/0000-0001-5170-5690,pending,,,
949,Michael Drescher,"University of Waterloo, Ontario",openalex,A5138345614,Michael J. Drescher,0.5,1.0,0.0,0.333,0.0,1,1,1,Tel Aviv University,,pending,,,
949,Michael Drescher,"University of Waterloo, Ontario",openalex,A5053440356,Michael Rodegang Drescher,0.477,1.0,0.0,0.182,0.002,17,5,1,,,pending,,,
950,Robert Feick,"University of Waterloo, Ontario",openalex,A5049995425,Rob Feick,0.985,1.0,1.0,0.898,0.587,48,947,17,University of Waterloo,https://orcid.org/0000-0003-1061-9045,accepted,matcher,2026-09-14,
951,Luna Khirfan,"University of Waterloo, Ontario",openalex,A5033694592,Luna Khirfan,0.975,1.0,1.0,0.833,0.484,52,903,18,University of Waterloo,https://orcid.org/0000-0003-4978-7521,accepted,matcher,2026-09-14,
952,Jane Law,"University of Waterloo, Ontario",openalex,A5056584815,Jane Law,0.963,1.0,1.0,0.753,1.225,102,2567,24,University of Waterloo,https://orcid.org/0000-0001-6259-9037,accepted,matcher,2026-09-14,
952,Jane Law,"University of Waterloo, Ontario",openalex,A5135912332,Jane Law,0.85,1.0,1.0,0.667,0.0,2,0,0,University of Waterloo,,pending,,,
952,Jane Law,"University of Waterloo, Ontario",openalex,A5090605280,Jane Shoh Yin. Law,0.55,1.0,0.0,0.667,0.0,1,0,0,,,pending,,,
952,Jane Law,"University of Waterloo, Ontario",openalex,A5151044306,Jane E. Kirtley University of Minnesota: Silha Center for the Study of Media Ethics and Law,0.55,1.0,0.0,0.667,0.0,1,0,0,,,pending,,,
952,Jane Law,"University of Waterloo, Ontario",openalex,A5104865444,Jane Marie Law,0.525,1.0,0.0,0.5,0.0,1,0,0,,,pending,,,
5,Joyce Pressley,Alabama A&M University,google_scholar,,,0,,,,,,,,,,rejected,matcher,2026-09-15,
7,Chris Quattro,Appalachian State University,google_scholar,,,0,,,,,,,,,,rejected,matcher,2026-09-15,
8,Elizabeth Shay,Appalachian State University,google_scholar,QxKkL8IAAAAJ,Elizabeth Shay,0.575,1.0,0.0,,0.242,,187,,Cleveland Clinic Lerner College of Medicine of Case Western Reserve University,,rejected,matcher,2026-09-15,
31,Michael Burayidi,Ball State University,google_scholar,,,0,,,,,,,,,,rejected,matcher,2026-09-15,
33,Scott Truex,Ball State University,google_scholar,,,0,,,,,,,,,,rejected,matcher,2026-09-15,
34,John West,Ball State University,google_scholar,,,0,,,,,,,,,,rejected,matcher,2026-09-15,
35,Sanglim Yoo,Ball State University,google_scholar,,,0,,,,,,,,,,rejected,matcher,2026-09-15,
36,Dina Adbulkarim,"Cal Poly, Pomona",google_scholar,,,0,,,,,,,,,,rejected,matcher,2026-09-15,
37,So-Ra Baek,"Cal Poly, Pomona",google_scholar,,,0,,,,,,,,,,rejected,matcher,2026-09-15,
47,Kelly Main,"Cal Poly, San Luis Obispo",google_scholar,,,0,,,,,,,,,,rejected,matcher,2026-09-15,
48,Cornelius Nuworsoo,"Cal Poly, San Luis Obispo",google_scholar,,,0,,,,,,,,,,rejected,matcher,2026-09-15,
49,Ryan Sandwick,"Cal Poly, San Luis Obispo",google_scholar,,,0,,,,,,,,,,rejected,matcher,2026-09-15,
51,Miriam Giottonini-Badilla,"California State University, Northridge",google_scholar,,,0,,,,,,,,,,rejected,matcher,2026-09-15,
53,Craig Olwert,"California State University, Northridge",google_scholar,,,0,,,,,,,,,,rejected,matcher,2026-09-15,
54,Ward Thomas,"California State University, Northridge",google_scholar,,,0,,,,,,,,,,rejected,matcher,2026-09-15,
55,Zeynep Toker,"California State University, Northridge",google_scholar,pfz0Z_YAAAAJ,Zeynep Toker Dincer,0.575,1.0,0.0,,0.217,,101,,Cerrahpaşa Tıp Fakültesi,,rejected,matcher,2026-09-15,
60,Roland Anglin,Cleveland State University,google_scholar,,,0,,,,,,,,,,rejected,matcher,2026-09-15,
66,Hugo Sarmiento,Columbia University,google_scholar,CXjh5GsAAAAJ,Hugo Sarmiento,0.575,1.0,0.0,,2.36,,413,,Estudiante de doctorado,,rejected,matcher,2026-09-15,
72,Nancy Brooks,Cornell University,google_scholar,,,0,,,,,,,,,,rejected,matcher,2026-09-15,
76,Jeffrey Chusid,Cornell University,google_scholar,,,0,,,,,,,,,,rejected,matcher,2026-09-15,
1,Florina Dutt,Alabama A&M University,openalex,A5091437041,Florina Dutt,0.7,1.0,0.0,1.0,0.625,17,100,4,Georgia Institute of Technology,https://orcid.org/0000-0002-2484-6831,pending,,,
1,Florina Dutt,Alabama A&M University,openalex,A5120149276,Dutt Florina,0.675,0.611,1.0,0.667,0.0,1,0,0,Alabama Agricultural and Mechanical University,,pending,,,
5,Joyce Pressley,Alabama A&M University,openalex,A5081607544,Joyce Ann Pressley,0.85,1.0,1.0,0.667,0.01,1,4,1,Alabama Agricultural and Mechanical University,,pending,,,
5,Joyce Pressley,Alabama A&M University,openalex,A5067257452,Joyce Ann Pressley,0.8,1.0,0.5,1.0,0.042,2,17,1,California University of Pennsylvania,,pending,,,
5,Joyce Pressley,Alabama A&M University,openalex,A5048837775,Joyce C. Pressley,0.791,1.0,1.0,0.276,4.332,74,1737,24,Columbia University Irving Medical Center,https://orcid.org/0000-0001-9039-9120,rejected,audit_matches,2026-09-16,"rejected 2026-09-16: OpenAlex 1,737 citations against 401 from pop (4.3x); probable namesake"
6,Jordan Yin,Alabama A&M University,openalex,A5023127763,Jordan S. Yin,0.85,1.0,0.5,1.0,0.434,7,147,3,Cleveland State University,,pending,,,
6,Jordan Yin,Alabama A&M University,openalex,A5100652077,Jordan J. Yin,0.55,1.0,0.0,0.0,0.348,7,118,2,University of Ottawa,https://orcid.org/0009-0007-7733-8420,pending,,,
6,Jordan Yin,Alabama A&M University,openalex,A5141046027,Jordan Jiaxi Yin,0.45,1.0,0.0,0.0,0.0,1,0,0,,,pending,,,
7,Chris Quattro,Appalachian State University,openalex,,,0,,,,,,,,,,none,matcher,2026-09-16,
8,Elizabeth Shay,Appalachian State University,openalex,A5064283770,Elizabeth Shay,1.0,1.0,1.0,1.0,0.667,42,516,14,Appalachian State University,https://orcid.org/0000-0002-3529-151X,pending,,,
8,Elizabeth Shay,Appalachian State University,openalex,A5080219283,Elizabeth Shay,0.87,1.0,1.0,0.136,1.019,31,789,13,Indiana University – Purdue University Indianapolis,https://orcid.org/0000-0001-9095-9394,pending,,,
8,Elizabeth Shay,Appalachian State University,openalex,A5149467602,Shay Elizabeth,0.761,0.69,1.0,1.0,0.0,1,0,0,Appalachian State University,,pending,,,
8,Elizabeth Shay,Appalachian State University,openalex,A5034433344,Elizabeth S. Moore-Shay,0.55,1.0,0.0,0.0,0.245,7,190,4,,,pending,,,
8,Elizabeth Shay,Appalachian State University,openalex,A5053351129,Elizabeth A. Shay,0.537,1.0,0.0,0.25,0.044,4,34,3,University of Rochester,,pending,,,
15,David King,Arizona State University,openalex,A5026257733,David A. King,0.784,1.0,1.0,0.23,4.263,475,11583,52,Arizona State University,https://orcid.org/0000-0002-8401-6514,rejected,audit_matches,2026-09-16,"rejected 2026-09-16: OpenAlex 11,583 citations against 2,717 from google_scholar (4.3x); probable namesake"
15,David King,Arizona State University,openalex,A5040097416,David King,0.7,1.0,0.0,1.0,1.067,181,2899,26,James Cook University,https://orcid.org/0000-0002-1254-430X,pending,,,
15,David King,Arizona State University,openalex,A5052427448,David I. King,0.65,1.0,0.0,1.0,1.694,179,4603,40,US Forest Service,https://orcid.org/0000-0001-6827-0398,pending,,,
15,David King,Arizona State University,openalex,A5044369021,David King,0.616,1.0,0.0,0.438,0.905,190,2460,26,The University of Queensland,https://orcid.org/0000-0002-2735-2976,pending,,,
15,David King,Arizona State University,openalex,A5074596019,David King,0.616,1.0,0.0,0.438,0.144,51,391,12,"University of Maryland, College Park",https://orcid.org/0000-0001-8586-4569,pending,,,
33,Scott Truex,Ball State University,openalex,A5081413082,Scott Truex,0.625,1.0,0.0,0.5,0.75,2,6,1,,,pending,,,
33,Scott Truex,Ball State University,openalex,A5141417783,Scott Truex,0.55,1.0,0.0,0.667,0.0,1,0,0,,,pending,,,
33,Scott Truex,Ball State University,openalex,A5051805471,Scott Truex,0.51,1.0,0.0,0.4,0.0,7,0,0,,,pending,,,
36,Dina Adbulkarim,"Cal Poly, Pomona",openalex,,,0,,,,,,,,,,none,matcher,2026-09-16,
38,Chris Giamarino,"Cal Poly, Pomona",openalex,,,0,,,,,,,,,,none,matcher,2026-09-16,
40,Dohyung Kim,"Cal Poly, Pomona",openalex,A5100607740,Dohyung Kim,0.903,1.0,1.0,0.688,2.338,105,1389,17,Ulsan College,https://orcid.org/0000-0001-5399-3710,pending,,,
40,Dohyung Kim,"Cal Poly, Pomona",openalex,A5100607741,Dohyung Kim,0.85,1.0,0.5,1.0,0.31,25,184,5,Ulsan College,https://orcid.org/0000-0001-7675-1394,pending,,,
40,Dohyung Kim,"Cal Poly, Pomona",openalex,A5100607750,Dohyung Kim,0.714,1.0,0.5,0.76,23.18,87,13769,34,Chungbuk National University,https://orcid.org/0000-0003-0201-9082,rejected,audit_matches,2026-09-16,"rejected 2026-09-16: OpenAlex 13,769 citations against 594 from google_scholar (23.2x); probable namesake"
40,Dohyung Kim,"Cal Poly, Pomona",openalex,A5100607752,Dohyung Kim,0.7,1.0,0.5,0.0,0.715,38,425,11,Pusan National University Yangsan Hospital,,pending,,,
40,Dohyung Kim,"Cal Poly, Pomona",openalex,A5100607742,Dohyung Kim,0.7,1.0,0.5,0.0,0.239,23,142,6,Ulsan College,https://orcid.org/0000-0001-8245-8995,pending,,,
42,Xijing Li,"Cal Poly, Pomona",openalex,A5147204232,Xijing Li,0.9,1.0,1.0,1.0,0.0,1,0,0,California State Polytechnic University,,pending,,,
42,Xijing Li,"Cal Poly, Pomona",openalex,A5045286041,Xijing Li,0.852,1.0,1.0,0.348,1.828,52,1219,15,Guizhou University,,pending,,,
42,Xijing Li,"Cal Poly, Pomona",openalex,A5136182860,Xijing Li,0.825,1.0,1.0,0.5,0.0,1,0,0,California State Polytechnic University,,pending,,,
42,Xijing Li,"Cal Poly, Pomona",openalex,A5067585461,Xijing Li,0.765,1.0,1.0,0.1,0.006,10,4,1,University of North Carolina at Chapel Hill,,pending,,,
42,Xijing Li,"Cal Poly, Pomona",openalex,A5147695929,Xijing Li,0.6,1.0,0.0,1.0,0.0,1,0,0,University of North Carolina at Chapel Hill,,pending,,,
43,David Amos,"Cal Poly, San Luis Obispo",openalex,A5113501559,David Amos,0.6,1.0,0.0,1.0,0.006,2,1,1,,,pending,,,
43,David Amos,"Cal Poly, San Luis Obispo",openalex,A5093426922,David Amos Smeltzer,0.6,1.0,0.0,1.0,0.0,1,0,0,,,pending,,,
43,David Amos,"Cal Poly, San Luis Obispo",openalex,A5078026541,David Amos,0.57,1.0,0.0,0.8,0.011,4,2,1,,,pending,,,
43,David Amos,"Cal Poly, San Luis Obispo",openalex,A5064836191,David T. Amos,0.55,1.0,0.0,0.0,0.707,10,128,4,3M (United States),,pending,,,
43,David Amos,"Cal Poly, San Luis Obispo",openalex,A5008998984,David Bradley Amos,0.55,1.0,0.0,0.0,0.315,4,57,2,University of Pittsburgh,,pending,,,
49,Ryan Sandwick,"Cal Poly, San Luis Obispo",openalex,A5048642685,Ryan Sandwick,0.6,1.0,0.0,1.0,0.0,1,0,0,,,pending,,,
50,Anahita Shadkam,"Cal Poly, San Luis Obispo",openalex,A5006018870,Anahita Shadkam,1.0,1.0,1.0,1.0,0.591,3,13,1,California Polytechnic State University,https://orcid.org/0000-0002-4288-1390,pending,,,
50,Anahita Shadkam,"Cal Poly, San Luis Obispo",openalex,A5124872388,Anahita Shadkam,0.95,1.0,1.0,1.0,0.045,1,1,1,California Polytechnic State University,,pending,,,
50,Anahita Shadkam,"Cal Poly, San Luis Obispo",openalex,A5084450283,Anahita Shadkam,0.45,1.0,0.0,0.0,0.0,1,0,0,,,pending,,,
51,Miriam Giottonini-Badilla,"California State University, Northridge",openalex,,,0,,,,,,,,,,none,matcher,2026-09-16,
54,Ward Thomas,"California State University, Northridge",openalex,A5056647659,Ward Thomas,1.0,1.0,1.0,1.0,0.771,26,314,10,"California State University, Northridge",,pending,,,
54,Ward Thomas,"California State University, Northridge",openalex,A5104044075,Ward Thomas,1.0,1.0,1.0,1.0,0.224,15,91,3,"California State University, Northridge",,pending,,,
54,Ward Thomas,"California State University, Northridge",openalex,A5007430689,Thomas Ward,0.679,1.0,0.0,0.862,1.135,120,462,8,Film Independent,https://orcid.org/0000-0001-5595-4213,pending,,,
54,Ward Thomas,"California State University, Northridge",openalex,A5036498218,Thomas Ward,0.562,1.0,0.0,0.744,5.413,93,2203,24,King's College London,https://orcid.org/0000-0002-7608-5755,rejected,audit_matches,2026-09-16,"rejected 2026-09-16: OpenAlex 2,203 citations against 407 from pop (5.4x); probable namesake"
54,Ward Thomas,"California State University, Northridge",openalex,A5028803128,Thomas W. Ward,0.55,1.0,0.0,0.0,0.607,24,247,7,Creighton University,https://orcid.org/0000-0001-9532-4048,pending,,,
66,Hugo Sarmiento,Columbia University,openalex,A5075348602,Hugo Sarmiento,0.875,1.0,1.0,0.5,0.069,3,12,2,Columbia University,https://orcid.org/0000-0001-5262-3136,pending,,,
66,Hugo Sarmiento,Columbia University,openalex,A5085609128,Hugo Sarmiento,0.659,1.0,0.0,0.727,1.183,24,207,8,Universidade Federal do Paraná,https://orcid.org/0000-0001-9100-4688,pending,,,
66,Hugo Sarmiento,Columbia University,openalex,A5033898282,Hugo E. Sarmiento‐Jiménez,0.6,1.0,0.0,0.333,0.206,1,36,1,Instituto Tecnológico de Oaxaca,,pending,,,
66,Hugo Sarmiento,Columbia University,openalex,A5124480705,Hugo Sarmiento Vela,0.6,1.0,0.0,1.0,0.0,3,0,0,,,pending,,,
66,Hugo Sarmiento,Columbia University,openalex,A5148139918,Hugo Sarmiento Vela,0.6,1.0,0.0,1.0,0.0,1,0,0,,,pending,,,
67,Tom Slater,Columbia University,openalex,A5052773583,Tom Slater,0.813,1.0,0.5,0.756,0.456,198,6461,32,Health and Care Research Wales,https://orcid.org/0000-0003-3840-2454,pending,,,
67,Tom Slater,Columbia University,openalex,A5104509120,Tom Slater,0.6,1.0,0.0,1.0,0.0,2,0,0,,,pending,,,
67,Tom Slater,Columbia University,openalex,A5104548131,Tom Slater,0.6,1.0,0.0,1.0,0.0,1,0,0,,,pending,,,
67,Tom Slater,Columbia University,openalex,A5104509109,Tom Slater,0.6,1.0,0.0,1.0,0.0,1,0,0,,,pending,,,
67,Tom Slater,Columbia University,openalex,A5104494652,Tom Slater,0.6,1.0,0.0,1.0,0.0,1,0,0,,,pending,,,
69,Weiping Wu,Columbia University,openalex,A5101413878,Weiping Wu,0.971,1.0,1.0,0.81,0.199,27,957,12,Columbia University,https://orcid.org/0000-0002-2212-7606,pending,,,
69,Weiping Wu,Columbia University,openalex,A5101413877,Weiping Wu,0.964,1.0,1.0,0.76,0.711,88,3413,31,University of Science and Technology of China,https://orcid.org/0000-0002-0151-4156,pending,,,
69,Weiping Wu,Columbia University,openalex,A5102301149,Weiping Wu,0.78,1.0,1.0,0.2,0.001,2,6,1,Dalian Maritime University,,pending,,,
69,Weiping Wu,Columbia University,openalex,A5089012962,Weiping Wu,0.577,1.0,0.0,0.512,0.071,47,339,7,Wuhan University of Technology,https://orcid.org/0000-0001-9976-1595,pending,,,
69,Weiping Wu,Columbia University,openalex,A5108585947,Weiping Wu,0.571,1.0,0.0,0.474,0.075,19,361,9,Chinese PLA General Hospital,,pending,,,
77,Ding Fei,Cornell University,openalex,A5042356480,Ding Fei,0.985,1.0,1.0,0.902,0.931,39,693,15,Cornell University,https://orcid.org/0000-0002-5201-723X,pending,,,
77,Ding Fei,Cornell University,openalex,A5045995739,Fei Ding,0.918,1.0,1.0,0.456,1.397,136,1039,15,Jiangsu University,https://orcid.org/0000-0002-8935-8169,pending,,,
77,Ding Fei,Cornell University,openalex,A5102911810,Fei Ding,0.689,1.0,0.5,0.262,2.965,81,2206,18,Hunan University,https://orcid.org/0009-0006-5431-4744,pending,,,
77,Ding Fei,Cornell University,openalex,A5032738351,Fei Ding,0.641,1.0,0.5,0.276,3.347,121,2490,27,National Laboratory of the Rockies,https://orcid.org/0000-0002-2500-1275,pending,,,
77,Ding Fei,Cornell University,openalex,A5101425803,Fei Ding,0.6,1.0,0.5,0.0,21.985,208,16357,54,China Pharmaceutical University,https://orcid.org/0000-0001-8619-2696,rejected,audit_matches,2026-09-16,"rejected 2026-09-16: OpenAlex 16,357 citations against 863 from google_scholar (19.0x); probable namesake"
86,Wenfei Xu,Cornell University,openalex,A5042450429,Wenfei Xu,0.878,1.0,1.0,0.188,0.834,30,256,8,Zhejiang Sci-Tech University,https://orcid.org/0000-0003-4257-0100,pending,,,
86,Wenfei Xu,Cornell University,openalex,A5062166205,Wenfei Xu,0.876,1.0,1.0,0.508,2.039,53,626,13,"University of California, Santa Barbara",https://orcid.org/0000-0003-2247-3709,pending,,,
86,Wenfei Xu,Cornell University,openalex,A5074356169,Wenfei Xu,0.577,1.0,0.0,0.182,0.404,7,124,4,Shimadzu (China),,pending,,,
86,Wenfei Xu,Cornell University,openalex,A5108489962,Wenfei Xu,0.55,1.0,0.0,0.0,0.866,21,266,8,Ministry of Education,,pending,,,
86,Wenfei Xu,Cornell University,openalex,A5140480217,Wenfei Xu,0.55,1.0,0.0,0.667,0.0,1,0,0,Stomatology Hospital,,pending,,,
88,Ahsan Habib,Dalhousie University,openalex,A5005222276,Ahsan Habib,0.78,1.0,0.5,0.533,0.6,136,2291,26,University of Dhaka,https://orcid.org/0000-0001-6378-5915,pending,,,
88,Ahsan Habib,Dalhousie University,openalex,A5101673834,A.K.M. Ahsan Habib,0.764,0.92,1.0,0.0,0.031,26,117,4,King Edward Medical University,https://orcid.org/0000-0001-7174-8356,pending,,,
88,Ahsan Habib,Dalhousie University,openalex,A5102609795,Ahsan Habib,0.688,1.0,0.5,0.25,0.036,29,137,8,FEG Textiltechnik (Germany),https://orcid.org/0000-0003-2029-6227,pending,,,
88,Ahsan Habib,Dalhousie University,openalex,A5074993588,Ahsan Habib,0.664,1.0,0.5,0.095,2.16,245,8243,49,University of North Texas,https://orcid.org/0000-0003-2433-3961,pending,,,
88,Ahsan Habib,Dalhousie University,openalex,A5104037407,Md. Ahsan Habib,0.65,1.0,0.0,1.0,0.039,36,150,7,Begum Rokeya University,https://orcid.org/0000-0001-5500-0348,pending,,,
89,Patricia Manuel,Dalhousie University,openalex,A5113715971,Patricia M. Manuel,1.0,1.0,1.0,1.0,0.181,7,128,5,Dalhousie University,,pending,,,
89,Patricia Manuel,Dalhousie University,openalex,A5114112612,Patricia Manuel,0.983,1.0,1.0,0.889,0.479,19,339,9,Dalhousie University,,pending,,,
89,Patricia Manuel,Dalhousie University,openalex,A5076164394,Patricia Manuel,0.65,1.0,0.0,1.0,0.044,3,31,2,,,pending,,,
89,Patricia Manuel,Dalhousie University,openalex,A5042617867,Patricia C. Manuel,0.6,1.0,0.0,1.0,0.006,1,4,1,University of Santo Tomas,,pending,,,
89,Patricia Manuel,Dalhousie University,openalex,A5050753150,Patrícia Manuel Ribeiro Machado,0.6,1.0,0.0,1.0,0.0,1,0,0,,,pending,,,
94,Andrew Jacobs,East Carolina University,openalex,A5109588411,Andrew James Jacobs,1.0,1.0,1.0,1.0,0.692,8,54,4,East Carolina University,,pending,,,
94,Andrew Jacobs,East Carolina University,openalex,A5052042990,Andrew J. Jacobs,0.853,1.0,1.0,0.684,6.308,20,492,13,,https://orcid.org/0000-0002-9481-8609,rejected,audit_matches,2026-09-16,rejected 2026-09-16: OpenAlex 492 citations against 78 from pop (6.3x); probable namesake
94,Andrew Jacobs,East Carolina University,openalex,A5056740709,Andrew Tsay Jacobs,0.625,1.0,0.0,0.5,0.462,3,36,3,,,pending,,,
94,Andrew Jacobs,East Carolina University,openalex,A5004375416,Andrew M. Jacobs,0.606,1.0,0.0,0.375,0.769,6,60,3,Ball State University,,pending,,,
94,Andrew Jacobs,East Carolina University,openalex,A5109038619,Andrew Jacobs,0.6,1.0,0.0,1.0,0.0,1,0,0,,,pending,,,
97,Heather Khan-Welsh,Eastern Michigan University,openalex,A5074843401,Heather Khan-Welsh,1.0,1.0,1.0,1.0,0.69,2,20,2,Eastern Michigan University,,pending,,,
97,Heather Khan-Welsh,Eastern Michigan University,openalex,A5085573979,Heather Khan Welsh,1.0,1.0,1.0,1.0,0.207,2,6,1,Eastern Michigan University,,pending,,,
98,RJ Koscielniak,Eastern Michigan University,openalex,A5047256402,Michael Koscielniak,0.731,0.736,1.0,0.667,0.0,5,0,0,,,pending,,,
106,Diana Mitsova,Florida Atlantic University,openalex,A5034151265,Diana Mitsova,1.0,1.0,1.0,1.0,0.698,84,1215,17,Atlantic University,https://orcid.org/0000-0002-4239-2378,pending,,,
106,Diana Mitsova,Florida Atlantic University,openalex,A5079995250,Diana Mitsova-Boneva,0.95,1.0,1.0,1.0,0.044,6,76,3,Florida Atlantic University,,pending,,,
106,Diana Mitsova,Florida Atlantic University,openalex,A5135611312,Diana Mitsova,0.9,1.0,1.0,1.0,0.0,3,0,0,Atlantic University,https://orcid.org/0000-0002-4239-2378,pending,,,
106,Diana Mitsova,Florida Atlantic University,openalex,A5071357029,Diana Mitsova‐Boneva,0.75,1.0,0.5,1.0,0.001,1,1,1,University of Cincinnati,,pending,,,
108,Jeff Brown,Florida State University,openalex,A5091110764,Jeff L. Brown,0.678,1.0,0.0,0.856,0.436,499,929,15,,https://orcid.org/0000-0002-7888-3793,pending,,,
108,Jeff Brown,Florida State University,openalex,A5111376644,Jeff Brown,0.635,1.0,0.0,0.9,0.063,19,134,4,Palmerston North Hospital,,pending,,,
108,Jeff Brown,Florida State University,openalex,A5075131493,Jeff Brown,0.627,1.0,0.0,0.846,0.062,22,133,6,,,pending,,,
108,Jeff Brown,Florida State University,openalex,A5079773631,Jeff Brown,0.625,1.0,0.0,0.5,0.123,11,263,4,Southern California Coastal Water Research Project,,pending,,,
108,Jeff Brown,Florida State University,openalex,A5072309521,Jeff Brown,0.617,1.0,0.0,0.778,0.03,37,65,3,George Brown College,https://orcid.org/0000-0002-7041-2022,pending,,,
110,Aurora Echavarria Canales,Florida State University,openalex,,,0,,,,,,,,,,none,matcher,2026-09-16,
113,Michael Duncan,Florida State University,openalex,A5103007817,Michael Duncan,0.971,1.0,1.0,0.806,0.467,77,2284,15,Florida State University,https://orcid.org/0000-0003-4467-3381,pending,,,
113,Michael Duncan,Florida State University,openalex,A5037358522,Michael Duncan,0.909,1.0,1.0,0.727,2.416,692,11827,53,Deakin University,https://orcid.org/0000-0002-2016-6580,pending,,,
113,Michael Duncan,Florida State University,openalex,A5027830408,J. Michael Duncan,0.856,0.863,1.0,0.783,2.558,269,12522,49,University of Arkansas at Fayetteville,https://orcid.org/0000-0002-2957-4601,pending,,,
113,Michael Duncan,Florida State University,openalex,A5048033499,Michael Schmidt Duncan,0.62,1.0,0.0,0.8,0.067,18,329,5,Secretaria Municipal de Saúde,,pending,,,
113,Michael Duncan,Florida State University,openalex,A5107894700,Michael J. Duncan,0.6,1.0,0.0,1.0,0.004,1,19,1,Coventry University,,pending,,,
118,Fariba Siddiq,Florida State University,openalex,A5086510388,Fariba Siddiq,0.7,1.0,0.0,1.0,0.682,25,242,8,National Laboratory of the Rockies,https://orcid.org/0000-0002-0361-6594,pending,,,
119,Uwe Brandes,Georgetown University,openalex,A5116664731,Uwe Brandes,0.9,1.0,1.0,1.0,0.0,1,0,0,Georgetown University,,pending,,,
119,Uwe Brandes,Georgetown University,openalex,A5010928932,Uwe Brandes,0.6,1.0,0.0,1.0,0.018,2,1,1,,,pending,,,
119,Uwe Brandes,Georgetown University,openalex,A5108907570,Uwe Brandes,0.6,1.0,0.0,1.0,0.0,1,0,0,World Resources Institute,,pending,,,
119,Uwe Brandes,Georgetown University,openalex,A5034471396,Uwe Steven Brandes,0.6,1.0,0.0,1.0,0.0,2,0,0,,,pending,,,
122,Emily Barrett,Georgia Tech,openalex,A5025248819,Emily Barrett,0.8,1.0,0.5,1.0,2.3,7,23,2,Vanderbilt University,https://orcid.org/0000-0001-7972-8528,pending,,,
122,Emily Barrett,Georgia Tech,openalex,A5095637931,Emily Barrett,0.7,1.0,0.0,1.0,0.1,1,1,1,University of Portland,,pending,,,
122,Emily Barrett,Georgia Tech,openalex,A5140055220,Emily Barrett,0.7,1.0,0.0,1.0,0.1,1,1,1,University of Otago,https://orcid.org/0009-0002-3806-1821,pending,,,
122,Emily Barrett,Georgia Tech,openalex,A5029864962,Emily M. Barrett,0.7,1.0,0.0,1.0,1.3,1,13,1,University of Hartford,,pending,,,
122,Emily Barrett,Georgia Tech,openalex,A5146908896,Emily S. Barrett,0.7,1.0,0.0,1.0,0.1,1,1,1,,,pending,,,
123,Ellen Bassett,Georgia Tech,openalex,A5014820761,Ellen M. Bassett,0.783,1.0,0.5,0.553,0.582,43,1003,14,University of Virginia,https://orcid.org/0000-0002-5433-9443,pending,,,
123,Ellen Bassett,Georgia Tech,openalex,A5044478033,Mary Ellen Bassett,0.412,0.805,0.0,0.333,0.001,1,2,1,,,pending,,,
135,Diane Davis,Harvard University,openalex,A5043951137,Diane E. Davis,1.0,1.0,1.0,1.0,0.479,181,2759,29,Canadian Institute for Advanced Research,,pending,,,
135,Diane Davis,Harvard University,openalex,A5109102523,Diane Davis,0.856,1.0,1.0,0.707,0.019,39,111,1,Harvard University,,pending,,,
135,Diane Davis,Harvard University,openalex,A5039900862,Diane Holditch‐Davis,0.7,1.0,0.0,1.0,1.236,218,7118,44,,https://orcid.org/0000-0001-8912-4832,pending,,,
135,Diane Davis,Harvard University,openalex,A5031863744,Diane Davis Villemaire,0.629,1.0,0.0,0.857,0.05,17,290,3,,,pending,,,
135,Diane Davis,Harvard University,openalex,A5065542788,Diane Holditch Davis,0.605,1.0,0.0,0.7,0.069,16,400,9,University of Arizona,,pending,,,
142,Peter Rowe,Harvard University,openalex,A5045102391,Peter G. Rowe,1.0,1.0,1.0,1.0,0.73,139,3496,18,Harvard University,,pending,,,
142,Peter Rowe,Harvard University,openalex,A5065852957,Peter C. Rowe,0.854,1.0,1.0,0.363,1.722,228,8246,46,Johns Hopkins University,https://orcid.org/0000-0002-3586-2677,pending,,,
142,Peter Rowe,Harvard University,openalex,A5103598730,Peter Rowe,0.65,1.0,0.0,1.0,0.081,92,390,11,University of Nottingham,,pending,,,
142,Peter Rowe,Harvard University,openalex,A5007292986,Peter M. Rowe,0.64,1.0,0.0,0.933,0.037,9,175,6,,,pending,,,
142,Peter Rowe,Harvard University,openalex,A5109033672,Peter Rowe,0.616,1.0,0.0,0.438,0.159,17,760,9,North Yorkshire County Council,,pending,,,
145,Rachel Weber,Harvard University,openalex,A5103011380,Rachel Weber,0.85,1.0,0.5,1.0,0.566,80,2688,24,,https://orcid.org/0000-0002-4949-8634,pending,,,
145,Rachel Weber,Harvard University,openalex,A5052083424,Rachel Palmieri Weber,0.8,1.0,1.0,0.0,1.554,186,7372,36,,https://orcid.org/0000-0001-7119-7734,pending,,,
145,Rachel Weber,Harvard University,openalex,A5103590590,Rachel E. Weber,0.667,1.0,0.5,0.444,0.013,4,63,2,The University of Texas at Dallas,,pending,,,
145,Rachel Weber,Harvard University,openalex,A5108383616,Rachel Weber,0.637,1.0,0.5,0.25,0.001,5,7,1,Cornell University,,pending,,,
145,Rachel Weber,Harvard University,openalex,A5143008902,Rachel 1967- Weber,0.6,1.0,0.0,1.0,0.001,1,5,1,,,pending,,,
155,John Benhart,Indiana University of Pennsylvania,openalex,A5080473731,John Benhart,0.963,1.0,1.0,0.75,0.135,3,13,2,Indiana University of Pennsylvania,,pending,,,
155,John Benhart,Indiana University of Pennsylvania,openalex,A5010156025,John E. Benhart,0.931,1.0,1.0,0.875,0.073,9,7,1,Shippensburg University,,pending,,,
156,Sudeshna Ghosh,Indiana University of Pennsylvania,openalex,A5072400168,Sudeshna Ghosh,0.9,1.0,1.0,1.0,7.401,162,4359,34,University of Calcutta,https://orcid.org/0000-0002-2026-1676,rejected,audit_matches,2026-09-16,"rejected 2026-09-16: OpenAlex 4,359 citations against 624 from google_scholar (7.0x); probable namesake"
156,Sudeshna Ghosh,Indiana University of Pennsylvania,openalex,A5062838577,Sudeshna Ghosh,0.85,1.0,1.0,0.0,0.852,40,502,11,Amity University,https://orcid.org/0000-0003-4486-9675,pending,,,
156,Sudeshna Ghosh,Indiana University of Pennsylvania,openalex,A5068128792,Sudeshna Ghosh,0.748,1.0,0.5,0.655,2.177,29,1282,16,,https://orcid.org/0000-0001-9619-4839,pending,,,
156,Sudeshna Ghosh,Indiana University of Pennsylvania,openalex,A5081012880,Sudeshna Ghosh,0.62,1.0,0.0,0.8,0.042,3,25,3,,,pending,,,
156,Sudeshna Ghosh,Indiana University of Pennsylvania,openalex,A5128594077,Sudeshna Ghosh,0.6,1.0,0.0,1.0,0.0,1,0,0,,,pending,,,
157,Richard Hoch,Indiana University of Pennsylvania,openalex,A5027486496,Richard J. Hoch,1.0,1.0,1.0,1.0,0.109,3,6,2,,,pending,,,
157,Richard Hoch,Indiana University of Pennsylvania,openalex,A5144669046,Richard James Hoch,0.7,1.0,0.5,0.667,0.0,1,0,0,West Virginia University,,pending,,,
157,Richard Hoch,Indiana University of Pennsylvania,openalex,A5019694491,Richard Hoch,0.65,1.0,0.0,0.667,1.2,2,66,2,Florida Institute of Technology,,pending,,,
157,Richard Hoch,Indiana University of Pennsylvania,openalex,A5027794797,Richard L. Hoch,0.65,1.0,0.0,0.667,0.109,1,6,1,,,pending,,,
168,Gary Taylor,Iowa State University,openalex,A5101800566,Gary Taylor,0.913,1.0,1.0,0.417,0.67,28,240,5,,https://orcid.org/0000-0003-0376-1991,pending,,,
168,Gary Taylor,Iowa State University,openalex,A5054172850,Gary Taylor,0.795,1.0,0.5,0.636,0.788,13,282,3,The University of Texas Health Science Center,,pending,,,
168,Gary Taylor,Iowa State University,openalex,A5109952224,Gary Taylor,0.771,1.0,1.0,0.143,5.165,131,1849,23,Florida State University,,rejected,audit_matches,2026-09-16,"rejected 2026-09-16: OpenAlex 1,849 citations against 366 from google_scholar (5.1x); probable namesake"
168,Gary Taylor,Iowa State University,openalex,A5071715441,Gary R. J. Taylor,0.725,1.0,0.5,0.167,0.913,2,327,2,University of Reading,,pending,,,
168,Gary Taylor,Iowa State University,openalex,A5049797977,Gary Taylor,0.679,1.0,0.0,0.857,0.304,8,109,4,,,pending,,,
172,Edmund Merem,Jackson State University,openalex,A5134418069,Edmund C. Merem,0.825,1.0,1.0,0.5,0.001,4,1,1,Jackson State University,,pending,,,
172,Edmund Merem,Jackson State University,openalex,A5126153449,Edmund C. Merem,0.5,1.0,0.0,0.333,0.0,1,0,0,,,pending,,,
173,Talya Thomas,Jackson State University,openalex,A5136973473,Talya Thomas,0.9,1.0,1.0,1.0,0.0,1,0,0,Jackson State University,,pending,,,
174,Joan Wesley,Jackson State University,openalex,A5009153424,Joan Wesley Forte,0.55,1.0,0.0,0.667,0.0,1,0,0,,,pending,,,
177,Clemens Pilgram,Kansas State University,openalex,A5063015504,Clemens Pilgram,0.7,1.0,0.0,1.0,0.786,12,125,5,University of Southern California,https://orcid.org/0000-0001-6829-7275,pending,,,
178,Susmita Rishi,Kansas State University,openalex,A5032894047,Susmita Rishi,0.85,1.0,0.5,1.0,0.463,5,57,3,,,pending,,,
178,Susmita Rishi,Kansas State University,openalex,A5086573909,Susmita Rishi,0.6,1.0,0.0,1.0,0.024,3,3,1,,,pending,,,
179,La Barbara Wigfall,Kansas State University,openalex,A5058785006,La Barbara James Wigfall,0.835,0.922,1.0,0.8,0.0,4,0,0,,,pending,,,
179,La Barbara Wigfall,Kansas State University,openalex,A5096020839,La Barbara Wigfall Fly,0.584,0.964,0.0,1.0,0.0,1,0,0,,,pending,,,
179,La Barbara Wigfall,Kansas State University,openalex,A5097548354,La Barbara James Wigfall,0.49,0.922,0.0,0.5,0.0,1,0,0,,,pending,,,
179,La Barbara Wigfall,Kansas State University,openalex,A5046157674,La Barbara James Wigfall Assoc Prof,0.489,0.92,0.0,0.5,0.0,1,0,0,,,pending,,,
191,Si Chen,Michigan State University,openalex,A5112609489,Si Chen,0.736,1.0,0.5,0.909,83.933,9,1259,5,University of Tennessee at Knoxville,,pending,,,
191,Si Chen,Michigan State University,openalex,A5100366211,Si Chen,0.624,1.0,0.5,0.163,336.333,192,5045,40,Shanghai University,https://orcid.org/0000-0002-8872-311X,pending,,,
191,Si Chen,Michigan State University,openalex,A5100366215,Si Chen,0.6,1.0,0.5,0.0,226.267,104,3394,33,China Pharmaceutical University,https://orcid.org/0000-0002-9716-9966,pending,,,
191,Si Chen,Michigan State University,openalex,A5101756587,Si Chen,0.6,1.0,0.5,0.0,178.2,136,2673,29,Shanghai Jiao Tong University,https://orcid.org/0000-0002-3228-2837,pending,,,
191,Si Chen,Michigan State University,openalex,A5073464445,Si Chen,0.6,1.0,0.5,0.0,151.867,151,2278,25,Jiangsu Normal University,https://orcid.org/0000-0002-5631-7942,pending,,,
195,Jesus Lara,Michigan State University,openalex,A5061427353,Jesus Lara Jauregui,0.7,1.0,0.0,1.0,0.596,4,106,3,University of Massachusetts Amherst,,pending,,,
195,Jesus Lara,Michigan State University,openalex,A5069367123,Jesús de Lara,0.684,1.0,0.0,0.895,0.534,25,95,3,Tecnológico Nacional de México,,pending,,,
195,Jesus Lara,Michigan State University,openalex,A5077221574,Jesus J. Lara,0.673,1.0,0.0,0.818,0.506,14,90,6,,https://orcid.org/0000-0002-5029-6183,pending,,,
195,Jesus Lara,Michigan State University,openalex,A5079083347,Juan Jesús Lara,0.593,0.92,0.0,0.857,0.079,3,14,1,,,pending,,,
195,Jesus Lara,Michigan State University,openalex,A5103602821,Juan Jesús Lara Valle,0.583,0.92,0.0,0.793,0.045,22,8,1,,,pending,,,
199,Mark Wilson,Michigan State University,openalex,A5056989854,Mark Wilson,0.97,1.0,1.0,0.8,0.725,85,1103,21,,https://orcid.org/0000-0003-0427-9689,pending,,,
199,Mark Wilson,Michigan State University,openalex,A5027722530,Mark Wilson,0.939,1.0,1.0,0.595,0.58,96,883,17,Michigan State University,,pending,,,
199,Mark Wilson,Michigan State University,openalex,A5071603430,Mark Wilson,0.921,1.0,1.0,0.806,2.102,220,3199,26,Colorado College,https://orcid.org/0000-0003-3044-7471,pending,,,
199,Mark Wilson,Michigan State University,openalex,A5048611220,Mark G. Wilson,0.867,1.0,1.0,0.777,3.035,138,4619,34,University of Georgia,https://orcid.org/0000-0002-1381-6231,pending,,,
199,Mark Wilson,Michigan State University,openalex,A5107978370,Mark L. Wilson,0.834,1.0,1.0,0.559,8.919,256,13574,66,University of Michigan,https://orcid.org/0000-0003-2968-5181,rejected,audit_matches,2026-09-16,"rejected 2026-09-16: OpenAlex 13,574 citations against 1,607 from google_scholar (8.4x); probable namesake"
202,Scott Granberg-Rademacker,"Minnesota State University, Mankato",openalex,A5084071713,J. Scott Granberg‐Rademacker,0.901,0.882,1.0,0.692,0.437,9,55,4,,,pending,,,
205,Miriam Porter,"Minnesota State University, Mankato",openalex,A5056624115,Miriam Porter,0.657,1.0,0.0,0.714,0.814,11,114,4,Novartis (Switzerland),,pending,,,
208,Ronald Malega,Missouri State University,openalex,A5022022969,Ronald William Malega,0.6,1.0,0.0,1.0,0.0,1,0,0,,,pending,,,
217,Joe Ferreira,MIT,openalex,A5017966645,Joé Irley Ferreira Júnior,0.6,1.0,0.0,1.0,0.0,1,0,0,,,pending,,,
217,Joe Ferreira,MIT,openalex,A5144067282,Joe Ferreira,0.45,1.0,0.0,0.0,0.0,1,0,0,Henkel (Germany),,pending,,,
221,David Hsu,MIT,openalex,A5101962232,David Hsu,0.86,1.0,1.0,0.069,0.35,33,442,9,Stanford University,https://orcid.org/0000-0002-9936-7894,pending,,,
221,David Hsu,MIT,openalex,A5041838340,David Hsu,0.813,1.0,1.0,0.421,3.915,48,4949,22,National University of Singapore,https://orcid.org/0000-0003-1108-9656,rejected,audit_matches,2026-09-16,"rejected 2026-09-16: OpenAlex 4,949 citations against 1,455 from google_scholar (3.4x); probable namesake"
221,David Hsu,MIT,openalex,A5058431820,David H. Hsu,0.767,1.0,1.0,0.113,5.693,120,7196,28,University of Pennsylvania,https://orcid.org/0000-0001-8228-5449,rejected,audit_matches,2026-09-16,"rejected 2026-09-16: OpenAlex 7,196 citations against 1,455 from google_scholar (4.9x); probable namesake"
221,David Hsu,MIT,openalex,A5103711028,David T. Hsu,0.742,1.0,0.5,0.279,1.349,35,1705,20,Eloxx Pharmaceuticals (United States),,pending,,,
221,David Hsu,MIT,openalex,A5102855398,David S. Y. Hsu,0.722,1.0,0.5,0.15,1.022,27,1292,12,University of Minnesota,https://orcid.org/0000-0002-7219-3193,pending,,,
225,Ceasar McDowell,MIT,openalex,A5054022895,Ceasar L. McDowell,0.812,1.0,0.5,0.75,0.59,14,124,5,,,pending,,,
238,Sarah Williams,MIT,openalex,A5103110896,Sarah Williams,0.961,1.0,1.0,0.737,0.627,49,1713,16,University of Massachusetts Amherst,https://orcid.org/0000-0002-8662-8506,pending,,,
238,Sarah Williams,MIT,openalex,A5101656348,Sarah Williams,0.87,1.0,1.0,0.133,0.56,173,1529,21,Massachusetts Institute of Technology,https://orcid.org/0000-0001-7968-1870,pending,,,
238,Sarah Williams,MIT,openalex,A5100724015,Sarah Williams,0.7,1.0,0.0,1.0,0.334,40,912,6,Prince of Wales Hospital,https://orcid.org/0000-0002-0532-2290,pending,,,
238,Sarah Williams,MIT,openalex,A5003975585,Sarah Williams,0.7,1.0,0.0,1.0,0.138,83,376,10,,https://orcid.org/0000-0001-8459-6160,pending,,,
238,Sarah Williams,MIT,openalex,A5107894359,Sarah Louise Williams,0.686,1.0,0.0,0.908,0.675,124,1843,23,,https://orcid.org/0000-0001-6174-401X,pending,,,
239,Christopher Zegras,MIT,openalex,A5111754321,Christopher Zegras,0.993,1.0,1.0,0.955,0.252,55,1310,17,Massachusetts Institute of Technology,,pending,,,
239,Christopher Zegras,MIT,openalex,A5032312656,P. Christopher Zegras,0.952,0.893,1.0,1.0,0.273,83,1420,21,Massachusetts Institute of Technology,https://orcid.org/0000-0002-5675-0615,pending,,,
239,Christopher Zegras,MIT,openalex,A5065369145,Zegras Christopher,0.775,0.722,1.0,1.0,0.002,1,12,1,Massachusetts Institute of Technology,,pending,,,
239,Christopher Zegras,MIT,openalex,A5150109085,Christopher Zegras,0.6,1.0,0.0,1.0,0.0,4,0,0,,,pending,,,
241,Siqi Zheng,MIT,openalex,A5014586639,Siqi Zheng,0.975,1.0,1.0,0.832,0.688,283,9724,51,East China Jiaotong University,https://orcid.org/0000-0002-4467-8505,pending,,,
241,Siqi Zheng,MIT,openalex,A5022751093,Siqi Zheng,0.891,1.0,1.0,0.941,0.005,22,73,4,Nanjing Forestry University,https://orcid.org/0009-0004-2506-418X,pending,,,
241,Siqi Zheng,MIT,openalex,A5044259117,Siqi Zheng,0.85,1.0,1.0,0.0,0.116,52,1647,14,University Medical Center Groningen,https://orcid.org/0000-0003-0917-6646,pending,,,
241,Siqi Zheng,MIT,openalex,A5134568156,Siqi Zheng,0.85,1.0,1.0,0.667,0.0,1,1,1,Massachusetts Institute of Technology,,pending,,,
241,Siqi Zheng,MIT,openalex,A5101700479,Siqi Zheng,0.75,1.0,1.0,0.0,0.026,44,363,10,Alibaba Group (United States),https://orcid.org/0000-0002-5481-7900,pending,,,
242,Daniel Campo,Morgan State University,openalex,A5095764010,Daniel Campo,0.85,1.0,1.0,0.667,0.0,1,0,0,Morgan State University,,pending,,,
242,Daniel Campo,Morgan State University,openalex,A5112092499,Daniel Campo,0.769,1.0,1.0,0.128,3.173,59,1415,19,University of Southern California,,pending,,,
242,Daniel Campo,Morgan State University,openalex,A5002770667,Daniel Samano Martin del Campo,0.662,1.0,0.0,0.75,0.132,5,59,1,University of Miami,,pending,,,
242,Daniel Campo,Morgan State University,openalex,A5006464235,Daniel Martín del Campo,0.65,1.0,0.0,1.0,0.083,1,37,1,,,pending,,,
242,Daniel Campo,Morgan State University,openalex,A5011103505,Daniel Campo,0.6,1.0,0.0,1.0,0.004,5,2,1,,,pending,,,
243,Greg Newmark,Morgan State University,openalex,,,0,,,,,,,,,,none,matcher,2026-09-16,
246,Tonya Sanders Thach,Morgan State University,openalex,A5098846388,Tonya Sanders Thach,0.94,1.0,1.0,0.6,0.259,2,7,1,Morgan State University,,pending,,,
246,Tonya Sanders Thach,Morgan State University,openalex,A5138268724,Tonya Sanders Thach,0.6,1.0,0.0,1.0,0.0,1,0,0,,,pending,,,
249,Jesse LeCavalier,New Jersey Institute of Technology,openalex,A5017654492,Jesse LeCavalier,0.619,1.0,0.0,0.462,0.658,41,418,6,Cornell University,,pending,,,
262,Joan Fitzgerald,Northeastern University,openalex,A5109562143,Joan Fitzgerald,1.0,1.0,1.0,1.0,0.199,43,422,9,Northeastern University,,pending,,,
262,Joan Fitzgerald,Northeastern University,openalex,A5007475426,Joan Fitzgerald,0.904,1.0,1.0,0.357,0.524,61,1109,15,National Maternity Hospital,https://orcid.org/0000-0002-2110-6969,pending,,,
262,Joan Fitzgerald,Northeastern University,openalex,A5016324703,Joan FitzGerald Denny,0.6,1.0,0.0,1.0,0.006,1,13,1,,,pending,,,
262,Joan Fitzgerald,Northeastern University,openalex,A5044267363,Joan Fitzgerald Ely,0.6,1.0,0.0,1.0,0.004,1,9,1,,,pending,,,
262,Joan Fitzgerald,Northeastern University,openalex,A5104642185,Joan Fitzgerald,0.6,1.0,0.0,1.0,0.0,4,0,0,,,pending,,,
263,Cara Michell,Northeastern University,openalex,A5092903872,Cara Michell,1.0,1.0,1.0,1.0,0.5,2,1,1,Northeastern University,,pending,,,
263,Cara Michell,Northeastern University,openalex,A5099147677,Cara E Michell,0.9,1.0,1.0,1.0,0.0,1,0,0,Northeastern University,,pending,,,
264,Kaitlyn Alvarez Noli,Northeastern University,openalex,A5025328042,Kaitlyn Alvarez Noli,0.95,1.0,1.0,0.667,0.625,5,5,1,Northeastern University,https://orcid.org/0000-0002-0813-5220,pending,,,
265,Daniel O’Brien,Northeastern University,openalex,A5083670541,Daniel T. O’Brien,0.969,1.0,1.0,0.795,0.881,461,2274,27,Universidad del Noreste,https://orcid.org/0000-0002-3799-8586,pending,,,
265,Daniel O’Brien,Northeastern University,openalex,A5101399398,Daniel O’Brien,0.95,1.0,1.0,0.667,0.115,98,298,7,TH Köln - University of Applied Sciences,https://orcid.org/0000-0002-5836-5972,pending,,,
265,Daniel O’Brien,Northeastern University,openalex,A5019976820,Daniel M. O’Brien,0.657,1.0,0.0,0.711,0.613,74,1582,14,Kansas State University,https://orcid.org/0000-0003-2163-6254,pending,,,
265,Daniel O’Brien,Northeastern University,openalex,A5103413221,Daniel T. O'Brien,0.619,1.0,0.5,0.125,0.022,12,56,2,,,pending,,,
265,Daniel O’Brien,Northeastern University,openalex,A5094001875,Daniel O’Brien,0.6,1.0,0.0,1.0,0.009,4,24,3,Futures Group (United States),,pending,,,
267,Gavin Shatkin,Northeastern University,openalex,A5110856923,Gavin Shatkin,1.0,1.0,1.0,1.0,0.387,44,1258,15,Northeastern University,,pending,,,
267,Gavin Shatkin,Northeastern University,openalex,A5067986618,Gavin Shatkin,1.0,1.0,1.0,1.0,0.202,18,658,12,Northeastern University,https://orcid.org/0000-0001-8203-1270,pending,,,
267,Gavin Shatkin,Northeastern University,openalex,A5099288226,Gavin Shatkin,0.55,1.0,0.0,0.667,0.0,2,0,0,,,pending,,,
267,Gavin Shatkin,Northeastern University,openalex,A5099456481,Gavin Shatkin,0.525,1.0,0.0,0.5,0.0,1,0,0,,,pending,,,
267,Gavin Shatkin,Northeastern University,openalex,A5102038157,Gavin Shatkin,0.525,1.0,0.0,0.5,0.0,1,0,0,,,pending,,,
268,Lily Song,Northeastern University,openalex,A5119371379,Lily Song,0.9,1.0,1.0,1.0,0.002,2,1,1,Northeastern University,https://orcid.org/0000-0003-4362-1598,pending,,,
268,Lily Song,Northeastern University,openalex,A5068297670,Lily Song,0.7,1.0,0.0,1.0,0.323,16,152,7,Universidad del Noreste,,pending,,,
268,Lily Song,Northeastern University,openalex,A5130385571,Lily Song,0.6,1.0,0.0,1.0,0.0,2,0,0,,,pending,,,
268,Lily Song,Northeastern University,openalex,A5107927394,Lily Song,0.557,1.0,0.0,0.714,0.002,4,1,1,,,pending,,,
268,Lily Song,Northeastern University,openalex,A5064059059,Lily R.-H. Song,0.55,1.0,0.0,0.333,0.053,1,25,1,Pfizer (United States),,pending,,,
274,R. Dawn Hawley,Northern Arizona University,openalex,A5091474292,R. Dawn Hawley,0.87,1.0,1.0,0.8,0.029,2,1,1,Northern Arizona University,,pending,,,
275,Ruihong Huang,Northern Arizona University,openalex,A5042499634,Ruihong Huang,0.977,1.0,1.0,0.85,0.915,28,613,9,,https://orcid.org/0000-0001-5934-2273,pending,,,
275,Ruihong Huang,Northern Arizona University,openalex,A5110051911,Ruihong Huang,0.97,1.0,1.0,0.8,0.44,13,295,10,Northern Arizona University,,pending,,,
275,Ruihong Huang,Northern Arizona University,openalex,A5101688217,Ruihong Huang,0.598,1.0,0.0,0.32,0.301,33,202,9,Texas A&M University,https://orcid.org/0000-0002-4572-4243,pending,,,
275,Ruihong Huang,Northern Arizona University,openalex,A5101632495,Ruihong Huang,0.55,1.0,0.0,0.0,0.237,25,159,6,The University of Melbourne,https://orcid.org/0000-0003-4213-5862,pending,,,
275,Ruihong Huang,Northern Arizona University,openalex,A5144059648,Ruihong Huang,0.55,1.0,0.0,0.667,0.0,1,0,0,Fujian Medical University,,pending,,,
276,Brian Petersen,Northern Arizona University,openalex,A5101407319,Brian Petersen,1.0,1.0,1.0,1.0,1.348,261,2702,26,University of Manchester,https://orcid.org/0000-0002-7380-6123,pending,,,
276,Brian Petersen,Northern Arizona University,openalex,A5081442837,Brian Petersen,0.98,1.0,1.0,0.865,0.962,72,1929,21,Northern Arizona University,https://orcid.org/0000-0003-4208-441X,pending,,,
276,Brian Petersen,Northern Arizona University,openalex,A5107882623,Brian Petersen,0.682,1.0,0.0,0.883,0.221,39,444,9,,https://orcid.org/0000-0002-7380-6123,pending,,,
276,Brian Petersen,Northern Arizona University,openalex,A5107939696,Brian Petersen,0.64,1.0,0.0,0.933,2.617,176,5248,36,University of Manchester,https://orcid.org/0000-0002-7380-6123,pending,,,
276,Brian Petersen,Northern Arizona University,openalex,A5141338953,Brian Petersen,0.6,1.0,0.0,1.0,0.003,1,7,1,,,pending,,,
278,Ricardo Cardoso,Ohio State University,openalex,A5045014928,Ricardo Lopes Cardoso,0.78,1.0,1.0,0.197,5.275,182,902,16,Fundação Getulio Vargas,https://orcid.org/0000-0002-0058-0063,rejected,audit_matches,2026-09-16,rejected 2026-09-16: OpenAlex 902 citations against 197 from google_scholar (4.6x); probable namesake
278,Ricardo Cardoso,Ohio State University,openalex,A5057518859,Ricardo Cardoso,0.7,1.0,0.0,1.0,0.661,10,113,4,Berkeley College,https://orcid.org/0000-0003-1514-1714,pending,,,
278,Ricardo Cardoso,Ohio State University,openalex,A5035040492,Ricardo Cardoso‐Leite,0.674,0.943,0.0,1.0,0.673,13,115,6,Federal Institute of São Paulo,https://orcid.org/0000-0003-1628-4389,pending,,,
278,Ricardo Cardoso,Ohio State University,openalex,A5055050817,Ricardo Cardoso de Matos,0.623,0.925,0.0,0.714,0.491,7,84,4,Hospital do Servidor Público Estadual,https://orcid.org/0000-0001-6628-3697,pending,,,
278,Ricardo Cardoso,Ohio State University,openalex,A5085662024,Ricardo Cardoso,0.614,1.0,0.0,0.429,0.158,4,27,1,Universidade Federal do Recôncavo da Bahia,,pending,,,
281,Jennifer Clark,Ohio State University,openalex,A5102888009,Jennifer Clark,0.973,1.0,1.0,0.818,0.407,149,1748,19,Center for Drug Evaluation and Research,https://orcid.org/0000-0003-4008-5419,pending,,,
281,Jennifer Clark,Ohio State University,openalex,A5057852842,Jennifer Clark,0.955,1.0,1.0,0.698,0.579,179,2484,25,University of South Alabama,https://orcid.org/0000-0001-7908-032X,pending,,,
281,Jennifer Clark,Ohio State University,openalex,A5067809524,Jennifer B. Clark,0.7,1.0,0.0,1.0,0.424,38,1819,13,,https://orcid.org/0000-0002-7529-2656,pending,,,
281,Jennifer Clark,Ohio State University,openalex,A5101760558,Jennifer Hayes Clark,0.7,1.0,0.0,1.0,0.122,44,524,13,University of Houston,https://orcid.org/0000-0001-8417-7871,pending,,,
281,Jennifer Clark,Ohio State University,openalex,A5110041004,Jennifer Clark,0.629,1.0,0.0,0.857,0.041,4,178,2,King's College London,,pending,,,
291,Chryl Corbin,Portland State University,openalex,,,0,,,,,,,,,,none,matcher,2026-09-16,
293,Yiping Fang,Portland State University,openalex,A5102749932,Yiping Fang,1.0,1.0,1.0,1.0,0.643,21,824,9,,https://orcid.org/0000-0003-3607-3271,pending,,,
293,Yiping Fang,Portland State University,openalex,A5012345184,Yiping Fang,0.95,1.0,1.0,1.0,1.764,103,2260,24,Chinese Academy of Sciences,https://orcid.org/0000-0003-2966-9528,pending,,,
293,Yiping Fang,Portland State University,openalex,A5140944634,Yiping Fang,0.6,1.0,0.0,1.0,0.0,4,0,0,Chinese Academy of Sciences,,pending,,,
293,Yiping Fang,Portland State University,openalex,A5148103774,Yiping Fang,0.6,1.0,0.0,1.0,0.0,1,0,0,,,pending,,,
293,Yiping Fang,Portland State University,openalex,A5121594083,Yiping Fang,0.55,1.0,0.0,0.667,0.007,4,9,2,Chinese Academy of Sciences,,pending,,,
294,Matthew Gebhardt,Portland State University,openalex,A5017215412,Matthew Gebhardt,0.8,1.0,1.0,0.0,2.585,17,168,6,University of Connecticut,https://orcid.org/0009-0003-0953-8931,pending,,,
294,Matthew Gebhardt,Portland State University,openalex,A5008243000,Matthew C. Gebhardt,0.7,1.0,0.0,1.0,1.108,1,72,1,Loyola University Chicago,,pending,,,
294,Matthew Gebhardt,Portland State University,openalex,A5021440756,Matthew Gebhardt,0.55,1.0,0.0,0.0,0.708,2,46,1,Nova Southeastern University,,pending,,,
294,Matthew Gebhardt,Portland State University,openalex,A5130922883,Matthew Gebhardt,0.55,1.0,0.0,0.333,0.046,1,3,1,University of Connecticut,,pending,,,
294,Matthew Gebhardt,Portland State University,openalex,A5090056662,Matthew Clinton Gebhardt,0.55,1.0,0.0,0.667,0.0,1,0,0,,,pending,,,
296,Jenny Liu,Portland State University,openalex,A5072604421,Jenny H. Liu,0.9,1.0,1.0,1.0,33.75,38,135,6,Portland State University,https://orcid.org/0000-0002-9362-014X,pending,,,
296,Jenny Liu,Portland State University,openalex,A5101921215,Jenny Liu,0.882,1.0,1.0,0.881,1348.5,228,5394,35,Institute on Aging,https://orcid.org/0000-0002-3929-0135,pending,,,
296,Jenny Liu,Portland State University,openalex,A5134487915,Jenny Liu,0.65,1.0,0.0,0.667,0.75,1,3,1,Yale University,https://orcid.org/0000-0002-9785-0145,pending,,,
296,Jenny Liu,Portland State University,openalex,A5121532501,Jenny Liu,0.64,1.0,0.0,0.6,0.5,2,2,1,Missouri University of Science and Technology,,pending,,,
296,Jenny Liu,Portland State University,openalex,A5079437104,Jenny Hsing-I Liu,0.625,1.0,0.0,0.5,1.5,2,6,2,"University of California, Berkeley",,pending,,,
299,Liming Wang,Portland State University,openalex,A5100328707,Liming Wang,0.871,1.0,1.0,0.137,1.316,159,1852,25,Shandong University,https://orcid.org/0000-0001-5716-7010,pending,,,
299,Liming Wang,Portland State University,openalex,A5100328715,Liming Wang,0.85,1.0,1.0,0.0,1.375,96,1935,19,Chinese Academy of Medical Sciences & Peking Union Medical College,https://orcid.org/0000-0002-0418-405X,pending,,,
299,Liming Wang,Portland State University,openalex,A5100328733,Liming Wang,0.839,1.0,1.0,0.257,2.402,78,3380,28,Capital Medical University,https://orcid.org/0000-0002-7256-8776,pending,,,
299,Liming Wang,Portland State University,openalex,A5101680356,Liming Wang,0.8,1.0,1.0,0.0,1.623,242,2284,27,Mongolian University of Science and Technology,https://orcid.org/0000-0002-6108-5453,pending,,,
299,Liming Wang,Portland State University,openalex,A5100328728,Liming Wang,0.754,1.0,0.5,0.36,0.612,58,861,18,Beijing Institute of Technology,https://orcid.org/0000-0002-5504-1366,pending,,,
302,Eve Baron,Pratt Institute,openalex,A5050749020,Marie-Ève Baron,0.548,0.774,0.0,1.0,0.033,1,1,1,,,pending,,,
306,John Shapiro,Pratt Institute,openalex,A5025086879,John Shapiro,0.95,1.0,1.0,1.0,0.043,3,4,1,Pratt Institute,https://orcid.org/0000-0002-3402-3994,pending,,,
306,John Shapiro,Pratt Institute,openalex,A5072912146,John Shapiro,0.7,1.0,0.0,1.0,0.323,2,30,1,,,pending,,,
306,John Shapiro,Pratt Institute,openalex,A5045440387,John T. Shapiro,0.6,1.0,0.0,1.0,0.0,1,0,0,,,pending,,,
306,John Shapiro,Pratt Institute,openalex,A5021651218,JOHN L. SHAPIRO,0.55,1.0,0.0,0.0,0.204,2,19,1,,,pending,,,
306,John Shapiro,Pratt Institute,openalex,A5025114039,John M. Shapiro,0.55,1.0,0.0,0.0,0.118,1,11,1,,,pending,,,
308,Patricia Collins,Queen's University,openalex,A5007069086,Patricia Collins,0.9,1.0,1.0,1.0,3.6,128,5465,35,Queen's University,https://orcid.org/0000-0003-0009-736X,rejected,audit_matches,2026-09-16,"rejected 2026-09-16: OpenAlex 5,465 citations against 1,637 from google_scholar (3.3x); probable namesake"
308,Patricia Collins,Queen's University,openalex,A5006360782,Patrícia Hill Collins,0.9,1.0,1.0,1.0,29.957,244,45475,57,"University of Maryland, College Park",,rejected,audit_matches,2026-09-16,"rejected 2026-09-16: OpenAlex 45,475 citations against 1,637 from google_scholar (27.8x); probable namesake"
308,Patricia Collins,Queen's University,openalex,A5096374853,Patricia Collins,0.7,1.0,0.0,1.0,0.151,2,229,1,,,pending,,,
308,Patricia Collins,Queen's University,openalex,A5104349930,Patricia Collins,0.62,1.0,0.0,0.8,0.086,9,130,5,University of Virginia,,pending,,,
308,Patricia Collins,Queen's University,openalex,A5081361850,Patricia R. Collins,0.615,1.0,0.0,0.765,0.076,9,115,4,Edith Cowan University,https://orcid.org/0000-0001-7811-9325,pending,,,
309,Betsy Donald,Queen's University,openalex,A5142450282,Betsy Donald,0.9,1.0,1.0,1.0,0.0,2,0,0,Queen's University,,pending,,,
309,Betsy Donald,Queen's University,openalex,A5028941114,Betsy Donald,0.878,1.0,1.0,0.185,0.319,36,741,12,Queen's University,https://orcid.org/0000-0001-6130-3249,pending,,,
309,Betsy Donald,Queen's University,openalex,A5076714771,Heather M . Hall and Betsy Donald,0.383,0.517,0.0,1.0,0.003,1,8,1,,,pending,,,
313,Graham Whitelaw,Queen's University,openalex,A5111884245,Graham Whitelaw,0.948,1.0,1.0,0.65,0.262,27,485,10,Queen's University,,pending,,,
313,Graham Whitelaw,Queen's University,openalex,A5113469189,Graham S. Whitelaw,0.948,1.0,1.0,0.65,0.277,20,513,12,Queen's University,,pending,,,
313,Graham Whitelaw,Queen's University,openalex,A5009008603,Graham Whitelaw Rankin,0.5,1.0,0.0,0.333,0.001,2,1,1,,,pending,,,
315,John Hasse,Rowan University,openalex,A5087750858,John Hasse,1.0,1.0,1.0,1.0,0.531,19,733,6,Rowan University,,pending,,,
315,John Hasse,Rowan University,openalex,A5005304859,John Edward Hasse,0.875,1.0,1.0,0.5,0.092,43,127,4,Rowan University,,pending,,,
315,John Hasse,Rowan University,openalex,A5015119426,John J. Hasse,0.633,1.0,0.0,0.889,0.039,5,54,3,New York State Department of Environmental Conservation,,pending,,,
315,John Hasse,Rowan University,openalex,A5116471150,John Edward Hasse,0.6,1.0,0.0,1.0,0.0,1,0,0,,,pending,,,
315,John Hasse,Rowan University,openalex,A5116538398,John Edward Hasse,0.6,1.0,0.0,1.0,0.0,1,0,0,,,pending,,,
316,Qian He,Rowan University,openalex,A5067169952,Qian He,0.878,1.0,1.0,0.518,2.163,82,904,17,Chengdu University of Traditional Chinese Medicine,https://orcid.org/0000-0001-9401-8508,pending,,,
316,Qian He,Rowan University,openalex,A5100746953,He Qian,0.783,1.0,1.0,0.218,8.766,107,3664,34,South China Agricultural University,,rejected,audit_matches,2026-09-16,"rejected 2026-09-16: OpenAlex 3,664 citations against 501 from google_scholar (7.3x); probable namesake"
316,Qian He,Rowan University,openalex,A5110796344,Qian He,0.781,1.0,0.5,0.542,1.211,53,506,10,Xuzhou University of Technology,https://orcid.org/0000-0002-2917-830X,pending,,,
316,Qian He,Rowan University,openalex,A5100720515,Qian He,0.779,1.0,1.0,0.196,3.163,51,1322,15,Chongqing University,https://orcid.org/0000-0003-1176-9475,pending,,,
316,Qian He,Rowan University,openalex,A5062051871,Qian He,0.556,1.0,0.0,0.375,2.598,48,1086,17,Chinese University of Hong Kong,https://orcid.org/0000-0001-8390-5769,pending,,,
317,Kevin Keenan,Rowan University,openalex,A5102775442,Kevin Keenan,1.0,1.0,1.0,1.0,1.449,19,100,6,Rowan University,https://orcid.org/0000-0001-7477-3434,pending,,,
317,Kevin Keenan,Rowan University,openalex,A5011146440,Kevin Keenan,1.0,1.0,1.0,1.0,0.696,7,48,4,Rowan University,https://orcid.org/0000-0002-5892-6768,pending,,,
317,Kevin Keenan,Rowan University,openalex,A5122804207,Kevin Keenan,0.9,1.0,1.0,1.0,0.0,1,0,0,Rowan University,,pending,,,
317,Kevin Keenan,Rowan University,openalex,A5126601515,Kevin Keenan,0.825,1.0,1.0,0.5,0.0,1,0,0,Rowan University,,pending,,,
317,Kevin Keenan,Rowan University,openalex,A5065823641,Kevin L. Keenan,0.62,1.0,0.0,0.8,2.203,17,152,6,North Carolina Agricultural and Technical State University,https://orcid.org/0000-0002-1250-2038,pending,,,
324,James Hughes,Rutgers University,openalex,A5039329208,James W. Hughes,1.0,1.0,1.0,1.0,0.468,198,1970,23,Candiolo Cancer Institute,https://orcid.org/0000-0001-6229-7880,pending,,,
324,James Hughes,Rutgers University,openalex,A5102858836,James M. Hughes,0.909,1.0,1.0,0.396,0.84,93,3536,21,University College London,,pending,,,
324,James Hughes,Rutgers University,openalex,A5009822349,James Hughes,0.7,1.0,0.0,1.0,0.455,145,1914,26,Government of the United Kingdom,https://orcid.org/0000-0002-8516-7402,pending,,,
324,James Hughes,Rutgers University,openalex,A5103475668,James P. Hughes,0.675,1.0,0.0,0.833,0.29,9,1220,7,,,pending,,,
324,James Hughes,Rutgers University,openalex,A5111814031,James Hughes,0.67,1.0,0.0,0.8,0.126,37,531,10,University of Washington,,pending,,,
326,Radha Jagannathan,Rutgers University,openalex,A5090892405,Radha Jagannathan,0.975,1.0,1.0,0.831,0.51,119,677,15,"Rutgers, The State University of New Jersey",https://orcid.org/0000-0001-5614-8176,pending,,,
326,Radha Jagannathan,Rutgers University,openalex,A5135449840,Radha Jagannathan,0.9,1.0,1.0,1.0,0.0,1,0,0,"Rutgers, The State University of New Jersey",,pending,,,
326,Radha Jagannathan,Rutgers University,openalex,A5098416747,Radha Jagannathan,0.875,1.0,1.0,0.5,0.051,2,68,2,"Rutgers, The State University of New Jersey",,pending,,,
326,Radha Jagannathan,Rutgers University,openalex,A5099254366,Radha Jagannathan,0.6,1.0,0.0,1.0,0.0,9,0,0,,,pending,,,
326,Radha Jagannathan,Rutgers University,openalex,A5129469963,Radha Jagannathan,0.575,1.0,0.0,0.833,0.0,4,0,0,,,pending,,,
338,Wenwen Zhang,Rutgers University,openalex,A5100401848,Wenwen Zhang,0.985,1.0,1.0,0.9,0.723,97,2628,28,Yunnan Vocational College of Mechanical and Electrical Technology,https://orcid.org/0000-0001-7456-8588,pending,,,
338,Wenwen Zhang,Rutgers University,openalex,A5100401849,Wenwen Zhang,0.979,1.0,1.0,0.857,0.138,41,500,10,Liaoning Technical University,https://orcid.org/0000-0001-8639-2946,pending,,,
338,Wenwen Zhang,Rutgers University,openalex,A5059498909,Wenwen Zhang,0.95,1.0,1.0,1.0,0.087,20,316,8,"Rutgers, The State University of New Jersey",https://orcid.org/0000-0002-2517-8601,pending,,,
338,Wenwen Zhang,Rutgers University,openalex,A5100401863,Wenwen Zhang,0.918,1.0,1.0,0.455,0.243,72,882,11,University of British Columbia,https://orcid.org/0000-0002-5362-5405,pending,,,
338,Wenwen Zhang,Rutgers University,openalex,A5100401859,Wenwen Zhang,0.87,1.0,1.0,0.132,0.415,77,1507,22,"Rutgers, The State University of New Jersey",https://orcid.org/0000-0002-3183-0344,pending,,,
339,Richard Alomar,"Rutgers University, School of Environmental & Biological Sciences",openalex,A5067304714,Richard Alomar,0.94,1.0,1.0,0.6,0.238,4,5,1,,,pending,,,
339,Richard Alomar,"Rutgers University, School of Environmental & Biological Sciences",openalex,A5096138337,Richard Alomar,0.7,1.0,0.0,1.0,0.81,1,17,1,,,pending,,,
343,Kathleen John-Alder,"Rutgers University, School of Environmental & Biological Sciences",openalex,A5017443877,Kathleen John–Alder,0.697,0.6,1.0,0.846,10.143,27,923,3,Rutgers Sexual and Reproductive Health and Rights,,rejected,audit_matches,2026-09-16,rejected 2026-09-16: OpenAlex 923 citations against 91 from pop (10.1x); probable namesake
343,Kathleen John-Alder,"Rutgers University, School of Environmental & Biological Sciences",openalex,A5083152850,Kathleen John‐Alder,0.32,0.6,0.0,0.0,0.088,3,8,2,"University of California, Irvine",,pending,,,
344,Laura Lawson,"Rutgers University, School of Environmental & Biological Sciences",openalex,A5109364562,Laura Lawson,0.982,1.0,1.0,0.882,0.102,26,262,8,,,pending,,,
344,Laura Lawson,"Rutgers University, School of Environmental & Biological Sciences",openalex,A5108433030,Laura J. Lawson,0.965,1.0,1.0,0.769,0.109,7,280,5,,,pending,,,
344,Laura Lawson,"Rutgers University, School of Environmental & Biological Sciences",openalex,A5034761590,Laura L. Lawson,0.832,1.0,1.0,0.214,0.049,16,125,3,"Rutgers, The State University of New Jersey",,pending,,,
344,Laura Lawson,"Rutgers University, School of Environmental & Biological Sciences",openalex,A5093032611,Laura J Lawson,0.7,1.0,0.0,1.0,0.117,1,300,1,,,pending,,,
344,Laura Lawson,"Rutgers University, School of Environmental & Biological Sciences",openalex,A5077738182,Laura Lawson Duval,0.6,1.0,0.0,1.0,0.029,6,75,4,,,pending,,,
348,Jenna Dublin-Boc,San Diego State University,openalex,A5092949360,Jenna L. Dublin-Boc,1.0,1.0,1.0,1.0,0.167,2,2,1,,,pending,,,
348,Jenna Dublin-Boc,San Diego State University,openalex,A5115732615,Jenna Dublin-Boc,0.84,1.0,1.0,0.6,0.0,2,0,0,,,pending,,,
349,Anna Joo Kim,San Diego State University,openalex,A5055528941,Anna Joo Kim,0.963,1.0,1.0,0.75,0.143,3,85,3,San Diego State University,,pending,,,
349,Anna Joo Kim,San Diego State University,openalex,A5077230652,Anna Joo Kim,0.95,1.0,1.0,1.0,0.084,11,50,3,San Diego State University,https://orcid.org/0000-0002-9306-2141,pending,,,
349,Anna Joo Kim,San Diego State University,openalex,A5075498743,Anna Joo Kim,0.6,1.0,0.0,1.0,0.008,1,5,1,,,pending,,,
349,Anna Joo Kim,San Diego State University,openalex,A5033514416,Anna Joo Kim,0.6,1.0,0.0,1.0,0.005,2,3,1,,,pending,,,
354,Gordon Douglas,San Jose State University,openalex,A5058862982,Gordon C. C. Douglas,0.937,1.0,1.0,0.912,2.068,105,1731,15,University Transportation Research Center,https://orcid.org/0000-0002-0256-6070,pending,,,
354,Gordon Douglas,San Jose State University,openalex,A5075441541,J. Douglas Gordon,0.8,1.0,0.5,1.0,0.082,23,69,4,,,pending,,,
354,Gordon Douglas,San Jose State University,openalex,A5027324129,Gordon R. Douglas,0.75,1.0,1.0,0.0,4.883,87,4087,29,San Jose State University,,rejected,audit_matches,2026-09-16,"rejected 2026-09-16: OpenAlex 4,087 citations against 928 from google_scholar (4.4x); probable namesake"
354,Gordon Douglas,San Jose State University,openalex,A5105501055,Gordon W. Douglas,0.659,1.0,0.0,0.727,0.969,44,811,15,,,pending,,,
354,Gordon Douglas,San Jose State University,openalex,A5110668492,Douglas Gordon,0.657,1.0,0.0,0.714,1.293,135,1082,11,Gauteng Department of Agriculture and Rural Development,,pending,,,
363,Clifford Atleo,Simon Fraser University,openalex,A5040940303,Clifford G Atleo,0.95,1.0,1.0,1.0,0.056,1,20,1,Simon Fraser University,,pending,,,
363,Clifford Atleo,Simon Fraser University,openalex,A5041286599,Clifford Gordon Atleo,0.943,1.0,1.0,0.619,0.44,16,157,6,Simon Fraser University,https://orcid.org/0000-0002-8951-5443,pending,,,
363,Clifford Atleo,Simon Fraser University,openalex,A5092114619,Clifford G. Atleo,0.57,1.0,0.0,0.8,0.02,2,7,1,,,pending,,,
372,David Lewis,State University of New York at Albany,openalex,A5020081385,David Lewis,0.821,1.0,1.0,0.473,56.05,777,28081,66,Trinity College Dublin,https://orcid.org/0000-0002-3503-4644,rejected,audit_matches,2026-09-16,"rejected 2026-09-16: OpenAlex 28,081 citations against 501 from pop (56.0x); probable namesake"
372,David Lewis,State University of New York at Albany,openalex,A5101719896,David A. Lewis,0.768,1.0,1.0,0.121,20.072,374,10056,54,Royal Brisbane and Women's Hospital,https://orcid.org/0000-0002-5534-8392,rejected,audit_matches,2026-09-16,"rejected 2026-09-16: OpenAlex 10,056 citations against 501 from pop (20.1x); probable namesake"
372,David Lewis,State University of New York at Albany,openalex,A5009434691,David Lewis,0.75,1.0,1.0,0.0,15.022,314,7526,43,Flinders University,https://orcid.org/0000-0003-1245-3683,rejected,audit_matches,2026-09-16,"rejected 2026-09-16: OpenAlex 7,526 citations against 501 from pop (15.0x); probable namesake"
372,David Lewis,State University of New York at Albany,openalex,A5101417889,David Lewis,0.65,1.0,0.0,1.0,2.293,50,1149,15,University of Exeter,https://orcid.org/0000-0002-8655-6178,pending,,,
372,David Lewis,State University of New York at Albany,openalex,A5016971671,David J. Lewis,0.6,1.0,0.0,1.0,12.902,284,6464,37,Oregon State University,https://orcid.org/0000-0002-2161-4189,rejected,audit_matches,2026-09-16,"rejected 2026-09-16: OpenAlex 6,464 citations against 501 from pop (12.9x); probable namesake"
373,Rui Li,State University of New York at Albany,openalex,A5100448482,Rui Li,0.823,1.0,1.0,0.486,6.134,486,8379,48,University of Science and Technology of China,https://orcid.org/0000-0002-4461-6507,rejected,audit_matches,2026-09-16,"rejected 2026-09-16: OpenAlex 8,379 citations against 1,457 from google_scholar (5.8x); probable namesake"
373,Rui Li,State University of New York at Albany,openalex,A5100448563,Rui Li,0.8,1.0,1.0,0.0,2.576,248,3519,32,California Institute of Technology,https://orcid.org/0000-0002-8877-8524,pending,,,
373,Rui Li,State University of New York at Albany,openalex,A5100448602,Rui Li,0.75,1.0,1.0,0.0,13.74,905,18769,69,Beijing Technology and Business University,https://orcid.org/0000-0003-1329-9817,rejected,audit_matches,2026-09-16,"rejected 2026-09-16: OpenAlex 18,769 citations against 1,457 from google_scholar (12.9x); probable namesake"
373,Rui Li,State University of New York at Albany,openalex,A5100758991,Rui Li,0.636,1.0,0.0,0.906,2.837,234,3875,32,Shihezi University,https://orcid.org/0000-0003-1097-6683,pending,,,
373,Rui Li,State University of New York at Albany,openalex,A5100758993,Rui Li,0.6,1.0,0.0,1.0,3.102,188,4238,38,Sun Yat-sen University,https://orcid.org/0000-0003-2101-3209,pending,,,
375,Jeffrey Doshna,Temple University,openalex,A5052260807,Jeffrey Peter Doshna,0.6,1.0,0.0,1.0,0.027,1,2,1,,,pending,,,
379,Ivis Garcia,Texas A&M University,openalex,A5012652473,Ivis García,1.0,1.0,1.0,1.0,0.497,108,732,16,Mitchell Institute,https://orcid.org/0000-0003-4184-2514,pending,,,
379,Ivis Garcia,Texas A&M University,openalex,A5091141937,Ivis Garcia Zambrana,0.95,1.0,1.0,1.0,0.031,10,46,4,Texas A&M University,,pending,,,
379,Ivis Garcia,Texas A&M University,openalex,A5038589018,Ivis García Zambrana,0.9,1.0,1.0,1.0,0.014,1,21,1,Texas A&M University,,pending,,,
379,Ivis Garcia,Texas A&M University,openalex,A5085915518,Ivis Garcia-Zambrana,0.65,1.0,0.0,1.0,0.036,3,53,2,University of Utah,,pending,,,
379,Ivis Garcia,Texas A&M University,openalex,A5028380083,Ivis GarcÍa Zambrana,0.6,1.0,0.0,1.0,0.0,1,0,0,,,pending,,,
380,Ivy Hu,Texas A&M University,openalex,A5028899129,Ivy Hu,0.51,1.0,0.0,0.4,0.001,2,2,1,Saint Agnes Medical Center,,pending,,,
381,Sungmin Lee,Texas A&M University,openalex,A5128912634,Sungmin Lee,0.9,1.0,1.0,1.0,0.009,1,7,1,Texas A&M University,,pending,,,
381,Sungmin Lee,Texas A&M University,openalex,A5106700972,Sungmin Lee,0.9,1.0,1.0,1.0,0.003,2,2,1,Mitchell Institute,,pending,,,
381,Sungmin Lee,Texas A&M University,openalex,A5100708046,Sungmin Lee,0.852,1.0,1.0,0.346,1.564,129,1245,19,Texas A&M University,https://orcid.org/0000-0002-4529-9769,pending,,,
381,Sungmin Lee,Texas A&M University,openalex,A5022835351,Sungmin Lee,0.825,1.0,1.0,0.5,0.001,4,1,1,Texas A&M University,,pending,,,
381,Sungmin Lee,Texas A&M University,openalex,A5041328042,Sungmin Lee,0.62,1.0,0.0,0.8,0.06,3,48,3,,,pending,,,
382,Chanam Lee,Texas A&M University,openalex,A5069840768,Chanam Lee,0.985,1.0,1.0,0.898,0.664,152,6978,39,Texas A&M University System,https://orcid.org/0000-0002-7849-3939,pending,,,
382,Chanam Lee,Texas A&M University,openalex,A5033599214,Chanam Lee,0.95,1.0,1.0,1.0,0.043,28,454,13,,,pending,,,
382,Chanam Lee,Texas A&M University,openalex,A5022812819,Chanam Lee,0.9,1.0,1.0,1.0,0.006,2,58,2,Texas A&M University,,pending,,,
382,Chanam Lee,Texas A&M University,openalex,A5126436565,Chanam Lee,0.9,1.0,1.0,1.0,0.0,1,0,0,Texas A&M University,,pending,,,
382,Chanam Lee,Texas A&M University,openalex,A5130394903,Chanam Lee,0.9,1.0,1.0,1.0,0.0,1,0,0,Texas A&M University,,pending,,,
384,Wei Li,Texas A&M University,openalex,A5100318166,Wei Li,0.794,1.0,1.0,0.294,9.053,821,17680,63,Yale University,https://orcid.org/0000-0002-3332-1287,rejected,audit_matches,2026-09-16,"rejected 2026-09-16: OpenAlex 17,680 citations against 2,173 from google_scholar (8.1x); probable namesake"
384,Wei Li,Texas A&M University,openalex,A5109869303,Wei Li,0.785,1.0,1.0,0.233,33.558,1399,65538,121,Fudan University,https://orcid.org/0000-0002-4641-620X,rejected,audit_matches,2026-09-16,"rejected 2026-09-16: OpenAlex 65,538 citations against 2,173 from google_scholar (30.2x); probable namesake"
384,Wei Li,Texas A&M University,openalex,A5100318024,Wei Li,0.75,1.0,1.0,0.0,10.738,563,20972,66,Chinese Academy of Sciences,https://orcid.org/0000-0001-7864-404X,rejected,audit_matches,2026-09-16,"rejected 2026-09-16: OpenAlex 20,972 citations against 2,173 from google_scholar (9.7x); probable namesake"
384,Wei Li,Texas A&M University,openalex,A5100318019,Wei Li,0.75,1.0,1.0,0.0,8.208,599,16030,59,Ministry of Education of the People's Republic of China,https://orcid.org/0000-0001-7801-3643,rejected,audit_matches,2026-09-16,"rejected 2026-09-16: OpenAlex 16,030 citations against 2,173 from google_scholar (7.4x); probable namesake"
384,Wei Li,Texas A&M University,openalex,A5100318158,Wei Li,0.75,1.0,1.0,0.0,8.182,882,15980,61,Tianjin University,https://orcid.org/0000-0001-6843-1980,rejected,audit_matches,2026-09-16,"rejected 2026-09-16: OpenAlex 15,980 citations against 2,173 from google_scholar (7.4x); probable namesake"
391,Yang Song,Texas A&M University,openalex,A5100424906,Yang Song,0.6,1.0,0.5,0.0,7.351,117,6998,42,Liaoning Technical University,https://orcid.org/0000-0003-0848-4831,rejected,audit_matches,2026-09-16,"rejected 2026-09-16: OpenAlex 6,998 citations against 1,210 from google_scholar (5.8x); probable namesake"
391,Yang Song,Texas A&M University,openalex,A5101930571,Yang Song,0.6,1.0,0.0,1.0,6.461,171,6151,45,Qilu University of Technology,https://orcid.org/0000-0002-6894-4580,rejected,audit_matches,2026-09-16,"rejected 2026-09-16: OpenAlex 6,151 citations against 1,210 from google_scholar (5.1x); probable namesake"
391,Yang Song,Texas A&M University,openalex,A5010532561,Yang Song,0.566,1.0,0.0,0.772,8.931,90,8502,31,Minzu University of China,https://orcid.org/0000-0002-4710-7978,rejected,audit_matches,2026-09-16,"rejected 2026-09-16: OpenAlex 8,502 citations against 1,210 from google_scholar (7.0x); probable namesake"
391,Yang Song,Texas A&M University,openalex,A5037430663,Yang Song,0.563,1.0,0.0,0.421,2.983,93,2840,25,Nanjing Xiaozhuang University,https://orcid.org/0000-0001-6787-0279,pending,,,
391,Yang Song,Texas A&M University,openalex,A5115604106,Yang Song,0.546,1.0,0.0,0.306,2.922,69,2782,24,,https://orcid.org/0009-0002-4380-2065,pending,,,
392,Shannon Van Zandt,Texas A&M University,openalex,A5006052564,Shannon Van Zandt,1.0,1.0,1.0,1.0,0.592,83,2829,25,Texas A&M University,https://orcid.org/0000-0003-1640-7799,pending,,,
392,Shannon Van Zandt,Texas A&M University,openalex,A5045546250,Shannon S. Van Zandt,0.95,1.0,1.0,1.0,0.037,15,177,4,,,pending,,,
392,Shannon Van Zandt,Texas A&M University,openalex,A5063587563,Van Zandt Shannon,0.424,0.609,0.0,1.0,0.0,1,0,0,,,pending,,,
393,Siyu Yu,Texas A&M University,openalex,A5100714673,Siyu Yu,0.978,1.0,1.0,0.854,0.871,52,813,17,Soochow University,https://orcid.org/0000-0002-6973-709X,pending,,,
393,Siyu Yu,Texas A&M University,openalex,A5137079775,Siyu Yu,0.9,1.0,1.0,1.0,0.0,1,0,0,Texas A&M University,https://orcid.org/0000-0002-6973-709X,pending,,,
393,Siyu Yu,Texas A&M University,openalex,A5100714669,Siyu Yu,0.889,1.0,1.0,0.259,0.544,51,508,11,Yangtze University,https://orcid.org/0000-0001-5525-2959,pending,,,
393,Siyu Yu,Texas A&M University,openalex,A5122349434,Siyu YU,0.875,1.0,1.0,0.833,0.002,2,2,1,Texas A&M University System,,pending,,,
393,Siyu Yu,Texas A&M University,openalex,A5100714671,Siyu Yu,0.685,1.0,0.0,0.897,0.548,39,511,9,University of Electronic Science and Technology of China,https://orcid.org/0000-0002-0517-4902,pending,,,
403,David Howell,The New School,openalex,A5002461086,David Howell,0.962,1.0,1.0,0.746,0.375,148,1472,17,,https://orcid.org/0000-0002-7875-1002,pending,,,
403,David Howell,The New School,openalex,A5050807378,David Howell,0.875,1.0,1.0,0.167,0.137,57,536,11,,,pending,,,
403,David Howell,The New School,openalex,A5030467226,David R. Howell,0.84,1.0,1.0,0.266,2.338,618,9172,49,Children's Hospital Colorado,https://orcid.org/0000-0002-2955-0191,pending,,,
403,David Howell,The New School,openalex,A5103372599,David L. Howell,0.7,1.0,0.0,1.0,0.171,116,670,14,,,pending,,,
403,David Howell,The New School,openalex,A5083549872,David W. Howell,0.686,1.0,0.0,0.904,0.103,69,406,12,,https://orcid.org/0000-0002-0250-649X,pending,,,
404,Bryna Sanger,The New School,openalex,A5005260414,Mary Bryna Sanger,0.919,0.869,1.0,0.85,0.383,25,450,8,Purdue University West Lafayette,,pending,,,
408,Christopher DeSousa,Toronto Metropolitan University,openalex,,,0,,,,,,,,,,none,matcher,2026-09-16,
409,Nemoy Lewis,Toronto Metropolitan University,openalex,A5140596687,Nemoy Lewis,0.6,1.0,0.0,1.0,0.0,1,0,0,Metropolitan University,,pending,,,
411,Sneha Mandhan,Toronto Metropolitan University,openalex,A5008877753,Sneha Mandhan,0.76,1.0,0.5,0.4,0.487,2,39,2,University of Toronto,,pending,,,
411,Sneha Mandhan,Toronto Metropolitan University,openalex,A5070903134,Sneha Mandhan,0.64,1.0,0.0,0.6,0.263,4,21,2,,,pending,,,
411,Sneha Mandhan,Toronto Metropolitan University,openalex,A5127658384,Sneha Mandhan,0.55,1.0,0.0,0.667,0.0,1,0,0,,,pending,,,
414,Victor Perez-Amado,Toronto Metropolitan University,openalex,A5106812179,Victor Perez-Amado,1.0,1.0,1.0,1.0,0.13,2,3,1,Toronto Metropolitan University,,pending,,,
414,Victor Perez-Amado,Toronto Metropolitan University,openalex,A5125128602,Victor Perez‐Amado,0.65,1.0,0.0,1.0,0.043,1,1,1,Metropolitan University,,pending,,,
414,Victor Perez-Amado,Toronto Metropolitan University,openalex,A5117516751,Victor Perez-Amado,0.62,1.0,0.0,0.8,0.087,2,2,1,,,pending,,,
414,Victor Perez-Amado,Toronto Metropolitan University,openalex,A5078722689,Victor Perez Amado,0.55,1.0,0.0,0.667,0.0,1,0,0,,,pending,,,
418,Christine Wen,Toronto Metropolitan University,openalex,A5037361738,Christine Wen,0.85,1.0,0.5,1.0,0.585,14,72,4,University of Calgary,https://orcid.org/0000-0002-4038-7153,pending,,,
418,Christine Wen,Toronto Metropolitan University,openalex,A5102950171,Christine Wen-Yi Liang,0.607,1.0,0.0,0.714,0.073,3,9,1,King University,https://orcid.org/0009-0002-3965-0601,pending,,,
418,Christine Wen,Toronto Metropolitan University,openalex,A5081544715,Christine Wen Leng Yau,0.591,1.0,0.0,0.273,0.911,11,112,5,,,pending,,,
418,Christine Wen,Toronto Metropolitan University,openalex,A5068258585,Christine Wen Chan,0.56,1.0,0.0,0.4,0.073,3,9,1,,,pending,,,
418,Christine Wen,Toronto Metropolitan University,openalex,A5055856196,Christine Wen Yu,0.55,1.0,0.0,0.0,1.26,4,155,3,BC Cancer Agency,,pending,,,
421,Mary Davis,Tufts University,openalex,A5114251093,Mary E. Davis,0.946,1.0,1.0,0.641,0.442,82,686,16,,,pending,,,
421,Mary Davis,Tufts University,openalex,A5103531940,Mary V. Davis,0.85,1.0,0.5,1.0,0.518,68,804,17,Emory Healthcare,https://orcid.org/0000-0002-7616-3856,pending,,,
421,Mary Davis,Tufts University,openalex,A5011623992,Mary E. Davis,0.82,1.0,1.0,0.135,2.433,181,3779,29,Memorial Sloan Kettering Cancer Center,https://orcid.org/0000-0003-3771-8289,pending,,,
421,Mary Davis,Tufts University,openalex,A5043269088,Mary J. Davis,0.811,1.0,0.5,0.741,0.358,63,556,7,Pathwest Laboratory Medicine,,pending,,,
421,Mary Davis,Tufts University,openalex,A5065327053,Mary E. Davis,0.792,1.0,0.5,0.611,0.116,11,180,5,The Ohio State University,https://orcid.org/0000-0001-6268-1209,pending,,,
428,Fallon Samuels Aidoo,Tulane University,openalex,A5020105451,Fallon Samuels Aidoo,0.925,1.0,1.0,0.833,0.062,5,2,1,Tulane University,,pending,,,
428,Fallon Samuels Aidoo,Tulane University,openalex,A5108176884,Fallon Samuels Aidoo,0.6,1.0,0.0,1.0,0.0,1,0,0,,,pending,,,
429,Aarthi Janakiraman,Tulane University,openalex,A5122399082,Aarthi Janakiraman,0.8,1.0,1.0,0.333,0.0,1,0,0,Tulane University,,pending,,,
429,Aarthi Janakiraman,Tulane University,openalex,A5021456838,Aarthi Janakiraman,0.61,1.0,0.0,0.4,0.628,3,81,1,Massachusetts Institute of Technology,https://orcid.org/0000-0002-5774-4225,pending,,,
429,Aarthi Janakiraman,Tulane University,openalex,A5117103770,Aarthi Janakiraman,0.45,1.0,0.0,0.0,0.0,1,0,0,,,pending,,,
435,Teresa Caldeira,UC Berkeley,openalex,A5011453865,Teresa Caldeira,1.0,1.0,1.0,1.0,0.312,67,5688,19,Hospital de São João,,pending,,,
435,Teresa Caldeira,UC Berkeley,openalex,A5077305910,Teresa Pires do Rio Caldeira,0.933,1.0,1.0,0.889,0.052,10,954,5,Berkeley College,https://orcid.org/0000-0002-7737-7522,pending,,,
435,Teresa Caldeira,UC Berkeley,openalex,A5114290226,Teresa Pires do Rio Caldeira,0.9,1.0,1.0,1.0,0.0,1,5,1,"University of California, Berkeley",,pending,,,
435,Teresa Caldeira,UC Berkeley,openalex,A5104996243,Teresa P. R. Caldeira,0.6,1.0,0.0,1.0,0.0,1,1,1,,,pending,,,
435,Teresa Caldeira,UC Berkeley,openalex,A5104996457,Teresa P. R. Caldeira,0.6,1.0,0.0,1.0,0.0,2,1,1,,,pending,,,
444,Elizabeth Macdonald,UC Berkeley,openalex,A5102909263,Elizabeth Macdonald,1.0,1.0,1.0,1.0,0.44,101,655,14,"University of California, Berkeley",https://orcid.org/0000-0003-2119-2382,pending,,,
444,Elizabeth Macdonald,UC Berkeley,openalex,A5101055648,Elizabeth Macdonald,0.885,1.0,1.0,0.9,0.005,6,7,1,"University of California, Berkeley",,pending,,,
444,Elizabeth Macdonald,UC Berkeley,openalex,A5007842788,Elizabeth MacDonald,0.825,1.0,1.0,0.167,0.078,22,116,6,Twitter (United States),,pending,,,
444,Elizabeth Macdonald,UC Berkeley,openalex,A5032022046,Elizabeth C. MacDonald,0.7,1.0,0.0,1.0,0.243,12,362,9,University of British Columbia,,pending,,,
444,Elizabeth Macdonald,UC Berkeley,openalex,A5046532067,Elizabeth Macdonald,0.671,1.0,0.0,0.81,0.508,57,756,15,Norwegian Institute of Public Health,https://orcid.org/0000-0002-1408-2073,pending,,,
446,Daniel Rodriguez,UC Berkeley,openalex,A5074468125,Daniel Rodríguez,0.8,1.0,1.0,0.0,0.047,113,998,18,Military University Nueva Granada,https://orcid.org/0000-0001-5985-1262,pending,,,
446,Daniel Rodriguez,UC Berkeley,openalex,A5034907247,Daniel Rodriguez-Segura,0.736,1.0,0.5,0.905,0.011,12,235,9,Virginia Department of Education,,pending,,,
446,Daniel Rodriguez,UC Berkeley,openalex,A5101925707,Daniel Rodríguez,0.672,1.0,0.5,0.149,0.045,51,956,12,University of Florida,https://orcid.org/0000-0002-5349-8290,pending,,,
446,Daniel Rodriguez,UC Berkeley,openalex,A5054241961,Daniel Rodríguez‐Agudo,0.672,1.0,0.5,0.15,0.052,62,1104,20,Virginia Commonwealth University,https://orcid.org/0000-0002-5521-6314,pending,,,
446,Daniel Rodriguez,UC Berkeley,openalex,A5033472437,Daniel Rodríguez,0.665,1.0,0.5,0.098,0.091,157,1939,25,Universidad de Alcalá,https://orcid.org/0000-0002-2887-0185,pending,,,
451,Hun Kim,UC Irvine,openalex,A5100752486,Hun Kim,0.75,1.0,1.0,0.0,20.938,98,3350,20,"University of California, Irvine",https://orcid.org/0000-0002-6296-9584,rejected,audit_matches,2026-09-16,"rejected 2026-09-16: OpenAlex 3,350 citations against 160 from pop (20.9x); probable namesake"
451,Hun Kim,UC Irvine,openalex,A5110645519,Jae Hun Kim,0.653,0.784,1.0,0.0,28.931,217,4629,32,Kyungpook National University,,rejected,audit_matches,2026-09-16,"rejected 2026-09-16: OpenAlex 4,629 citations against 160 from pop (28.9x); probable namesake"
451,Hun Kim,UC Irvine,openalex,A5052025293,Jong‐Hun Kim,0.538,0.92,0.0,0.824,26.6,296,4256,30,Agency for Defense Development,https://orcid.org/0000-0002-4974-5180,rejected,audit_matches,2026-09-16,"rejected 2026-09-16: OpenAlex 4,256 citations against 160 from pop (26.6x); probable namesake"
451,Hun Kim,UC Irvine,openalex,A5101527104,Jeong Hun Kim,0.516,0.92,0.0,0.682,29.663,139,4746,42,Yonsei University,https://orcid.org/0000-0002-5984-1571,rejected,audit_matches,2026-09-16,"rejected 2026-09-16: OpenAlex 4,746 citations against 160 from pop (29.7x); probable namesake"
451,Hun Kim,UC Irvine,openalex,A5100752484,Hun Kim,0.45,1.0,0.0,0.0,31.306,156,5009,35,Hanyang University,https://orcid.org/0000-0002-3789-914X,rejected,audit_matches,2026-09-16,"rejected 2026-09-16: OpenAlex 5,009 citations against 160 from pop (31.3x); probable namesake"
453,Eli Knaap,UC Irvine,openalex,A5038943885,eli knaap,0.45,1.0,0.0,0.0,0.015,38,1,1,UC Irvine Health,,pending,,,
455,William Lester,UC Irvine,openalex,A5068355127,T. William Lester,0.944,0.875,1.0,1.0,0.685,67,3178,21,"University of California, Irvine",https://orcid.org/0000-0003-2132-8665,pending,,,
455,William Lester,UC Irvine,openalex,A5037034635,William Stewart Lester,0.6,1.0,0.0,1.0,0.001,2,5,1,,,pending,,,
455,William Lester,UC Irvine,openalex,A5080805976,William F. Lester,0.6,1.0,0.0,1.0,0.0,4,2,1,,,pending,,,
455,William Lester,UC Irvine,openalex,A5083832129,William L. Lester,0.6,1.0,0.0,1.0,0.0,2,1,1,,,pending,,,
455,William Lester,UC Irvine,openalex,A5059349300,William Lester. Percifield,0.6,1.0,0.0,1.0,0.0,1,0,0,,,pending,,,
457,Richard Matthew,UC Irvine,openalex,A5000100837,Richard A. Matthew,0.982,1.0,1.0,0.877,0.527,157,4412,32,"University of California, Irvine",https://orcid.org/0000-0003-1514-8713,pending,,,
457,Richard Matthew,UC Irvine,openalex,A5060058822,Richard Matthew,0.885,1.0,1.0,0.9,0.002,10,17,2,,,pending,,,
457,Richard Matthew,UC Irvine,openalex,A5097564375,Richard Matthew,0.6,1.0,0.0,1.0,0.002,1,19,1,,,pending,,,
457,Richard Matthew,UC Irvine,openalex,A5110941176,Richard A Matthew,0.589,1.0,0.0,0.929,0.015,7,124,3,UC Irvine Health,,pending,,,
457,Richard Matthew,UC Irvine,openalex,A5054730731,Richard Matthew Pollard,0.581,1.0,0.0,0.875,0.011,36,91,4,Université du Québec à Montréal,,pending,,,
458,Michael Mendez,UC Irvine,openalex,A5110819827,Michael Méndez,0.95,1.0,1.0,1.0,0.042,14,88,2,"University of California, Irvine",,pending,,,
458,Michael Mendez,UC Irvine,openalex,A5024675811,Michael Méndez,0.925,1.0,1.0,0.5,0.844,40,1768,12,"University of California, Irvine",https://orcid.org/0000-0002-0660-9410,pending,,,
458,Michael Mendez,UC Irvine,openalex,A5015679157,Michael Méndez-Rivera,0.682,1.0,0.0,0.88,0.166,16,348,7,Universidad de Costa Rica,https://orcid.org/0000-0001-5354-9046,pending,,,
458,Michael Mendez,UC Irvine,openalex,A5100467800,Michael Mendez,0.6,1.0,0.0,1.0,0.0,1,0,0,,,pending,,,
458,Michael Mendez,UC Irvine,openalex,A5140903333,Michael Méndez,0.6,1.0,0.0,1.0,0.0,1,0,0,Urban Institute,,pending,,,
467,Deepti Chatti,UC San Diego,openalex,A5079666837,Deepti Chatti,0.85,1.0,0.5,1.0,0.742,21,144,4,,,pending,,,
469,Lawrence Frank,UC San Diego,openalex,A5029816714,Lawrence D. Frank,0.984,1.0,1.0,0.896,0.65,283,38437,91,University of California San Diego,https://orcid.org/0000-0001-7892-8771,pending,,,
469,Lawrence Frank,UC San Diego,openalex,A5090363793,Lawrence R. Frank,0.85,1.0,1.0,0.0,0.284,225,16781,60,University of San Diego,https://orcid.org/0000-0001-7235-587X,pending,,,
469,Lawrence Frank,UC San Diego,openalex,A5123614612,Lawrence R. Frank,0.75,1.0,1.0,0.0,0.0,9,3,1,University of California San Diego,,pending,,,
469,Lawrence Frank,UC San Diego,openalex,A5050370041,Lawrence Frank,0.718,1.0,0.5,0.789,0.017,11,995,4,,,pending,,,
469,Lawrence Frank,UC San Diego,openalex,A5075483177,Frank Lawrence,0.632,1.0,0.0,0.881,0.065,81,3827,31,Michigan State University,https://orcid.org/0000-0001-5942-7082,pending,,,
470,Guadalupe Garcia,UC San Diego,openalex,A5018974631,Guadalupe García–Tsao,0.75,1.0,1.0,0.0,829.857,490,52281,103,VA Connecticut Healthcare System,https://orcid.org/0000-0002-6175-8216,rejected,audit_matches,2026-09-16,"rejected 2026-09-16: OpenAlex 52,281 citations against 63 from pop (829.9x); probable namesake"
470,Guadalupe Garcia,UC San Diego,openalex,A5101562910,Guadalupe García,0.712,1.0,0.5,0.744,5.095,110,321,8,Universidade de Santiago de Compostela,https://orcid.org/0000-0002-3529-7655,rejected,audit_matches,2026-09-16,rejected 2026-09-16: OpenAlex 321 citations against 63 from pop (5.1x); probable namesake
470,Guadalupe Garcia,UC San Diego,openalex,A5039969369,Guadalupe Manzano García,0.554,1.0,0.0,0.691,36.127,108,2276,23,Universidad de La Rioja,https://orcid.org/0000-0003-4546-0513,rejected,audit_matches,2026-09-16,"rejected 2026-09-16: OpenAlex 2,276 citations against 63 from pop (36.1x); probable namesake"
470,Guadalupe Garcia,UC San Diego,openalex,A5040065162,Guadalupe Garcia,0.55,1.0,0.0,0.0,0.921,31,58,3,,https://orcid.org/0009-0002-3073-7495,pending,,,
470,Guadalupe Garcia,UC San Diego,openalex,A5088254403,Guadalupe Garcia,0.55,1.0,0.0,0.0,0.857,48,54,4,Dana-Farber Cancer Institute,https://orcid.org/0000-0002-8673-2303,pending,,,
479,Feiyang Sun,UC San Diego,openalex,A5100546700,Feiyang Sun,0.905,1.0,1.0,0.364,0.203,22,121,4,Qingdao University of Science and Technology,,pending,,,
479,Feiyang Sun,UC San Diego,openalex,A5145954767,Feiyang Sun,0.825,1.0,1.0,0.5,0.0,1,0,0,University of Washington,,pending,,,
479,Feiyang Sun,UC San Diego,openalex,A5024860149,Feiyang Sun,0.805,1.0,0.5,0.7,0.773,12,461,8,University of Washington,https://orcid.org/0000-0002-1916-8773,pending,,,
479,Feiyang Sun,UC San Diego,openalex,A5061742737,Feiyang Sun,0.662,1.0,0.0,0.75,0.133,3,79,2,Jilin University,,pending,,,
479,Feiyang Sun,UC San Diego,openalex,A5140812536,Feiyang Sun,0.6,1.0,0.5,0.0,0.0,1,0,0,University of South China,,pending,,,
481,Teo Wickland,UC San Diego,openalex,A5013096816,Teo Wickland,0.64,1.0,0.0,0.6,0.25,3,1,1,Brown University,https://orcid.org/0000-0001-8351-9251,pending,,,
483,Evelyn Blumenberg,UCLA,openalex,A5080264291,Evelyn Blumenberg,1.0,1.0,1.0,1.0,0.565,163,3534,33,"University of California, Los Angeles",https://orcid.org/0000-0001-6767-2686,pending,,,
483,Evelyn Blumenberg,UCLA,openalex,A5137629448,Evelyn Blumenberg,0.9,1.0,1.0,1.0,0.0,6,0,0,"University of California, Los Angeles",https://orcid.org/0000-0001-6767-2686,pending,,,
483,Evelyn Blumenberg,UCLA,openalex,A5135492732,Evelyn A. Blumenberg,0.9,1.0,1.0,1.0,0.0,1,0,0,"University of California, Los Angeles",https://orcid.org/0000-0001-6767-2686,pending,,,
497,Paul Ong,UCLA,openalex,A5110737977,Paul Ong,1.0,1.0,1.0,1.0,0.206,125,1815,20,"University of California, Los Angeles",,pending,,,
497,Paul Ong,UCLA,openalex,A5075980835,Paul Ong,1.0,1.0,1.0,1.0,0.133,76,1174,11,World Health Organization - Pakistan,https://orcid.org/0000-0002-4358-6297,pending,,,
497,Paul Ong,UCLA,openalex,A5103184876,Paul M. Ong,1.0,1.0,1.0,1.0,0.174,95,1532,18,"University of California, Los Angeles",https://orcid.org/0000-0002-4953-9109,pending,,,
497,Paul Ong,UCLA,openalex,A5078332994,Paul Ong,0.921,1.0,1.0,0.81,0.049,33,433,6,,,pending,,,
497,Paul Ong,UCLA,openalex,A5081169713,Paul Ong,0.881,1.0,1.0,0.875,0.001,10,8,2,National Laboratory of the Rockies,,pending,,,
499,Kristen Schwarz,UCLA,openalex,A5150305920,Kristen Schwarz,0.55,1.0,0.0,0.667,0.0,1,0,0,,,pending,,,
500,Michael Storper,UCLA,openalex,A5029049026,Michael Storper,1.0,1.0,1.0,1.0,0.318,233,19370,61,"University of California, Los Angeles",https://orcid.org/0000-0002-8354-792X,pending,,,
500,Michael Storper,UCLA,openalex,A5108377123,Michael Storper,1.0,1.0,1.0,1.0,0.112,39,6828,17,"University of California, Los Angeles",,pending,,,
500,Michael Storper,UCLA,openalex,A5104991924,Michael Storper,0.9,1.0,1.0,1.0,0.004,3,271,2,,,pending,,,
500,Michael Storper,UCLA,openalex,A5127296837,Michael Storper,0.8,1.0,1.0,0.333,0.0,1,0,0,"University of California, Los Angeles",,pending,,,
500,Michael Storper,UCLA,openalex,A5097004501,Michael Storper,0.6,1.0,0.0,1.0,0.001,1,50,1,,,pending,,,
501,Brian Taylor,UCLA,openalex,A5075588005,Brian D. Taylor,0.991,1.0,1.0,0.942,0.71,412,6105,39,University of California System,https://orcid.org/0000-0002-1037-2751,pending,,,
501,Brian Taylor,UCLA,openalex,A5033610800,Brian Taylor,0.905,1.0,1.0,0.369,0.302,147,2596,23,The University of Texas MD Anderson Cancer Center,https://orcid.org/0000-0001-9745-1075,pending,,,
501,Brian Taylor,UCLA,openalex,A5102095993,Brian F. Taylor,0.868,1.0,1.0,0.118,0.167,85,1434,18,,,pending,,,
501,Brian Taylor,UCLA,openalex,A5015513311,Brian Taylor Slingsby,0.7,1.0,0.0,1.0,0.134,43,1154,16,,,pending,,,
501,Brian Taylor,UCLA,openalex,A5034724649,Brian J. Taylor,0.678,1.0,0.0,0.852,0.917,292,7884,44,Twitter (United States),https://orcid.org/0000-0002-3833-1986,pending,,,
505,Marques Vestal,UCLA,openalex,A5114641487,Marques Vestal,0.95,1.0,1.0,1.0,0.042,1,1,1,"University of California, Los Angeles",,pending,,,
505,Marques Vestal,UCLA,openalex,A5029592404,Marques A Vestal,0.7,1.0,0.0,1.0,0.458,1,11,1,,,pending,,,
505,Marques Vestal,UCLA,openalex,A5093767479,Marques Vestal,0.6,1.0,0.0,1.0,0.0,1,0,0,,,pending,,,
505,Marques Vestal,UCLA,openalex,A5020952587,Marques Augusta Vestal,0.6,1.0,0.0,1.0,0.0,1,0,0,,,pending,,,
507,Phil Berke,UNC,openalex,A5082676449,Phil Berke,0.75,1.0,0.5,1.0,0.006,5,101,4,North Carolina Department of Environmental Quality,,pending,,,
507,Phil Berke,UNC,openalex,A5034814078,Berke Phil,0.235,0.3,0.0,0.667,0.0,1,0,0,,,pending,,,
508,Matthew Bhagat-Conway,UNC,openalex,A5122400263,Matthew Bhagat-Conway,0.85,1.0,1.0,0.667,0.0,1,0,0,University of North Carolina at Chapel Hill,,pending,,,
508,Matthew Bhagat-Conway,UNC,openalex,A5123019724,Matthew Bhagat-Conway,0.525,1.0,0.0,0.5,0.0,1,0,0,,,pending,,,
509,Ashley Hernandez,UNC,openalex,A5029871720,Ashley Hernandez,0.9,1.0,1.0,1.0,0.0,5,0,0,University of North Carolina at Chapel Hill,https://orcid.org/0009-0004-1117-5620,pending,,,
509,Ashley Hernandez,UNC,openalex,A5112624240,Ashley Hernandez,0.7,1.0,0.0,1.0,0.448,22,174,6,Florida Cancer Specialists & Research Institute,https://orcid.org/0000-0001-6526-1699,pending,,,
509,Ashley Hernandez,UNC,openalex,A5112493744,Ashley Hernandez,0.679,1.0,0.0,0.857,0.175,4,68,2,,,pending,,,
509,Ashley Hernandez,UNC,openalex,A5085207082,Ashley Williams-Hernandez,0.61,1.0,0.0,0.4,0.106,2,41,1,University of New Mexico,,pending,,,
509,Ashley Hernandez,UNC,openalex,A5060782022,Ashley D. Hernandez,0.6,1.0,0.0,0.667,0.031,1,12,1,SIL Global,,pending,,,
516,Yan Song,UNC,openalex,A5077128086,Yan Song,1.0,1.0,1.0,1.0,0.577,225,10766,55,University of North Carolina at Chapel Hill,https://orcid.org/0000-0003-3165-1116,pending,,,
516,Yan Song,UNC,openalex,A5100639584,Yan Song,1.0,1.0,1.0,1.0,0.212,100,3949,36,Xidian University,https://orcid.org/0000-0002-0821-1203,pending,,,
516,Yan Song,UNC,openalex,A5103012789,Yan Song,0.871,1.0,1.0,0.139,0.107,87,1996,28,Nanjing Tech University,https://orcid.org/0000-0002-1284-5583,pending,,,
516,Yan Song,UNC,openalex,A5023780556,Yan Song,0.85,1.0,1.0,0.0,0.246,186,4599,33,University of North Carolina at Chapel Hill,https://orcid.org/0000-0003-0145-8585,pending,,,
516,Yan Song,UNC,openalex,A5100381758,Yan Song,0.85,1.0,1.0,0.0,0.177,219,3309,26,China University of Geosciences,https://orcid.org/0000-0002-5668-9068,pending,,,
519,Allie Thomas,UNC,openalex,A5074464195,Allie Thomas-Fannin,0.625,1.0,0.0,0.5,0.291,4,43,2,Good Samaritan Hospital,,pending,,,
519,Allie Thomas,UNC,openalex,A5074428072,Allie Thomas,0.61,1.0,0.0,0.4,0.108,4,16,1,Texas State University,https://orcid.org/0000-0002-6977-3306,pending,,,
519,Allie Thomas,UNC,openalex,A5055748015,Allie Thomas,0.6,1.0,0.0,1.0,0.0,2,0,0,,,pending,,,
519,Allie Thomas,UNC,openalex,A5047156712,Allie Thomas,0.586,1.0,0.0,0.571,0.061,16,9,2,Texas State University,https://orcid.org/0000-0002-8892-2493,pending,,,
519,Allie Thomas,UNC,openalex,A5126730044,Allie Thomas,0.5,1.0,0.0,0.333,0.0,1,0,0,,,pending,,,
525,Michel Guenet,Universite de Montreal,openalex,A5028096392,Michel Guenet,0.71,0.6,1.0,0.6,0.04,3,1,1,,,pending,,,
525,Michel Guenet,Universite de Montreal,openalex,A5112780261,Jean-Michel Guenet,0.32,0.6,0.0,0.0,0.04,2,1,1,,,pending,,,
525,Michel Guenet,Universite de Montreal,openalex,A5111754466,Jean Michel Guenet,0.28,0.6,0.0,0.067,34.56,25,864,17,Centre National de la Recherche Scientifique,,rejected,audit_matches,2026-09-16,rejected 2026-09-16: OpenAlex 864 citations against 25 from pop (34.6x); probable namesake
525,Michel Guenet,Universite de Montreal,openalex,A5078577632,Jean‐Michel Guenet,0.27,0.6,0.0,0.0,136.68,192,3417,30,Centre National de la Recherche Scientifique,https://orcid.org/0000-0002-3829-8303,rejected,audit_matches,2026-09-16,"rejected 2026-09-16: OpenAlex 3,417 citations against 25 from pop (136.7x); probable namesake"
532,Isabelle Thomas,Universite de Montreal,openalex,A5059719881,Isabelle Thomas,1.0,1.0,1.0,1.0,0.848,637,9094,55,UCLouvain,https://orcid.org/0000-0003-3386-2427,pending,,,
532,Isabelle Thomas,Universite de Montreal,openalex,A5000426887,Isabelle Thomas-Maret,0.9,1.0,1.0,1.0,0.002,7,17,2,,,pending,,,
532,Isabelle Thomas,Universite de Montreal,openalex,A5106591365,Isabelle Thomas,0.9,1.0,1.0,1.0,0.0,3,0,0,Université de Montréal,,pending,,,
532,Isabelle Thomas,Universite de Montreal,openalex,A5062675880,Isabelle Thomas-Fogiel,0.841,1.0,1.0,0.605,0.007,123,74,4,University of Ottawa,,pending,,,
532,Isabelle Thomas,Universite de Montreal,openalex,A5055122966,Isabelle Thomas,0.6,1.0,0.0,1.0,0.0,3,3,1,,,pending,,,
537,Jean Dubé,Universite Laval,openalex,A5068219276,Jean Dubé,1.0,1.0,1.0,1.0,1.324,229,3756,33,Territoires,https://orcid.org/0000-0003-3445-3449,pending,,,
537,Jean Dubé,Universite Laval,openalex,A5082852817,Jean‐Sébastien Dubé,0.932,1.0,1.0,0.547,0.204,87,579,13,,https://orcid.org/0000-0003-4409-5470,pending,,,
537,Jean Dubé,Universite Laval,openalex,A5100925769,Jean-Christophe Dubé,0.9,1.0,1.0,1.0,0.001,1,4,1,Université Laval,,pending,,,
537,Jean Dubé,Universite Laval,openalex,A5078491303,Jean Dubé,0.873,1.0,1.0,0.818,0.001,9,2,1,Université Laval,,pending,,,
537,Jean Dubé,Universite Laval,openalex,A5101865358,Jean Y. Dubé,0.85,1.0,1.0,0.0,0.691,88,1960,26,Université de Sherbrooke,https://orcid.org/0000-0003-1177-8013,pending,,,
543,Jean Morin,Universite Laval,openalex,A5058440390,Jean‐Frédéric Morin,0.96,1.0,1.0,0.735,0.672,274,3690,32,Université Laval,https://orcid.org/0000-0003-1053-5597,pending,,,
543,Jean Morin,Universite Laval,openalex,A5028996004,Jean Morin,0.85,1.0,1.0,0.0,0.322,146,1767,24,Centre Hospitalier Universitaire de Nantes,https://orcid.org/0000-0001-5121-1076,pending,,,
543,Jean Morin,Universite Laval,openalex,A5025383209,Jean‐François Morin,0.8,1.0,1.0,0.0,2.069,383,11360,51,Laboratoire des Matériaux Avancés,https://orcid.org/0000-0002-9259-9051,pending,,,
543,Jean Morin,Universite Laval,openalex,A5063513141,Jean‐Philippe Morin,0.7,1.0,0.0,1.0,0.159,25,873,17,,,pending,,,
543,Jean Morin,Universite Laval,openalex,A5109984724,Jean‐Paul Morin,0.624,1.0,0.0,0.495,0.26,116,1425,19,,,pending,,,
544,Francois Proulx,Universite Laval,openalex,A5102844859,François Proulx,0.924,1.0,1.0,0.828,1.8,67,2398,24,Bibliothèque et Archives nationales du Québec,https://orcid.org/0000-0002-9473-0834,pending,,,
544,Francois Proulx,Universite Laval,openalex,A5015907260,François Therriault‐Proulx,0.85,1.0,1.0,0.0,0.7,79,933,17,Medscape,https://orcid.org/0000-0001-6031-4018,pending,,,
544,Francois Proulx,Universite Laval,openalex,A5099372847,Francois Proulx,0.6,1.0,0.0,1.0,0.0,1,0,0,,,pending,,,
544,Francois Proulx,Universite Laval,openalex,A5099375825,Francois Proulx,0.57,1.0,0.0,0.8,0.0,6,0,0,,,pending,,,
544,Francois Proulx,Universite Laval,openalex,A5099367183,Francois Proulx,0.55,1.0,0.0,0.667,0.0,1,0,0,,,pending,,,
545,Manuel Rodriguez,Universite Laval,openalex,A5064285122,José Manuel Rodríguez Caballero,0.784,0.682,1.0,0.514,0.274,68,3166,14,Universidad de Las Palmas de Gran Canaria,https://orcid.org/0000-0002-3100-1722,pending,,,
545,Manuel Rodriguez,Universite Laval,openalex,A5100646631,Manuel Rodríguez,0.688,1.0,0.0,0.92,0.191,375,2206,22,EIA University,https://orcid.org/0000-0002-9480-213X,pending,,,
545,Manuel Rodriguez,Universite Laval,openalex,A5100702006,Manuel Rodríguez Pastor,0.63,1.0,0.0,0.867,0.089,47,1033,14,University of Alicante,https://orcid.org/0000-0002-4952-2315,pending,,,
545,Manuel Rodriguez,Universite Laval,openalex,A5042180520,Manuel Gomez-Rodriguez,0.614,1.0,0.0,0.424,0.725,181,8381,39,Max Planck Institute for Software Systems,https://orcid.org/0000-0003-3930-1161,pending,,,
545,Manuel Rodriguez,Universite Laval,openalex,A5078581080,Joan Manuel Rodríguez-Díaz,0.61,0.8,0.0,1.0,0.217,137,2512,27,Universidad Estatal Amazónica,https://orcid.org/0000-0002-3791-8849,pending,,,
546,Owen Waygood,Universite Laval,openalex,A5013070159,E. Owen D. Waygood,0.986,1.0,1.0,0.905,0.706,166,2692,31,Polytechnique Montréal,https://orcid.org/0000-0002-7848-3191,pending,,,
546,Owen Waygood,Universite Laval,openalex,A5113967102,Owen Waygood,0.862,1.0,1.0,0.744,0.029,42,111,6,Polytechnique Montréal,https://orcid.org/0000-0002-7848-3191,pending,,,
546,Owen Waygood,Universite Laval,openalex,A5136352209,Owen Waygood,0.577,1.0,0.0,0.846,0.0,7,0,0,,,pending,,,
546,Owen Waygood,Universite Laval,openalex,A5134018016,E. Owen Waygood,0.547,0.883,0.0,1.0,0.0,2,0,0,Polytechnique Montréal,https://orcid.org/0000-0002-7848-3191,pending,,,
546,Owen Waygood,Universite Laval,openalex,A5134676173,E. Owen D. Waygood,0.494,0.764,0.0,1.0,0.0,1,0,0,Polytechnique Montréal,https://orcid.org/0000-0002-7848-3191,pending,,,
548,Alissa Ujie Diamond,"University at Buffalo, The State University of New York",openalex,A5036525328,Alissa Ujie Diamond,1.0,1.0,1.0,1.0,0.857,4,12,2,,https://orcid.org/0000-0002-7960-5189,pending,,,
548,Alissa Ujie Diamond,"University at Buffalo, The State University of New York",openalex,A5114456928,Alissa Ujie Diamond,1.0,1.0,1.0,1.0,0.214,1,3,1,"University at Buffalo, State University of New York",,pending,,,
548,Alissa Ujie Diamond,"University at Buffalo, The State University of New York",openalex,A5115430315,Alissa Ujie Diamond,0.65,1.0,0.0,1.0,2.286,1,32,1,,,pending,,,
553,Lucie Laurian,"University at Buffalo, The State University of New York",openalex,A5043525503,Lucie Laurian,1.0,1.0,1.0,1.0,0.556,63,1862,19,Buffalo State University,https://orcid.org/0000-0001-5765-541X,pending,,,
553,Lucie Laurian,"University at Buffalo, The State University of New York",openalex,A5135876537,Lucie Laurian,0.9,1.0,1.0,1.0,0.002,7,6,1,"University at Buffalo, State University of New York",,pending,,,
556,JiYoung Park,"University at Buffalo, The State University of New York",openalex,A5100409598,Jiyoung Park,0.981,1.0,1.0,0.875,0.893,166,1749,23,Seoul National University,https://orcid.org/0000-0002-7579-5034,pending,,,
556,JiYoung Park,"University at Buffalo, The State University of New York",openalex,A5100409607,Jiyoung Park,0.891,1.0,1.0,0.606,1.636,154,3205,26,Duksung Women's University,https://orcid.org/0000-0003-4397-9645,pending,,,
556,JiYoung Park,"University at Buffalo, The State University of New York",openalex,A5100409599,Jiyoung Park,0.85,1.0,1.0,0.0,0.837,72,1639,18,Soongsil University,https://orcid.org/0000-0002-8132-3834,pending,,,
556,JiYoung Park,"University at Buffalo, The State University of New York",openalex,A5100409602,Jiyoung Park,0.672,1.0,0.0,0.815,0.748,260,1465,21,Inje University,https://orcid.org/0000-0003-1374-9187,pending,,,
556,JiYoung Park,"University at Buffalo, The State University of New York",openalex,A5005359699,Jiyoung Park,0.65,1.0,0.0,1.0,0.081,14,159,7,,https://orcid.org/0000-0002-0249-5129,pending,,,
562,Li Yin,"University at Buffalo, The State University of New York",openalex,A5100672017,Li Yin,1.0,1.0,1.0,1.0,0.689,125,2952,25,Southwest University,https://orcid.org/0000-0003-1951-1487,pending,,,
562,Li Yin,"University at Buffalo, The State University of New York",openalex,A5100759456,Li Yin,0.961,1.0,1.0,0.741,0.552,197,2365,24,Nantong University,https://orcid.org/0000-0001-6769-7947,pending,,,
562,Li Yin,"University at Buffalo, The State University of New York",openalex,A5058610487,Li Yin,0.868,1.0,1.0,0.123,0.778,218,3333,28,Weifang Maternity and Child Care Hospital,https://orcid.org/0000-0001-5720-5267,pending,,,
562,Li Yin,"University at Buffalo, The State University of New York",openalex,A5053763458,Li‐Yin Chien,0.667,1.0,0.0,0.779,1.241,208,5312,40,National Yang Ming Chiao Tung University,https://orcid.org/0000-0002-4210-2975,pending,,,
562,Li Yin,"University at Buffalo, The State University of New York",openalex,A5100620243,Li Yin,0.605,1.0,0.0,0.364,0.648,31,2774,6,State Ethnic Affairs Commission,,pending,,,
564,Paul Boniface Akaabre,University of Alberta,openalex,A5116549640,Paul Boniface Akaabre,0.95,1.0,1.0,1.0,0.06,4,6,1,University of Alberta,,pending,,,
564,Paul Boniface Akaabre,University of Alberta,openalex,A5075257972,Paul Boniface Akaabre,0.942,1.0,1.0,0.615,0.57,9,57,5,University of Alberta,,pending,,,
564,Paul Boniface Akaabre,University of Alberta,openalex,A5118136701,Paul Boniface Akaabre,0.6,1.0,0.0,1.0,0.0,1,0,0,,,pending,,,
567,Jeff Birchall,University of Alberta,openalex,A5013138501,S. Jeff Birchall,1.0,1.0,1.0,1.0,0.592,75,1048,19,University of Alberta,https://orcid.org/0000-0002-4508-6720,pending,,,
567,Jeff Birchall,University of Alberta,openalex,A5041043221,Jeff Birchall,0.929,1.0,1.0,0.857,0.036,3,63,2,University of Alberta,,pending,,,
567,Jeff Birchall,University of Alberta,openalex,A5130904400,S. Jeff Birchall,0.857,0.904,1.0,1.0,0.001,1,1,1,University of Alberta,,pending,,,
567,Jeff Birchall,University of Alberta,openalex,A5121004778,S. Jeff Birchall,0.857,0.904,1.0,1.0,0.0,1,0,0,University of Alberta,,pending,,,
567,Jeff Birchall,University of Alberta,openalex,A5028998983,JEFF BIRCHALL,0.7,1.0,0.0,1.0,0.121,2,215,2,,,pending,,,
569,Josh Evans,University of Alberta,openalex,A5009620463,Josh Evans,0.83,1.0,1.0,0.2,0.046,13,102,4,University of Alberta,,pending,,,
569,Josh Evans,University of Alberta,openalex,A5048062036,Josh Evans,0.825,1.0,0.5,0.833,0.119,5,263,3,Aston University,https://orcid.org/0009-0004-1722-813X,pending,,,
569,Josh Evans,University of Alberta,openalex,A5078254014,Josh D. Evans,0.6,1.0,0.0,1.0,0.023,1,52,1,Athabasca University,,pending,,,
569,Josh Evans,University of Alberta,openalex,A5039395116,Josh Evans,0.593,1.0,0.0,0.286,0.111,5,246,5,University of Copenhagen,,pending,,,
569,Josh Evans,University of Alberta,openalex,A5110236821,Josh Evans,0.55,1.0,0.0,0.667,0.019,1,41,1,The Royal Free Hospital,,pending,,,
572,Tara McGee,University of Alberta,openalex,A5069035042,Tara K. McGee,0.975,1.0,1.0,0.834,0.625,101,2619,30,University of Alberta,https://orcid.org/0000-0003-2234-8879,pending,,,
572,Tara McGee,University of Alberta,openalex,A5069888854,Tara Renae McGee,0.949,1.0,1.0,0.659,0.414,131,1737,20,Australian Institute of Criminology,https://orcid.org/0000-0003-1385-1931,pending,,,
572,Tara McGee,University of Alberta,openalex,A5128821750,Tara McGee,0.857,1.0,1.0,0.714,0.0,4,0,0,Griffith University,,pending,,,
572,Tara McGee,University of Alberta,openalex,A5109002786,Tara Kathleen McGee,0.6,1.0,0.0,1.0,0.001,1,4,1,,,pending,,,
572,Tara McGee,University of Alberta,openalex,A5139333029,Tara R. McGee,0.55,1.0,0.0,0.667,0.0,1,0,0,Griffith University,,pending,,,
574,Robert Summers,University of Alberta,openalex,A5017496956,Robert Summers,0.9,1.0,1.0,1.0,5.783,69,5725,24,University of Alberta,https://orcid.org/0000-0002-7511-2352,rejected,audit_matches,2026-09-16,"rejected 2026-09-16: OpenAlex 5,725 citations against 1,081 from google_scholar (5.3x); probable namesake"
574,Robert Summers,University of Alberta,openalex,A5029960592,Robert S. Summers,0.8,1.0,0.5,1.0,2.329,152,2306,18,,,pending,,,
574,Robert Summers,University of Alberta,openalex,A5104070568,Robert S. Summers,0.752,1.0,0.5,0.346,0.515,30,510,9,Sefako Makgatho Health Sciences University,https://orcid.org/0000-0002-8390-5328,pending,,,
574,Robert Summers,University of Alberta,openalex,A5044378029,Robert M. Summers,0.7,1.0,0.0,1.0,1.23,10,1218,5,,https://orcid.org/0000-0002-1057-2366,pending,,,
574,Robert Summers,University of Alberta,openalex,A5057925236,Robert J. Summers,0.7,1.0,0.5,0.0,0.872,77,863,17,University of Derby,https://orcid.org/0000-0003-4857-7354,pending,,,
575,Kristof Assche,University of Alberta,openalex,A5085787037,Kristof Van Assche,1.0,1.0,1.0,1.0,0.528,371,4675,37,University of Alberta,https://orcid.org/0000-0003-1745-0043,pending,,,
575,Kristof Assche,University of Alberta,openalex,A5120149817,Kristof Van Assche,0.9,1.0,1.0,1.0,0.0,1,0,0,University of Bonn,,pending,,,
575,Kristof Assche,University of Alberta,openalex,A5128334584,Kristof Van Assche,0.88,1.0,1.0,0.867,0.0,11,1,1,University of Alberta,,pending,,,
575,Kristof Assche,University of Alberta,openalex,A5135235917,Kristof Van Assche,0.85,1.0,1.0,0.667,0.0,1,3,1,University of Alberta,,pending,,,
575,Kristof Assche,University of Alberta,openalex,A5059457745,Kristof Van Assche,0.683,1.0,0.0,0.885,0.11,76,973,18,University of Antwerp,https://orcid.org/0000-0002-8368-1993,pending,,,
579,Aaron Flores,University of Arizona,openalex,A5036410753,Aaron B. Flores,0.85,1.0,0.5,1.0,0.901,30,832,14,Arizona State University,https://orcid.org/0000-0003-0933-1386,pending,,,
579,Aaron Flores,University of Arizona,openalex,A5011129537,Aaron M. Flores,0.6,1.0,0.0,1.0,0.002,1,2,1,San Jose State University,,pending,,,
579,Aaron Flores,University of Arizona,openalex,A5136340999,Aaron Flores,0.6,1.0,0.0,1.0,0.0,1,0,0,,,pending,,,
579,Aaron Flores,University of Arizona,openalex,A5079114525,Aarón Flores,0.6,1.0,0.0,1.0,0.0,1,0,0,,,pending,,,
579,Aaron Flores,University of Arizona,openalex,A5103595651,Aaron E. Flores,0.575,1.0,0.0,0.167,0.151,3,139,1,Stanford University,,pending,,,
582,Shujuan Li,University of Arizona,openalex,A5100631612,Shujuan Li,0.982,1.0,1.0,0.88,0.986,82,914,16,South China Agricultural University,https://orcid.org/0000-0001-8877-9394,pending,,,
582,Shujuan Li,University of Arizona,openalex,A5100631615,Shujuan Li,0.961,1.0,1.0,0.738,1.406,170,1303,22,University of Arizona,https://orcid.org/0000-0002-0494-870X,pending,,,
582,Shujuan Li,University of Arizona,openalex,A5089786199,Shujuan Li,0.586,1.0,0.0,0.571,0.095,4,88,2,China Meteorological Administration,https://orcid.org/0000-0002-1276-0555,pending,,,
582,Shujuan Li,University of Arizona,openalex,A5144367830,Shujuan Li,0.575,1.0,0.0,0.833,0.014,2,13,1,Hubei University of Arts and Science,https://orcid.org/0009-0004-5581-7752,pending,,,
582,Shujuan Li,University of Arizona,openalex,A5100631618,Shujuan Li,0.574,1.0,0.0,0.16,1.004,80,931,16,Nanjing Medical University,https://orcid.org/0000-0003-0784-8592,pending,,,
583,Lauri Macmillan,University of Arizona,openalex,A5026465352,Lauri Macmillan Johnson,0.65,1.0,0.0,0.667,0.204,5,10,2,,,pending,,,
583,Lauri Macmillan,University of Arizona,openalex,A5099719389,Lauri Macmillan Johnson,0.54,1.0,0.0,0.6,0.0,5,0,0,,,pending,,,
586,Jessica Barudin,University of British Columbia,openalex,A5074989743,Jessica Barudin,0.925,1.0,1.0,0.5,0.255,5,13,2,Berkeley College,,pending,,,
587,Andi Binet,University of British Columbia,openalex,A5123644279,Andi Binet,0.9,1.0,1.0,1.0,0.002,2,1,1,University of British Columbia,,pending,,,
595,Kuni Kamizaki,University of British Columbia,openalex,A5057973739,Kuni Kamizaki,0.675,1.0,0.0,0.833,0.395,5,17,3,,,pending,,,
596,Theo Lim,University of British Columbia,openalex,A5115057905,Theo Lim,0.6,1.0,0.0,1.0,0.0,1,0,0,Crescent University,,pending,,,
596,Theo Lim,University of British Columbia,openalex,A5083399767,Theo Lim,0.525,1.0,0.0,0.5,0.012,2,10,1,,,pending,,,
596,Theo Lim,University of British Columbia,openalex,A5062107373,Theo Paolo A. Lim,0.45,1.0,0.0,0.0,0.001,1,1,1,,,pending,,,
596,Theo Lim,University of British Columbia,openalex,A5081807736,Lim Theo,0.444,0.653,0.0,1.0,0.001,1,1,1,,,pending,,,
616,Vikas Mehta,University of Cincinnati,openalex,A5021295764,Vikas Mehta,1.0,1.0,1.0,1.0,0.484,74,2510,15,Montefiore Medical Center,https://orcid.org/0000-0002-0220-3149,pending,,,
616,Vikas Mehta,University of Cincinnati,openalex,A5114025101,Vikas Mehta,0.882,1.0,1.0,0.882,0.007,17,36,3,System Planning Corporation (United States),,pending,,,
616,Vikas Mehta,University of Cincinnati,openalex,A5025676060,Vikas Mehta,0.87,1.0,1.0,0.131,0.664,177,3446,28,Northwestern University,https://orcid.org/0000-0002-0907-2102,pending,,,
616,Vikas Mehta,University of Cincinnati,openalex,A5092785614,Vikas Mehta,0.6,1.0,0.0,1.0,0.0,1,2,1,,,pending,,,
616,Vikas Mehta,University of Cincinnati,openalex,A5099588342,Vikas Mehta,0.6,1.0,0.0,1.0,0.0,2,0,0,,,pending,,,
621,Nan Ellin,"University of Colorado, Denver",openalex,A5041002227,Nan Ellin,0.7,1.0,0.0,1.0,0.136,38,459,9,,,pending,,,
627,Greg Dobler,University of Delaware,openalex,A5010069502,Greg Dobler,0.6,1.0,0.0,1.0,0.0,1,0,0,,,pending,,,
627,Greg Dobler,University of Delaware,openalex,A5008028465,Greg Dobler,0.5,1.0,0.0,0.333,0.002,1,13,1,CFA Institute,,pending,,,
627,Greg Dobler,University of Delaware,openalex,A5075222770,Greg Dobler,0.45,1.0,0.0,0.0,0.0,1,2,1,,,pending,,,
633,Kathryn Frank,University of Florida,openalex,A5011556077,Kathryn I. Frank,0.983,1.0,1.0,0.886,0.929,44,870,11,University of Florida,https://orcid.org/0000-0001-9555-103X,pending,,,
633,Kathryn Frank,University of Florida,openalex,A5086101817,Kathryn M. Frank,0.85,1.0,1.0,0.667,0.014,11,13,2,,https://orcid.org/0000-0003-1742-315X,pending,,,
634,Cleary Larkin,University of Florida,openalex,A5092771240,Cleary Larkin,0.78,1.0,1.0,0.2,0.0,4,0,0,,https://orcid.org/0000-0002-8152-7220,pending,,,
636,Zhong-Ren Peng,University of Florida,openalex,A5069439577,Zhong‐Ren Peng,0.968,1.0,1.0,0.787,0.721,313,9549,53,Ajman University,https://orcid.org/0000-0003-3648-6770,pending,,,
636,Zhong-Ren Peng,University of Florida,openalex,A5113524330,Zhong-Ren Peng,0.85,1.0,1.0,0.667,0.007,2,96,2,University of Florida,,pending,,,
636,Zhong-Ren Peng,University of Florida,openalex,A5108208189,Zhong-Ren Peng,0.85,1.0,1.0,0.667,0.006,1,75,1,Shanghai Jiao Tong University,,pending,,,
636,Zhong-Ren Peng,University of Florida,openalex,A5140932550,Zhong-Ren Peng,0.85,1.0,1.0,0.667,0.0,1,0,0,Ajman University,,pending,,,
636,Zhong-Ren Peng,University of Florida,openalex,A5039347448,Zhong-ren Peng,0.78,1.0,1.0,0.2,0.0,2,0,0,,,pending,,,
637,Ruth Steiner,University of Florida,openalex,A5022609719,Ruth Steiner,0.968,1.0,1.0,0.785,0.439,156,1082,17,University of Florida,https://orcid.org/0000-0001-7276-3742,pending,,,
637,Ruth Steiner,University of Florida,openalex,A5078396297,Ruth Steiner,0.9,1.0,1.0,1.0,0.001,4,2,1,University of Florida,,pending,,,
637,Ruth Steiner,University of Florida,openalex,A5110794040,Ruth Steiner,0.868,1.0,1.0,0.789,0.015,15,36,3,University of Florida,,pending,,,
637,Ruth Steiner,University of Florida,openalex,A5016800254,Ruth E. Fleury‐Steiner,0.7,1.0,0.0,1.0,0.361,43,890,14,University of Delaware,https://orcid.org/0000-0003-4493-5951,pending,,,
637,Ruth Steiner,University of Florida,openalex,A5096878458,Ruth L. Steiner,0.6,1.0,0.0,1.0,0.0,1,1,1,,,pending,,,
640,Yan Wang,University of Florida,openalex,A5100322555,Yan Wang,0.852,1.0,1.0,0.68,7.504,511,16050,66,Shenyang Pharmaceutical University,https://orcid.org/0000-0001-9417-0550,rejected,audit_matches,2026-09-16,"rejected 2026-09-16: OpenAlex 16,050 citations against 2,416 from google_scholar (6.6x); probable namesake"
640,Yan Wang,University of Florida,openalex,A5100322630,Yan Wang,0.847,1.0,1.0,0.644,9.32,697,19935,71,University of Electronic Science and Technology of China,https://orcid.org/0000-0002-2222-2144,rejected,audit_matches,2026-09-16,"rejected 2026-09-16: OpenAlex 19,935 citations against 2,416 from google_scholar (8.3x); probable namesake"
640,Yan Wang,University of Florida,openalex,A5100322900,Yan Wang,0.812,1.0,1.0,0.415,7.741,520,16557,66,Hefei University of Technology,https://orcid.org/0000-0003-1479-1715,rejected,audit_matches,2026-09-16,"rejected 2026-09-16: OpenAlex 16,557 citations against 2,416 from google_scholar (6.9x); probable namesake"
640,Yan Wang,University of Florida,openalex,A5100322712,Yan Wang,0.776,1.0,1.0,0.176,13.445,1925,28758,77,Fujian Medical University,https://orcid.org/0000-0002-5344-1884,rejected,audit_matches,2026-09-16,"rejected 2026-09-16: OpenAlex 28,758 citations against 2,416 from google_scholar (11.9x); probable namesake"
640,Yan Wang,University of Florida,openalex,A5100322888,Yan Wang,0.763,1.0,1.0,0.089,7.479,551,15997,63,Worcester Polytechnic Institute,https://orcid.org/0000-0003-1060-2956,rejected,audit_matches,2026-09-16,"rejected 2026-09-16: OpenAlex 15,997 citations against 2,416 from google_scholar (6.6x); probable namesake"
642,Jack Crowley,University of Georgia,openalex,A5110601826,Dana Crowley Jack,0.735,1.0,0.5,0.897,14.151,63,1684,17,Western Washington University,,rejected,audit_matches,2026-09-16,"rejected 2026-09-16: OpenAlex 1,684 citations against 119 from pop (14.2x); probable namesake"
642,Jack Crowley,University of Georgia,openalex,A5112327844,Jack Crowley,0.679,1.0,0.0,0.857,0.353,13,42,1,,,pending,,,
642,Jack Crowley,University of Georgia,openalex,A5004094115,Jack Crowley,0.6,1.0,0.0,1.0,0.0,2,0,0,,,pending,,,
642,Jack Crowley,University of Georgia,openalex,A5128505389,Jack Crowley,0.6,1.0,0.0,1.0,0.0,1,0,0,,,pending,,,
642,Jack Crowley,University of Georgia,openalex,A5000285728,Jack C. Crowley,0.58,1.0,0.0,0.2,0.37,8,44,2,Cornell University,https://orcid.org/0000-0003-4220-8152,pending,,,
643,Stephen Ramos,University of Georgia,openalex,A5039872829,Stephen J. Ramos,0.953,1.0,1.0,0.688,0.376,28,155,6,,https://orcid.org/0000-0001-6640-6984,pending,,,
643,Stephen Ramos,University of Georgia,openalex,A5020647583,Stephen D. Ramos,0.914,1.0,1.0,0.424,0.434,26,179,6,California State University System,https://orcid.org/0000-0002-6061-6400,pending,,,
643,Stephen Ramos,University of Georgia,openalex,A5109518588,Stephen Ramos,0.6,1.0,0.0,1.0,0.024,1,10,1,,,pending,,,
643,Stephen Ramos,University of Georgia,openalex,A5042129498,Stephen Anthony Ramos,0.6,1.0,0.0,1.0,0.0,1,0,0,,,pending,,,
643,Stephen Ramos,University of Georgia,openalex,A5136889182,Stephen D. Ramos,0.55,1.0,0.0,0.667,0.0,1,0,0,"California State University, San Bernardino",https://orcid.org/0000-0002-6061-6400,pending,,,
646,Alison Smith,University of Georgia,openalex,A5033392915,Alison Smith,0.871,1.0,1.0,0.807,67.382,139,6873,33,William & Mary,https://orcid.org/0000-0003-2649-2202,rejected,audit_matches,2026-09-16,"rejected 2026-09-16: OpenAlex 6,873 citations against 102 from pop (67.4x); probable namesake"
646,Alison Smith,University of Georgia,openalex,A5101541374,Alison Smith,0.75,1.0,1.0,0.0,11.225,94,1145,14,,https://orcid.org/0000-0003-2385-1011,rejected,audit_matches,2026-09-16,"rejected 2026-09-16: OpenAlex 1,145 citations against 102 from pop (11.2x); probable namesake"
646,Alison Smith,University of Georgia,openalex,A5104097433,Alison Smith,0.61,1.0,0.0,0.4,1.255,3,128,2,University of Cambridge,,pending,,,
646,Alison Smith,University of Georgia,openalex,A5103502855,Alison M. Smith,0.6,1.0,0.0,1.0,33.157,24,3382,10,,,rejected,audit_matches,2026-09-16,"rejected 2026-09-16: OpenAlex 3,382 citations against 102 from pop (33.2x); probable namesake"
646,Alison Smith,University of Georgia,openalex,A5056219478,Alison Smith,0.6,1.0,0.0,1.0,3.304,93,337,8,Louisiana State University in Shreveport,,rejected,audit_matches,2026-09-16,rejected 2026-09-16: OpenAlex 337 citations against 102 from pop (3.3x); probable namesake
647,Ashley Steffens,University of Georgia,openalex,A5028369118,Ashley Steffens,0.929,1.0,1.0,0.857,2.0,4,4,1,University of Georgia,,pending,,,
647,Ashley Steffens,University of Georgia,openalex,A5071127114,Ashley Steffens,0.45,1.0,0.0,0.0,0.0,1,0,0,,,pending,,,
649,Nicholas Brunet,University of Guelph,openalex,A5057268347,Nicholas Brunet-Filion,0.45,1.0,0.0,0.0,0.01,2,14,1,University of Ottawa,,pending,,,
649,Nicholas Brunet,University of Guelph,openalex,A5021020232,Brunet-Filion Nicholas,0.36,0.578,0.0,0.667,0.0,1,0,0,,,pending,,,
653,Ryan Gibson,University of Guelph,openalex,A5040843105,Ryan Gibson,1.0,1.0,1.0,1.0,0.267,96,213,8,Creative Commons,https://orcid.org/0000-0002-5684-4347,pending,,,
653,Ryan Gibson,University of Guelph,openalex,A5035631537,Ryan Colin Gibson,0.95,1.0,1.0,0.667,0.167,25,133,7,University of Strathclyde,https://orcid.org/0000-0002-0425-1486,pending,,,
653,Ryan Gibson,University of Guelph,openalex,A5120149859,Ryan Gibson,0.9,1.0,1.0,1.0,0.0,1,0,0,University of Guelph,,pending,,,
653,Ryan Gibson,University of Guelph,openalex,A5131386469,Ryan Gibson,0.9,1.0,1.0,1.0,0.0,1,0,0,University of Guelph,,pending,,,
653,Ryan Gibson,University of Guelph,openalex,A5132550223,Ryan Gibson,0.9,1.0,1.0,1.0,0.0,1,0,0,University of Guelph,,pending,,,
656,Makena Coffman,University of Hawaii,openalex,A5039842908,Makena Coffman,0.965,1.0,1.0,0.767,0.653,47,1452,12,Regional Plan Association,https://orcid.org/0000-0002-1287-0025,pending,,,
656,Makena Coffman,University of Hawaii,openalex,A5036840918,Makena Coffman,0.868,1.0,1.0,0.786,0.026,11,57,3,University of Hawaiʻi at Mānoa,,pending,,,
656,Makena Coffman,University of Hawaii,openalex,A5014180091,Makena Coffman,0.832,1.0,1.0,0.545,0.016,6,36,3,Regional Plan Association,,pending,,,
656,Makena Coffman,University of Hawaii,openalex,A5123329700,Makena Coffman,0.7,1.0,0.5,0.667,0.0,1,1,1,University of Hawaiʻi at Mānoa,,pending,,,
656,Makena Coffman,University of Hawaii,openalex,A5134303400,Makena Coffman,0.7,1.0,0.5,0.667,0.0,1,0,0,University of Hawaiʻi at Mānoa,,pending,,,
657,Ashok Das,University of Hawaii,openalex,A5085634129,Ashok Das,0.981,1.0,1.0,0.875,0.65,39,480,12,India Meteorological Department,https://orcid.org/0000-0002-9323-170X,pending,,,
657,Ashok Das,University of Hawaii,openalex,A5045747223,Ashok Das,0.882,1.0,1.0,0.879,11.394,495,8409,43,University of Notre Dame,https://orcid.org/0000-0002-4958-6706,rejected,audit_matches,2026-09-16,"rejected 2026-09-16: OpenAlex 8,409 citations against 1,110 from google_scholar (7.6x); probable namesake"
657,Ashok Das,University of Hawaii,openalex,A5080251065,Ashok Das,0.631,1.0,0.0,0.875,0.031,7,23,2,,,pending,,,
657,Ashok Das,University of Hawaii,openalex,A5059661645,Ashok Das,0.619,1.0,0.0,0.463,0.695,36,513,12,Indian Institute of Technology Dhanbad,https://orcid.org/0000-0001-7510-0194,pending,,,
657,Ashok Das,University of Hawaii,openalex,A5133175982,Ashok Das,0.6,1.0,0.0,1.0,0.001,1,1,1,University of Calcutta,,pending,,,
666,Philip Ashton,"University of Illinois, Chicago",openalex,A5089853346,Philip Ashton,0.96,1.0,1.0,0.736,1.048,72,1330,18,,https://orcid.org/0000-0001-9257-9424,pending,,,
666,Philip Ashton,"University of Illinois, Chicago",openalex,A5126547844,Philip Ashton,0.9,1.0,1.0,1.0,0.0,1,0,0,University of Illinois Urbana-Champaign,,pending,,,
666,Philip Ashton,"University of Illinois, Chicago",openalex,A5109390088,Philip Ashton,0.89,1.0,1.0,0.6,0.046,4,58,1,University of Illinois Chicago,,pending,,,
666,Philip Ashton,"University of Illinois, Chicago",openalex,A5056680846,Philip Ashton Rollins,0.6,1.0,0.0,1.0,0.02,6,25,4,,,pending,,,
666,Philip Ashton,"University of Illinois, Chicago",openalex,A5042214231,Philip Ashton Marc Doussard Rachel Weber,0.6,1.0,0.0,1.0,0.004,1,5,1,,,pending,,,
672,David Lopez-Garcia,"University of Illinois, Chicago",openalex,A5063715451,David López-García,0.975,1.0,1.0,0.833,0.458,25,49,4,Urbana University,https://orcid.org/0000-0001-8979-0720,pending,,,
672,David Lopez-Garcia,"University of Illinois, Chicago",openalex,A5103912562,David López García,0.829,1.0,0.5,0.857,0.168,8,18,2,,,pending,,,
672,David Lopez-Garcia,"University of Illinois, Chicago",openalex,A5073272796,David López García,0.6,1.0,0.0,1.0,0.0,4,0,0,Dirección de Investigación y Desarrollo,,pending,,,
672,David Lopez-Garcia,"University of Illinois, Chicago",openalex,A5031770822,Ginés David López-García,0.592,0.792,0.0,0.906,1.15,26,123,7,University of Almería,https://orcid.org/0000-0002-7761-0865,pending,,,
672,David Lopez-Garcia,"University of Illinois, Chicago",openalex,A5030528397,David López García,0.556,1.0,0.0,0.375,0.065,3,7,1,,https://orcid.org/0000-0003-0424-8647,pending,,,
678,Sevin Yildiz,"University of Illinois, Chicago",openalex,A5030696367,Şevin Yıldız,0.82,0.6,1.0,1.0,0.444,4,4,1,University of Illinois System,https://orcid.org/0000-0002-2082-714X,pending,,,
678,Sevin Yildiz,"University of Illinois, Chicago",openalex,A5037334757,Sevin Yildiz,0.6,1.0,0.0,1.0,0.0,2,0,0,,,pending,,,
678,Sevin Yildiz,"University of Illinois, Chicago",openalex,A5138263739,Şevin Yıldız,0.37,0.6,0.0,0.667,0.0,1,0,0,,,pending,,,
678,Sevin Yildiz,"University of Illinois, Chicago",openalex,A5140704453,Şevin Yıldız,0.32,0.6,0.0,0.333,0.0,1,0,0,,,pending,,,
682,Mary Edwards,"University of Illinois, Urbana-Champaign",openalex,A5111793909,Mary M. Edwards,1.0,1.0,1.0,1.0,0.513,13,533,9,University of Illinois Urbana-Champaign,,pending,,,
682,Mary Edwards,"University of Illinois, Urbana-Champaign",openalex,A5112580888,Mary Edwards,0.968,1.0,1.0,0.788,0.285,69,296,10,University of Southampton,,pending,,,
682,Mary Edwards,"University of Illinois, Urbana-Champaign",openalex,A5100810336,MARY‐ELLEN EDWARDS,0.7,1.0,0.0,1.0,0.115,1,119,1,Karolinska Institutet,,pending,,,
682,Mary Edwards,"University of Illinois, Urbana-Champaign",openalex,A5103338440,Mary E. Edwards,0.675,1.0,0.0,0.833,0.112,6,116,4,,,pending,,,
682,Mary Edwards,"University of Illinois, Urbana-Champaign",openalex,A5102025790,Mary Edwards,0.666,1.0,0.0,0.772,1.238,112,1285,19,Hemel Hempstead Hospital,https://orcid.org/0000-0003-3928-2351,pending,,,
683,Kerry Li Fang,"University of Illinois, Urbana-Champaign",openalex,A5024656408,Kerry Y Fang,0.564,1.0,0.0,0.429,0.069,8,50,4,Camden and Campbelltown Hospitals,https://orcid.org/0000-0001-6989-4485,pending,,,
692,Sarah Hofmeyer,University of Iowa,openalex,A5119773766,Sarah L. Hofmeyer,0.89,1.0,1.0,0.6,0.057,3,3,1,University of Iowa,,pending,,,
692,Sarah Hofmeyer,University of Iowa,openalex,A5041149181,Sarah L. Hofmeyer,0.812,1.0,0.5,0.75,0.868,6,46,3,University of Kansas,,pending,,,
692,Sarah Hofmeyer,University of Iowa,openalex,A5002627002,Sarah Hofmeyer,0.6,1.0,0.0,1.0,0.0,2,0,0,,,pending,,,
692,Sarah Hofmeyer,University of Iowa,openalex,A5060063744,Sarah Lois Hofmeyer,0.6,1.0,0.0,1.0,0.0,1,0,0,,,pending,,,
694,Phuong Nguyen,University of Iowa,openalex,A5056723329,Phuong Nguyen,0.668,1.0,0.0,0.786,0.98,68,1556,20,"Vietnam National University, Hanoi",https://orcid.org/0000-0001-7669-8642,pending,,,
694,Phuong Nguyen,University of Iowa,openalex,A5013277990,Phuong Nguyen,0.574,1.0,0.0,0.163,1.142,122,1813,17,,https://orcid.org/0000-0002-1575-0395,pending,,,
694,Phuong Nguyen,University of Iowa,openalex,A5062124394,Phuong The Nguyen,0.572,1.0,0.0,0.813,4.357,124,6919,22,Hitotsubashi University,https://orcid.org/0000-0002-5093-9767,rejected,audit_matches,2026-09-16,"rejected 2026-09-16: OpenAlex 6,919 citations against 1,686 from google_scholar (4.1x); probable namesake"
694,Phuong Nguyen,University of Iowa,openalex,A5110590125,Phuong Nguyen,0.55,1.0,0.0,0.0,1.477,95,2345,21,,https://orcid.org/0009-0005-4655-2550,pending,,,
694,Phuong Nguyen,University of Iowa,openalex,A5014414662,Phuong Nguyen,0.55,1.0,0.0,0.0,1.31,74,2081,26,Vietnam Academy of Science and Technology,https://orcid.org/0000-0002-5198-3225,pending,,,
697,Samantha Zuhlke,University of Iowa,openalex,A5069620263,Samantha Zuhlke,1.0,1.0,1.0,1.0,0.533,6,89,3,,,pending,,,
697,Samantha Zuhlke,University of Iowa,openalex,A5007213837,Samantha Zuhlke,0.95,1.0,1.0,1.0,0.06,7,10,2,University of Iowa,https://orcid.org/0000-0003-0765-1861,pending,,,
697,Samantha Zuhlke,University of Iowa,openalex,A5125457985,Samantha Zuhlke,0.9,1.0,1.0,1.0,0.0,2,0,0,University of Iowa,,pending,,,
697,Samantha Zuhlke,University of Iowa,openalex,A5114868818,Samantha Zuhlke,0.863,1.0,1.0,0.75,0.0,2,0,0,University of Iowa,,pending,,,
697,Samantha Zuhlke,University of Iowa,openalex,A5037043373,Samantha Zuhlke,0.85,1.0,0.5,1.0,0.126,2,21,1,Texas A&M University,,pending,,,
699,Bonnie Johnson,University of Kansas,openalex,A5103545550,Bonnie W. Johnson,0.946,1.0,1.0,0.643,0.448,12,242,8,,,pending,,,
699,Bonnie Johnson,University of Kansas,openalex,A5062117067,Bonnie Johnson,0.864,1.0,1.0,0.429,2.37,111,1280,20,University of Kansas,https://orcid.org/0000-0003-0358-7823,pending,,,
699,Bonnie Johnson,University of Kansas,openalex,A5069414906,Bonnie McD. Johnson,0.75,1.0,0.5,0.667,0.059,5,32,2,University of Bonn,,pending,,,
699,Bonnie Johnson,University of Kansas,openalex,A5114240266,BONNIE JOHNSON,0.75,1.0,0.5,1.0,0.004,1,2,1,University of Kentucky,,pending,,,
699,Bonnie Johnson,University of Kansas,openalex,A5056032868,Bonnie G. P. Johnson,0.684,1.0,0.0,0.893,0.67,12,362,11,Towson University,,pending,,,
700,Ward Lyles,University of Kansas,openalex,A5076390873,Ward Lyles,1.0,1.0,1.0,1.0,0.615,34,1310,14,Institute for Urban Indigenous Health,,pending,,,
700,Ward Lyles,University of Kansas,openalex,A5008947138,Lindsey Ward Lyles,0.898,0.811,1.0,0.889,0.111,5,236,3,University of Kansas,,pending,,,
705,John Gilderbloom,University of Louisville,openalex,A5111722608,John I. Gilderbloom,1.0,1.0,1.0,1.0,0.56,74,1583,22,,,pending,,,
705,John Gilderbloom,University of Louisville,openalex,A5112572605,John Hans Gilderbloom,0.9,1.0,1.0,1.0,0.025,23,70,4,,,pending,,,
705,John Gilderbloom,University of Louisville,openalex,A5018318111,‘Hans’ John I. Gilderbloom,0.822,0.826,1.0,1.0,0.001,1,3,1,University of Louisville,,pending,,,
705,John Gilderbloom,University of Louisville,openalex,A5108214588,John Ingram Gilderbloom,0.6,1.0,0.0,1.0,0.006,3,16,1,,,pending,,,
705,John Gilderbloom,University of Louisville,openalex,A5098074329,John I. Gilderbloom,0.6,1.0,0.0,1.0,0.0,1,0,0,,,pending,,,
724,Kathryn Howell,University of Maryland,openalex,A5040452720,Kathryn Howell,1.0,1.0,1.0,1.0,0.65,38,284,10,"University of Maryland, College Park",,pending,,,
724,Kathryn Howell,University of Maryland,openalex,A5103569525,Kathryn Howell,1.0,1.0,1.0,1.0,0.444,6,194,2,"University of Maryland, College Park",,pending,,,
724,Kathryn Howell,University of Maryland,openalex,A5061495539,Kathryn Howell Benjamin F. Teresa,0.6,1.0,0.0,1.0,0.011,2,5,1,,,pending,,,
724,Kathryn Howell,University of Maryland,openalex,A5117403225,Kathryn Howell,0.6,1.0,0.0,1.0,0.0,1,0,0,,,pending,,,
724,Kathryn Howell,University of Maryland,openalex,A5144367400,Kathryn L. Howell,0.6,1.0,0.0,1.0,0.0,1,0,0,,,pending,,,
725,Clara Irazábal-Zurita,University of Maryland,openalex,A5049322120,Clara E. Irazabal Zurita,0.6,1.0,0.0,1.0,0.022,20,67,5,,,pending,,,
725,Clara Irazábal-Zurita,University of Maryland,openalex,A5103973385,Clara Elena Irazábal-Zurita,0.6,1.0,0.0,1.0,0.0,1,0,0,University of Missouri–Kansas City,,pending,,,
727,Dawn Jourdan,University of Maryland,openalex,A5054358091,Dawn Jourdan,1.0,1.0,1.0,1.0,0.976,29,324,8,"University of Maryland, College Park",https://orcid.org/0000-0003-1738-6301,pending,,,
727,Dawn Jourdan,University of Maryland,openalex,A5110812820,Dawn Jourdan,1.0,1.0,1.0,1.0,0.133,19,44,3,University of Oklahoma,,pending,,,
727,Dawn Jourdan,University of Maryland,openalex,A5119826523,Dawn E. Jourdan,0.6,1.0,0.0,1.0,0.0,1,0,0,,,pending,,,
727,Dawn Jourdan,University of Maryland,openalex,A5108485822,Dawn Jourdan,0.577,1.0,0.0,0.182,0.696,16,231,2,Nebraska Medical Center,,pending,,,
727,Dawn Jourdan,University of Maryland,openalex,A5047806263,Dawn Jourdan,0.55,1.0,0.0,0.667,0.0,2,0,0,,,pending,,,
728,Gerrit Knaap,University of Maryland,openalex,A5108703329,Gerrit Knaap,1.0,1.0,1.0,1.0,0.277,201,2358,26,"University of Maryland, College Park",,pending,,,
728,Gerrit Knaap,University of Maryland,openalex,A5024129069,Gerrit‐Jan Knaap,0.95,1.0,1.0,1.0,0.088,50,751,13,National Grid (United States),https://orcid.org/0000-0003-2838-2357,pending,,,
728,Gerrit Knaap,University of Maryland,openalex,A5088634048,Gerrit Knaap,0.6,1.0,0.0,1.0,0.013,6,108,2,,,pending,,,
728,Gerrit Knaap,University of Maryland,openalex,A5106213581,Gerrit Knaap,0.6,1.0,0.0,1.0,0.001,1,7,1,,,pending,,,
728,Gerrit Knaap,University of Maryland,openalex,A5092538675,Gerrit Knaap,0.6,1.0,0.0,1.0,0.0,1,0,0,,,pending,,,
730,Michelle Magalong,University of Maryland,openalex,A5013165338,Michelle Magalong,0.67,1.0,0.0,0.8,0.774,9,103,4,,,pending,,,
731,John Park,University of Maryland,openalex,A5034431014,John Park,0.75,1.0,1.0,0.0,136.676,452,14351,52,California Baptist University,https://orcid.org/0000-0001-9290-8179,rejected,audit_matches,2026-09-16,"rejected 2026-09-16: OpenAlex 14,351 citations against 105 from pop (136.7x); probable namesake"
731,John Park,University of Maryland,openalex,A5079693592,John L. Park,0.69,1.0,0.5,0.6,3.152,7,331,5,,,rejected,audit_matches,2026-09-16,rejected 2026-09-16: OpenAlex 331 citations against 105 from pop (3.2x); probable namesake
731,John Park,University of Maryland,openalex,A5046057771,John Park Roberts,0.6,1.0,0.0,0.667,2.429,6,255,4,University of North Carolina Wilmington,,pending,,,
731,John Park,University of Maryland,openalex,A5130863216,John Park,0.6,1.0,0.0,0.333,0.476,1,50,1,Houston Methodist,,pending,,,
731,John Park,University of Maryland,openalex,A5074605256,John S. Park,0.57,1.0,0.0,0.8,27.648,56,2903,16,University of Oxford,https://orcid.org/0000-0003-2151-1160,rejected,audit_matches,2026-09-16,"rejected 2026-09-16: OpenAlex 2,903 citations against 105 from pop (27.6x); probable namesake"
736,Elisabeth Hamin,University of Massachusetts-Amherst,openalex,A5014893377,Elisabeth M. Hamin,1.0,1.0,1.0,1.0,0.567,50,1170,13,University of Massachusetts Amherst,,pending,,,
736,Elisabeth Hamin,University of Massachusetts-Amherst,openalex,A5058981502,Elisabeth Hamin Infield,0.936,1.0,1.0,0.909,0.056,8,116,6,University of Massachusetts Amherst,https://orcid.org/0000-0001-8925-1823,pending,,,
736,Elisabeth Hamin,University of Massachusetts-Amherst,openalex,A5064250082,Elisabeth M. Hamin Infield,0.9,1.0,1.0,1.0,0.016,11,33,3,,,pending,,,
741,Ellen Douglas,University of Massachusetts-Boston,openalex,A5059342159,Ellen Douglas,0.969,1.0,1.0,0.792,0.702,92,4310,26,Murdoch Children's Research Institute,https://orcid.org/0000-0002-3940-1237,pending,,,
741,Ellen Douglas,University of Massachusetts-Boston,openalex,A5103532680,Ellen Douglas,0.85,1.0,1.0,0.667,0.018,1,112,1,University of Massachusetts Boston,,pending,,,
741,Ellen Douglas,University of Massachusetts-Boston,openalex,A5035629877,Ellen Douglas,0.6,1.0,0.0,1.0,0.003,3,19,1,,,pending,,,
741,Ellen Douglas,University of Massachusetts-Boston,openalex,A5005368944,Ellen Douglas Moule,0.6,1.0,0.0,1.0,0.0,1,0,0,,,pending,,,
741,Ellen Douglas,University of Massachusetts-Boston,openalex,A5000208273,Ellen Douglas Smith,0.6,1.0,0.0,1.0,0.0,1,0,0,,,pending,,,
749,Elizabeth Sweet,University of Massachusetts-Boston,openalex,A5077973893,Elizabeth L. Sweet,0.945,1.0,1.0,0.63,0.62,51,691,11,,https://orcid.org/0000-0002-9300-2448,pending,,,
749,Elizabeth Sweet,University of Massachusetts-Boston,openalex,A5032618838,Elizabeth Sweet,0.893,1.0,1.0,0.621,2.066,51,2304,19,University of Massachusetts Boston,https://orcid.org/0000-0002-9188-6649,pending,,,
749,Elizabeth Sweet,University of Massachusetts-Boston,openalex,A5074463751,ELIZABETH SWEET,0.6,1.0,0.0,1.0,0.011,3,12,2,Duke University,,pending,,,
749,Elizabeth Sweet,University of Massachusetts-Boston,openalex,A5148955590,Elizabeth Sweet,0.6,1.0,0.0,1.0,0.0,1,0,0,,,pending,,,
749,Elizabeth Sweet,University of Massachusetts-Boston,openalex,A5020207079,Elizabeth V. Sweet,0.59,1.0,0.0,0.6,0.083,5,93,1,"California State University, Sacramento",https://orcid.org/0000-0002-2607-0352,pending,,,
751,Atyeh Ashtari,University of Memphis,openalex,A5018423086,Atyeh Ashtari,0.85,1.0,0.5,1.0,0.818,2,9,2,University of Illinois Urbana-Champaign,,pending,,,
752,Reza Banai,University of Memphis,openalex,A5039582865,Reza Banai,0.974,1.0,1.0,0.829,0.308,31,727,15,University of Memphis,,pending,,,
752,Reza Banai,University of Memphis,openalex,A5056839902,Reza Banai‐Kashani,0.864,1.0,1.0,0.429,0.096,7,227,3,University of Memphis,,pending,,,
754,Andrew Guthrie,University of Memphis,openalex,A5060300040,Andrew Guthrie,0.988,1.0,1.0,0.918,0.658,54,751,12,IQM (Finland),,pending,,,
754,Andrew Guthrie,University of Memphis,openalex,A5028412388,Andrew Guthrie Ferguson,0.85,1.0,0.5,1.0,1.234,102,1408,14,,https://orcid.org/0000-0001-7667-4376,pending,,,
754,Andrew Guthrie,University of Memphis,openalex,A5041767483,Andrew D. Guthrie,0.607,1.0,0.0,0.714,0.032,8,36,3,,,pending,,,
754,Andrew Guthrie,University of Memphis,openalex,A5066709369,Andrew Guthrie,0.6,1.0,0.0,0.333,0.28,30,320,9,,https://orcid.org/0000-0003-1449-8228,pending,,,
754,Andrew Guthrie,University of Memphis,openalex,A5108332138,Andrew Guthrie Ferguson,0.6,1.0,0.0,1.0,0.002,1,2,1,George Washington University,,pending,,,
757,Scott Campbell,University of Michigan,openalex,A5040964918,Scott Campbell,0.966,1.0,1.0,0.775,0.492,155,4515,26,Saint Louis University,https://orcid.org/0000-0001-6195-2855,pending,,,
757,Scott Campbell,University of Michigan,openalex,A5003617821,Scott W. Campbell,0.917,1.0,1.0,0.444,0.709,228,6502,42,The Ohio State University,https://orcid.org/0000-0003-4560-6033,pending,,,
757,Scott Campbell,University of Michigan,openalex,A5012790394,Scott E. Campbell,0.85,1.0,1.0,0.0,0.384,89,3528,31,Facility for Rare Isotope Beams,https://orcid.org/0009-0005-2053-2711,pending,,,
757,Scott Campbell,University of Michigan,openalex,A5025717563,Scott R. Campbell,0.636,1.0,0.0,0.575,0.321,75,2950,30,New York State Department of Health,https://orcid.org/0000-0002-3617-1886,pending,,,
757,Scott Campbell,University of Michigan,openalex,A5111589818,Scott Campbell,0.592,1.0,0.0,0.615,0.055,37,505,9,Princess Alexandra Hospital,,pending,,,
760,Joseph Grengs,University of Michigan,openalex,,,0,,,,,,,,,,none,matcher,2026-09-16,
768,Anna Paula Pimentel Walker,University of Michigan,openalex,,,0,,,,,,,,,,none,matcher,2026-09-16,
773,Fernando Burga,University of Minnesota,openalex,A5044182346,Fernando Burga,1.0,1.0,1.0,1.0,0.106,2,5,2,,,pending,,,
773,Fernando Burga,University of Minnesota,openalex,A5001000970,Hector Fernando Burga,0.933,0.851,1.0,1.0,0.149,13,7,1,University of Minnesota,,pending,,,
773,Fernando Burga,University of Minnesota,openalex,A5117356261,Fernando Burga,0.6,1.0,0.0,1.0,0.0,1,0,0,Berkeley College,,pending,,,
773,Fernando Burga,University of Minnesota,openalex,A5066963472,Fernando Burga,0.6,1.0,0.0,1.0,0.0,1,0,0,,,pending,,,
773,Fernando Burga,University of Minnesota,openalex,A5004593431,Fernando Burga,0.6,1.0,0.0,1.0,0.0,2,0,0,,,pending,,,
774,Jason Cao,University of Minnesota,openalex,A5136837689,Jason Cao,0.881,1.0,1.0,0.875,0.0,4,1,1,University of Minnesota,https://orcid.org/0000-0002-4403-9762,pending,,,
774,Jason Cao,University of Minnesota,openalex,A5134598480,Jason Cao,0.6,1.0,0.0,1.0,0.0,1,0,0,,,pending,,,
774,Jason Cao,University of Minnesota,openalex,A5133521592,Jason Cao,0.55,1.0,0.0,0.667,0.0,1,1,1,Institute of Public Affairs,https://orcid.org/0000-0002-4403-9762,pending,,,
774,Jason Cao,University of Minnesota,openalex,A5002645774,Jason Jijun Cao,0.5,1.0,0.0,0.333,0.0,1,2,1,Rockwell Automation (Germany),,pending,,,
774,Jason Cao,University of Minnesota,openalex,A5126492805,Jason Cao,0.5,1.0,0.0,0.333,0.0,1,0,0,,,pending,,,
775,Yingling Fan,University of Minnesota,openalex,A5076893686,Yingling Fan,1.0,1.0,1.0,1.0,0.641,161,4213,33,University of Minnesota,https://orcid.org/0000-0003-0500-4804,pending,,,
775,Yingling Fan,University of Minnesota,openalex,A5109222674,Yingling Fan,0.905,1.0,1.0,0.7,0.075,11,494,5,University of Minnesota,,pending,,,
775,Yingling Fan,University of Minnesota,openalex,A5136842184,Yingling Fan,0.9,1.0,1.0,1.0,0.0,1,0,0,University of Minnesota,https://orcid.org/0000-0003-0500-4804,pending,,,
775,Yingling Fan,University of Minnesota,openalex,A5135509576,Yingling Fan,0.9,1.0,1.0,1.0,0.0,1,0,0,University of Minnesota,https://orcid.org/0000-0003-0500-4804,pending,,,
775,Yingling Fan,University of Minnesota,openalex,A5147551867,Yingling Fan,0.525,1.0,0.0,0.5,0.0,1,0,0,University of Minnesota System,,pending,,,
780,Hilary Malson,University of Minnesota,openalex,A5001503458,Hilary Malson,0.7,1.0,0.0,1.0,1.389,7,50,2,,https://orcid.org/0000-0003-2705-6496,pending,,,
789,Zhenghong Tang,University of Nebraska,openalex,A5103783263,Zhenghong Tang,0.93,1.0,1.0,0.867,0.043,11,285,3,University of Nebraska–Lincoln,,pending,,,
789,Zhenghong Tang,University of Nebraska,openalex,A5134209259,Zhenghong Tang,0.9,1.0,1.0,1.0,0.0,1,0,0,University of Nebraska–Lincoln,https://orcid.org/0000-0001-7603-0394,pending,,,
789,Zhenghong Tang,University of Nebraska,openalex,A5137642299,Zhenghong Tang,0.9,1.0,1.0,1.0,0.0,1,0,0,University of Nebraska–Lincoln,https://orcid.org/0000-0001-7603-0394,pending,,,
789,Zhenghong Tang,University of Nebraska,openalex,A5002591515,Zhenghong Tang,0.899,1.0,1.0,0.33,1.315,279,8722,41,University of Nebraska–Lincoln,https://orcid.org/0000-0001-7603-0394,pending,,,
789,Zhenghong Tang,University of Nebraska,openalex,A5134872800,Zhenghong Tang,0.825,1.0,1.0,0.5,0.0,2,0,0,University of Nebraska–Lincoln,https://orcid.org/0000-0001-7603-0394,pending,,,
797,Monica Teets Farris,University of New Orleans,openalex,A5125920952,Monica Teets Farris,0.6,1.0,0.0,1.0,0.0,1,0,0,Center for Assessment,,pending,,,
803,Tara Lynne Clapp,University of Northern British Columbia,openalex,A5008995236,Tara Lynne Clapp,0.62,1.0,0.0,0.8,1.585,4,103,2,Creative Commons,,pending,,,
807,John Harris,University of Oklahoma,openalex,A5102363622,John Harris,0.9,1.0,1.0,1.0,3.09,45,683,14,University of Oklahoma,,pending,,,
807,John Harris,University of Oklahoma,openalex,A5104832375,John Harris,0.811,1.0,1.0,0.409,7.706,107,1703,20,Defence Science and Technology Agency,,rejected,audit_matches,2026-09-16,"rejected 2026-09-16: OpenAlex 1,703 citations against 237 from google_scholar (7.2x); probable namesake"
807,John Harris,University of Oklahoma,openalex,A5081110953,John Harris,0.735,1.0,0.5,0.901,19.376,440,4282,35,,https://orcid.org/0000-0002-4025-5775,rejected,audit_matches,2026-09-16,"rejected 2026-09-16: OpenAlex 4,282 citations against 237 from google_scholar (18.1x); probable namesake"
807,John Harris,University of Oklahoma,openalex,A5103531635,John Harris,0.652,1.0,0.0,0.682,1.389,25,307,8,,,pending,,,
807,John Harris,University of Oklahoma,openalex,A5081355772,John Harris,0.6,1.0,0.5,0.0,13.724,128,3033,20,,https://orcid.org/0009-0001-6088-099X,rejected,audit_matches,2026-09-16,"rejected 2026-09-16: OpenAlex 3,033 citations against 237 from google_scholar (12.8x); probable namesake"
809,Charles Warnken,University of Oklahoma,openalex,A5034073709,Charles G. Warnken,0.7,1.0,0.0,1.0,0.5,1,1,1,,,pending,,,
811,Ben Clark,University of Oregon,openalex,A5111702905,Ben Clark,0.737,1.0,0.5,0.25,0.51,27,717,6,North Carolina State University,,pending,,,
811,Ben Clark,University of Oregon,openalex,A5041658601,Ben Clark,0.717,1.0,0.5,0.778,0.026,5,37,1,,,pending,,,
811,Ben Clark,University of Oregon,openalex,A5077758208,Ben Clark,0.7,1.0,0.5,0.0,0.207,6,291,2,Micro Materials (United Kingdom),,pending,,,
811,Ben Clark,University of Oregon,openalex,A5102776727,Ben Clark,0.69,1.0,0.0,0.934,1.48,62,2083,17,Geelong Hospital,https://orcid.org/0000-0003-2910-6143,pending,,,
811,Ben Clark,University of Oregon,openalex,A5146539048,Ben M. Clark,0.675,1.0,0.5,0.5,0.0,1,0,0,University of Manitoba,,pending,,,
812,Jordy Coutin,University of Oregon,openalex,A5095843817,Jordy Coutin,0.7,1.0,0.0,1.0,0.6,3,6,2,,,pending,,,
812,Jordy Coutin,University of Oregon,openalex,A5099250876,Jordy Coutin,0.7,1.0,0.0,1.0,0.2,1,2,1,University of Southern California,https://orcid.org/0009-0004-2912-950X,pending,,,
813,Patrick Hunnicut,University of Oregon,openalex,,,0,,,,,,,,,,none,matcher,2026-09-16,
817,Rebecca Lewis,University of Oregon,openalex,A5002461889,Rebecca Lewis,0.95,1.0,1.0,1.0,1.87,70,1176,9,Public Policy Institute of California,https://orcid.org/0000-0002-5080-5005,pending,,,
817,Rebecca Lewis,University of Oregon,openalex,A5060575832,Rebecca N. Lewis,0.833,1.0,0.5,0.889,0.286,20,180,7,Chester Zoo,https://orcid.org/0000-0002-0595-6779,pending,,,
817,Rebecca Lewis,University of Oregon,openalex,A5112514797,Rebecca S. Lewis,0.785,1.0,1.0,0.235,3.889,41,2446,15,University of Oregon,,rejected,audit_matches,2026-09-16,"rejected 2026-09-16: OpenAlex 2,446 citations against 666 from google_scholar (3.7x); probable namesake"
817,Rebecca Lewis,University of Oregon,openalex,A5079126831,Rebecca Lewis,0.767,1.0,1.0,0.114,6.862,174,4316,29,Institute of Cancer Research,https://orcid.org/0000-0001-9222-5263,rejected,audit_matches,2026-09-16,"rejected 2026-09-16: OpenAlex 4,316 citations against 666 from google_scholar (6.5x); probable namesake"
817,Rebecca Lewis,University of Oregon,openalex,A5023693688,Rebecca Lewis,0.762,1.0,0.5,0.75,0.087,4,55,2,,,pending,,,
825,Yizhao Yang,University of Oregon,openalex,A5024005394,Yizhao Yang,0.981,1.0,1.0,0.875,0.581,27,959,10,University of Oregon,https://orcid.org/0000-0002-0715-4745,pending,,,
825,Yizhao Yang,University of Oregon,openalex,A5100892827,Yizhao Yang,0.965,1.0,1.0,0.765,0.116,26,191,9,Hong Kong Baptist University,,pending,,,
825,Yizhao Yang,University of Oregon,openalex,A5121785882,Yizhao Yang,0.9,1.0,1.0,1.0,0.0,2,0,0,University of Oregon,,pending,,,
825,Yizhao Yang,University of Oregon,openalex,A5137844673,Yizhao Yang,0.6,1.0,0.0,1.0,0.0,1,0,0,,,pending,,,
825,Yizhao Yang,University of Oregon,openalex,A5102184150,Yizhao Yang,0.6,1.0,0.0,1.0,0.0,1,0,0,Portland State University,,pending,,,
828,Sanya Carley,University of Pennsylvania,openalex,A5077734625,Sanya Carley,0.982,1.0,1.0,0.878,0.785,209,8509,43,University of Pennsylvania,https://orcid.org/0000-0001-9599-4519,pending,,,
828,Sanya Carley,University of Pennsylvania,openalex,A5135637090,Sanya Carley,0.9,1.0,1.0,1.0,0.001,11,6,2,California University of Pennsylvania,,pending,,,
831,Xiaoxia Dong,University of Pennsylvania,openalex,A5013899552,Xiaoxia Dong,0.959,1.0,1.0,0.724,1.145,46,616,11,University City Science Center,https://orcid.org/0000-0002-3907-3237,pending,,,
831,Xiaoxia Dong,University of Pennsylvania,openalex,A5046911671,Xiaoxia Dong,0.95,1.0,1.0,0.667,0.208,4,112,3,University of Pennsylvania,,pending,,,
831,Xiaoxia Dong,University of Pennsylvania,openalex,A5100566198,Xiaoxia Dong,0.899,1.0,1.0,0.327,1.138,39,612,13,Hubei University of Medicine,,pending,,,
831,Xiaoxia Dong,University of Pennsylvania,openalex,A5136577779,Xiaoxia Dong,0.8,1.0,1.0,0.333,0.0,1,0,0,University of Pennsylvania,https://orcid.org/0000-0002-3907-3237,pending,,,
831,Xiaoxia Dong,University of Pennsylvania,openalex,A5128916995,Xiaoxia Dong,0.7,1.0,0.5,0.667,0.0,1,0,0,California University of Pennsylvania,,pending,,,
838,Zhongjie Lin,University of Pennsylvania,openalex,A5101845393,Zhongjie Lin,0.943,1.0,1.0,0.619,0.766,45,595,13,Shenzhen Polytechnic University,https://orcid.org/0000-0002-1574-1413,pending,,,
838,Zhongjie Lin,University of Pennsylvania,openalex,A5144415074,Zhongjie Lin,0.9,1.0,1.0,1.0,0.0,1,0,0,University City Science Center,,pending,,,
838,Zhongjie Lin,University of Pennsylvania,openalex,A5065330086,Zhongjie Lin,0.85,1.0,1.0,0.0,1.263,38,981,12,Sir Run Run Shaw Hospital,https://orcid.org/0000-0003-0251-2352,pending,,,
838,Zhongjie Lin,University of Pennsylvania,openalex,A5024110899,Zhongjie Lin,0.8,1.0,1.0,0.0,0.039,9,30,3,Hangzhou Dianzi University,,pending,,,
838,Zhongjie Lin,University of Pennsylvania,openalex,A5103852499,Zhongjie Lin,0.688,1.0,0.0,0.917,0.887,10,689,3,Columbia University,,pending,,,
839,Sarah Lopez,University of Pennsylvania,openalex,A5028443556,Sarah Lopez,0.7,1.0,0.0,1.0,0.719,41,266,8,Université Paris-Saclay,,pending,,,
839,Sarah Lopez,University of Pennsylvania,openalex,A5109215780,Sarah A. Lopez,0.7,1.0,0.0,1.0,0.289,1,107,1,Oregon Health & Science University,,pending,,,
839,Sarah Lopez,University of Pennsylvania,openalex,A5043409379,Sarah Lopez-Duran,0.67,1.0,0.0,0.8,0.527,2,195,1,University of Michigan,,pending,,,
839,Sarah Lopez,University of Pennsylvania,openalex,A5089494236,Sarah Lopez,0.67,1.0,0.0,0.8,0.111,7,41,2,Smith College,,pending,,,
839,Sarah Lopez,University of Pennsylvania,openalex,A5046539486,Sarah Lopez,0.625,1.0,0.0,0.833,0.073,6,27,3,University of Utah,,pending,,,
845,Angeliz Encarnacion Burgos,University of Puerto Rico,openalex,A5114529651,Angeliz E Encarnacion Burgos,0.9,1.0,1.0,1.0,0.0,1,0,0,University of Puerto Rico System,,pending,,,
846,Rafael Odlum,University of Puerto Rico,openalex,A5003708205,Rafael L. Irizarry,0.9,1.0,1.0,1.0,33.0,5,33,2,University of Puerto Rico System,,pending,,,
846,Rafael Odlum,University of Puerto Rico,openalex,A5135913273,Rafael A. Irizarry,0.671,1.0,0.5,0.143,2.0,4,2,1,Harvard University,,pending,,,
846,Rafael Odlum,University of Puerto Rico,openalex,A5054612687,Rafael A. Irizarry,0.6,1.0,0.5,0.0,116683.0,409,116683,100,Dana-Farber Cancer Institute,https://orcid.org/0000-0002-3944-4309,pending,,,
846,Rafael Odlum,University of Puerto Rico,openalex,A5123657105,Rafael L. Irizarry,0.6,1.0,0.0,1.0,0.0,2,0,0,,,pending,,,
846,Rafael Odlum,University of Puerto Rico,openalex,A5106060440,Rafael L. Irizarry,0.6,1.0,0.0,1.0,0.0,1,0,0,,,pending,,,
847,Criseida Navarro-Diaz,University of Puerto Rico,openalex,A5050496605,Criseida Navarro Díaz,0.6,1.0,0.0,1.0,0.0,1,0,0,,,pending,,,
849,Norma Peña-Rivera,University of Puerto Rico,openalex,A5043684873,Norma I. Peña-Rivera,0.6,1.0,0.0,1.0,0.0,1,0,0,,,pending,,,
849,Norma Peña-Rivera,University of Puerto Rico,openalex,A5078125909,Norma I Pena-Rivera,0.6,1.0,0.0,1.0,0.0,1,0,0,,,pending,,,
851,Ariam Torres-Cordero,University of Puerto Rico,openalex,A5093681082,Ariam L Torres-Cordero,0.8,1.0,0.5,1.0,0.095,1,2,1,University of Illinois Urbana-Champaign,https://orcid.org/0000-0002-6233-8547,pending,,,
855,Benoît Frate,University of Quebec in Montreal,openalex,A5030554974,Benoît Frate,1.0,1.0,1.0,1.0,0.219,2,7,1,Université du Québec à Montréal,,pending,,,
855,Benoît Frate,University of Quebec in Montreal,openalex,A5044744062,Benoît Frate,0.631,1.0,0.0,0.875,0.094,6,3,1,,,pending,,,
855,Benoît Frate,University of Quebec in Montreal,openalex,A5093751708,Benoît Frate,0.6,1.0,0.0,1.0,0.0,1,0,0,,,pending,,,
855,Benoît Frate,University of Quebec in Montreal,openalex,A5133191090,Benoît Frate,0.55,1.0,0.0,0.667,0.0,1,0,0,,,pending,,,
863,Thi Thanh Hiên Pham,University of Quebec in Montreal,openalex,A5090849619,Thi‐Thanh‐Hiên Pham,1.0,1.0,1.0,1.0,0.636,46,914,15,Université du Québec à Montréal,https://orcid.org/0000-0003-4620-8950,pending,,,
863,Thi Thanh Hiên Pham,University of Quebec in Montreal,openalex,A5108457372,Thi-Thanh-Hiên Pham,0.963,1.0,1.0,0.75,0.103,5,148,3,Université du Québec à Montréal,,pending,,,
863,Thi Thanh Hiên Pham,University of Quebec in Montreal,openalex,A5109889380,THI‐THANH‐HIEN PHAM,0.9,1.0,1.0,1.0,0.013,3,18,1,Université du Québec à Montréal,,pending,,,
863,Thi Thanh Hiên Pham,University of Quebec in Montreal,openalex,A5126257565,Thi-Thanh-Hiên Pham,0.9,1.0,1.0,1.0,0.0,1,0,0,Université du Québec à Montréal,,pending,,,
863,Thi Thanh Hiên Pham,University of Quebec in Montreal,openalex,A5108771275,Thi Thanh Hiên Pham,0.85,1.0,1.0,0.667,0.011,15,16,3,Université du Québec à Montréal,,pending,,,
869,Ehab Diab,University of Saskatchewan,openalex,A5011657661,Ehab Diab,0.977,1.0,1.0,0.846,0.727,71,1637,20,University of Saskatchewan,https://orcid.org/0000-0001-9507-5061,pending,,,
869,Ehab Diab,University of Saskatchewan,openalex,A5135292063,Ehab Diab,0.9,1.0,1.0,1.0,0.002,8,4,2,University of Saskatchewan,,pending,,,
869,Ehab Diab,University of Saskatchewan,openalex,A5092596422,Ehab Mansour Diab,0.45,1.0,0.0,0.0,0.0,1,1,1,inVentiv Health Clinical,,pending,,,
869,Ehab Diab,University of Saskatchewan,openalex,A5113380088,Basant Ehab Diab,0.445,0.75,0.0,0.714,0.008,3,19,2,Commissariat à l'Énergie Atomique et aux Énergies Alternatives,,pending,,,
870,Robert Patrick,University of Saskatchewan,openalex,A5016687100,Robert Patrick,0.975,1.0,1.0,0.833,0.526,49,1107,17,University of Saskatchewan,,pending,,,
870,Robert Patrick,University of Saskatchewan,openalex,A5071550128,Robert H. Patrick,0.826,1.0,0.5,0.842,0.432,43,908,17,"Rutgers, The State University of New Jersey",,pending,,,
870,Robert Patrick,University of Saskatchewan,openalex,A5039024938,Robert J. Patrick Hofmann,0.625,1.0,0.0,0.5,0.308,3,647,3,NOAA Earth System Research Laboratory,,pending,,,
870,Robert Patrick,University of Saskatchewan,openalex,A5097578811,Robert Patrick Knowles,0.6,1.0,0.0,1.0,0.01,1,22,1,,,pending,,,
870,Robert Patrick,University of Saskatchewan,openalex,A5090611098,Patrick Robert Edwards,0.595,0.712,0.5,0.5,0.046,5,96,4,University of Toronto,,pending,,,
880,Qisheng Pan,"University of Texas, Arlington",openalex,A5083699253,Qisheng Pan,0.985,1.0,1.0,0.899,0.411,98,725,15,The University of Texas at Arlington,https://orcid.org/0000-0002-4588-3199,pending,,,
880,Qisheng Pan,"University of Texas, Arlington",openalex,A5112746846,Qisheng Pan,0.973,1.0,1.0,0.818,0.39,10,688,4,The University of Texas at Arlington,,pending,,,
880,Qisheng Pan,"University of Texas, Arlington",openalex,A5147905953,Qisheng Pan,0.9,1.0,1.0,1.0,0.0,1,0,0,The University of Texas at Arlington,,pending,,,
880,Qisheng Pan,"University of Texas, Arlington",openalex,A5040267991,Qisheng Pan,0.55,1.0,0.0,0.0,0.202,11,357,5,Baker Heart and Diabetes Institute,https://orcid.org/0000-0001-8154-4293,pending,,,
880,Qisheng Pan,"University of Texas, Arlington",openalex,A5142971526,Qisheng Pan,0.5,1.0,0.0,0.333,0.0,1,0,0,,,pending,,,
882,Ariadna Reyes-Sanchez,"University of Texas, Arlington",openalex,A5072055173,Ariadna Reyes-Sanchez,1.0,1.0,1.0,1.0,1.0,5,13,3,The University of Texas at Arlington,,pending,,,
882,Ariadna Reyes-Sanchez,"University of Texas, Arlington",openalex,A5140491892,Ariadna Reyes-Sanchez,0.85,1.0,1.0,0.667,0.0,1,0,0,The University of Texas at Arlington,,pending,,,
896,Ming Zhang,"University of Texas, Austin",openalex,A5053902230,Ming Zhang,0.95,1.0,1.0,1.0,1.577,254,7543,49,China Three Gorges University,https://orcid.org/0000-0003-3023-1419,pending,,,
896,Ming Zhang,"University of Texas, Austin",openalex,A5100642537,Ming Zhang,0.85,1.0,1.0,0.0,1.342,245,6421,39,King University,https://orcid.org/0000-0002-9809-3430,pending,,,
896,Ming Zhang,"University of Texas, Austin",openalex,A5100620621,Ming Zhang,0.75,1.0,1.0,0.0,3.184,367,15228,66,ON Semiconductor (United States),https://orcid.org/0000-0003-4307-2058,rejected,audit_matches,2026-09-16,"rejected 2026-09-16: OpenAlex 15,228 citations against 5,004 from google_scholar (3.0x); probable namesake"
896,Ming Zhang,"University of Texas, Austin",openalex,A5100447273,Ming Zhang,0.65,1.0,0.0,1.0,1.963,262,9390,47,Beijing Agricultural Machinery Research Institute,https://orcid.org/0000-0002-4878-5420,pending,,,
896,Ming Zhang,"University of Texas, Austin",openalex,A5100447253,Ming Zhang,0.632,1.0,0.0,0.549,1.23,169,5884,42,Zhejiang Sci-Tech University,https://orcid.org/0000-0002-2916-8128,pending,,,
897,Ryun Jung Lee,"University of Texas, San Antonio",openalex,A5020065179,Ryun Jung Lee,0.85,1.0,0.5,1.0,0.696,34,594,14,,https://orcid.org/0000-0002-6746-7890,pending,,,
897,Ryun Jung Lee,"University of Texas, San Antonio",openalex,A5024188924,Ryun-Jung Lee,0.6,1.0,0.0,1.0,0.0,2,0,0,,,pending,,,
897,Ryun Jung Lee,"University of Texas, San Antonio",openalex,A5054840258,Jung-Ryun Lee,0.531,0.897,0.0,0.182,1.049,128,895,18,Intelligent Energy (United Kingdom),https://orcid.org/0000-0001-7372-5692,pending,,,
897,Ryun Jung Lee,"University of Texas, San Antonio",openalex,A5034285437,Jung Ryun Lee,0.504,0.897,0.0,0.333,0.052,1,44,1,,,pending,,,
897,Ryun Jung Lee,"University of Texas, San Antonio",openalex,A5079503473,Jung Ryun Lee,0.454,0.897,0.0,0.333,0.0,1,0,0,,,pending,,,
898,Esteban López Ochoa,"University of Texas, San Antonio",openalex,A5133495512,Esteban López Ochoa,0.6,1.0,0.0,1.0,0.004,5,1,1,The University of Texas at San Antonio,,pending,,,
898,Esteban López Ochoa,"University of Texas, San Antonio",openalex,A5118627972,Esteban Lopez-Ochoa,0.6,1.0,0.0,1.0,0.0,1,0,0,The University of Texas at San Antonio,,pending,,,
898,Esteban López Ochoa,"University of Texas, San Antonio",openalex,A5147078962,Esteban A. Lopez Ochoa,0.55,1.0,0.0,0.667,0.0,1,0,0,The University of Texas at San Antonio,,pending,,,
898,Esteban López Ochoa,"University of Texas, San Antonio",openalex,A5127716245,Juan Esteban Ochoa López,0.498,0.773,0.0,1.0,0.0,1,0,0,,,pending,,,
902,Patrick Lawrence,University of Toledo,openalex,A5043568452,Patrick L. Lawrence,0.915,1.0,1.0,0.767,2.279,57,310,10,University of Toledo,,pending,,,
902,Patrick Lawrence,University of Toledo,openalex,A5085557350,Patrick G. Lawrence,0.825,1.0,1.0,0.167,2.721,8,370,6,Montana State University,https://orcid.org/0000-0002-2324-5866,pending,,,
902,Patrick Lawrence,University of Toledo,openalex,A5069923369,Patrick B. Lawrence,0.8,1.0,0.5,1.0,0.051,1,7,1,University of Southern California,,pending,,,
902,Patrick Lawrence,University of Toledo,openalex,A5103952379,Patrick Lawrence Spence,0.7,1.0,0.5,0.0,1.118,3,152,2,University of Washington,,pending,,,
902,Patrick Lawrence,University of Toledo,openalex,A5054585473,Patrick A. Lawrence,0.662,1.0,0.0,0.75,0.11,2,15,2,,,pending,,,
904,Neil Reid,University of Toledo,openalex,A5026651294,Neil Reid,1.0,1.0,1.0,1.0,1.015,217,3581,33,Queen's University Belfast,https://orcid.org/0000-0001-8951-8292,pending,,,
904,Neil Reid,University of Toledo,openalex,A5069803763,Neil Reid,0.905,1.0,1.0,0.366,0.504,149,1779,26,Universidade Federal do Paraná,https://orcid.org/0000-0003-0520-1023,pending,,,
904,Neil Reid,University of Toledo,openalex,A5059016853,NEIL A. REID,0.6,1.0,0.0,1.0,0.003,1,11,1,University of Oxford,,pending,,,
904,Neil Reid,University of Toledo,openalex,A5119432478,Neil Reid,0.6,1.0,0.0,1.0,0.0,1,0,0,,,pending,,,
904,Neil Reid,University of Toledo,openalex,A5122699598,Neil Reid,0.6,1.0,0.0,1.0,0.0,4,0,0,Queen's University Belfast,,pending,,,
905,Mary Schlemper,University of Toledo,openalex,,,0,,,,,,,,,,none,matcher,2026-09-16,
910,Paul Hess,University of Toronto,openalex,A5043515180,Paul Hess,0.98,1.0,1.0,0.866,0.683,66,3865,25,University of Toronto,,pending,,,
910,Paul Hess,University of Toronto,openalex,A5123856103,Paul Hess,0.9,1.0,1.0,1.0,0.0,1,0,0,University of Toronto,,pending,,,
910,Paul Hess,University of Toronto,openalex,A5078021209,Paul Hess,0.865,1.0,1.0,0.769,0.016,6,93,3,University of Toronto,https://orcid.org/0000-0003-4579-8346,pending,,,
910,Paul Hess,University of Toronto,openalex,A5066767326,Paul L. Hess,0.85,1.0,1.0,0.0,1.107,110,6263,28,Joint Commission,https://orcid.org/0000-0002-3022-764X,pending,,,
910,Paul Hess,University of Toronto,openalex,A5133631328,Paul Hess,0.85,1.0,1.0,0.667,0.0,1,0,0,University of Toronto,,pending,,,
916,Michael Widener,University of Toronto,openalex,A5053169940,Michael J. Widener,1.0,1.0,1.0,1.0,0.747,140,3473,33,St. Michael's Hospital,https://orcid.org/0000-0003-3312-6710,pending,,,
916,Michael Widener,University of Toronto,openalex,A5147506309,Michael Widener,0.858,1.0,1.0,0.719,0.0,57,0,0,University of Toronto,,pending,,,
916,Michael Widener,University of Toronto,openalex,A5070127172,Michael Widener,0.6,1.0,0.0,1.0,0.016,116,73,4,University of Phoenix,https://orcid.org/0000-0003-4141-3939,pending,,,
916,Michael Widener,University of Toronto,openalex,A5084344341,Michael D. Widener,0.45,1.0,0.0,0.0,0.0,1,1,1,,,pending,,,
918,Arnab Chakraborty,University of Utah,openalex,A5042656626,Arnab Chakraborty,0.85,1.0,0.5,1.0,0.823,41,1132,14,University of Engineering & Management,https://orcid.org/0000-0002-2899-7864,pending,,,
918,Arnab Chakraborty,University of Utah,openalex,A5010450933,Arnab Chakraborty,0.735,1.0,0.5,0.9,0.004,10,5,1,Shanghai University of Medicine and Health Sciences,https://orcid.org/0000-0001-8742-3505,pending,,,
918,Arnab Chakraborty,University of Utah,openalex,A5102771230,Arnab Chakraborty,0.6,1.0,0.0,1.0,0.001,1,1,1,Rangamati Science and Technology University,https://orcid.org/0009-0008-0279-7187,pending,,,
918,Arnab Chakraborty,University of Utah,openalex,A5026096668,Arnab Chakraborty,0.591,1.0,0.0,0.276,0.249,57,343,12,Space Science Institute,https://orcid.org/0000-0002-7758-9859,pending,,,
918,Arnab Chakraborty,University of Utah,openalex,A5040105632,Arnab Chakraborty,0.59,1.0,0.0,0.6,0.048,27,66,5,Vellore Institute of Technology University,https://orcid.org/0000-0001-5246-506X,pending,,,
922,Andy Hong,University of Utah,openalex,A5072738115,Andy Hong,1.0,1.0,1.0,1.0,1.03,70,2006,25,,https://orcid.org/0000-0002-1295-1431,pending,,,
922,Andy Hong,University of Utah,openalex,A5103164441,Andy Hong,0.927,1.0,1.0,0.846,0.078,11,152,4,University of Utah,https://orcid.org/0000-0001-6500-6866,pending,,,
922,Andy Hong,University of Utah,openalex,A5139487858,Andy Hong,0.9,1.0,1.0,1.0,0.0,1,0,0,University of Utah,,pending,,,
922,Andy Hong,University of Utah,openalex,A5103499585,Andy Pui-Kwan Hong,0.87,1.0,1.0,0.8,0.011,2,21,2,University of Utah,,pending,,,
922,Andy Hong,University of Utah,openalex,A5022136627,Pui-Kwan Andy Hong,0.744,0.431,1.0,1.0,0.473,27,920,14,University of Utah,,pending,,,
923,Aujean Lee,University of Utah,openalex,A5075115194,C. Aujean Lee,0.923,0.828,1.0,1.0,0.7,36,299,10,University of Utah,https://orcid.org/0000-0002-7592-9522,pending,,,
923,Aujean Lee,University of Utah,openalex,A5050588605,Christina Aujean Lee,0.398,0.55,0.0,1.0,0.0,1,0,0,,,pending,,,
928,Suzanne Morse Moomaw,University of Virginia,openalex,A5071929486,Suzanne Morse Moomaw,0.87,1.0,1.0,0.8,0.018,2,13,1,University of Virginia,,pending,,,
931,Bev Wilson,University of Virginia,openalex,A5089529760,Bev Wilson,1.0,1.0,1.0,1.0,0.772,34,1358,16,University of Virginia,https://orcid.org/0000-0003-3892-456X,pending,,,
931,Bev Wilson,University of Virginia,openalex,A5112640076,Bev Wilson,0.95,1.0,1.0,1.0,0.044,2,77,2,University of Virginia,,pending,,,
931,Bev Wilson,University of Virginia,openalex,A5028172464,Bev Wilson,0.6,1.0,0.0,1.0,0.01,2,18,2,,,pending,,,
931,Bev Wilson,University of Virginia,openalex,A5112017490,Bev Wilson,0.58,1.0,0.0,0.2,0.166,2,292,2,,,pending,,,
931,Bev Wilson,University of Virginia,openalex,A5103868655,Bev Wilson,0.55,1.0,0.0,0.0,0.535,15,941,7,Stollery Children's Hospital,,pending,,,
932,Barbara Wilson,University of Virginia,openalex,A5109193437,Barbara Braunstein Wilson,0.85,1.0,1.0,0.0,0.641,7,225,5,University of Virginia Medical Center,,pending,,,
932,Barbara Wilson,University of Virginia,openalex,A5018163213,Barbara B. Wilson,0.75,1.0,1.0,0.0,3.823,124,1342,20,University of Virginia,https://orcid.org/0000-0002-7880-2535,rejected,audit_matches,2026-09-16,"rejected 2026-09-16: OpenAlex 1,342 citations against 401 from google_scholar (3.3x); probable namesake"
932,Barbara Wilson,University of Virginia,openalex,A5024221492,Barbara L. Wilson,0.729,1.0,0.5,0.861,3.573,108,1254,19,University of Utah,https://orcid.org/0000-0002-5852-8137,rejected,audit_matches,2026-09-16,"rejected 2026-09-16: OpenAlex 1,254 citations against 401 from google_scholar (3.1x); probable namesake"
932,Barbara Wilson,University of Virginia,openalex,A5113644437,Barbara Wilson,0.7,1.0,0.5,0.0,1.291,48,453,14,Medical College of Wisconsin,,pending,,,
932,Barbara Wilson,University of Virginia,openalex,A5109000992,Barbara Wilson,0.7,1.0,0.0,1.0,0.259,8,91,3,,,pending,,,
935,Christine Bae,University of Washington,openalex,A5087736214,Chang‐Hee Christine Bae,0.964,0.92,1.0,1.0,0.396,61,771,14,University of Washington,https://orcid.org/0000-0003-0579-0913,pending,,,
935,Christine Bae,University of Washington,openalex,A5037072529,Christine L. Bae,0.939,1.0,1.0,0.596,0.538,55,1046,18,Virginia Commonwealth University,https://orcid.org/0000-0002-3492-7598,pending,,,
935,Christine Bae,University of Washington,openalex,A5014935940,Christine You-jin Bae,0.625,1.0,0.0,0.5,0.117,5,228,4,University of Toronto,,pending,,,
935,Christine Bae,University of Washington,openalex,A5065697603,Christine Chang-hee Bae,0.6,1.0,0.0,1.0,0.001,1,1,1,,,pending,,,
935,Christine Bae,University of Washington,openalex,A5140773643,Christine Lee Bae,0.6,1.0,0.0,1.0,0.0,1,0,0,Virginia Commonwealth University,,pending,,,
938,Karen Chen,University of Washington,openalex,A5012655879,Tzu‐Hsin Karen Chen,0.787,0.576,1.0,0.852,0.145,25,688,11,University of Washington,https://orcid.org/0000-0002-0343-6147,pending,,,
938,Karen Chen,University of Washington,openalex,A5037227044,Karen Caiyun Chen,0.644,1.0,0.0,0.625,0.111,8,525,7,,,pending,,,
938,Karen Chen,University of Washington,openalex,A5084653699,Karen Chen,0.589,1.0,0.0,0.258,0.403,137,1915,21,North Carolina State University,https://orcid.org/0000-0003-2904-1394,pending,,,
938,Karen Chen,University of Washington,openalex,A5080002019,Karen Hui-Jung Chen,0.589,1.0,0.0,0.929,0.021,9,100,5,National Taipei University of Education,,pending,,,
938,Karen Chen,University of Washington,openalex,A5104493531,Karen Chen,0.583,1.0,0.0,0.22,0.601,43,2854,17,Spinal Muscular Atrophy Foundation,https://orcid.org/0000-0002-4617-7851,pending,,,
942,Dylan Stevenson,University of Washington,openalex,A5026114294,Dylan Stevenson,0.6,1.0,0.0,1.0,0.0,1,0,0,,,pending,,,
942,Dylan Stevenson,University of Washington,openalex,A5026249794,Dylan Stevenson,0.6,1.0,0.0,1.0,0.0,1,0,0,,,pending,,,
942,Dylan Stevenson,University of Washington,openalex,A5133769023,Dylan Stevenson,0.55,1.0,0.0,0.667,0.0,1,0,0,,,pending,,,
942,Dylan Stevenson,University of Washington,openalex,A5138344985,Dylan Stevenson,0.525,1.0,0.0,0.5,0.0,1,0,0,,,pending,,,
953,John Lewis,"University of Waterloo, Ontario",openalex,A5103437114,John L. Lewis,0.803,1.0,1.0,0.353,9.656,248,8304,50,University of Waterloo,,rejected,audit_matches,2026-09-16,"rejected 2026-09-16: OpenAlex 8,304 citations against 860 from pop (9.7x); probable namesake"
953,John Lewis,"University of Waterloo, Ontario",openalex,A5057936203,John Lewis,0.75,1.0,1.0,0.0,12.68,337,10905,45,,https://orcid.org/0000-0002-6835-7263,rejected,audit_matches,2026-09-16,"rejected 2026-09-16: OpenAlex 10,905 citations against 860 from pop (12.7x); probable namesake"
953,John Lewis,"University of Waterloo, Ontario",openalex,A5086968933,John Lewis McAdoo,0.675,1.0,0.0,0.833,1.013,15,871,8,,,pending,,,
953,John Lewis,"University of Waterloo, Ontario",openalex,A5029550387,John E. Lewis,0.671,1.0,0.5,0.476,6.806,216,5853,45,University of Ottawa,https://orcid.org/0000-0003-0830-7368,rejected,audit_matches,2026-09-16,"rejected 2026-09-16: OpenAlex 5,853 citations against 860 from pop (6.8x); probable namesake"
953,John Lewis,"University of Waterloo, Ontario",openalex,A5049295104,John E. Lewis,0.664,1.0,0.5,0.429,7.966,415,6851,44,,https://orcid.org/0000-0002-8490-7368,rejected,audit_matches,2026-09-16,"rejected 2026-09-16: OpenAlex 6,851 citations against 860 from pop (8.0x); probable namesake"
954,Leia Minaker,"University of Waterloo, Ontario",openalex,A5063715994,Leia Minaker,1.0,1.0,1.0,1.0,0.784,147,2655,31,University of Waterloo,https://orcid.org/0000-0002-7751-2202,accepted,matcher,2026-09-14,
954,Leia Minaker,"University of Waterloo, Ontario",openalex,A5139950803,Leia M. Minaker,0.9,1.0,1.0,1.0,0.0,1,0,0,University of Waterloo,,pending,,,
954,Leia Minaker,"University of Waterloo, Ontario",openalex,A5093939431,Leia Minaker,0.84,1.0,1.0,0.6,0.0,3,0,0,University of Waterloo,,pending,,,
954,Leia Minaker,"University of Waterloo, Ontario",openalex,A5049941559,M Minaker Leia,0.43,0.734,0.0,0.667,0.0,1,0,0,,,pending,,,
955,Carrie Mitchell,"University of Waterloo, Ontario",openalex,A5069554039,Carrie L. Mitchell,1.0,1.0,1.0,1.0,0.742,33,971,14,University of Waterloo,https://orcid.org/0000-0002-1773-8832,accepted,matcher,2026-09-14,
955,Carrie Mitchell,"University of Waterloo, Ontario",openalex,A5137245389,Carrie Mitchell,0.6,1.0,0.0,1.0,0.0,1,0,0,The University of Texas at Austin,,pending,,,
955,Carrie Mitchell,"University of Waterloo, Ontario",openalex,A5062190512,Carrie Darden-Mitchell,0.481,1.0,0.0,0.205,0.0,166,0,0,,,pending,,,
955,Carrie Mitchell,"University of Waterloo, Ontario",openalex,A5128392582,Carrie LeeAnn Mitchell,0.45,1.0,0.0,0.0,0.0,1,0,0,,,pending,,,
955,Carrie Mitchell,"University of Waterloo, Ontario",openalex,A5044878954,Carrie N. Mitchell,0.45,1.0,0.0,0.0,0.0,1,0,0,,,pending,,,
956,Markus Moos,"University of Waterloo, Ontario",openalex,A5066385286,Markus Moos,1.0,1.0,1.0,1.0,0.614,59,1699,21,University of Waterloo,https://orcid.org/0000-0003-2667-8664,accepted,matcher,2026-09-14,
956,Markus Moos,"University of Waterloo, Ontario",openalex,A5113438130,Markus von Moos,0.471,1.0,0.0,0.143,0.026,3,73,3,"Swiss Federal Institute for Forest, Snow and Landscape Research",,pending,,,
957,Dawn Parker,"University of Waterloo, Ontario",openalex,A5030783380,Dawn C. Parker,1.0,1.0,1.0,1.0,0.697,92,6841,31,,https://orcid.org/0000-0001-8988-193X,accepted,matcher,2026-09-14,
957,Dawn Parker,"University of Waterloo, Ontario",openalex,A5046218612,Dawn Parker,0.65,1.0,0.0,1.0,0.035,19,345,6,Texas A&M University,,pending,,,
957,Dawn Parker,"University of Waterloo, Ontario",openalex,A5055949192,Dawn D. Parker,0.605,1.0,0.0,0.366,0.13,52,1280,21,,,pending,,,
957,Dawn Parker,"University of Waterloo, Ontario",openalex,A5028631760,Dawn E. Parker,0.6,1.0,0.0,0.333,0.168,8,1653,5,,,pending,,,
957,Dawn Parker,"University of Waterloo, Ontario",openalex,A5024666217,Dawn DiGiugno Parker,0.6,1.0,0.0,1.0,0.0,1,2,1,Bristol-Myers Squibb (Germany),,pending,,,
958,Katherine Perrott,"University of Waterloo, Ontario",openalex,A5074777583,Katherine Perrott,1.0,1.0,1.0,1.0,0.662,16,137,4,University of Waterloo,,accepted,matcher,2026-09-14,
959,Jeremy Pittman,"University of Waterloo, Ontario",openalex,A5019239739,Jeremy Pittman,1.0,1.0,1.0,1.0,0.805,106,3768,28,University of Waterloo,https://orcid.org/0000-0001-8327-184X,accepted,matcher,2026-09-14,
959,Jeremy Pittman,"University of Waterloo, Ontario",openalex,A5141057805,Jeremy Pittman,0.85,1.0,1.0,0.667,0.0,2,0,0,University of Waterloo,,pending,,,
959,Jeremy Pittman,"University of Waterloo, Ontario",openalex,A5109122559,Jeremy Joshua Pittman,0.6,1.0,0.0,1.0,0.02,1,94,1,Oklahoma State University,,pending,,,
959,Jeremy Pittman,"University of Waterloo, Ontario",openalex,A5113070664,Jeremy Pittman,0.6,1.0,0.0,1.0,0.001,1,7,1,,,pending,,,
959,Jeremy Pittman,"University of Waterloo, Ontario",openalex,A5133689979,Jeremy Pittman,0.6,1.0,0.0,1.0,0.0,1,1,1,,,pending,,,
960,Joe Qian,"University of Waterloo, Ontario",openalex,A5072030073,Michelle Joe Qian Cheah,0.396,0.658,0.0,0.667,0.024,1,10,1,Manipal University College Malaysia,,pending,,,
961,Mark Seasons,"University of Waterloo, Ontario",openalex,A5051471301,Mark Seasons,0.958,1.0,1.0,0.719,0.499,38,789,14,University of Waterloo,https://orcid.org/0000-0001-7858-6492,accepted,matcher,2026-09-14,
961,Mark Seasons,"University of Waterloo, Ontario",openalex,A5092137857,Mark Seasons,0.45,1.0,0.0,0.0,0.0,1,0,0,,,pending,,,
962,Clarence Woudsma,"University of Waterloo, Ontario",openalex,A5037963516,Clarence Woudsma,0.974,1.0,1.0,0.828,0.65,39,838,12,University of Waterloo,https://orcid.org/0000-0001-6480-2967,accepted,matcher,2026-09-14,
962,Clarence Woudsma,"University of Waterloo, Ontario",openalex,A5039485196,Gerald Clarence Woudsma,0.489,0.753,0.0,1.0,0.0,1,0,0,,,pending,,,
962,Clarence Woudsma,"University of Waterloo, Ontario",openalex,A5020500660,Woudsma Clarence,0.334,0.408,0.0,1.0,0.0,3,0,0,,,pending,,,
963,Anna Bierbrauer,"University of Wisconsin, Madison",openalex,A5015918077,Anna Bierbrauer,0.94,1.0,1.0,0.6,0.733,3,11,2,University of Denver,https://orcid.org/0009-0007-4963-0723,pending,,,
963,Anna Bierbrauer,"University of Wisconsin, Madison",openalex,A5107474617,Anna Bierbrauer,0.825,1.0,1.0,0.5,0.0,1,0,0,University of Wisconsin–Madison,,pending,,,
964,Wenwen Cheng,"University of Wisconsin, Madison",openalex,A5074880294,Wenwen Cheng,1.0,1.0,1.0,1.0,0.988,15,753,7,University of Wisconsin–Madison,https://orcid.org/0000-0003-1160-0928,accepted,matcher,2026-09-14,
964,Wenwen Cheng,"University of Wisconsin, Madison",openalex,A5059982347,Wenwen cheng,0.6,1.0,0.0,1.0,0.0,1,0,0,Air Force Medical University,,pending,,,
964,Wenwen Cheng,"University of Wisconsin, Madison",openalex,A5068169243,Wenwen Cheng,0.598,1.0,0.0,0.318,0.735,34,560,14,Mackay Memorial Hospital,https://orcid.org/0000-0003-3662-2242,pending,,,
964,Wenwen Cheng,"University of Wisconsin, Madison",openalex,A5110692751,Wenwen Cheng,0.573,1.0,0.0,0.154,1.255,24,956,13,National University of Defense Technology,,pending,,,
964,Wenwen Cheng,"University of Wisconsin, Madison",openalex,A5109056289,Wenwen Cheng,0.573,1.0,0.0,0.154,0.154,21,117,6,Chongqing Normal University,https://orcid.org/0009-0002-6416-906X,pending,,,
965,Kenneth Genskow,"University of Wisconsin, Madison",openalex,A5064677648,Kenneth Genskow,0.941,1.0,1.0,0.609,0.29,22,461,10,University of Wisconsin–Madison,,accepted,matcher,2026-09-14,
965,Kenneth Genskow,"University of Wisconsin, Madison",openalex,A5137053502,Kenneth Genskow,0.85,1.0,1.0,0.667,0.0,1,0,0,University of Wisconsin–Madison,,pending,,,
966,James Lagro,"University of Wisconsin, Madison",openalex,A5088307168,James LaGro,1.0,1.0,1.0,1.0,0.426,32,647,12,University of Wisconsin–Madison,,accepted,matcher,2026-09-14,
966,James Lagro,"University of Wisconsin, Madison",openalex,A5093251385,James LaGro,0.6,1.0,0.0,1.0,0.0,1,0,0,,,pending,,,
966,James Lagro,"University of Wisconsin, Madison",openalex,A5098621783,James LaGro,0.6,1.0,0.0,1.0,0.0,1,0,0,,,pending,,,
966,James Lagro,"University of Wisconsin, Madison",openalex,A5114509284,James LaGro,0.575,1.0,0.0,0.833,0.0,2,0,0,,,pending,,,
966,James Lagro,"University of Wisconsin, Madison",openalex,A5117611237,James LaGro,0.57,1.0,0.0,0.8,0.0,2,0,0,,,pending,,,
967,Edna Ledesma,"University of Wisconsin, Madison",openalex,A5022659768,Edna Ledesma,0.97,1.0,1.0,0.8,0.551,21,81,5,University of Wisconsin–Madison,https://orcid.org/0000-0002-7095-0090,accepted,matcher,2026-09-14,
967,Edna Ledesma,"University of Wisconsin, Madison",openalex,A5022632205,Edna Ely-Ledesma,0.95,1.0,1.0,1.0,0.068,2,10,2,University of Wisconsin–Madison,,pending,,,
967,Edna Ledesma,"University of Wisconsin, Madison",openalex,A5128026671,Edna Ely-Ledesma,0.9,1.0,1.0,1.0,0.0,1,0,0,University of Wisconsin–Madison,,pending,,,
967,Edna Ledesma,"University of Wisconsin, Madison",openalex,A5119137351,Edna Ely-Ledesma,0.9,1.0,1.0,1.0,0.0,1,0,0,University of Wisconsin–Madison,,pending,,,
968,David Marcouiller,"University of Wisconsin, Madison",openalex,A5089462699,David W. Marcouiller,1.0,1.0,1.0,1.0,0.487,86,3093,27,Landscape Institute,https://orcid.org/0000-0002-8785-6121,accepted,matcher,2026-09-14,
968,David Marcouiller,"University of Wisconsin, Madison",openalex,A5016988915,W Marcouiller David,0.409,0.687,0.0,0.667,0.0,1,0,0,,,pending,,,
969,Carolyn McAndrews,"University of Wisconsin, Madison",openalex,A5024220514,Carolyn McAndrews,0.972,1.0,1.0,0.813,0.643,59,493,12,University of Wisconsin–Madison,https://orcid.org/0000-0002-0809-4449,accepted,matcher,2026-09-14,
970,Alfonso Morales,"University of Wisconsin, Madison",openalex,A5107991235,Alfonso Morales,0.931,1.0,1.0,0.538,0.458,89,1110,16,,https://orcid.org/0000-0002-8713-7100,pending,,,
970,Alfonso Morales,"University of Wisconsin, Madison",openalex,A5033642008,Alfonso J. Rodríguez‐Morales,0.828,1.0,1.0,0.519,13.839,1409,33517,81,Universidad Científica del Sur,https://orcid.org/0000-0001-9773-2192,rejected,audit_matches,2026-09-16,"rejected 2026-09-16: OpenAlex 33,517 citations against 2,539 from google_scholar (13.2x); probable namesake"
970,Alfonso Morales,"University of Wisconsin, Madison",openalex,A5112004665,Alfonso Carlos Morales Gutiérrez,0.678,1.0,0.0,0.853,0.105,157,254,9,University of Córdoba,,pending,,,
970,Alfonso Morales,"University of Wisconsin, Madison",openalex,A5060730140,Wilfredo Alfonso-Morales,0.62,0.872,0.0,0.848,0.223,47,541,13,Universidad del Valle,https://orcid.org/0000-0002-3091-6082,pending,,,
970,Alfonso Morales,"University of Wisconsin, Madison",openalex,A5032985621,Alfonso Morales Gil,0.6,1.0,0.0,1.0,0.007,1,16,1,,,pending,,,
971,Kurt Paulsen,"University of Wisconsin, Madison",openalex,A5053375377,Kurt Paulsen,1.0,1.0,1.0,1.0,0.565,17,677,11,University of Wisconsin–Madison,,accepted,matcher,2026-09-14,
971,Kurt Paulsen,"University of Wisconsin, Madison",openalex,A5013317863,Kurt Paulsen S.,0.6,1.0,0.0,1.0,0.007,1,8,1,Universidad Nuestra Señora de La Paz,,pending,,,
971,Kurt Paulsen,"University of Wisconsin, Madison",openalex,A5054236190,Kurt Paulsen,0.5,1.0,0.0,0.0,0.069,6,83,5,Martin Luther University Halle-Wittenberg,,pending,,,
971,Kurt Paulsen,"University of Wisconsin, Madison",openalex,A5066598405,Kurt Paulsen Sandi,0.5,1.0,0.0,0.333,0.0,1,0,0,Universidad Nuestra Señora de La Paz,,pending,,,
972,Revel Sims,"University of Wisconsin, Madison",openalex,A5052438575,J. Revel Sims,0.93,0.844,1.0,1.0,0.519,11,147,6,University of Wisconsin–Madison,https://orcid.org/0000-0001-9806-881X,pending,,,
972,Revel Sims,"University of Wisconsin, Madison",openalex,A5035113690,Revel Sims,0.7,1.0,0.0,1.0,0.191,1,54,1,,,pending,,,
973,Gaylan Williams,"University of Wisconsin, Madison",openalex,A5034610960,Gaylan Williams,0.487,1.0,0.0,0.25,0.0,2,0,0,,,pending,,,
974,Carolyn Esswein,"University of Wisconsin, Milwaukee",openalex,A5084368332,Carolyn Esswein,0.6,1.0,0.0,1.0,0.0,2,0,0,,,pending,,,
975,Kirk Harris,"University of Wisconsin, Milwaukee",openalex,A5087544477,Kirk E. Harris,1.0,1.0,1.0,1.0,0.148,4,25,2,University of Wisconsin–Milwaukee,,pending,,,
975,Kirk Harris,"University of Wisconsin, Milwaukee",openalex,A5027666083,Kirk Harris,0.7,1.0,0.0,1.0,0.249,5,42,3,Susquehanna University,,pending,,,
975,Kirk Harris,"University of Wisconsin, Milwaukee",openalex,A5022678205,Kirk Harris,0.6,1.0,0.0,0.333,1.355,14,229,8,University of Rochester,https://orcid.org/0000-0002-5134-4386,pending,,,
975,Kirk Harris,"University of Wisconsin, Milwaukee",openalex,A5147223830,"Kirk, Harris Elliott, 1872-1953",0.6,1.0,0.0,1.0,0.0,3,0,0,,,pending,,,
975,Kirk Harris,"University of Wisconsin, Milwaukee",openalex,A5018151237,Kirk Harris,0.578,1.0,0.0,0.185,0.574,11,97,7,,,pending,,,
976,Lauren Nolan,"University of Wisconsin, Milwaukee",openalex,A5030217009,Lauren Nolan,0.65,1.0,0.0,1.0,0.043,4,1,1,,,pending,,,
976,Lauren Nolan,"University of Wisconsin, Milwaukee",openalex,A5125608287,Lauren E. Nolan,0.6,1.0,0.0,1.0,0.0,1,0,0,,,pending,,,
976,Lauren Nolan,"University of Wisconsin, Milwaukee",openalex,A5116549183,Lauren Nolan,0.586,1.0,0.0,0.571,0.043,3,1,1,The University of Queensland,,pending,,,
976,Lauren Nolan,"University of Wisconsin, Milwaukee",openalex,A5022547303,Lauren Wood Nolan,0.5,1.0,0.0,0.0,0.087,1,2,1,University of Kentucky,,pending,,,
977,Robert Schneider,"University of Wisconsin, Milwaukee",openalex,A5012023237,Robert J. Schneider,0.952,1.0,1.0,0.68,1.095,205,4357,34,University of Wisconsin–Milwaukee,https://orcid.org/0000-0002-6225-3615,pending,,,
977,Robert Schneider,"University of Wisconsin, Milwaukee",openalex,A5103429978,Robert Schneider,0.85,1.0,1.0,0.0,0.136,23,541,8,Centre National de la Recherche Scientifique,,pending,,,
977,Robert Schneider,"University of Wisconsin, Milwaukee",openalex,A5071685655,Robert Schneider,0.7,1.0,0.0,1.0,0.407,118,1621,21,Université du Québec à Rimouski,https://orcid.org/0000-0001-9862-9808,pending,,,
977,Robert Schneider,"University of Wisconsin, Milwaukee",openalex,A5110126660,Robert A. Schneider,0.671,1.0,0.0,0.81,0.177,73,704,15,,,pending,,,
977,Robert Schneider,"University of Wisconsin, Milwaukee",openalex,A5103363798,Robert J. Schneider,0.636,1.0,0.0,0.571,0.131,26,520,10,,,pending,,,
978,Marlon Boarnet,USC,openalex,A5074081195,Marlon G. Boarnet,1.0,1.0,1.0,1.0,0.572,207,9516,44,University of Southern California,https://orcid.org/0000-0002-0890-347X,accepted,matcher,2026-09-14,
978,Marlon Boarnet,USC,openalex,A5139758702,Marlon Boarnet,0.525,1.0,0.0,0.5,0.0,1,0,0,,,pending,,,
978,Marlon Boarnet,USC,openalex,A5129485899,Hsin-Ping Hsu; Marlon Boarnet,0.371,0.492,0.0,1.0,0.0,1,0,0,,,pending,,,
978,Marlon Boarnet,USC,openalex,A5140433363,"Shu Liu, Hao Hu, Qifan Shao, Marlon Boarnet, Genevieve Giuliano, and Jiachen Zhang",0.318,0.596,0.0,0.333,0.0,1,0,0,,,pending,,,
978,Marlon Boarnet,USC,openalex,A5147225503,"Qifan Shao, Genevieve Giuliano, Marlon Boarnet, Jiachen Zhang, Hao Hu, and Shu Liu",0.274,0.608,0.0,0.0,0.0,1,0,0,,,pending,,,
979,Geoff Boeing,USC,openalex,A5029065188,Geoff Boeing,0.943,1.0,1.0,0.62,0.563,1713,4043,29,University of Southern California,https://orcid.org/0000-0003-1851-6411,accepted,matcher,2026-09-14,
979,Geoff Boeing,USC,openalex,A5135350204,Geoff Boeing,0.9,1.0,1.0,1.0,0.0,2,0,0,University of Southern California,https://orcid.org/0000-0003-1851-6411,pending,,,
979,Geoff Boeing,USC,openalex,A5135197243,Geoff Boeing,0.6,1.0,0.0,1.0,0.0,2,0,0,,https://orcid.org/0000-0003-1851-6411,pending,,,
979,Geoff Boeing,USC,openalex,A5146850485,Geoff Boeing,0.55,1.0,0.0,0.667,0.0,1,0,0,,,pending,,,
979,Geoff Boeing,USC,openalex,A5126053110,Geoff Boeing,0.55,1.0,0.0,0.667,0.0,1,0,0,,,pending,,,
980,Santina Contreras,USC,openalex,A5086132569,Santina Contreras,0.985,1.0,1.0,0.903,0.822,29,664,13,University of Southern California,https://orcid.org/0000-0003-4461-607X,accepted,matcher,2026-09-14,
980,Santina Contreras,USC,openalex,A5136869384,Santina Contreras,0.9,1.0,1.0,1.0,0.0,1,0,0,University of Southern California,https://orcid.org/0000-0003-4461-607X,pending,,,
980,Santina Contreras,USC,openalex,A5125665277,Santina Contreras,0.6,1.0,0.0,1.0,0.0,3,0,0,Systems Planning and Analysis (United States),,pending,,,
980,Santina Contreras,USC,openalex,A5123937388,Santina Contreras,0.6,1.0,0.0,1.0,0.0,1,0,0,,,pending,,,
980,Santina Contreras,USC,openalex,A5125264361,Santina Contreras,0.55,1.0,0.0,0.667,0.0,1,0,0,,,pending,,,
981,Elizabeth Currid-Halkett,USC,openalex,A5000953373,Elizabeth Currid‐Halkett,1.0,1.0,1.0,1.0,0.175,50,717,14,University of Southern California,https://orcid.org/0009-0009-0903-8447,accepted,matcher,2026-09-14,
981,Elizabeth Currid-Halkett,USC,openalex,A5130709600,Elizabeth Currid-Halkett,0.9,1.0,1.0,1.0,0.0,1,0,0,University of Southern California,,pending,,,
981,Elizabeth Currid-Halkett,USC,openalex,A5117732109,Elizabeth Currid-Halkett,0.6,1.0,0.0,1.0,0.0,1,0,0,,,pending,,,
981,Elizabeth Currid-Halkett,USC,openalex,A5107420607,Elizabeth Currid-Halkett,0.6,1.0,0.0,1.0,0.0,1,0,0,,,pending,,,
981,Elizabeth Currid-Halkett,USC,openalex,A5099396305,Elizabeth Currid-Halkett,0.525,1.0,0.0,0.5,0.0,1,0,0,,,pending,,,
982,Jorge de la Roca,USC,openalex,A5087751752,Jorge De la Roca,1.0,1.0,1.0,1.0,0.55,21,1032,10,University of Southern California,https://orcid.org/0000-0002-6141-1271,accepted,matcher,2026-09-14,
982,Jorge de la Roca,USC,openalex,A5094000071,Jorge De la Roca Sol,0.9,1.0,1.0,1.0,0.001,1,1,1,University of Southern California,,pending,,,
982,Jorge de la Roca,USC,openalex,A5114548654,Jorge De la Roca,0.875,1.0,1.0,0.833,0.0,2,0,0,University of Southern California,,pending,,,
982,Jorge de la Roca,USC,openalex,A5138038108,Jorge De la Roca,0.6,1.0,0.0,1.0,0.0,1,0,0,,,pending,,,
982,Jorge de la Roca,USC,openalex,A5057484201,Jorge Martín de la Roca Macchiavello,0.6,1.0,0.0,1.0,0.0,1,0,0,,,pending,,,
983,Genevieve Giuliano,USC,openalex,A5064497570,Geneviève Giuliano,0.983,1.0,1.0,0.889,0.472,228,7392,42,University of Southern California,https://orcid.org/0000-0002-9257-8269,accepted,matcher,2026-09-14,
983,Genevieve Giuliano,USC,openalex,A5119437974,Genevieve Giuliano,0.6,1.0,0.0,1.0,0.0,1,0,0,,,pending,,,
983,Genevieve Giuliano,USC,openalex,A5118723641,Genevieve Giuliano,0.55,1.0,0.0,0.667,0.0,1,0,0,,,pending,,,
983,Genevieve Giuliano,USC,openalex,A5147225503,"Qifan Shao, Genevieve Giuliano, Marlon Boarnet, Jiachen Zhang, Hao Hu, and Shu Liu",0.273,0.606,0.0,0.0,0.0,1,0,0,,,pending,,,
983,Genevieve Giuliano,USC,openalex,A5140433363,"Shu Liu, Hao Hu, Qifan Shao, Marlon Boarnet, Genevieve Giuliano, and Jiachen Zhang",0.269,0.487,0.0,0.333,0.0,1,0,0,,,pending,,,
984,Richard Green,USC,openalex,A5100730171,Richard Green,1.0,1.0,1.0,1.0,0.315,172,2315,23,University of Surrey,https://orcid.org/0000-0001-6141-5910,pending,,,
984,Richard Green,USC,openalex,A5070661987,Richard K. Green,0.974,1.0,1.0,0.825,0.517,143,3798,25,University of Southern California,https://orcid.org/0000-0002-4154-2952,pending,,,
984,Richard Green,USC,openalex,A5100730175,Richard Green,0.892,1.0,1.0,0.612,1.66,629,12186,52,University of Arizona,https://orcid.org/0000-0002-8671-8966,pending,,,
984,Richard Green,USC,openalex,A5002623954,Richard C. Green,0.678,1.0,0.0,0.852,0.641,57,4705,28,,,pending,,,
984,Richard Green,USC,openalex,A5017538954,RICHARD GREEN,0.62,1.0,0.0,0.8,0.089,5,650,4,,,pending,,,
985,Eric Heikkila,USC,openalex,A5113553371,Eric J. Heikkila,1.0,1.0,1.0,1.0,0.55,80,1033,17,University of Southern California,,accepted,matcher,2026-09-14,
985,Eric Heikkila,USC,openalex,A5135935871,Eric Heikkila,0.9,1.0,1.0,1.0,0.0,3,0,0,University of Southern California,https://orcid.org/0000-0003-1068-519X,pending,,,
985,Eric Heikkila,USC,openalex,A5146894742,Eric J. Heikkila,0.9,1.0,1.0,1.0,0.0,2,0,0,University of Southern California,,pending,,,
986,Annette Kim,USC,openalex,A5032597591,Annette M. Kim,1.0,1.0,1.0,1.0,0.182,11,264,7,University of Southern California,,pending,,,
986,Annette Kim,USC,openalex,A5013470629,Annette M. Kim,0.958,1.0,1.0,0.722,0.123,13,178,6,,,pending,,,
986,Annette Kim,USC,openalex,A5086696069,Annette Kim,0.879,1.0,1.0,0.857,0.01,5,15,2,University of Southern California,,pending,,,
986,Annette Kim,USC,openalex,A5087102585,Annette M. Kim,0.875,1.0,1.0,0.833,0.006,2,9,2,University of Southern California,https://orcid.org/0000-0001-9768-8670,pending,,,
986,Annette Kim,USC,openalex,A5056267816,Annette Miae Kim,0.7,1.0,0.0,1.0,0.168,12,244,2,,,pending,,,
987,Dowell Myers,USC,openalex,A5000410526,Dowell Myers,1.0,1.0,1.0,1.0,0.489,108,3804,34,University of Southern California,https://orcid.org/0000-0003-0196-0700,accepted,matcher,2026-09-14,
988,Gary Painter,USC,openalex,A5041911224,Gary Painter,0.986,1.0,1.0,0.907,0.636,155,3484,29,University of Cincinnati,https://orcid.org/0000-0002-2962-4904,accepted,matcher,2026-09-14,
988,Gary Painter,USC,openalex,A5143845647,Gary Painter,0.9,1.0,1.0,1.0,0.009,2,49,2,University of Southern California,,pending,,,
988,Gary Painter,USC,openalex,A5108473093,GARY L. PAINTER,0.45,1.0,0.0,0.0,0.001,1,8,1,Hahnemann University Hospital,,pending,,,
988,Gary Painter,USC,openalex,A5035774184,Gary L. Painter,0.45,1.0,0.0,0.0,0.0,1,0,0,,,pending,,,
989,Christian Redfearn,USC,openalex,A5025629965,Christian L. Redfearn,1.0,1.0,1.0,1.0,0.722,84,1683,16,University of Southern California,https://orcid.org/0000-0002-2741-6132,accepted,matcher,2026-09-14,
990,Lisa Schweitzer,USC,openalex,A5109972302,Lisa Schweitzer,1.0,1.0,1.0,1.0,0.877,94,2340,24,,,accepted,matcher,2026-09-14,
990,Lisa Schweitzer,USC,openalex,A5110446037,Lisa E. Schweitzer,0.9,1.0,1.0,1.0,0.0,1,1,1,University of Southern California,,pending,,,
990,Lisa Schweitzer,USC,openalex,A5076116646,Lisa M Schweitzer,0.5,1.0,0.0,0.333,0.0,1,1,1,,,pending,,,
991,David Sloane,USC,openalex,A5047218232,David C. Sloane,1.0,1.0,1.0,1.0,0.524,77,1685,22,,,accepted,matcher,2026-09-14,
991,David Sloane,USC,openalex,A5097158482,David Sloane,0.6,1.0,0.0,1.0,0.002,1,5,1,,,pending,,,
991,David Sloane,USC,openalex,A5062260033,David A. Sloane,0.6,1.0,0.0,1.0,0.006,15,19,2,,,pending,,,
991,David Sloane,USC,openalex,A5059726009,David E. E. Sloane,0.577,1.0,0.0,0.181,0.84,115,2700,23,University of New Haven,https://orcid.org/0000-0003-2562-7582,pending,,,
991,David Sloane,USC,openalex,A5013968656,David L. Sloane,0.55,1.0,0.0,0.0,0.291,20,935,16,Catalyst Biosciences (United States),,pending,,,
992,Lois Takahashi,USC,openalex,A5070136452,Lois M. Takahashi,0.953,1.0,1.0,0.687,0.647,147,2961,28,San Jose State University,https://orcid.org/0000-0001-5974-3456,accepted,matcher,2026-09-14,
993,John Accordino,Virginia Commonwealth University,openalex,A5020861561,John Accordino,1.0,1.0,1.0,1.0,0.596,21,663,9,Virginia Commonwealth University,https://orcid.org/0000-0001-6190-7552,accepted,matcher,2026-09-14,
993,John Accordino,Virginia Commonwealth University,openalex,A5136437732,John Accordino,0.85,1.0,1.0,0.667,0.0,1,0,0,Virginia Commonwealth University,https://orcid.org/0000-0001-6190-7552,pending,,,
993,John Accordino,Virginia Commonwealth University,openalex,A5099434346,John J. Accordino,0.6,1.0,0.0,1.0,0.002,1,2,1,,,pending,,,
994,Xueming Chen,Virginia Commonwealth University,openalex,A5036924709,Xueming Chen,1.0,1.0,1.0,1.0,0.291,20,153,7,Virginia Commonwealth University,https://orcid.org/0000-0002-0188-9716,pending,,,
994,Xueming Chen,Virginia Commonwealth University,openalex,A5101692806,Xueming Chen,0.9,1.0,1.0,1.0,14.213,224,7476,44,Fuzhou University,https://orcid.org/0000-0003-4009-9810,rejected,audit_matches,2026-09-16,"rejected 2026-09-16: OpenAlex 7,476 citations against 555 from google_scholar (13.5x); probable namesake"
994,Xueming Chen,Virginia Commonwealth University,openalex,A5043119394,Xueming Chen,0.878,1.0,1.0,0.184,1.222,59,643,15,Guangdong Academy of Sciences,https://orcid.org/0000-0001-8798-509X,pending,,,
994,Xueming Chen,Virginia Commonwealth University,openalex,A5019759111,Xueming Chen,0.86,1.0,1.0,0.4,0.07,2,37,2,Virginia Commonwealth University,,pending,,,
994,Xueming Chen,Virginia Commonwealth University,openalex,A5078225705,Xueming Chen,0.7,1.0,0.0,1.0,0.508,8,267,5,East China Normal University,https://orcid.org/0000-0001-8609-2417,pending,,,
995,Meghan Gough,Virginia Commonwealth University,openalex,A5012689682,Meghan Z. Gough,1.0,1.0,1.0,1.0,0.434,57,335,9,Virginia Commonwealth University,https://orcid.org/0000-0002-1518-4557,accepted,matcher,2026-09-14,
995,Meghan Gough,Virginia Commonwealth University,openalex,A5138752372,Meghan Z. Gough,0.81,1.0,1.0,0.4,0.001,2,1,1,Virginia Commonwealth University,,pending,,,
996,Elsie Harper-Anderson,Virginia Commonwealth University,openalex,A5031455147,Elsie Harper-Anderson,0.938,1.0,1.0,0.588,0.329,19,216,7,Virginia Commonwealth University,https://orcid.org/0000-0001-8182-0366,accepted,matcher,2026-09-14,
996,Elsie Harper-Anderson,Virginia Commonwealth University,openalex,A5134807992,Elsie Harper-Anderson,0.525,1.0,0.0,0.5,0.0,4,0,0,,,pending,,,
997,Damian Pitt,Virginia Commonwealth University,openalex,A5009692813,Damian Pitt,1.0,1.0,1.0,1.0,0.674,19,370,11,Virginia Commonwealth University,,accepted,matcher,2026-09-14,
997,Damian Pitt,Virginia Commonwealth University,openalex,A5124020323,Damian Pitt,0.6,1.0,0.0,1.0,0.0,1,0,0,,,pending,,,
997,Damian Pitt,Virginia Commonwealth University,openalex,A5060074618,Damian Rogero Pitt,0.6,1.0,0.0,1.0,0.0,1,0,0,,,pending,,,
997,Damian Pitt,Virginia Commonwealth University,openalex,A5109237805,Damian Pitt,0.57,1.0,0.0,0.8,0.004,2,2,1,,,pending,,,
998,Sarah Raskin,Virginia Commonwealth University,openalex,A5044926152,Sarah E. Raskin,0.944,1.0,1.0,0.625,0.889,49,538,11,Virginia Commonwealth University,https://orcid.org/0000-0002-1652-6678,accepted,matcher,2026-09-14,
998,Sarah Raskin,Virginia Commonwealth University,openalex,A5007026820,Raskin E. Sarah,0.766,0.869,1.0,0.5,0.013,2,8,1,,,pending,,,
998,Sarah Raskin,Virginia Commonwealth University,openalex,A5058063237,Sarah Bloom Raskin,0.75,1.0,0.5,1.0,0.005,16,3,1,,,pending,,,
998,Sarah Raskin,Virginia Commonwealth University,openalex,A5098345062,Sarah Raskin,0.55,1.0,0.0,0.667,0.008,1,5,1,,,pending,,,
998,Sarah Raskin,Virginia Commonwealth University,openalex,A5106929362,Sarah Raskin,0.55,1.0,0.0,0.667,0.003,2,2,1,College Summit,,pending,,,
999,James Smither,Virginia Commonwealth University,openalex,A5007678868,James R. Smither,0.682,1.0,0.0,0.878,1.36,45,34,4,Grand Valley State University,,pending,,,
999,James Smither,Virginia Commonwealth University,openalex,A5088660355,James G. Smither,0.65,1.0,0.0,1.0,0.04,1,1,1,,,pending,,,
999,James Smither,Virginia Commonwealth University,openalex,A5135199498,James Smither,0.55,1.0,0.0,0.667,0.0,34,0,0,,,pending,,,
999,James Smither,Virginia Commonwealth University,openalex,A5065028456,James W. Smither,0.511,1.0,0.0,0.406,241.24,108,6031,36,,,rejected,audit_matches,2026-09-16,"rejected 2026-09-16: OpenAlex 6,031 citations against 25 from pop (241.2x); probable namesake"
1000,Shruti Syal,Virginia Commonwealth University,openalex,A5067688085,Shruti Syal,1.0,1.0,1.0,1.0,0.705,8,67,3,,https://orcid.org/0000-0002-3781-6500,accepted,matcher,2026-09-14,
1001,Benjamin Teresa,Virginia Commonwealth University,openalex,A5043832288,Benjamin F. Teresa,1.0,1.0,1.0,1.0,0.712,28,331,10,Virginia Commonwealth University,https://orcid.org/0000-0002-5118-9865,accepted,matcher,2026-09-14,
1001,Benjamin Teresa,Virginia Commonwealth University,openalex,A5136021044,Benjamin Teresa,0.9,1.0,1.0,1.0,0.0,1,0,0,Virginia Commonwealth University,,pending,,,
1001,Benjamin Teresa,Virginia Commonwealth University,openalex,A5136382349,Benjamin F. Teresa,0.875,1.0,1.0,0.833,0.0,2,0,0,Virginia Commonwealth University,https://orcid.org/0000-0002-5118-9865,pending,,,
1001,Benjamin Teresa,Virginia Commonwealth University,openalex,A5061495539,Kathryn Howell Benjamin F. Teresa,0.431,0.624,0.0,1.0,0.011,2,5,1,,,pending,,,
1001,Benjamin Teresa,Virginia Commonwealth University,openalex,A5149024392,"Mary Lynn Barth, Rose Griggs; Sheila Simon, Mrs. Mary Ellis; John Brooks, General Benjamin Griggs; John S. Yuille, Edward Crossman; Gary Graham, Frederick Ellis; Cheri Banks, Carrie Ellis; Teresa Mann, Sophie Tuckerman; Frank Williams II, Leon; Diane Lynn Danforth, Constance Tuckerman; Mark Batman, Nicholas Denery; Jan Plank, Nina Denery; Elizabeth Campbell, Hilda",0.317,0.537,0.0,0.5,0.0,1,0,0,,,pending,,,
1002,Niraj Verma,Virginia Commonwealth University,openalex,A5069273525,Niraj Verma,0.916,1.0,1.0,0.44,0.621,76,991,19,Virginia Commonwealth University,https://orcid.org/0000-0003-4762-944X,accepted,matcher,2026-09-14,
1002,Niraj Verma,Virginia Commonwealth University,openalex,A5118748438,Niraj Verma,0.6,1.0,0.0,1.0,0.0,1,0,0,,,pending,,,
1002,Niraj Verma,Virginia Commonwealth University,openalex,A5109256311,Niraj Verma,0.55,1.0,0.0,0.667,0.003,6,4,1,,,pending,,,
1002,Niraj Verma,Virginia Commonwealth University,openalex,A5094305783,Niraj Verma -,0.55,1.0,0.0,0.667,0.0,1,0,0,,,pending,,,
1002,Niraj Verma,Virginia Commonwealth University,openalex,A5093535559,NIRAJ VERMA -,0.55,1.0,0.0,0.667,0.0,1,0,0,,,pending,,,
1003,David Bieri,Virginia Tech,openalex,A5051628468,David S. Bieri,1.0,1.0,1.0,1.0,0.569,53,283,9,Virginia Tech,https://orcid.org/0000-0002-4322-5950,accepted,matcher,2026-09-14,
1003,David Bieri,Virginia Tech,openalex,A5144763216,David Bieri,0.6,1.0,0.0,1.0,0.0,1,0,0,,,pending,,,
1003,David Bieri,Virginia Tech,openalex,A5126040576,Alex David Adrian Bieri,0.334,0.631,0.0,0.333,0.0,1,0,0,Faculty (United Kingdom),,pending,,,
1004,Ralph Buehler,Virginia Tech,openalex,A5051099600,Ralph Buehler,0.981,1.0,1.0,0.876,0.624,168,12860,51,Office of International Affairs,https://orcid.org/0000-0002-1254-2224,accepted,matcher,2026-09-14,
1005,Maggie Cowell,Virginia Tech,openalex,,,0,,,,,,,,,,none,matcher,2026-09-16,
1006,Ralph Hall,Virginia Tech,openalex,A5036315676,Ralph P. Hall,0.964,1.0,1.0,0.758,0.563,112,1461,19,Virginia Tech,https://orcid.org/0000-0003-4788-0976,accepted,matcher,2026-09-14,
1006,Ralph Hall,Virginia Tech,openalex,A5144409092,Ralph Hall,0.9,1.0,1.0,1.0,0.0,1,0,0,Virginia Tech,,pending,,,
1006,Ralph Hall,Virginia Tech,openalex,A5112825969,Ralph Hall,0.735,1.0,0.5,0.231,0.301,15,781,7,University of Minnesota,,pending,,,
1006,Ralph Hall,Virginia Tech,openalex,A5112446356,Ralph F. Hall,0.733,1.0,0.5,0.217,0.319,54,828,14,,,pending,,,
1006,Ralph Hall,Virginia Tech,openalex,A5110041184,Ralph Hall,0.657,1.0,0.0,0.714,0.147,16,382,7,,,pending,,,
1007,Steve Hankey,Virginia Tech,openalex,A5067659683,Steve Hankey,0.981,1.0,1.0,0.872,0.853,127,3102,31,Virginia Tech,https://orcid.org/0000-0002-7530-6077,accepted,matcher,2026-09-14,
1008,Shalini Misra,Virginia Tech,openalex,A5068617096,Shalini Misra,0.897,1.0,1.0,0.314,0.704,64,2308,16,Office of International Affairs,https://orcid.org/0000-0002-9231-5995,accepted,matcher,2026-09-14,
1008,Shalini Misra,Virginia Tech,openalex,A5035501400,A P Misra Shalini,0.258,0.574,0.0,0.0,0.0,1,0,0,,,pending,,,
1009,Todd Schenk,Virginia Tech,openalex,A5046163231,Todd Schenk,0.98,1.0,1.0,0.865,0.737,77,1794,15,Virginia Tech,https://orcid.org/0000-0002-3434-1319,accepted,matcher,2026-09-14,
1009,Todd Schenk,Virginia Tech,openalex,A5048348760,Todd Stewart Schenk,0.6,1.0,0.0,1.0,0.003,1,7,1,,,pending,,,
1009,Todd Schenk,Virginia Tech,openalex,A5064259409,Todd S. Schenk,0.6,1.0,0.0,1.0,0.0,1,0,0,,,pending,,,
1009,Todd Schenk,Virginia Tech,openalex,A5129837679,Todd Edward William Schenk,0.6,1.0,0.0,1.0,0.0,1,0,0,,,pending,,,
1009,Todd Schenk,Virginia Tech,openalex,A5098552343,Todd Schenk,0.5,1.0,0.0,0.333,0.001,1,2,1,Zinpro (United States),,pending,,,
1010,Max Stephenson,Virginia Tech,openalex,A5082809600,Max Stephenson,1.0,1.0,1.0,1.0,0.773,283,1591,19,Institute on Governance,https://orcid.org/0000-0003-1711-8438,accepted,matcher,2026-09-14,
1010,Max Stephenson,Virginia Tech,openalex,A5130068453,Max O. Jr. Stephenson,0.81,1.0,1.0,0.4,0.0,4,0,0,,,pending,,,
1010,Max Stephenson,Virginia Tech,openalex,A5113733079,Max O. Stephenson,0.6,1.0,0.0,1.0,0.009,1,18,1,,,pending,,,
1010,Max Stephenson,Virginia Tech,openalex,A5086163807,MAX J. STEPHENSON,0.6,1.0,0.5,0.0,0.007,2,15,1,University of Oregon,,pending,,,
1010,Max Stephenson,Virginia Tech,openalex,A5091699165,Max D. Stephenson,0.6,1.0,0.0,1.0,0.001,1,3,1,West Virginia University,,pending,,,
1011,Paroma Wagle,Virginia Tech,openalex,A5023639491,Paroma Wagle,1.0,1.0,1.0,1.0,1.333,17,104,4,Virginia Tech,https://orcid.org/0000-0001-5010-4420,accepted,matcher,2026-09-14,
1011,Paroma Wagle,Virginia Tech,openalex,A5146982012,Paroma Subodh Wagle,0.55,1.0,0.0,0.667,0.0,1,0,0,,,pending,,,
1012,Dara Wald,Virginia Tech,openalex,A5002318671,Dara M. Wald,0.964,1.0,1.0,0.761,0.802,53,728,16,Virginia Tech,https://orcid.org/0000-0001-5576-2836,accepted,matcher,2026-09-14,
1012,Dara Wald,Virginia Tech,openalex,A5124496305,Dara Wald,0.6,1.0,0.0,1.0,0.001,1,1,1,,,pending,,,
1012,Dara Wald,Virginia Tech,openalex,A5129827234,Dara M. Wald,0.55,1.0,0.0,0.667,0.0,1,0,0,,,pending,,,
1012,Dara Wald,Virginia Tech,openalex,A5091059391,M Wald Dara,0.357,0.571,0.0,0.667,0.0,1,0,0,,,pending,,,
1013,Diane Zahm,Virginia Tech,openalex,A5046564957,Diane Zahm,1.0,1.0,1.0,1.0,0.295,12,163,4,,,accepted,matcher,2026-09-14,
1013,Diane Zahm,Virginia Tech,openalex,A5105174867,Diane L. Zahm,0.6,1.0,0.0,1.0,0.0,1,0,0,,,pending,,,
1014,Yang Zhang,Virginia Tech,openalex,A5100354734,Yang Zhang,0.82,1.0,1.0,0.469,6.165,208,9667,54,North Carolina State University,https://orcid.org/0000-0002-8591-9598,rejected,audit_matches,2026-09-16,"rejected 2026-09-16: OpenAlex 9,667 citations against 1,568 from pop (6.2x); probable namesake"
1014,Yang Zhang,Virginia Tech,openalex,A5100354683,Yang Zhang,0.774,1.0,1.0,0.157,3.188,237,4999,31,Dalian University of Technology,https://orcid.org/0000-0002-4170-4798,rejected,audit_matches,2026-09-16,"rejected 2026-09-16: OpenAlex 4,999 citations against 1,568 from pop (3.2x); probable namesake"
1014,Yang Zhang,Virginia Tech,openalex,A5100354659,Yang Zhang,0.75,1.0,1.0,0.0,55.583,1533,87154,114,Shanghai University,https://orcid.org/0000-0002-2739-1916,rejected,audit_matches,2026-09-16,"rejected 2026-09-16: OpenAlex 87,154 citations against 1,568 from pop (55.6x); probable namesake"
1014,Yang Zhang,Virginia Tech,openalex,A5100354630,Yang Zhang,0.632,1.0,0.5,0.216,7.964,510,12487,53,Qinghai University,https://orcid.org/0000-0002-0789-4938,rejected,audit_matches,2026-09-16,"rejected 2026-09-16: OpenAlex 12,487 citations against 1,568 from pop (8.0x); probable namesake"
1014,Yang Zhang,Virginia Tech,openalex,A5100354569,Yang Zhang,0.6,1.0,0.5,0.0,4.145,371,6499,42,University of Minnesota,https://orcid.org/0000-0001-6777-3487,rejected,audit_matches,2026-09-16,"rejected 2026-09-16: OpenAlex 6,499 citations against 1,568 from pop (4.1x); probable namesake"
1015,Eric Bettis,Wayne State University,openalex,A5147317534,Eric Bettis,0.9,1.0,1.0,1.0,0.0,1,0,0,Wayne State University,https://orcid.org/0000-0002-4630-5577,pending,,,
1015,Eric Bettis,Wayne State University,openalex,A5041906155,Eric A. Bettis,0.7,1.0,0.5,0.667,0.0,1,0,0,University of Michigan,,pending,,,
1015,Eric Bettis,Wayne State University,openalex,A5009277364,Eric D. Bettis,0.662,1.0,0.0,0.75,0.25,2,2,1,,,pending,,,
1016,Patrick Cooper-McCann,Wayne State University,openalex,A5056143991,Patrick Cooper-McCann,1.0,1.0,1.0,1.0,0.672,11,45,4,Wayne State University,https://orcid.org/0000-0003-4626-141X,accepted,matcher,2026-09-14,
1017,Andrew Guinn,Wayne State University,openalex,A5072957334,Andrew Guinn,1.0,1.0,1.0,1.0,0.221,18,137,5,Wayne State University,,accepted,matcher,2026-09-14,
1017,Andrew Guinn,Wayne State University,openalex,A5128683852,Andrew Mc Guinn,0.45,1.0,0.0,0.0,0.0,1,0,0,CCT College Dublin,,pending,,,
1018,Carolyn Loh,Wayne State University,openalex,A5046072218,Carolyn G. Loh,1.0,1.0,1.0,1.0,0.699,46,556,15,Wayne State University,,accepted,matcher,2026-09-14,
1018,Carolyn Loh,Wayne State University,openalex,A5143717614,Carolyn Loh,0.9,1.0,1.0,1.0,0.0,1,0,0,Wayne State University,,pending,,,
1018,Carolyn Loh,Wayne State University,openalex,A5050889082,Carolyn Tze Ing Loh,0.693,1.0,0.5,0.286,0.06,6,48,3,University of Malaya,https://orcid.org/0000-0003-1351-2753,pending,,,
1019,Rayman Mohamed,Wayne State University,openalex,A5027046639,Rayman Mohamed,1.0,1.0,1.0,1.0,0.7,26,471,12,Wayne State University,,accepted,matcher,2026-09-14,
1020,Kami Pothukuchi,Wayne State University,openalex,A5030207290,Kami Pothukuchi,0.844,1.0,1.0,0.625,0.012,4,40,3,Wayne State University,,pending,,,
1021,Gary Coutu,West Chester University,openalex,A5034365795,Gary W. Coutu,1.0,1.0,1.0,1.0,0.264,1,23,1,West Chester University,,pending,,,
1021,Gary Coutu,West Chester University,openalex,A5000882687,Gary Coutu,0.6,1.0,0.0,1.0,0.0,1,0,0,,,pending,,,
1021,Gary Coutu,West Chester University,openalex,A5062731189,Gary Coutu,0.6,1.0,0.0,1.0,0.0,1,0,0,,,pending,,,
1022,Dorothy Dewey,West Chester University,openalex,A5082738019,Dorothy Ives-Dewey,1.0,1.0,1.0,1.0,0.559,10,57,3,,,accepted,matcher,2026-09-14,
1022,Dorothy Dewey,West Chester University,openalex,A5020774581,Dorothy Ives Dewey,0.825,1.0,1.0,0.5,0.0,2,0,0,West Chester University,,pending,,,
1022,Dorothy Dewey,West Chester University,openalex,A5028418754,Dorothy Ivey-Dewey,0.6,1.0,0.0,1.0,0.0,1,0,0,,,pending,,,
1022,Dorothy Dewey,West Chester University,openalex,A5081329877,Dorothy Ives Dewey,0.57,1.0,0.0,0.8,0.01,5,1,1,,,pending,,,
1023,Joy Fritschle,West Chester University,openalex,A5047517885,Joy Fritschle,1.0,1.0,1.0,1.0,0.687,7,57,3,,,accepted,matcher,2026-09-14,
1023,Joy Fritschle,West Chester University,openalex,A5008993423,Joy Fritschle,0.6,1.0,0.0,1.0,0.0,2,0,0,,,pending,,,
1024,Megan Heckert,West Chester University,openalex,A5021610479,Megan Heckert,1.0,1.0,1.0,1.0,0.692,27,712,13,,https://orcid.org/0000-0002-8947-0409,accepted,matcher,2026-09-14,
1025,Matin Katirai,West Chester University,openalex,A5067193594,Matin Katirai,0.925,1.0,1.0,0.5,0.184,8,47,3,West Chester University,,accepted,matcher,2026-09-14,
1025,Matin Katirai,West Chester University,openalex,A5093285706,Matin Katirai,0.85,1.0,1.0,0.667,0.008,1,2,1,West Chester University,,pending,,,
1026,Jongwoong Kim,West Chester University,openalex,A5075190320,Jongwoong Kim,0.938,1.0,1.0,0.917,1.8,10,9,2,West Chester University,https://orcid.org/0000-0002-6812-6385,accepted,matcher,2026-09-14,
1027,Joan Welch,West Chester University,openalex,A5022381355,Joan M. Welch,1.0,1.0,1.0,1.0,0.493,18,210,5,,,accepted,matcher,2026-09-14,
1028,Nabil Kamel,Western Washington University,openalex,A5098101053,Nabil Kamel,0.95,1.0,1.0,1.0,0.044,1,33,1,Western Washington University,,pending,,,
1028,Nabil Kamel,Western Washington University,openalex,A5003878536,Nabil Kamel,0.7,1.0,0.0,1.0,0.408,8,307,5,,,pending,,,
1028,Nabil Kamel,Western Washington University,openalex,A5097371904,Nabil Kamel,0.6,1.0,0.0,1.0,0.013,1,10,1,,,pending,,,
1028,Nabil Kamel,Western Washington University,openalex,A5033653963,NABIL KAMEL MURALI MOHAN NARASIPURA,0.6,1.0,0.0,1.0,0.012,1,9,1,,,pending,,,
1028,Nabil Kamel,Western Washington University,openalex,A5055792513,Nabil A. M. Al Kamel,0.6,1.0,0.0,1.0,0.015,2,11,2,Badji Mokhtar-Annaba University,,pending,,,
1029,Tamara Laninga,Western Washington University,openalex,A5110499275,Tamara Laninga,1.0,1.0,1.0,1.0,0.588,20,60,4,Western Washington University,,accepted,matcher,2026-09-14,
1030,Jean Melious,Western Washington University,openalex,A5011033713,Jean O. Melious,1.0,1.0,1.0,1.0,0.298,15,34,3,,,accepted,matcher,2026-09-14,
1031,Paul Stangl,Western Washington University,openalex,A5108666304,Paul Stangl,1.0,1.0,1.0,1.0,0.608,41,428,12,,,accepted,matcher,2026-09-14,
1031,Paul Stangl,Western Washington University,openalex,A5104872813,Paul Stangl,0.6,1.0,0.0,1.0,0.0,2,0,0,,,pending,,,
1031,Paul Stangl,Western Washington University,openalex,A5104819880,Paul Stangl,0.6,1.0,0.0,1.0,0.0,1,0,0,,,pending,,,
1031,Paul Stangl,Western Washington University,openalex,A5104839343,Paul Stangl,0.525,1.0,0.0,0.5,0.0,1,0,0,,,pending,,,
1031,Paul Stangl,Western Washington University,openalex,A5104795071,Paul Stangl,0.525,1.0,0.0,0.5,0.0,1,0,0,,,pending,,,
1032,Nicholas Zaferatos,Western Washington University,openalex,A5022932471,Nicholas C. Zaferatos,0.954,1.0,1.0,0.692,0.433,15,100,4,,,accepted,matcher,2026-09-14,
1032,Nicholas Zaferatos,Western Washington University,openalex,A5150141306,Nicholas C. Zaferatos,0.6,1.0,0.0,1.0,0.0,2,0,0,,,pending,,,
1033,Carsten Braun,Westfield State University,openalex,A5054541335,Carsten Braun,0.894,1.0,1.0,0.295,0.725,112,2087,23,FH Aachen,https://orcid.org/0000-0003-4096-0455,accepted,matcher,2026-09-14,
1033,Carsten Braun,Westfield State University,openalex,A5080337107,Braun Carsten,0.369,0.597,0.0,0.667,0.0,1,0,0,,,pending,,,
1034,Brian Conz,Westfield State University,openalex,A5044911662,Brian W. Conz,1.0,1.0,1.0,1.0,0.125,1,3,1,Westfield State University,,pending,,,
1034,Brian Conz,Westfield State University,openalex,A5049840320,Brian W. Conz,0.95,1.0,1.0,1.0,0.042,2,1,1,Westfield State University,,pending,,,
1034,Brian Conz,Westfield State University,openalex,A5091912481,Brian W. Conz,0.7,1.0,0.0,1.0,0.125,2,3,1,,,pending,,,
1035,Alina Gross,Westfield State University,openalex,A5068311536,Alina Gross,0.95,1.0,1.0,1.0,2.412,45,82,4,Westfield State University,https://orcid.org/0000-0001-7135-3143,accepted,matcher,2026-09-14,
1035,Alina Gross,Westfield State University,openalex,A5131033136,Alina Groß,0.27,0.6,0.0,0.0,0.0,1,0,0,,,pending,,,
1035,Alina Gross,Westfield State University,openalex,A5076781323,Gross Alina,0.23,0.288,0.0,0.667,0.0,1,0,0,,,pending,,,
1036,Timothy LeDoux,Westfield State University,openalex,A5037771150,Timothy F. LeDoux,0.976,1.0,1.0,0.842,0.719,13,305,7,Westfield State University,https://orcid.org/0000-0002-5556-3105,accepted,matcher,2026-09-14,
1036,Timothy LeDoux,Westfield State University,openalex,A5073370210,Timothy S. LeDoux,0.5,1.0,0.0,0.333,0.007,1,3,1,Westmont College,,pending,,,
1037,Samuel Ndegeah,Westfield State University,openalex,,,0,,,,,,,,,,none,matcher,2026-09-16,
1038,Dristi Neog,Westfield State University,openalex,A5070632947,Dristi Neog,0.981,1.0,1.0,0.875,0.551,7,27,3,Westfield State University,https://orcid.org/0000-0002-0271-2488,accepted,matcher,2026-09-14,
1039,Martin Bunch,York University,openalex,A5008644430,Martin J. Bunch,1.0,1.0,1.0,1.0,0.642,36,981,16,York University,https://orcid.org/0000-0001-6940-372X,accepted,matcher,2026-09-14,
1039,Martin Bunch,York University,openalex,A5149412423,Martin Bunch,0.525,1.0,0.0,0.5,0.0,4,0,0,,,pending,,,
1040,Jennifer Foster,York University,openalex,A5064645168,Jennifer Foster,0.945,1.0,1.0,0.632,0.644,31,326,9,York University,,pending,,,
1040,Jennifer Foster,York University,openalex,A5110536660,Jennifer Foster,0.8,1.0,0.5,1.0,2.283,70,1155,20,"National University of Ireland, Maynooth",https://orcid.org/0000-0003-1574-7863,pending,,,
1040,Jennifer Foster,York University,openalex,A5003789745,Jennifer Foster,0.64,1.0,0.0,0.6,0.648,7,328,6,Cincinnati State Technical and Community College,,pending,,,
1040,Jennifer Foster,York University,openalex,A5063910318,Jennifer Foster,0.64,1.0,0.0,0.6,0.366,15,185,8,Research Network (United States),,pending,,,
1040,Jennifer Foster,York University,openalex,A5102489414,Jennifer Foster,0.625,1.0,0.0,0.833,0.04,8,20,1,,,pending,,,
1041,Mahtot Gebresselassie,York University,openalex,A5064519735,Mahtot Gebresselassie,0.964,1.0,1.0,0.76,0.902,15,119,5,York University,https://orcid.org/0000-0001-8461-631X,accepted,matcher,2026-09-14,
1042,Liette Gilbert,York University,openalex,A5061572749,Liette Gilbert,1.0,1.0,1.0,1.0,0.426,59,586,11,York University,https://orcid.org/0009-0004-4096-8996,accepted,matcher,2026-09-14,
1043,Roger Keil,York University,openalex,A5015087713,Roger Keil,1.0,1.0,1.0,1.0,0.493,356,7447,45,York University,https://orcid.org/0000-0002-1904-4623,accepted,matcher,2026-09-14,
1043,Roger Keil,York University,openalex,A5026177025,von Roger Keil,0.812,0.805,1.0,1.0,0.0,1,0,0,York University,,pending,,,
1043,Roger Keil,York University,openalex,A5041941648,ROGER KEIL AND JULIE-ANNE BOUDREAU,0.6,1.0,0.0,1.0,0.003,1,45,1,,,pending,,,
1043,Roger Keil,York University,openalex,A5085523082,ROGER KEIL,0.6,1.0,0.0,1.0,0.0,5,4,1,,,pending,,,
1043,Roger Keil,York University,openalex,A5093819768,Roger Keil,0.6,1.0,0.0,1.0,0.0,1,1,1,,,pending,,,
1044,Stefan Kipfer,York University,openalex,A5008091636,Stefan Kipfer,1.0,1.0,1.0,1.0,0.595,76,2565,21,York University,https://orcid.org/0000-0003-2919-2758,accepted,matcher,2026-09-14,
1044,Stefan Kipfer,York University,openalex,A5147357724,Stefan Kipfer,0.9,1.0,1.0,1.0,0.0,1,0,0,York University,,pending,,,
1044,Stefan Kipfer,York University,openalex,A5116444893,Stefan Kipfer,0.6,1.0,0.0,1.0,0.0,1,0,0,,,pending,,,
1044,Stefan Kipfer,York University,openalex,A5113450348,Stefan Kipfer,0.536,1.0,0.0,0.571,0.009,6,38,2,,,pending,,,
1044,Stefan Kipfer,York University,openalex,A5137145841,Stefan Kipfer,0.525,1.0,0.0,0.5,0.0,1,0,0,,,pending,,,
1045,Ute Lehrer,York University,openalex,A5048530600,Ute Lehrer,1.0,1.0,1.0,1.0,0.406,41,630,10,York University,,accepted,matcher,2026-09-14,
1045,Ute Lehrer,York University,openalex,A5138541206,Ute Lehrer,0.55,1.0,0.0,0.667,0.0,2,0,0,Amt für Umwelt,,pending,,,
1046,Peter Mulvihill,York University,openalex,A5049791218,Peter R. Mulvihill,0.982,1.0,1.0,0.88,0.57,32,473,13,York University,https://orcid.org/0000-0001-7537-6879,accepted,matcher,2026-09-14,
1047,Luisa Sotomayor,York University,openalex,A5030612692,Luisa Sotomayor,1.0,1.0,1.0,1.0,0.615,23,315,10,York University,https://orcid.org/0000-0003-2529-0377,accepted,matcher,2026-09-14,
1047,Luisa Sotomayor,York University,openalex,A5016048812,Luisa Fernanda Sotomayor,0.75,1.0,0.5,1.0,0.006,2,3,1,University of Toronto,,pending,,,
1047,Luisa Sotomayor,York University,openalex,A5138625880,Luisa Sotomayor,0.6,1.0,0.0,1.0,0.016,3,8,1,,,pending,,,
1047,Luisa Sotomayor,York University,openalex,A5014414059,Luisa Fernanda Sotomayor Reinoso,0.525,1.0,0.0,0.5,0.004,1,2,1,,,pending,,,
1048,Laura Taylor,York University,openalex,A5070891342,Laura E. Taylor,0.883,1.0,1.0,0.55,1.524,36,1079,12,,https://orcid.org/0000-0003-3960-6010,pending,,,
1048,Laura Taylor,York University,openalex,A5076731802,Laura A. Taylor,0.85,1.0,0.5,1.0,0.264,18,187,8,,,pending,,,
1048,Laura Taylor,York University,openalex,A5073445803,Laura D. Taylor,0.826,1.0,0.5,0.842,0.781,20,553,8,Office of Patient Care Services,https://orcid.org/0000-0002-1868-8291,pending,,,
1048,Laura Taylor,York University,openalex,A5109423856,Laura Taylor,0.774,1.0,0.5,0.824,2.835,34,2007,10,British Antarctic Survey,,pending,,,
1048,Laura Taylor,York University,openalex,A5060226181,Laura Anne Taylor,0.755,1.0,0.5,0.364,0.328,9,232,2,Chicago Kent College of Law,,pending,,,
1049,Mark Winfield,York University,openalex,A5064998516,Mark Winfield,1.0,1.0,1.0,1.0,0.389,87,475,12,York University,,accepted,matcher,2026-09-14,
1049,Mark Winfield,York University,openalex,A5050353406,Mark Winfield,0.6,1.0,0.5,0.0,3.743,64,4570,28,University of Bristol,https://orcid.org/0000-0002-5078-4806,rejected,audit_matches,2026-09-16,"rejected 2026-09-16: OpenAlex 4,570 citations against 1,278 from google_scholar (3.6x); probable namesake"
1049,Mark Winfield,York University,openalex,A5082341472,Mark E. Winfield,0.575,1.0,0.0,0.167,0.27,7,330,6,United States Department of Veterans Affairs,,pending,,,
1049,Mark Winfield,York University,openalex,A5129435695,Mark Winfield,0.45,1.0,0.0,0.0,0.0,2,0,0,,,pending,,,
1049,Mark Winfield,York University,openalex,A5091863895,Mark Winfield Brennan,0.45,1.0,0.0,0.0,0.0,1,0,0,,,pending,,,
89,Patricia Manuel,Dalhousie University,google_scholar,,,0,,,,,,,,,,rejected,matcher,2026-09-15,
94,Andrew Jacobs,East Carolina University,google_scholar,2Q91_s0AAAAJ,Andrew S. Jacobs,0.5,1.0,0.0,,16.269,,1269,,"Charlottesville, Virginia",,rejected,Alex Karner,2026-09-16,verified: a different person of the same name
97,Heather Khan-Welsh,Eastern Michigan University,google_scholar,,,0,,,,,,,,,,rejected,matcher,2026-09-15,
98,RJ Koscielniak,Eastern Michigan University,google_scholar,,,0,,,,,,,,,,rejected,matcher,2026-09-15,
100,Margo Hill,Eastern Washington,google_scholar,,,0,,,,,,,,,,rejected,matcher,2026-09-15,
101,Jason Scully,Eastern Washington,google_scholar,bT8DNoEAAAAJ,Jason Scully,0.5,1.0,0.0,,0.121,,40,,Seton Hall University,,rejected,matcher,2026-09-15,
110,Aurora Echavarria Canales,Florida State University,google_scholar,,,0,,,,,,,,,,rejected,matcher,2026-09-15,
114,Tisha Holmes,Florida State University,google_scholar,,,0,,,,,,,,,,rejected,matcher,2026-09-15,
117,Mehak Sachdeva,Florida State University,google_scholar,w5CaZhQAAAAJ,Mehak Sachdeva,1.0,1.0,1.0,,1.207,,455,,Florida State University,,accepted,matcher,2026-09-15,
119,Uwe Brandes,Georgetown University,google_scholar,,,0,,,,,,,,,,rejected,matcher,2026-09-15,
122,Emily Barrett,Georgia Tech,google_scholar,Tms37_EAAAAJ,Emily Barrett,0.5,1.0,0.0,,1263.4,,12634,,Rutgers School of Public Health,,rejected,matcher,2026-09-15,
126,William Drummond,Georgia Tech,google_scholar,,,0,,,,,,,,,,rejected,matcher,2026-09-15,
137,Jerold Kayden,Harvard University,google_scholar,,,0,,,,,,,,,,rejected,matcher,2026-09-15,
139,Rahul Mehrotra,Harvard University,google_scholar,g9sodT8AAAAJ,Rahul Mehrotra,0.575,1.0,0.0,,0.432,,577,,Aow Thai Marine Ecology Center,,rejected,matcher,2026-09-15,
141,Richard Peiser,Harvard University,google_scholar,,,0,,,,,,,,,,rejected,matcher,2026-09-15,
142,Peter Rowe,Harvard University,google_scholar,lEAqe6IAAAAJ,Peter C. Rowe,0.575,1.0,0.0,,2.433,,11654,,Professor of Pediatrics,,rejected,matcher,2026-09-15,
147,Nicholas Bloom,Hunter College,google_scholar,fJy1tloAAAAJ,Nick Bloom,0.46,0.92,0.0,,160.566,,123636,,Stanford,,rejected,Alex Karner,2026-09-16,verified: a different person of the same name
153,Sigmund Shipp,Hunter College,google_scholar,,,0,,,,,,,,,,rejected,matcher,2026-09-15,
155,John Benhart,Indiana University of Pennsylvania,google_scholar,,,0,,,,,,,,,,rejected,matcher,2026-09-15,
157,Richard Hoch,Indiana University of Pennsylvania,google_scholar,,,0,,,,,,,,,,rejected,matcher,2026-09-15,
158,Calvin Masilela,Indiana University of Pennsylvania,google_scholar,,,0,,,,,,,,,,rejected,matcher,2026-09-15,
160,Susan Bradbury,Iowa State University,google_scholar,,,0,,,,,,,,,,rejected,matcher,2026-09-15,
169,Moe Chowdhury,Jackson State University,google_scholar,,,0,,,,,,,,,,rejected,matcher,2026-09-15,
172,Edmund Merem,Jackson State University,google_scholar,,,0,,,,,,,,,,rejected,matcher,2026-09-15,
173,Talya Thomas,Jackson State University,google_scholar,,,0,,,,,,,,,,rejected,matcher,2026-09-15,
174,Joan Wesley,Jackson State University,google_scholar,,,0,,,,,,,,,,rejected,matcher,2026-09-15,
175,Huston Gibson,Kansas State University,google_scholar,,,0,,,,,,,,,,rejected,matcher,2026-09-15,
179,La Barbara Wigfall,Kansas State University,google_scholar,,,0,,,,,,,,,,rejected,matcher,2026-09-15,
181,Lisa Bornstein,McGill University,google_scholar,,,0,,,,,,,,,,rejected,matcher,2026-09-15,
183,Anna Kramer,McGill University,google_scholar,8m3CoW0AAAAJ,Anna Krämer,0.575,1.0,0.0,,0.409,,182,,Ärztin Radioonkologie,,rejected,matcher,2026-09-15,
184,Nik Luka,McGill University,google_scholar,,,0,,,,,,,,,,rejected,matcher,2026-09-15,
187,Bruce D'Arcus,Miami University,google_scholar,,,0,,,,,,,,,,rejected,matcher,2026-09-15,
188,Marcia England,Miami University,google_scholar,Dx43lFkAAAAJ,Marcia England,0.65,1.0,0.0,,1.037,,482,,Unknown affiliation,,accepted,Alex Karner,2026-09-16,verified against the profile
191,Si Chen,Michigan State University,google_scholar,bP0vxAIAAAAJ,Si-Ming Chen,0.5,1.0,0.0,,285.6,,4284,,University of Science and Technology of China,,rejected,matcher,2026-09-15,
191,Si Chen,Michigan State University,google_scholar,KOQl2IsAAAAJ,Si-Jing Chen,0.5,1.0,0.0,,158.667,,2380,,The Chinese University of Hong Kong,,rejected,matcher,2026-09-15,
191,Si Chen,Michigan State University,google_scholar,XtkmEncAAAAJ,Si-An Chen,0.5,1.0,0.0,,98.133,,1472,,"Ph.D. Student of Computer Science and Information Engineering, National Taiwan University",,rejected,matcher,2026-09-15,
191,Si Chen,Michigan State University,google_scholar,6bwf5tsAAAAJ,Siyi Chen,0.47,0.941,0.0,,49.867,,748,,"HuaZhong University of Science and Technology,Union Hospita,Department of Rheumatology & Immunology",,rejected,matcher,2026-09-15,
194,Zeenat Kotval-Karamchandani,Michigan State University,google_scholar,,,0,,,,,,,,,,rejected,matcher,2026-09-15,
201,Russell Fricano,"Minnesota State University, Mankato",google_scholar,,,0,,,,,,,,,,rejected,matcher,2026-09-15,
203,Beth Heidelberg,"Minnesota State University, Mankato",google_scholar,,,0,,,,,,,,,,rejected,matcher,2026-09-15,
204,Kevin Parsneau,"Minnesota State University, Mankato",google_scholar,,,0,,,,,,,,,,rejected,matcher,2026-09-15,
205,Miriam Porter,"Minnesota State University, Mankato",google_scholar,,,0,,,,,,,,,,rejected,matcher,2026-09-15,
209,Gary Michelfelder,Missouri State University,google_scholar,,,0,,,,,,,,,,rejected,matcher,2026-09-15,
212,Alan Berger,MIT,google_scholar,,,0,,,,,,,,,,rejected,matcher,2026-09-15,
215,Karilyn Crockett,MIT,google_scholar,JOBwoIsAAAAJ,Karilyn Crockett,0.65,1.0,0.0,,1.099,,78,,"Professor or urban history, public policy & planning",,accepted,Alex Karner,2026-09-16,verified against the profile
218,Dennis Frenchman,MIT,google_scholar,,,0,,,,,,,,,,rejected,matcher,2026-09-15,
225,Ceasar McDowell,MIT,google_scholar,,,0,,,,,,,,,,rejected,matcher,2026-09-15,
235,J. Phillip Thompson,MIT,google_scholar,,,0,,,,,,,,,,rejected,matcher,2026-09-15,
244,Siddhartha Sen,Morgan State University,google_scholar,RhEHgw0AAAAJ,Siddhartha Sen,0.575,1.0,0.0,,4.354,,2765,,"Former Professor of Electrical Engineering, Indian Institute of Technology, Kharagpur",,rejected,matcher,2026-09-15,
244,Siddhartha Sen,Morgan State University,google_scholar,IbvJTMoAAAAJ,siddhartha sen,0.5,1.0,0.0,,13.735,,8722,,"Emeritus Fellow, Trinity College, Dublin",,rejected,matcher,2026-09-15,
244,Siddhartha Sen,Morgan State University,google_scholar,oL8tErMAAAAJ,Siddhartha Sen,0.5,1.0,0.0,,9.68,,6147,,Microsoft Research AI Frontiers,,rejected,Alex Karner,2026-09-16,verified: a different person of the same name
246,Tonya Sanders Thach,Morgan State University,google_scholar,,,0,,,,,,,,,,rejected,matcher,2026-09-15,
247,Zeynep Celik,New Jersey Institute of Technology,google_scholar,Spm3DGIAAAAJ,Zeynep Çelik Kenar,0.5,1.0,0.0,,0.034,,110,,Selçuk Üniversitesi,,rejected,matcher,2026-09-15,
247,Zeynep Celik,New Jersey Institute of Technology,google_scholar,vDBIICUAAAAJ,Tarik Celik Merch,0.399,0.498,0.0,,1.548,,5070,,Princeton University,,rejected,matcher,2026-09-15,
248,Gabrielle Esperdy,New Jersey Institute of Technology,google_scholar,,,0,,,,,,,,,,rejected,matcher,2026-09-15,
263,Cara Michell,Northeastern University,google_scholar,,,0,,,,,,,,,,rejected,matcher,2026-09-15,
264,Kaitlyn Alvarez Noli,Northeastern University,google_scholar,jIaRVqYAAAAJ,Kaitlyn Alvarez Noli,0.65,1.0,0.0,,1.125,,9,,"Professor of Public Policy and Health Sciences, Northeastern Unviersity",,accepted,Alex Karner,2026-09-16,verified against the profile
274,R. Dawn Hawley,Northern Arizona University,google_scholar,,,0,,,,,,,,,,rejected,matcher,2026-09-15,
283,Harley Etienne,Ohio State University,google_scholar,,,0,,,,,,,,,,rejected,matcher,2026-09-15,
291,Chryl Corbin,Portland State University,google_scholar,,,0,,,,,,,,,,rejected,matcher,2026-09-15,
294,Matthew Gebhardt,Portland State University,google_scholar,,,0,,,,,,,,,,rejected,matcher,2026-09-15,
302,Eve Baron,Pratt Institute,google_scholar,,,0,,,,,,,,,,rejected,matcher,2026-09-15,
304,Jonathan Martin,Pratt Institute,google_scholar,X8nQQuwAAAAJ,Jonathan Martin,0.5,1.0,0.0,,56.947,,30182,,"Professor, Stockholm University",,rejected,matcher,2026-09-15,
306,John Shapiro,Pratt Institute,google_scholar,,,0,,,,,,,,,,rejected,matcher,2026-09-15,
312,John Meligrana,Queen's University,google_scholar,,,0,,,,,,,,,,rejected,matcher,2026-09-15,
313,Graham Whitelaw,Queen's University,google_scholar,,,0,,,,,,,,,,rejected,matcher,2026-09-15,
315,John Hasse,Rowan University,google_scholar,,,0,,,,,,,,,,rejected,matcher,2026-09-15,
317,Kevin Keenan,Rowan University,google_scholar,,,0,,,,,,,,,,rejected,matcher,2026-09-15,
324,James Hughes,Rutgers University,google_scholar,,,0,,,,,,,,,,rejected,matcher,2026-09-16,
327,David Listokin,Rutgers University,google_scholar,,,0,,,,,,,,,,rejected,matcher,2026-09-16,
333,Hal Salzman,Rutgers University,google_scholar,,,0,,,,,,,,,,rejected,matcher,2026-09-16,
337,Piyushimita Thakuriah,Rutgers University,google_scholar,,,0,,,,,,,,,,rejected,matcher,2026-09-16,
342,Wolfram Hoefer,"Rutgers University, School of Environmental & Biological Sciences",google_scholar,,,0,,,,,,,,,,rejected,matcher,2026-09-16,
343,Kathleen John-Alder,"Rutgers University, School of Environmental & Biological Sciences",google_scholar,,,0,,,,,,,,,,rejected,matcher,2026-09-16,
346,Amal Ali,Salisbury University,google_scholar,,,0,,,,,,,,,,rejected,matcher,2026-09-16,
356,Sophie Kelmenson,San Jose State University,google_scholar,,,0,,,,,,,,,,rejected,matcher,2026-09-16,
358,Shishir Mathur,San Jose State University,google_scholar,,,0,,,,,,,,,,rejected,matcher,2026-09-16,
360,Kathrine Richardson,San Jose State University,google_scholar,,,0,,,,,,,,,,rejected,matcher,2026-09-16,
362,Behrooz Kalantari,Savannah State University,google_scholar,,,0,,,,,,,,,,rejected,matcher,2026-09-16,
366,Thomas Gunton,Simon Fraser University,google_scholar,,,0,,,,,,,,,,rejected,matcher,2026-09-16,
372,David Lewis,State University of New York at Albany,google_scholar,,,0,,,,,,,,,,rejected,matcher,2026-09-16,
374,Ryan Devlin,Temple University,google_scholar,,,0,,,,,,,,,,rejected,matcher,2026-09-16,
399,Sheri Smith,Texas Southern University,google_scholar,,,0,,,,,,,,,,rejected,matcher,2026-09-16,
406,Yemi Adediji,Toronto Metropolitan University,google_scholar,,,0,,,,,,,,,,rejected,matcher,2026-09-16,
417,Magdalena Ugarte,Toronto Metropolitan University,google_scholar,,,0,,,,,,,,,,rejected,matcher,2026-09-16,
425,Hassaan Furqan Khan,Tufts University,google_scholar,,,0,,,,,,,,,,rejected,matcher,2026-09-16,
434,Sai Balakrishnan,UC Berkeley,google_scholar,,,0,,,,,,,,,,rejected,matcher,2026-09-16,
442,Justin Hosbey,UC Berkeley,google_scholar,,,0,,,,,,,,,,rejected,matcher,2026-09-16,
449,Jessica Garrison,UC Irvine,google_scholar,,,0,,,,,,,,,,rejected,matcher,2026-09-16,
451,Hun Kim,UC Irvine,google_scholar,,,0,,,,,,,,,,rejected,matcher,2026-09-16,
453,Eli Knaap,UC Irvine,google_scholar,,,0,,,,,,,,,,rejected,matcher,2026-09-16,
461,Seth Pipkin,UC Irvine,google_scholar,,,0,,,,,,,,,,rejected,matcher,2026-09-16,
466,John Arroyo,UC San Diego,google_scholar,,,0,,,,,,,,,,rejected,matcher,2026-09-16,
467,Deepti Chatti,UC San Diego,google_scholar,,,0,,,,,,,,,,rejected,matcher,2026-09-16,
468,Caroline Collins,UC San Diego,google_scholar,,,0,,,,,,,,,,rejected,matcher,2026-09-16,
470,Guadalupe Garcia,UC San Diego,google_scholar,,,0,,,,,,,,,,rejected,matcher,2026-09-16,
471,Nancy Kwak,UC San Diego,google_scholar,,,0,,,,,,,,,,rejected,matcher,2026-09-16,
474,Kelema Moses,UC San Diego,google_scholar,,,0,,,,,,,,,,rejected,matcher,2026-09-16,
480,Behram Wali,UC San Diego,google_scholar,,,0,,,,,,,,,,rejected,matcher,2026-09-17,
484,Dana Cuff,UCLA,google_scholar,,,0,,,,,,,,,,rejected,matcher,2026-09-17,
496,Vinit Mukhija,UCLA,google_scholar,,,0,,,,,,,,,,rejected,matcher,2026-09-17,
502,Veronica Terriquez,UCLA,google_scholar,,,0,,,,,,,,,,rejected,matcher,2026-09-17,
505,Marques Vestal,UCLA,google_scholar,,,0,,,,,,,,,,rejected,matcher,2026-09-17,
522,Gérard Beaudet,Universite de Montreal,google_scholar,,,0,,,,,,,,,,rejected,matcher,2026-09-17,
524,Jacques Fisette,Universite de Montreal,google_scholar,,,0,,,,,,,,,,rejected,matcher,2026-09-17,
525,Michel Guenet,Universite de Montreal,google_scholar,,,0,,,,,,,,,,rejected,matcher,2026-09-17,
530,Max Raynaud,Universite de Montreal,google_scholar,,,0,,,,,,,,,,rejected,matcher,2026-09-17,
533,Juan Torres,Universite de Montreal,google_scholar,,,0,,,,,,,,,,rejected,matcher,2026-09-17,
534,Johanne Brochu,Universite Laval,google_scholar,,,0,,,,,,,,,,rejected,matcher,2026-09-17,
535,Mario Carrier,Universite Laval,google_scholar,,,0,,,,,,,,,,rejected,matcher,2026-09-17,
542,Martin Lee-Gosselin,Universite Laval,google_scholar,,,0,,,,,,,,,,rejected,matcher,2026-09-17,
555,Xuanyi “Maxwell” Nie,"University at Buffalo, The State University of New York",google_scholar,,,0,,,,,,,,,,rejected,matcher,2026-09-17,
565,Carl Amrhein,University of Alberta,google_scholar,,,0,,,,,,,,,,rejected,matcher,2026-09-17,
583,Lauri Macmillan,University of Arizona,google_scholar,,,0,,,,,,,,,,rejected,matcher,2026-09-17,
586,Jessica Barudin,University of British Columbia,google_scholar,,,0,,,,,,,,,,rejected,matcher,2026-09-17,
589,Heather Campbell,University of British Columbia,google_scholar,,,0,,,,,,,,,,rejected,matcher,2026-09-17,
594,Michael Hooper,University of British Columbia,google_scholar,,,0,,,,,,,,,,rejected,matcher,2026-09-17,
597,Maggie Low,University of British Columbia,google_scholar,,,0,,,,,,,,,,rejected,matcher,2026-09-17,
601,Alberto de Salvatierra,University of Calgary,google_scholar,,,0,,,,,,,,,,rejected,matcher,2026-09-17,
604,Fabian Neuhaus,University of Calgary,google_scholar,,,0,,,,,,,,,,rejected,matcher,2026-09-17,
605,Beverly Sandalack,University of Calgary,google_scholar,,,0,,,,,,,,,,rejected,matcher,2026-09-17,
607,Mary-Ellen Tyler,University of Calgary,google_scholar,,,0,,,,,,,,,,rejected,matcher,2026-09-17,
609,Carla Chifos,University of Cincinnati,google_scholar,,,0,,,,,,,,,,rejected,matcher,2026-09-17,
612,Rainer Hofe,University of Cincinnati,google_scholar,,,0,,,,,,,,,,rejected,matcher,2026-09-17,
613,Leah Hollstein,University of Cincinnati,google_scholar,,,0,,,,,,,,,,rejected,matcher,2026-09-17,
632,Ilir Bejleri,University of Florida,google_scholar,,,0,,,,,,,,,,rejected,matcher,2026-09-17,
634,Cleary Larkin,University of Florida,google_scholar,,,0,,,,,,,,,,rejected,matcher,2026-09-17,
642,Jack Crowley,University of Georgia,google_scholar,,,0,,,,,,,,,,rejected,matcher,2026-09-17,
644,Mark Reinberger,University of Georgia,google_scholar,,,0,,,,,,,,,,rejected,matcher,2026-09-19,
646,Alison Smith,University of Georgia,google_scholar,vpkaRPcAAAAJ,Alison M Smith,0.5,1.0,0.0,,362.01,,36925,,John Innes Centre,,rejected,matcher,2026-09-19,
646,Alison Smith,University of Georgia,google_scholar,uSjTbjEAAAAJ,"Alison Grace Carswell Smith, MD, MSc",0.5,1.0,0.0,,278.049,,28361,,"University of Washington, Infectious Diseases Fellow",,rejected,matcher,2026-09-19,
646,Alison Smith,University of Georgia,google_scholar,bezxJ8EAAAAJ,Alison C Smith,0.5,1.0,0.0,,68.48,,6985,,Senior Research Associate,,rejected,matcher,2026-09-19,
648,Umit Yilmaz,University of Georgia,google_scholar,GyuH9R0AAAAJ,ÜMİT YILMAZ,0.575,1.0,0.0,,3.37,,310,,Karabük Üniversitesi,,rejected,matcher,2026-09-19,
652,Sara Epp,University of Guelph,google_scholar,,,0,,,,,,,,,,rejected,matcher,2026-09-19,
656,Makena Coffman,University of Hawaii,google_scholar,,,0,,,,,,,,,,rejected,matcher,2026-09-19,
658,Priyam Das,University of Hawaii,google_scholar,Ay8t8DEAAAAJ,Priyam Das,0.65,1.0,0.0,,0.832,,500,,"Ph.D. University of California, Irvine",,pending,,,
658,Priyam Das,University of Hawaii,google_scholar,bvUF6EUAAAAJ,Priyam Das,0.5,1.0,0.0,,0.2,,120,,"Prime Minister Research Fellow, Indian Institute of Technology Guwahati, Guwahati, Assam, India.",,rejected,matcher,2026-09-19,
658,Priyam Das,University of Hawaii,google_scholar,NzW2gpcAAAAJ,Priyam Das,0.5,1.0,0.0,,0.083,,50,,"PhD scholar at UNSW Canberra, Australia",,rejected,matcher,2026-09-19,
659,Peter Flachsbart,University of Hawaii,google_scholar,,,0,,,,,,,,,,rejected,matcher,2026-09-19,
667,John Betancur,"University of Illinois, Chicago",google_scholar,,,0,,,,,,,,,,rejected,matcher,2026-09-19,
670,April Jackson,"University of Illinois, Chicago",google_scholar,,,0,,,,,,,,,,rejected,matcher,2026-09-19,
671,Kazuya Kawamura,"University of Illinois, Chicago",google_scholar,,,0,,,,,,,,,,rejected,matcher,2026-09-19,
678,Sevin Yildiz,"University of Illinois, Chicago",google_scholar,,,0,,,,,,,,,,rejected,matcher,2026-09-19,
690,Rebecca Walker,"University of Illinois, Urbana-Champaign",google_scholar,0WXF4O4AAAAJ,Rebecca Walker,0.5,1.0,0.0,,28.316,,2690,,"Postdoctoral Scholar, Broad Institute",,rejected,matcher,2026-09-19,
691,Jerry Anthony,University of Iowa,google_scholar,ZALqEvMAAAAJ,Jerry Anthony,0.925,1.0,1.0,,2.623,,2426,,University of Iowa,,accepted,matcher,2026-09-19,
702,Lisa Bjorkman,University of Louisville,google_scholar,,,0,,,,,,,,,,rejected,matcher,2026-09-19,
704,Patrick Exmeyer,University of Louisville,google_scholar,,,0,,,,,,,,,,rejected,matcher,2026-09-19,
708,Janet Kelly,University of Louisville,google_scholar,YzicjdgAAAAJ,Janet Kelly,0.65,1.0,0.0,,0.549,,2030,,University of Adelaide,,rejected,matcher,2026-09-19,
710,Aaron Rollins,University of Louisville,google_scholar,,,0,,,,,,,,,,rejected,matcher,2026-09-19,
718,Richard Milgrom,University of Manitoba,google_scholar,,,0,,,,,,,,,,rejected,matcher,2026-09-19,
730,Michelle Magalong,University of Maryland,google_scholar,Zmf0sXkAAAAJ,Michelle Magalong,1.0,1.0,1.0,,1.12,,149,,"Assistant Professor of Historic Preservation, University of Maryland",,accepted,matcher,2026-09-19,
731,John Park,University of Maryland,google_scholar,-77MpIUAAAAJ,John Edward Park,0.5,1.0,0.0,,134.79,,14153,,Boehringer Ingelheim Pharma GmbH & Co KG,,rejected,matcher,2026-09-19,
731,John Park,University of Maryland,google_scholar,utpdMAcAAAAJ,John K Park,0.5,1.0,0.0,,90.438,,9496,,Weill Cornell Medicine,,rejected,matcher,2026-09-19,
731,John Park,University of Maryland,google_scholar,LuDFrl0AAAAJ,John Chulhoon Park,0.5,1.0,0.0,,5.629,,591,,"Postdoctoral Researcher, Pohang University of Science and Technology",,rejected,matcher,2026-09-19,
739,Robert Ryan,University of Massachusetts-Amherst,google_scholar,_5IE620AAAAJ,Robert O. Ryan,0.575,1.0,0.0,,3.161,,14229,,"Professor of Biochemistry, University of Nevada, Reno",,rejected,matcher,2026-09-19,
740,Adenrele Awotona,University of Massachusetts-Boston,google_scholar,,,0,,,,,,,,,,rejected,matcher,2026-09-19,
742,John Duff,University of Massachusetts-Boston,google_scholar,k0_wwEEAAAAJ,John Michael Duff,0.575,1.0,0.0,,4.051,,1904,,Neurosurgeon; Spine surgeon,,rejected,matcher,2026-09-19,
744,Richard Hung,University of Massachusetts-Boston,google_scholar,,,0,,,,,,,,,,rejected,matcher,2026-09-19,
756,Maria Arquero de Alarcon,University of Michigan,google_scholar,,,0,,,,,,,,,,rejected,matcher,2026-09-19,
769,David Thacher,University of Michigan,google_scholar,,,0,,,,,,,,,,rejected,matcher,2026-09-19,
773,Fernando Burga,University of Minnesota,google_scholar,,,0,,,,,,,,,,rejected,matcher,2026-09-19,
782,Rashad Williams,University of Minnesota,google_scholar,,,0,,,,,,,,,,rejected,matcher,2026-09-19,
790,Renia Ehrenfeucht,University of New Mexico,google_scholar,,,0,,,,,,,,,,rejected,matcher,2026-09-19,
792,Claudia Isaac,University of New Mexico,google_scholar,,,0,,,,,,,,,,rejected,matcher,2026-09-19,
