person_id,source,collected_at,total_citations,h_index,i10_index,citations_5yr,h_index_5yr,works_count,raw_json
1,google_scholar,2026-03-01,153,6,,,,,"{""workbook_row"": {""Name"": ""Florina Dutt"", ""Year"": 2023, ""Cites2017"": 153, ""%Cites2017"": 0.172, ""%Rank"": 0.335, ""H-Index"": 6, ""%RankH"": 0.173, ""GoogleScholar"": ""https://scholar.google.com/citations?hl=en&user=TdEfQoUAAAAJ"", ""CurrentSchool"": ""Alabama A&M University"", ""Position"": ""Assistant Professor"", ""PhDYear"": 2023, ""PhDSchool"": ""Georgia Tech"", ""Years"": 2, ""First"": ""Florina"", ""Last"": ""Dutt""}}"
2,google_scholar,2026-03-01,4406,20,,,,,"{""workbook_row"": {""Name"": ""Himanshu Grover"", ""Year"": 2010, ""Cites2017"": 4406, ""%Cites2017"": 0.853, ""%Rank"": 0.942, ""H-Index"": 20, ""%RankH"": 0.664, ""GoogleScholar"": ""https://scholar.google.com.ph/citations?user=VTq1CqgAAAAJ&hl=en"", ""CurrentSchool"": ""Alabama A&M University"", ""Position"": ""Associate Professor"", ""PhDYear"": 2010, ""PhDSchool"": ""Texas A&M"", ""Years"": 14, ""CY2017"": 256.14285714285717, ""First"": ""Himanshu"", ""Last"": ""Grover"", ""Interests"": ""Environmental Planning, Comprehensive Plans, Sustainable Development and Climate Change"", ""LinkedIn"": ""https://linkedin.com/in/himanshu-grover-ba508730""}}"
3,google_scholar,2026-03-01,2430,11,,,,,"{""workbook_row"": {""Name"": ""Jacob Oluwoye"", ""Year"": 1988, ""Cites2017"": 2430, ""%Cites2017"": 0.727, ""%Rank"": 0.835, ""H-Index"": 11, ""%RankH"": 0.374, ""GoogleScholar"": ""https://scholar.google.com/citations?user=J16Ac4kAAAAJ&hl=en"", ""CurrentSchool"": ""Alabama A&M University"", ""Position"": ""Professor"", ""PhDYear"": 1988, ""PhDSchool"": ""University of New South Wales"", ""Years"": 37, ""First"": ""Jacob"", ""Last"": ""Oluwoye"", ""Interests"": ""Transportation"", ""ResearchGate"": ""https://researchgate.net/profile/Jacob_Oluwoye"", ""LinkedIn"": ""https://linkedin.com/in/jacob-oluwoye-b3965440""}}"
4,google_scholar,2026-03-01,375,7,,,,,"{""workbook_row"": {""Name"": ""Ahmed Ouf"", ""Year"": 1989, ""Cites2017"": 375, ""%Cites2017"": 0.292, ""%Rank"": 0.557, ""H-Index"": 7, ""%RankH"": 0.218, ""GoogleScholar"": ""https://scholar.google.com/citations?user=OL3It70AAAAJ&hl=en&inst=13410158990364976897"", ""CurrentSchool"": ""Alabama A&M University"", ""Position"": ""Assistant Professor"", ""PhDYear"": 1989, ""PhDSchool"": ""University of Pennsylvania"", ""Years"": 36, ""First"": ""Ahmed"", ""Last"": ""Ouf""}}"
6,google_scholar,2026-03-01,323,5,,,,,"{""workbook_row"": {""Name"": ""Jordan Yin"", ""Year"": 2017, ""Cites2017"": 323, ""%Cites2017"": 0.268, ""%Rank"": 0.521, ""H-Index"": 5, ""%RankH"": 0.129, ""GoogleScholar"": ""https://scholar.google.com/citations?user=2dsmPtcAAAAJ&hl=en"", ""CurrentSchool"": ""Alabama A&M University"", ""Position"": ""Assistant Professor"", ""PhDYear"": 2017, ""PhDSchool"": ""Cornell University"", ""Years"": 8, ""First"": ""Jordan"", ""Last"": ""Yin""}}"
9,google_scholar,2026-03-01,726,12,,,,,"{""workbook_row"": {""Name"": ""Bhuwan Thapa"", ""Year"": 2018, ""Cites2017"": 726, ""%Cites2017"": 0.434, ""%Rank"": 0.714, ""H-Index"": 12, ""%RankH"": 0.409, ""GoogleScholar"": ""https://scholar.google.com/citations?hl=en&user=Z-Y1scYAAAAJ"", ""CurrentSchool"": ""Appalachian State University"", ""Position"": ""Assistant Professor"", ""PhDYear"": 2018, ""PhDSchool"": ""University of Arizona"", ""Years"": 7, ""First"": ""Bhuwan"", ""Last"": ""Thapa""}}"
10,google_scholar,2026-03-01,2280,20,,,,,"{""workbook_row"": {""Name"": ""Maura Allaire"", ""Year"": 2015, ""Cites2017"": 2280, ""%Cites2017"": 0.704, ""%Rank"": 0.802, ""H-Index"": 20, ""%RankH"": 0.664, ""GoogleScholar"": ""https://scholar.google.com/citations?user=pE7IqHwAAAAJ&hl=en"", ""CurrentSchool"": ""Arizona State University"", ""Position"": ""Associate Professor"", ""PhDYear"": 2015, ""PhDSchool"": ""UNC"", ""Years"": 10, ""First"": ""Maura"", ""Last"": ""Allaire""}}"
11,google_scholar,2026-03-01,5026,36,,,,,"{""workbook_row"": {""Name"": ""Sharmistha Bagchi-Sen"", ""Year"": 1989, ""Cites2017"": 5026, ""%Cites2017"": 0.879, ""%Rank"": 0.737, ""H-Index"": 36, ""%RankH"": 0.908, ""GoogleScholar"": ""https://scholar.google.com/citations?user=YQmcJlwAAAAJ&hl=en&oi=ao&inst=13410158990364976897"", ""CurrentSchool"": ""Arizona State University"", ""Position"": ""Professor"", ""PhDYear"": 1989, ""PhDSchool"": ""University of Georgia"", ""Years"": 36, ""First"": ""Sharmistha"", ""Last"": ""Bagchi-Sen""}}"
12,google_scholar,2026-03-01,1085,19,,,,,"{""workbook_row"": {""Name"": ""Dylan Connor"", ""Year"": 2017, ""Cites2017"": 1085, ""%Cites2017"": 0.52, ""%Rank"": 0.568, ""H-Index"": 19, ""%RankH"": 0.631, ""GoogleScholar"": ""https://scholar.google.com/citations?hl=en&authuser=1&user=QXQhGBwAAAAJ"", ""CurrentSchool"": ""Arizona State University"", ""Position"": ""Associate Professor"", ""PhDYear"": 2017, ""PhDSchool"": ""UCLA"", ""Years"": 8, ""First"": ""Dylan"", ""Last"": ""Connor""}}"
13,google_scholar,2026-03-01,967,15,,,,,"{""workbook_row"": {""Name"": ""Meagan Ehlenz"", ""Year"": 2015, ""Cites2017"": 967, ""%Cites2017"": 0.5, ""%Rank"": 0.546, ""H-Index"": 15, ""%RankH"": 0.516, ""GoogleScholar"": ""https://scholar.google.com/citations?user=BI0L1WIAAAAJ&hl=en"", ""CurrentSchool"": ""Arizona State University"", ""Position"": ""Associate Professor"", ""PhDYear"": 2015, ""PhDSchool"": ""University of Pennsylvania"", ""Years"": 10, ""First"": ""Meagan"", ""Last"": ""Ehlenz""}}"
14,google_scholar,2026-03-01,433,10,,,,,"{""workbook_row"": {""Name"": ""Hue-Tam Jamme"", ""Year"": 2020, ""Cites2017"": 433, ""%Cites2017"": 0.318, ""%Rank"": 0.6, ""H-Index"": 10, ""%RankH"": 0.335, ""GoogleScholar"": ""https://scholar.google.com/citations?hl=en&authuser=1&user=Nipmwg8AAAAJ"", ""CurrentSchool"": ""Arizona State University"", ""Position"": ""Assistant Professor"", ""PhDYear"": 2020, ""PhDSchool"": ""USC"", ""Years"": 5, ""First"": ""Hue-Tam"", ""Last"": ""Jamme""}}"
15,google_scholar,2026-03-01,2480,24,,,,,"{""workbook_row"": {""Name"": ""David King"", ""Year"": 2008, ""Cites2017"": 2480, ""%Cites2017"": 0.734, ""%Rank"": 0.843, ""H-Index"": 24, ""%RankH"": 0.774, ""GoogleScholar"": ""https://scholar.google.com/citations?user=uFu5Z2YAAAAJ&hl=en"", ""CurrentSchool"": ""Arizona State University"", ""Position"": ""Associate Professor"", ""PhDYear"": 2008, ""PhDSchool"": ""UCLA"", ""Years"": 17, ""First"": ""David"", ""Last"": ""King""}}"
16,google_scholar,2026-03-01,8551,49,,,,,"{""workbook_row"": {""Name"": ""Kelli Larson"", ""Year"": 2005, ""Cites2017"": 8551, ""%Cites2017"": 0.939, ""%Rank"": 0.858, ""H-Index"": 49, ""%RankH"": 0.964, ""GoogleScholar"": ""https://scholar.google.com/citations?hl=en&authuser=1&user=zKNhDfAAAAAJ"", ""CurrentSchool"": ""Arizona State University"", ""Position"": ""Professor"", ""PhDYear"": 2005, ""PhDSchool"": ""Oregon State University"", ""Years"": 20, ""First"": ""Kelli"", ""Last"": ""Larson"", ""Interests"": ""Water Resource Governance and Human-Environmental Interactions"", ""ResearchGate"": ""https://researchgate.net/profile/Kelli_Larson"", ""LinkedIn"": ""https://linkedin.com/in/kelli-larson-3427416""}}"
17,google_scholar,2026-03-01,11243,32,,,,,"{""workbook_row"": {""Name"": ""Sara Meerow"", ""Year"": 2017, ""Cites2017"": 11243, ""%Cites2017"": 0.96, ""%Rank"": 0.994, ""H-Index"": 32, ""%RankH"": 0.874, ""GoogleScholar"": ""https://scholar.google.com/citations?user=qOlVh-UAAAAJ&hl=en&oe=ASCII"", ""CurrentSchool"": ""Arizona State University"", ""Position"": ""Associate Professor"", ""PhDYear"": 2017, ""PhDSchool"": ""University of Michigan"", ""Years"": 8, ""First"": ""Sara"", ""Last"": ""Meerow""}}"
18,google_scholar,2026-03-01,351,6,,,,,"{""workbook_row"": {""Name"": ""Lindsay Oluyede"", ""Year"": 2022, ""Cites2017"": 351, ""%Cites2017"": 0.281, ""%Rank"": 0.542, ""H-Index"": 6, ""%RankH"": 0.173, ""GoogleScholar"": ""https://scholar.google.com/citations?hl=en&user=45EO_0AAAAAJ"", ""CurrentSchool"": ""Arizona State University"", ""Position"": ""Assistant Professor"", ""PhDYear"": 2022, ""PhDSchool"": ""UNC"", ""Years"": 3, ""First"": ""Lindsay"", ""Last"": ""Oluyede""}}"
19,google_scholar,2026-03-01,1717,24,,,,,"{""workbook_row"": {""Name"": ""Deirdre Pfeiffer"", ""Year"": 2011, ""Cites2017"": 1717, ""%Cites2017"": 0.632, ""%Rank"": 0.711, ""H-Index"": 24, ""%RankH"": 0.774, ""GoogleScholar"": ""https://scholar.google.com.ph/citations?user=4wtcHfkAAAAJ&hl=en"", ""CurrentSchool"": ""Arizona State University"", ""Position"": ""Associate Professor"", ""PhDYear"": 2011, ""PhDSchool"": ""UCLA"", ""Years"": 14, ""First"": ""Deirdre"", ""Last"": ""Pfeiffer"", ""Interests"": ""Public Participation, Quaolitative Analysis, Urban Housing Analysis"", ""ResearchGate"": ""https://researchgate.net/profile/Deirdre_Pfeiffer"", ""LinkedIn"": ""https://linkedin.com/in/deirdre-pfeiffer-a29a393""}}"
20,google_scholar,2026-03-01,506,10,,,,,"{""workbook_row"": {""Name"": ""Jose-Benito Rosales Chavez"", ""Year"": 2020, ""Cites2017"": 506, ""%Cites2017"": 0.352, ""%Rank"": 0.646, ""H-Index"": 10, ""%RankH"": 0.335, ""GoogleScholar"": ""https://scholar.google.com/citations?hl=en&authuser=1&user=xYAqTLIAAAAJ"", ""CurrentSchool"": ""Arizona State University"", ""Position"": ""Assistant Professor"", ""PhDYear"": 2020, ""PhDSchool"": ""Arizona State University"", ""Years"": 5, ""First"": ""Jose-Benito"", ""Last"": ""Rosales Chavez""}}"
21,google_scholar,2026-03-01,5562,31,,,,,"{""workbook_row"": {""Name"": ""Mark Roseland"", ""Year"": 1992, ""Cites2017"": 5562, ""%Cites2017"": 0.895, ""%Rank"": 0.764, ""H-Index"": 31, ""%RankH"": 0.862, ""GoogleScholar"": ""https://scholar.google.com/citations?user=HSr3W8AAAAAJ&hl=en"", ""CurrentSchool"": ""Arizona State University"", ""Position"": ""Professor"", ""PhDYear"": 1992, ""PhDSchool"": ""University of British Columbia"", ""Years"": 33, ""First"": ""Mark"", ""Last"": ""Roseland""}}"
22,google_scholar,2026-03-01,19188,66,,,,,"{""workbook_row"": {""Name"": ""David Sailor"", ""Year"": 1993, ""Cites2017"": 19188, ""%Cites2017"": 0.984, ""%Rank"": 0.962, ""H-Index"": 66, ""%RankH"": 0.989, ""GoogleScholar"": ""https://scholar.google.com/citations?user=qAeVtqwAAAAJ&hl=en&oi=ao&inst=13410158990364976897"", ""CurrentSchool"": ""Arizona State University"", ""Position"": ""Professor"", ""PhDYear"": 1993, ""PhDSchool"": ""UC Berkeley"", ""Years"": 32, ""First"": ""David"", ""Last"": ""Sailor""}}"
23,google_scholar,2026-03-01,3749,29,,,,,"{""workbook_row"": {""Name"": ""Deborah Salon"", ""Year"": 2006, ""Cites2017"": 3749, ""%Cites2017"": 0.825, ""%Rank"": 0.923, ""H-Index"": 29, ""%RankH"": 0.84, ""GoogleScholar"": ""https://scholar.google.co.uk/citations?user=cvqNuosAAAAJ&hl=en"", ""CurrentSchool"": ""Arizona State University"", ""Position"": ""Associate Professor"", ""PhDYear"": 2006, ""PhDSchool"": ""UC Davis"", ""Years"": 19, ""First"": ""Deborah"", ""Last"": ""Salon""}}"
24,google_scholar,2026-03-01,3437,33,,,,,"{""workbook_row"": {""Name"": ""Daoqin Tong"", ""Year"": 2007, ""Cites2017"": 3437, ""%Cites2017"": 0.807, ""%Rank"": 0.613, ""H-Index"": 33, ""%RankH"": 0.886, ""GoogleScholar"": ""https://scholar.google.ca/citations?hl=en&user=xolGcEIAAAAJ"", ""CurrentSchool"": ""Arizona State University"", ""Position"": ""Professor"", ""PhDYear"": 2007, ""PhDSchool"": ""Ohio State University"", ""Years"": 18, ""First"": ""Daoqin"", ""Last"": ""Tong""}}"
25,google_scholar,2026-03-01,6151,41,,,,,"{""workbook_row"": {""Name"": ""Elizabeth Wentz"", ""Year"": 1997, ""Cites2017"": 6151, ""%Cites2017"": 0.91, ""%Rank"": 0.794, ""H-Index"": 41, ""%RankH"": 0.938, ""GoogleScholar"": ""https://scholar.google.com/citations?user=pdxbJg0AAAAJ&hl=en&oi=ao&inst=13410158990364976897"", ""CurrentSchool"": ""Arizona State University"", ""Position"": ""Professor"", ""PhDYear"": 1997, ""PhDSchool"": ""Pennsylvania State University"", ""Years"": 28, ""First"": ""Elizabeth"", ""Last"": ""Wentz""}}"
26,google_scholar,2026-03-01,270,9,,,,,"{""workbook_row"": {""Name"": ""Sweta Byahut"", ""Year"": 2012, ""Cites2017"": 270, ""%Cites2017"": 0.239, ""%Rank"": 0.2, ""H-Index"": 9, ""%RankH"": 0.292, ""GoogleScholar"": ""https://scholar.google.com/citations?user=kpbXtqsAAAAJ&hl=en"", ""CurrentSchool"": ""Auburn University"", ""Position"": ""Associate Professor"", ""PhDYear"": 2012, ""PhDSchool"": ""University of Cincinnati"", ""Years"": 13, ""First"": ""Sweta"", ""Last"": ""Byahut"", ""Interests"": ""Land management, development regulation, disaster mitigation, planning in Indian cities""}}"
27,google_scholar,2026-03-01,339,8,,,,,"{""workbook_row"": {""Name"": ""Megan LaFrombois"", ""Year"": 2014, ""Cites2017"": 339, ""%Cites2017"": 0.277, ""%Rank"": 0.241, ""H-Index"": 8, ""%RankH"": 0.261, ""GoogleScholar"": ""https://scholar.google.com/citations?hl=en&authuser=1&user=CM-d0S0AAAAJ"", ""CurrentSchool"": ""Auburn University"", ""Position"": ""Associate Professor"", ""PhDYear"": 2014, ""PhDSchool"": ""University of Illinois, Chicago"", ""Years"": 11, ""First"": ""Megan"", ""Middle"": ""E."", ""Last"": ""LaFrombois""}}"
28,google_scholar,2026-03-01,144,4,,,,,"{""workbook_row"": {""Name"": ""Binita Mahato"", ""Year"": 2018, ""Cites2017"": 144, ""%Cites2017"": 0.167, ""%Rank"": 0.14, ""H-Index"": 4, ""%RankH"": 0.09, ""GoogleScholar"": ""https://scholar.google.com/citations?hl=en&authuser=1&user=LOmY700AAAAJ&inst=13410158990364976897"", ""CurrentSchool"": ""Auburn University"", ""Position"": ""Associate Professor"", ""PhDYear"": 2018, ""PhDSchool"": ""University of Cincinnati"", ""Years"": 7, ""First"": ""Binita"", ""Last"": ""Mahato""}}"
29,google_scholar,2026-03-01,439,9,,,,,"{""workbook_row"": {""Name"": ""Jay Mittal"", ""Year"": 2011, ""Cites2017"": 439, ""%Cites2017"": 0.32, ""%Rank"": 0.291, ""H-Index"": 9, ""%RankH"": 0.292, ""GoogleScholar"": ""https://scholar.google.com.ph/citations?user=iS703cMAAAAJ&hl=en"", ""CurrentSchool"": ""Auburn University"", ""Position"": ""Associate Professor"", ""PhDYear"": 2011, ""PhDSchool"": ""University of Cincinnati"", ""Years"": 14, ""First"": ""Jay"", ""Last"": ""Mittal"", ""Interests"": ""GIS, Urban Economics, Real Estate Development"", ""ResearchGate"": ""https://researchgate.net/profile/Jay_Mittal2"", ""LinkedIn"": ""https://linkedin.com/in/jaymit""}}"
30,google_scholar,2026-03-01,770,12,,,,,"{""workbook_row"": {""Name"": ""Rebecca Retzlaff"", ""Year"": 2006, ""Cites2017"": 770, ""%Cites2017"": 0.454, ""%Rank"": 0.232, ""H-Index"": 12, ""%RankH"": 0.409, ""GoogleScholar"": ""https://scholar.google.com.ph/citations?user=oSoTwbYAAAAJ&hl=en"", ""CurrentSchool"": ""Auburn University"", ""Position"": ""Professor"", ""PhDYear"": 2006, ""PhDSchool"": ""University of Illinois, Chicago"", ""Years"": 19, ""First"": ""Rebecca"", ""Last"": ""Retzlaff"", ""Interests"": ""Environmental Planning and Policy, Historic Preservation, Land Use Planning and Regulation, Growth Management"", ""LinkedIn"": ""https://linkedin.com/in/rebecca-retzlaff-4529a6a""}}"
32,google_scholar,2026-03-01,6,1,,,,,"{""workbook_row"": {""Name"": ""Lohren Deeg"", ""Year"": 2004, ""Cites2017"": 6, ""%Cites2017"": 0.016, ""%Rank"": 0.016, ""H-Index"": 1, ""%RankH"": 0, ""GoogleScholar"": ""https://scholar.google.com/citations?hl=en&authuser=1&user=RFYdIqQAAAAJ"", ""CurrentSchool"": ""Ball State University"", ""Position"": ""Associate Professor"", ""PhDYear"": 2004, ""PhDSchool"": ""Ball State University"", ""Years"": 21, ""First"": ""Lohren"", ""Last"": ""Deeg"", ""Interests"": ""Urban and Town Design, Design Comm Media, Theory, History, Graphic layout"", ""ResearchGate"": ""https://researchgate.net/profile/Lohren_Deeg"", ""LinkedIn"": ""https://linkedin.com/in/lohren-deeg-30054b12""}}"
38,google_scholar,2026-03-01,197,7,,,,,"{""workbook_row"": {""Name"": ""Chris Giamarino"", ""Year"": 2023, ""Cites2017"": 197, ""%Cites2017"": 0.2, ""%Rank"": 0.407, ""H-Index"": 7, ""%RankH"": 0.218, ""GoogleScholar"": ""https://scholar.google.com/citations?hl=en&user=JFjdQ94AAAAJ"", ""CurrentSchool"": ""Cal Poly, Pomona"", ""Position"": ""Assistant Professor"", ""PhDYear"": 2023, ""PhDSchool"": ""UCLA"", ""Years"": 2, ""First"": ""Chris"", ""Last"": ""Giamarino""}}"
39,google_scholar,2026-03-01,100,6,,,,,"{""workbook_row"": {""Name"": ""Alvaro Huerta"", ""Year"": 2011, ""Cites2017"": 100, ""%Cites2017"": 0.12, ""%Rank"": 0.118, ""H-Index"": 6, ""%RankH"": 0.173, ""GoogleScholar"": ""https://scholar.google.com/citations?user=hZSH7SEAAAAJ&hl=en"", ""CurrentSchool"": ""Cal Poly, Pomona"", ""Position"": ""Associate Professor"", ""PhDYear"": 2011, ""PhDSchool"": ""UC Berkeley"", ""Years"": 14, ""First"": ""Alvaro"", ""Last"": ""Huerta"", ""Interests"": ""Community Development.""}}"
40,google_scholar,2026-03-01,550,13,,,,,"{""workbook_row"": {""Name"": ""Dohyung Kim"", ""Year"": 2005, ""Cites2017"": 550, ""%Cites2017"": 0.373, ""%Rank"": 0.178, ""H-Index"": 13, ""%RankH"": 0.45, ""GoogleScholar"": ""https://scholar.google.com/citations?user=s8hqUgMAAAAJ&hl=en&oe=ASCII"", ""CurrentSchool"": ""Cal Poly, Pomona"", ""Position"": ""Professor"", ""PhDYear"": 2005, ""PhDSchool"": ""University of Florida"", ""Years"": 20, ""First"": ""Dohyung"", ""Last"": ""Kim""}}"
41,google_scholar,2026-03-01,225,6,,,,,"{""workbook_row"": {""Name"": ""Nicole Lambrou"", ""Year"": 2022, ""Cites2017"": 225, ""%Cites2017"": 0.218, ""%Rank"": 0.442, ""H-Index"": 6, ""%RankH"": 0.173, ""GoogleScholar"": ""https://scholar.google.com/citations?hl=en&user=ghfUm28AAAAJ"", ""CurrentSchool"": ""Cal Poly, Pomona"", ""Position"": ""Assistant Professor"", ""PhDYear"": 2022, ""PhDSchool"": ""UCLA"", ""Years"": 3, ""First"": ""Nicole"", ""Last"": ""Lambrou""}}"
42,google_scholar,2026-03-01,575,8,,,,,"{""workbook_row"": {""Name"": ""Xijing Li"", ""Year"": 2024, ""Cites2017"": 575, ""%Cites2017"": 0.379, ""%Rank"": 0.675, ""H-Index"": 8, ""%RankH"": 0.261, ""GoogleScholar"": ""https://scholar.google.com/citations?hl=en&user=dTKY41IAAAAJ"", ""CurrentSchool"": ""Cal Poly, Pomona"", ""Position"": ""Assistant Professor"", ""PhDYear"": 2024, ""PhDSchool"": ""UNC"", ""Years"": 1, ""First"": ""Xijing"", ""Last"": ""Li""}}"
43,google_scholar,2026-03-01,161,6,,,,,"{""workbook_row"": {""Name"": ""David Amos"", ""Year"": 2020, ""Cites2017"": 161, ""%Cites2017"": 0.18, ""%Rank"": 0.36, ""H-Index"": 6, ""%RankH"": 0.173, ""GoogleScholar"": ""https://scholar.google.com/citations?hl=en&authuser=1&user=d23fm7kAAAAJ"", ""CurrentSchool"": ""Cal Poly, San Luis Obispo"", ""Position"": ""Assistant Professor"", ""PhDYear"": 2020, ""PhDSchool"": ""UC Berkeley"", ""Years"": 5, ""First"": ""David"", ""Last"": ""Amos""}}"
44,google_scholar,2026-03-01,673,12,,,,,"{""workbook_row"": {""Name"": ""Michael Boswell"", ""Year"": 2000, ""Cites2017"": 673, ""%Cites2017"": 0.411, ""%Rank"": 0.202, ""H-Index"": 12, ""%RankH"": 0.409, ""GoogleScholar"": ""https://scholar.google.com.ph/citations?user=0ScZwpcAAAAJ&hl=en"", ""CurrentSchool"": ""Cal Poly, San Luis Obispo"", ""Position"": ""Professor"", ""PhDYear"": 2000, ""PhDSchool"": ""Florida State University"", ""Years"": 25, ""First"": ""Michael"", ""Last"": ""Boswell"", ""Interests"": ""Environmental Planning, Hazard Mitigation, Planning Theory, Climate Action Planning, Sustainability"", ""LinkedIn"": ""https://linkedin.com/in/mrboswell""}}"
45,google_scholar,2026-03-01,761,9,,,,,"{""workbook_row"": {""Name"": ""Adrienne Greve"", ""Year"": 2006, ""Cites2017"": 761, ""%Cites2017"": 0.447, ""%Rank"": 0.225, ""H-Index"": 9, ""%RankH"": 0.292, ""GoogleScholar"": ""https://scholar.google.com/citations?hl=en&user=f-lzoR4AAAAJ"", ""CurrentSchool"": ""Cal Poly, San Luis Obispo"", ""Position"": ""Professor"", ""PhDYear"": 2006, ""PhDSchool"": ""University of Washington"", ""Years"": 19, ""First"": ""Adrienne"", ""Last"": ""Greve"", ""Interests"": ""Urban Ecology, Planning and Climate Change, Urban Hydrology and Stormwater"", ""ResearchGate"": ""https://researchgate.net/profile/Adrienne_Greve/"", ""LinkedIn"": ""https://linkedin.com/in/adrienne-greve-58718513""}}"
46,google_scholar,2026-03-01,1314,13,,,,,"{""workbook_row"": {""Name"": ""Amir Hajrasouliha"", ""Year"": 2015, ""Cites2017"": 1314, ""%Cites2017"": 0.564, ""%Rank"": 0.329, ""H-Index"": 13, ""%RankH"": 0.45, ""GoogleScholar"": ""https://scholar.google.com/citations?user=Z1qu-3MAAAAJ&hl=en"", ""CurrentSchool"": ""Cal Poly, San Luis Obispo"", ""Position"": ""Professor"", ""PhDYear"": 2015, ""PhDSchool"": ""University of Utah"", ""Years"": 10, ""First"": ""Amir"", ""Last"": ""Hajrasouliha""}}"
50,google_scholar,2026-03-01,18,1,,,,,"{""workbook_row"": {""Name"": ""Anahita Shadkam"", ""Year"": 2024, ""Cites2017"": 18, ""%Cites2017"": 0.039, ""%Rank"": 0.085, ""H-Index"": 1, ""%RankH"": 0, ""GoogleScholar"": ""https://scholar.google.com/citations?user=11m1T1cAAAAJ&hl=en"", ""CurrentSchool"": ""Cal Poly, San Luis Obispo"", ""Position"": ""Assistant Professor"", ""PhDYear"": 2024, ""PhDSchool"": ""University of Waterloo"", ""Years"": 1, ""First"": ""Anahita"", ""Last"": ""Shadkam""}}"
52,google_scholar,2026-03-01,948,16,,,,,"{""workbook_row"": {""Name"": ""Henrik Minassians"", ""Year"": 2002, ""Cites2017"": 948, ""%Cites2017"": 0.496, ""%Rank"": 0.267, ""H-Index"": 16, ""%RankH"": 0.548, ""GoogleScholar"": ""https://scholar.google.com/citations?hl=en&user=NWlpZX4AAAAJ"", ""CurrentSchool"": ""California State University, Northridge"", ""Position"": ""Professor"", ""PhDYear"": 2002, ""PhDSchool"": ""SUNY Albany"", ""Years"": 23, ""First"": ""Henrik"", ""Middle"": ""P."", ""Last"": ""Minassians"", ""Interests"": ""Public Administration, Urban Policy Design and Management, Urban Governance, Contract Design and Management, Policy Implementation Theory."", ""ResearchGate"": ""https://researchgate.net/profile/Henrik_Minassians"", ""LinkedIn"": ""https://linkedin.com/in/henrik-minassians-3bb82751""}}"
56,google_scholar,2026-03-01,1058,15,,,,,"{""workbook_row"": {""Name"": ""Mintesnot Woldeamanuel"", ""Year"": 2007, ""Cites2017"": 1058, ""%Cites2017"": 0.515, ""%Rank"": 0.282, ""H-Index"": 15, ""%RankH"": 0.516, ""GoogleScholar"": ""https://scholar.google.com.ph/citations?user=0aopPI8AAAAJ&hl=en"", ""CurrentSchool"": ""California State University, Northridge"", ""Position"": ""Professor"", ""PhDYear"": 2007, ""PhDSchool"": ""Hokkaido University"", ""Years"": 18, ""First"": ""Mintesnot"", ""Last"": ""Woldeamanuel"", ""Interests"": ""Urban Transportation Planning, Urban Land Use Planning, Travel Behavior, Community Development, and Sustainability"", ""LinkedIn"": ""https://linkedin.com/in/mintesnot-woldeamanuel-070b9a10""}}"
57,google_scholar,2026-03-01,441,11,,,,,"{""workbook_row"": {""Name"": ""Caitlin Dyckman"", ""Year"": 2005, ""Cites2017"": 441, ""%Cites2017"": 0.32, ""%Rank"": 0.293, ""H-Index"": 11, ""%RankH"": 0.374, ""GoogleScholar"": ""https://scholar.google.com/citations?hl=en&user=5MjUqx0AAAAJ"", ""CurrentSchool"": ""Clemson University"", ""Position"": ""Associate Professor"", ""PhDYear"": 2005, ""PhDSchool"": ""UC Berkeley"", ""Years"": 20, ""First"": ""Caitlin"", ""Last"": ""Dyckman"", ""Interests"": ""Environmental Planning, Planning Law, Water Policy and Law, Land Use Planning Process"", ""ResearchGate"": ""https://researchgate.net/profile/Caitlin_Dyckman"", ""LinkedIn"": ""https://linkedin.com/in/caitlin-dyckman-2608364""}}"
58,google_scholar,2026-03-01,1227,14,,,,,"{""workbook_row"": {""Name"": ""John Gaber"", ""Year"": 1993, ""Cites2017"": 1227, ""%Cites2017"": 0.547, ""%Rank"": 0.314, ""H-Index"": 14, ""%RankH"": 0.485, ""GoogleScholar"": ""https://scholar.google.com/citations?user=WM_NNugAAAAJ&hl=en&oe=ASCII"", ""CurrentSchool"": ""Clemson University"", ""Position"": ""Professor"", ""PhDYear"": 1993, ""PhDSchool"": ""Columbia University"", ""Years"": 32, ""First"": ""John"", ""Last"": ""Gaber""}}"
59,google_scholar,2026-03-01,2649,21,,,,,"{""workbook_row"": {""Name"": ""Eric Morris"", ""Year"": 2011, ""Cites2017"": 2649, ""%Cites2017"": 0.75, ""%Rank"": 0.527, ""H-Index"": 21, ""%RankH"": 0.696, ""GoogleScholar"": ""https://scholar.google.com.ph/citations?user=Fc1IlK8AAAAJ&hl=en"", ""CurrentSchool"": ""Clemson University"", ""Position"": ""Professor"", ""PhDYear"": 2011, ""PhDSchool"": ""UCLA"", ""Years"": 14, ""First"": ""Eric"", ""Middle"": ""A."", ""Last"": ""Morris"", ""Interests"": ""Transportation Planning, Policy, Economics, Equity and History, Transportation and Land Use, Transportation and the Environment, Travel Behavior, Regional Economics and Economic Geography, Cities, Planning and Well-Being."", ""ResearchGate"": ""https://researchgate.net/profile/Eric_Morris6""}}"
61,google_scholar,2026-03-01,560,12,,,,,"{""workbook_row"": {""Name"": ""Joanna Ganning"", ""Year"": 2010, ""Cites2017"": 560, ""%Cites2017"": 0.375, ""%Rank"": 0.365, ""H-Index"": 12, ""%RankH"": 0.409, ""GoogleScholar"": ""https://scholar.google.com.ph/citations?user=tEoLIlAAAAAJ&hl=en"", ""CurrentSchool"": ""Cleveland State University"", ""Position"": ""Associate Professor"", ""PhDYear"": 2010, ""PhDSchool"": ""University of Illinois, Urbana-Champaign"", ""Years"": 15, ""First"": ""Joanna"", ""Last"": ""Ganning"", ""Interests"": ""Regional and Community Economic Development: Urban-Rural Linkages, Urban and Rural Amenities, and the Economic Role of Universities in Regions""}}"
62,google_scholar,2026-03-01,129,3,,,,,"{""workbook_row"": {""Name"": ""Thomas Hilde"", ""Year"": 2017, ""Cites2017"": 129, ""%Cites2017"": 0.151, ""%Rank"": 0.289, ""H-Index"": 3, ""%RankH"": 0.051, ""GoogleScholar"": ""https://scholar.google.com/citations?hl=en&authuser=1&user=9pJph3wAAAAJ"", ""CurrentSchool"": ""Cleveland State University"", ""Position"": ""Assistant Professor"", ""PhDYear"": 2017, ""PhDSchool"": ""University of Texas, Austin"", ""Years"": 8, ""First"": ""Thomas"", ""Last"": ""Hilde""}}"
63,google_scholar,2026-03-01,1111,13,,,,,"{""workbook_row"": {""Name"": ""Brian Mikelbank"", ""Year"": 2000, ""Cites2017"": 1111, ""%Cites2017"": 0.524, ""%Rank"": 0.574, ""H-Index"": 13, ""%RankH"": 0.45, ""GoogleScholar"": ""https://scholar.google.com.ph/citations?user=ZlxKpwEAAAAJ&hl=en"", ""CurrentSchool"": ""Cleveland State University"", ""Position"": ""Associate Professor"", ""PhDYear"": 2000, ""PhDSchool"": ""Ohio State University"", ""Years"": 25, ""First"": ""Brian"", ""Middle"": ""A."", ""Last"": ""Mikelbank"", ""Interests"": ""Quantitative Spatial Analysis, Urban Geographic Information Systems, Urban Geography, Economic Geography."", ""LinkedIn"": ""https://linkedin.com/in/brian-mikelbank-99843984""}}"
64,google_scholar,2026-03-01,703,13,,,,,"{""workbook_row"": {""Name"": ""Stephanie Ryberg-Webster"", ""Year"": 2010, ""Cites2017"": 703, ""%Cites2017"": 0.425, ""%Rank"": 0.212, ""H-Index"": 13, ""%RankH"": 0.45, ""GoogleScholar"": ""https://scholar.google.com/citations?user=iwUHlEgAAAAJ&hl=en&oe=ASCII"", ""CurrentSchool"": ""Cleveland State University"", ""Position"": ""Professor"", ""PhDYear"": 2010, ""PhDSchool"": ""University of Pennsylvania"", ""Years"": 15, ""First"": ""Stephanie"", ""Last"": ""Ryberg-Webster""}}"
65,google_scholar,2026-03-01,427,5,,,,,"{""workbook_row"": {""Name"": ""Hiba Bou Akar"", ""Year"": 2012, ""Cites2017"": 427, ""%Cites2017"": 0.314, ""%Rank"": 0.285, ""H-Index"": 5, ""%RankH"": 0.129, ""GoogleScholar"": ""https://scholar.google.com/citations?user=hvXw6qgAAAAJ&hl=en"", ""CurrentSchool"": ""Columbia University"", ""Position"": ""Associate Professor"", ""PhDYear"": 2012, ""PhDSchool"": ""UC Berkeley"", ""Years"": 13, ""First"": ""Hiba"", ""Last"": ""Akar""}}"
67,google_scholar,2026-03-01,14162,36,,,,,"{""workbook_row"": {""Name"": ""Tom Slater"", ""Year"": 2003, ""Cites2017"": 14162, ""%Cites2017"": 0.972, ""%Rank"": 0.933, ""H-Index"": 36, ""%RankH"": 0.908, ""GoogleScholar"": ""https://scholar.google.co.uk/citations?user=oasQsCgAAAAJ&hl=en"", ""CurrentSchool"": ""Columbia University"", ""Position"": ""Professor"", ""PhDYear"": 2003, ""PhDSchool"": ""King's College London"", ""Years"": 22, ""First"": ""Tom"", ""Last"": ""Slater""}}"
68,google_scholar,2026-03-01,191,6,,,,,"{""workbook_row"": {""Name"": ""Anthony Vanky"", ""Year"": 2017, ""Cites2017"": 191, ""%Cites2017"": 0.196, ""%Rank"": 0.392, ""H-Index"": 6, ""%RankH"": 0.173, ""GoogleScholar"": ""https://scholar.google.com/citations?hl=en&user=rKjkv7sAAAAJ"", ""CurrentSchool"": ""Columbia University"", ""Position"": ""Assistant Professor"", ""PhDYear"": 2017, ""PhDSchool"": ""MIT"", ""Years"": 8, ""First"": ""Anthony"", ""Last"": ""Vanky""}}"
69,google_scholar,2026-03-01,4797,32,,,,,"{""workbook_row"": {""Name"": ""Weiping Wu"", ""Year"": 1996, ""Cites2017"": 4797, ""%Cites2017"": 0.871, ""%Rank"": 0.725, ""H-Index"": 32, ""%RankH"": 0.874, ""GoogleScholar"": ""https://scholar.google.com.ph/citations?user=0-jEvAcAAAAJ&hl=en"", ""CurrentSchool"": ""Columbia University"", ""Position"": ""Professor"", ""PhDYear"": 1996, ""PhDSchool"": ""Rutgers University"", ""Years"": 29, ""First"": ""Weiping"", ""Last"": ""Wu"", ""Interests"": ""Comparative Urban Development, Urban Economic Policy, China"", ""LinkedIn"": ""https://linkedin.com/in/weiping-wu-25825295""}}"
70,google_scholar,2026-03-01,2629,23,,,,,"{""workbook_row"": {""Name"": ""Victoria Beard"", ""Year"": 1999, ""Cites2017"": 2629, ""%Cites2017"": 0.749, ""%Rank"": 0.524, ""H-Index"": 23, ""%RankH"": 0.744, ""GoogleScholar"": ""https://scholar.google.com/citations?hl=en&user=eMY0_XUAAAAJ"", ""CurrentSchool"": ""Cornell University"", ""Position"": ""Professor"", ""PhDYear"": 1999, ""PhDSchool"": ""University of British Columbia"", ""Years"": 26, ""First"": ""Victoria"", ""Middle"": ""A."", ""Last"": ""Beard"", ""LinkedIn"": ""https://linkedin.com/in/victoria-beard-2b66b566""}}"
71,google_scholar,2026-03-01,1053,17,,,,,"{""workbook_row"": {""Name"": ""Sara Bronin"", ""Year"": 2006, ""Cites2017"": 1053, ""%Cites2017"": 0.514, ""%Rank"": 0.279, ""H-Index"": 17, ""%RankH"": 0.572, ""GoogleScholar"": ""https://scholar.google.com/citations?hl=en&authuser=2&user=eeCNqPYAAAAJ&inst=13410158990364976897"", ""CurrentSchool"": ""Cornell University"", ""Position"": ""Professor"", ""PhDYear"": 2006, ""PhDSchool"": ""Yale"", ""Years"": 19, ""First"": ""Sara"", ""Last"": ""Bronin""}}"
73,google_scholar,2026-03-01,7259,20,,,,,"{""workbook_row"": {""Name"": ""Thomas Campanella"", ""Year"": 1999, ""Cites2017"": 7259, ""%Cites2017"": 0.925, ""%Rank"": 0.829, ""H-Index"": 20, ""%RankH"": 0.664, ""GoogleScholar"": ""https://scholar.google.com/citations?user=9QvYdroAAAAJ&hl=en"", ""CurrentSchool"": ""Cornell University"", ""Position"": ""Professor"", ""PhDYear"": 1999, ""PhDSchool"": ""MIT"", ""Years"": 26, ""First"": ""Thomas"", ""Middle"": ""J."", ""Last"": ""Campanella"", ""ResearchGate"": ""https://researchgate.net/profile/Thomas_Campanella2"", ""LinkedIn"": ""https://linkedin.com/in/thomas-j-campanella-002a1a75""}}"
74,google_scholar,2026-03-01,3679,23,,,,,"{""workbook_row"": {""Name"": ""John Carruthers"", ""Year"": 2001, ""Cites2017"": 3679, ""%Cites2017"": 0.82, ""%Rank"": 0.92, ""H-Index"": 23, ""%RankH"": 0.744, ""GoogleScholar"": ""https://scholar.google.com/citations?user=rWBq01YAAAAJ&hl=en"", ""CurrentSchool"": ""Cornell University"", ""Position"": ""Associate Professor"", ""PhDYear"": 2001, ""PhDSchool"": ""University of Washington"", ""Years"": 24, ""First"": ""John"", ""Last"": ""Carruthers"", ""Interests"": ""Sustainable Urban Development, Economic Geography, Urban and Regional Economics, Environmental Quality of Life, Geospatial and Econometric Analysis""}}"
75,google_scholar,2026-03-01,368,8,,,,,"{""workbook_row"": {""Name"": ""Suzanne Charles"", ""Year"": 2011, ""Cites2017"": 368, ""%Cites2017"": 0.289, ""%Rank"": 0.252, ""H-Index"": 8, ""%RankH"": 0.261, ""GoogleScholar"": ""https://scholar.google.com/citations?user=xfZKraEAAAAJ&hl=en"", ""CurrentSchool"": ""Cornell University"", ""Position"": ""Associate Professor"", ""PhDYear"": 2011, ""PhDSchool"": ""Harvard University"", ""Years"": 14, ""First"": ""Suzanne"", ""Middle"": ""Lanyi"", ""Last"": ""Charles""}}"
77,google_scholar,2026-03-01,744,16,,,,,"{""workbook_row"": {""Name"": ""Ding Fei"", ""Year"": 2018, ""Cites2017"": 744, ""%Cites2017"": 0.44, ""%Rank"": 0.725, ""H-Index"": 16, ""%RankH"": 0.548, ""GoogleScholar"": ""https://scholar.google.com/citations?hl=en&user=FniXG3wAAAAJ"", ""CurrentSchool"": ""Cornell University"", ""Position"": ""Assistant Professor"", ""PhDYear"": 2018, ""PhDSchool"": ""University of Minnesota"", ""Years"": 7, ""First"": ""Ding"", ""Last"": ""Fei""}}"
78,google_scholar,2026-03-01,2125,24,,,,,"{""workbook_row"": {""Name"": ""Nicholas Klein"", ""Year"": 2014, ""Cites2017"": 2125, ""%Cites2017"": 0.686, ""%Rank"": 0.9, ""H-Index"": 24, ""%RankH"": 0.774, ""GoogleScholar"": ""https://scholar.google.com/citations?user=Kq3hMdYAAAAJ&hl=en"", ""CurrentSchool"": ""Cornell University"", ""Position"": ""Assistant Professor"", ""PhDYear"": 2014, ""PhDSchool"": ""Rutgers University"", ""Years"": 11, ""First"": ""Nicholas"", ""Last"": ""Klein""}}"
79,google_scholar,2026-03-01,976,13,,,,,"{""workbook_row"": {""Name"": ""Neema Kudva"", ""Year"": 2001, ""Cites2017"": 976, ""%Cites2017"": 0.502, ""%Rank"": 0.269, ""H-Index"": 13, ""%RankH"": 0.45, ""GoogleScholar"": ""https://scholar.google.com/citations?hl=en&authuser=1&user=QvnzVtMAAAAJ&inst=13410158990364976897"", ""CurrentSchool"": ""Cornell University"", ""Position"": ""Professor"", ""PhDYear"": 2001, ""PhDSchool"": ""UC Berkeley"", ""Years"": 24, ""First"": ""Neema"", ""Last"": ""Kudva"", ""Interests"": ""International Development Planning, Non-Government Organizations, Community Based Planning Practices, International Urbanization"", ""LinkedIn"": ""https://linkedin.com/in/neema-kudva-67731329""}}"
80,google_scholar,2026-03-01,614,10,,,,,"{""workbook_row"": {""Name"": ""Jennifer Minner"", ""Year"": 2013, ""Cites2017"": 614, ""%Cites2017"": 0.392, ""%Rank"": 0.39, ""H-Index"": 10, ""%RankH"": 0.335, ""GoogleScholar"": ""https://scholar.google.com/citations?user=0jPZTmUAAAAJ&hl=en&oe=ASCII"", ""CurrentSchool"": ""Cornell University"", ""Position"": ""Associate Professor"", ""PhDYear"": 2013, ""PhDSchool"": ""University of Texas, Austin"", ""Years"": 12, ""First"": ""Jennifer"", ""Last"": ""Minner"", ""Interests"": ""Land Use Planning, Geographic Information Systems, Historic Preservation, Sustainability. 607.255.5561"", ""ResearchGate"": ""https://researchgate.net/profile/Jennifer_Minner""}}"
81,google_scholar,2026-03-01,2616,26,,,,,"{""workbook_row"": {""Name"": ""Sophie Oldfield"", ""Year"": 2000, ""Cites2017"": 2616, ""%Cites2017"": 0.748, ""%Rank"": 0.522, ""H-Index"": 26, ""%RankH"": 0.813, ""GoogleScholar"": ""https://scholar.google.com/citations?hl=en&authuser=1&user=tP5O4C4AAAAJ"", ""CurrentSchool"": ""Cornell University"", ""Position"": ""Professor"", ""PhDYear"": 2000, ""PhDSchool"": ""University of Minnesota"", ""Years"": 25, ""First"": ""Sophie"", ""Last"": ""Oldfield""}}"
82,google_scholar,2026-03-01,1933,20,,,,,"{""workbook_row"": {""Name"": ""Stephan Schmidt"", ""Year"": 2006, ""Cites2017"": 1933, ""%Cites2017"": 0.662, ""%Rank"": 0.744, ""H-Index"": 20, ""%RankH"": 0.664, ""GoogleScholar"": ""https://scholar.google.com/citations?hl=en&user=UNn68ykAAAAJ&inst=13410158990364976897"", ""CurrentSchool"": ""Cornell University"", ""Position"": ""Associate Professor"", ""PhDYear"": 2006, ""PhDSchool"": ""Rutgers University"", ""Years"": 19, ""First"": ""Stephan"", ""Last"": ""Schmidt"", ""ResearchGate"": ""https://researchgate.net/profile/Stephan_Schmidt9"", ""LinkedIn"": ""https://linkedin.com/in/stephanschmidtcornell""}}"
83,google_scholar,2026-03-01,3242,18,,,,,"{""workbook_row"": {""Name"": ""Linda Shi"", ""Year"": 2017, ""Cites2017"": 3242, ""%Cites2017"": 0.792, ""%Rank"": 0.953, ""H-Index"": 18, ""%RankH"": 0.604, ""GoogleScholar"": ""https://scholar.google.com/citations?user=NBCtqiIAAAAJ&hl=en"", ""CurrentSchool"": ""Cornell University"", ""Position"": ""Assistant Professor"", ""PhDYear"": 2017, ""PhDSchool"": ""MIT"", ""Years"": 8, ""First"": ""Linda"", ""Last"": ""Shi""}}"
84,google_scholar,2026-03-01,234,6,,,,,"{""workbook_row"": {""Name"": ""Michael Tomlan"", ""Year"": 1976, ""Cites2017"": 234, ""%Cites2017"": 0.225, ""%Rank"": 0.103, ""H-Index"": 6, ""%RankH"": 0.173, ""GoogleScholar"": ""https://scholar.google.com/citations?hl=en&user=b1xSziEAAAAJ"", ""CurrentSchool"": ""Cornell University"", ""Position"": ""Professor"", ""PhDYear"": 1976, ""PhDSchool"": ""Cornell University"", ""Years"": 49, ""First"": ""Michael"", ""Last"": ""Tomlan"", ""Interests"": ""Building Conservation Technology, Documentation Methods for Preservation, History of the Preservation Movement, China, India, Canada"", ""LinkedIn"": ""https://linkedin.com/in/michael-tomlan-37a9329""}}"
85,google_scholar,2026-03-01,15964,66,,,,,"{""workbook_row"": {""Name"": ""Mildred Warner"", ""Year"": 1997, ""Cites2017"": 15964, ""%Cites2017"": 0.979, ""%Rank"": 0.948, ""H-Index"": 66, ""%RankH"": 0.989, ""GoogleScholar"": ""https://scholar.google.com.ph/citations?user=v1dOouMAAAAJ&hl=en"", ""CurrentSchool"": ""Cornell University"", ""Position"": ""Professor"", ""PhDYear"": 1997, ""PhDSchool"": ""Cornell University"", ""Years"": 28, ""First"": ""Mildred"", ""Last"": ""Warner"", ""Interests"": ""Community Development, Economic Development, State & Local Government Policy"", ""ResearchGate"": ""https://researchgate.net/profile/Mildred_Warner"", ""LinkedIn"": ""https://linkedin.com/in/mildred-warner-b5758223""}}"
86,google_scholar,2026-03-01,307,7,,,,,"{""workbook_row"": {""Name"": ""Wenfei Xu"", ""Year"": 2022, ""Cites2017"": 307, ""%Cites2017"": 0.262, ""%Rank"": 0.514, ""H-Index"": 7, ""%RankH"": 0.218, ""GoogleScholar"": ""https://scholar.google.com/citations?hl=en&user=-VP9js8AAAAJ&inst=13410158990364976897"", ""CurrentSchool"": ""Cornell University"", ""Position"": ""Assistant Professor"", ""PhDYear"": 2022, ""PhDSchool"": ""Columbia University"", ""Years"": 3, ""First"": ""Wenfei"", ""Last"": ""Xu""}}"
87,google_scholar,2026-03-01,301,10,,,,,"{""workbook_row"": {""Name"": ""Lisa Berglund"", ""Year"": 2017, ""Cites2017"": 301, ""%Cites2017"": 0.259, ""%Rank"": 0.225, ""H-Index"": 10, ""%RankH"": 0.335, ""GoogleScholar"": ""https://scholar.google.com/citations?hl=en&user=vxeLlLIAAAAJ"", ""CurrentSchool"": ""Morgan State University"", ""Position"": ""Associate Professor"", ""PhDYear"": 2017, ""PhDSchool"": ""UCLA"", ""Years"": 8, ""First"": ""Lisa"", ""Last"": ""Berglund""}}"
88,google_scholar,2026-03-01,3817,31,,,,,"{""workbook_row"": {""Name"": ""Ahsan Habib"", ""Year"": 2009, ""Cites2017"": 3817, ""%Cites2017"": 0.829, ""%Rank"": 0.925, ""H-Index"": 31, ""%RankH"": 0.862, ""GoogleScholar"": ""https://scholar.google.com/citations?user=EqK6qS0AAAAJ&hl=en"", ""CurrentSchool"": ""Dalhousie University"", ""Position"": ""Associate Professor"", ""PhDYear"": 2009, ""PhDSchool"": ""University of Toronto"", ""Years"": 16, ""First"": ""Ahsan"", ""Last"": ""Habib""}}"
90,google_scholar,2026-03-01,608,15,,,,,"{""workbook_row"": {""Name"": ""Eric Rapaport"", ""Year"": 2002, ""Cites2017"": 608, ""%Cites2017"": 0.391, ""%Rank"": 0.387, ""H-Index"": 15, ""%RankH"": 0.516, ""GoogleScholar"": ""https://scholar.google.com/citations?hl=en&authuser=1&user=jNEOn3cAAAAJ&inst=13410158990364976897"", ""CurrentSchool"": ""Dalhousie University"", ""Position"": ""Associate Professor"", ""PhDYear"": 2002, ""PhDSchool"": ""Royal Institute of Technology, Stockholm"", ""Years"": 23, ""First"": ""Eric"", ""Last"": ""Rapaport""}}"
91,google_scholar,2026-03-01,493,11,,,,,"{""workbook_row"": {""Name"": ""Mikiko Terashima"", ""Year"": 2011, ""Cites2017"": 493, ""%Cites2017"": 0.345, ""%Rank"": 0.639, ""H-Index"": 11, ""%RankH"": 0.374, ""GoogleScholar"": ""https://scholar.google.com/citations?hl=en&authuser=1&user=2zPJKmAAAAAJ&inst=13410158990364976897"", ""CurrentSchool"": ""Dalhousie University"", ""Position"": ""Assistant Professor"", ""PhDYear"": 2011, ""PhDSchool"": ""Dalhousie University"", ""Years"": 14, ""First"": ""Mikiko"", ""Last"": ""Terashima""}}"
92,google_scholar,2026-03-01,669,9,,,,,"{""workbook_row"": {""Name"": ""Ren Thomas"", ""Year"": 2011, ""Cites2017"": 669, ""%Cites2017"": 0.409, ""%Rank"": 0.692, ""H-Index"": 9, ""%RankH"": 0.292, ""GoogleScholar"": ""https://scholar.google.com/citations?user=fmEGMO8AAAAJ&hl=en"", ""CurrentSchool"": ""Dalhousie University"", ""Position"": ""Assistant Professor"", ""PhDYear"": 2011, ""PhDSchool"": ""University of British Columbia"", ""Years"": 14, ""First"": ""Ren"", ""Last"": ""Thomas""}}"
93,google_scholar,2026-03-01,1341,8,,,,,"{""workbook_row"": {""Name"": ""Misun Hur"", ""Year"": 2008, ""Cites2017"": 1341, ""%Cites2017"": 0.573, ""%Rank"": 0.637, ""H-Index"": 8, ""%RankH"": 0.261, ""GoogleScholar"": ""https://scholar.google.com.ph/citations?user=Q7Rwqu8AAAAJ&hl=en"", ""CurrentSchool"": ""East Carolina University"", ""Position"": ""Associate Professor"", ""PhDYear"": 2008, ""PhDSchool"": ""Ohio State University"", ""Years"": 17, ""First"": ""Misun"", ""Last"": ""Hur"", ""Interests"": ""Community Development, Urban Design, GIS & Visualization Technology, Environmental Behavior"", ""ResearchGate"": ""https://researchgate.net/profile/Misun_Hur"", ""LinkedIn"": ""https://linkedin.com/in/misunhur""}}"
95,google_scholar,2026-03-01,498,13,,,,,"{""workbook_row"": {""Name"": ""Anuradha Mukherji"", ""Year"": 2008, ""Cites2017"": 498, ""%Cites2017"": 0.35, ""%Rank"": 0.332, ""H-Index"": 13, ""%RankH"": 0.45, ""GoogleScholar"": ""https://scholar.google.com.ph/citations?user=88FnzbsAAAAJ&hl=en"", ""CurrentSchool"": ""East Carolina University"", ""Position"": ""Associate Professor"", ""PhDYear"": 2008, ""PhDSchool"": ""UC Berkeley"", ""Years"": 17, ""First"": ""Anuradha"", ""Last"": ""Mukherji"", ""Interests"": ""Housing, Hazard Mitigation and Recovery, Disaster Planning and Management, International Development"", ""ResearchGate"": ""https://researchgate.net/profile/Anuradha_Mukherji"", ""LinkedIn"": ""https://linkedin.com/in/anuradhamukherji""}}"
96,google_scholar,2026-03-01,294,7,,,,,"{""workbook_row"": {""Name"": ""Steven Richter"", ""Year"": 2021, ""Cites2017"": 294, ""%Cites2017"": 0.257, ""%Rank"": 0.503, ""H-Index"": 7, ""%RankH"": 0.218, ""GoogleScholar"": ""https://scholar.google.com/citations?user=fRQbhxoAAAAJ&hl=en&inst=13410158990364976897"", ""CurrentSchool"": ""East Carolina University"", ""Position"": ""Assistant Professor"", ""PhDYear"": 2021, ""PhDSchool"": ""University of Texas, Austin"", ""Years"": 4, ""First"": ""Steven"", ""Last"": ""Richter""}}"
99,google_scholar,2026-03-01,892,14,,,,,"{""workbook_row"": {""Name"": ""Matthew Anderson"", ""Year"": 2012, ""Cites2017"": 892, ""%Cites2017"": 0.481, ""%Rank"": 0.259, ""H-Index"": 14, ""%RankH"": 0.485, ""GoogleScholar"": ""https://scholar.google.com/citations?hl=en&authuser=2&user=wHzEVFkAAAAJ&inst=13410158990364976897"", ""CurrentSchool"": ""Eastern Washington"", ""Position"": ""Professor"", ""PhDYear"": 2012, ""PhDSchool"": ""University of Illinois, Urbana-Champaign"", ""Years"": 13, ""First"": ""Matthew"", ""Last"": ""Anderson""}}"
102,google_scholar,2026-03-01,3123,23,,,,,"{""workbook_row"": {""Name"": ""Eric Dumbaugh"", ""Year"": 2005, ""Cites2017"": 3123, ""%Cites2017"": 0.785, ""%Rank"": 0.576, ""H-Index"": 23, ""%RankH"": 0.744, ""GoogleScholar"": ""https://scholar.google.com.ph/citations?user=QePeI0EAAAAJ&hl=en"", ""CurrentSchool"": ""Florida Atlantic University"", ""Position"": ""Professor"", ""PhDYear"": 2005, ""PhDSchool"": ""Georgia Tech"", ""Years"": 20, ""First"": ""Eric"", ""Last"": ""Dumbaugh"", ""Interests"": ""Transportation Planning and Design"", ""ResearchGate"": ""https://researchgate.net/profile/Eric_Dumbaugh"", ""LinkedIn"": ""https://linkedin.com/in/eric-dumbaugh-9818b913""}}"
103,google_scholar,2026-03-01,1218,14,,,,,"{""workbook_row"": {""Name"": ""Yanmei Li"", ""Year"": 2006, ""Cites2017"": 1218, ""%Cites2017"": 0.543, ""%Rank"": 0.587, ""H-Index"": 14, ""%RankH"": 0.485, ""GoogleScholar"": ""https://scholar.google.com/citations?hl=en&user=ZaF71qUAAAAJ"", ""CurrentSchool"": ""Florida Atlantic University"", ""Position"": ""Associate Professor"", ""PhDYear"": 2006, ""PhDSchool"": ""Ohio State University"", ""Years"": 19, ""First"": ""Yanmei"", ""Last"": ""Li"", ""Interests"": ""Statistics, Geography and Urban Planning"", ""ResearchGate"": ""https://researchgate.net/profile/Yanmei_Li8"", ""LinkedIn"": ""https://linkedin.com/in/yanmeili""}}"
104,google_scholar,2026-03-01,156,7,,,,,"{""workbook_row"": {""Name"": ""Melina Matos"", ""Year"": 2021, ""Cites2017"": 156, ""%Cites2017"": 0.174, ""%Rank"": 0.339, ""H-Index"": 7, ""%RankH"": 0.218, ""GoogleScholar"": ""https://scholar.google.com/citations?hl=en&user=HalduD8AAAAJ"", ""CurrentSchool"": ""Florida Atlantic University"", ""Position"": ""Assistant Professor"", ""PhDYear"": 2021, ""PhDSchool"": ""Texas A&M"", ""Years"": 4, ""First"": ""Melina"", ""Last"": ""Matos""}}"
105,google_scholar,2026-03-01,1946,19,,,,,"{""workbook_row"": {""Name"": ""Louis Merlin"", ""Year"": 2014, ""Cites2017"": 1946, ""%Cites2017"": 0.664, ""%Rank"": 0.75, ""H-Index"": 19, ""%RankH"": 0.631, ""GoogleScholar"": ""https://scholar.google.com/citations?user=RpdvnXkAAAAJ&hl=en"", ""CurrentSchool"": ""Florida Atlantic University"", ""Position"": ""Associate Professor"", ""PhDYear"": 2014, ""PhDSchool"": ""University of North Carolina, Chapel Hill"", ""Years"": 11, ""First"": ""Louis"", ""Last"": ""Merlin""}}"
106,google_scholar,2026-03-01,1741,19,,,,,"{""workbook_row"": {""Name"": ""Diana Mitsova"", ""Year"": 2008, ""Cites2017"": 1741, ""%Cites2017"": 0.64, ""%Rank"": 0.41, ""H-Index"": 19, ""%RankH"": 0.631, ""GoogleScholar"": ""https://scholar.google.com/citations?hl=en&authuser=1&user=tIME-ekAAAAJ"", ""CurrentSchool"": ""Florida Atlantic University"", ""Position"": ""Professor"", ""PhDYear"": 2008, ""PhDSchool"": ""University of Cincinnati"", ""Years"": 17, ""First"": ""Diana"", ""Last"": ""Mitsova"", ""Interests"": ""GIS Applications, GIS Data Collection, Environmental Modeling"", ""ResearchGate"": ""https://researchgate.net/profile/Diana_Mitsova"", ""LinkedIn"": ""https://linkedin.com/in/diana-mitsova-a220547b""}}"
107,google_scholar,2026-03-01,1200,15,,,,,"{""workbook_row"": {""Name"": ""Stephanie Wakefield"", ""Year"": 2016, ""Cites2017"": 1200, ""%Cites2017"": 0.538, ""%Rank"": 0.814, ""H-Index"": 15, ""%RankH"": 0.516, ""GoogleScholar"": ""https://scholar.google.com/citations?hl=en&user=UTzKlfYAAAAJ"", ""CurrentSchool"": ""Florida Atlantic University"", ""Position"": ""Assistant Professor"", ""PhDYear"": 2016, ""PhDSchool"": ""CUNY"", ""Years"": 9, ""First"": ""Stephanie"", ""Last"": ""Wakefield""}}"
108,google_scholar,2026-03-01,2133,23,,,,,"{""workbook_row"": {""Name"": ""Jeff Brown"", ""Year"": 2003, ""Cites2017"": 2133, ""%Cites2017"": 0.689, ""%Rank"": 0.457, ""H-Index"": 23, ""%RankH"": 0.744, ""GoogleScholar"": ""https://scholar.google.com/citations?user=EPPBXzYAAAAJ&hl"", ""CurrentSchool"": ""Florida State University"", ""Position"": ""Professor"", ""PhDYear"": 2003, ""PhDSchool"": ""UCLA"", ""Years"": 22, ""First"": ""Jeff"", ""Last"": ""Brown""}}"
109,google_scholar,2026-03-01,1739,17,,,,,"{""workbook_row"": {""Name"": ""William Butler"", ""Year"": 2009, ""Cites2017"": 1739, ""%Cites2017"": 0.638, ""%Rank"": 0.405, ""H-Index"": 17, ""%RankH"": 0.572, ""GoogleScholar"": ""https://scholar.google.com/citations?user=Mk29S08AAAAJ&hl=en"", ""CurrentSchool"": ""Florida State University"", ""Position"": ""Professor"", ""PhDYear"": 2009, ""PhDSchool"": ""Virginia Tech"", ""Years"": 16, ""First"": ""William"", ""Middle"": ""H."", ""Last"": ""Butler"", ""ResearchGate"": ""https://researchgate.net/profile/William_Butler11""}}"
111,google_scholar,2026-03-01,1482,17,,,,,"{""workbook_row"": {""Name"": ""Timothy Chapin"", ""Year"": 1999, ""Cites2017"": 1482, ""%Cites2017"": 0.597, ""%Rank"": 0.361, ""H-Index"": 17, ""%RankH"": 0.572, ""GoogleScholar"": ""https://scholar.google.com/citations?user=YdGhnsIAAAAJ&hl=en"", ""CurrentSchool"": ""Florida State University"", ""Position"": ""Professor"", ""PhDYear"": 1999, ""PhDSchool"": ""University of Washington"", ""Years"": 26, ""First"": ""Timothy"", ""Middle"": ""S."", ""Last"": ""Chapin"", ""ResearchGate"": ""https://researchgate.net/profile/Timothy_Chapin"", ""LinkedIn"": ""https://linkedin.com/in/tim-chapin-64b0a46""}}"
112,google_scholar,2026-03-01,2289,21,,,,,"{""workbook_row"": {""Name"": ""Christopher Coutts"", ""Year"": 2006, ""Cites2017"": 2289, ""%Cites2017"": 0.705, ""%Rank"": 0.47, ""H-Index"": 21, ""%RankH"": 0.696, ""GoogleScholar"": ""https://scholar.google.com.ph/citations?user=l1E3KCoAAAAJ&hl=en"", ""CurrentSchool"": ""Florida State University"", ""Position"": ""Professor"", ""PhDYear"": 2006, ""PhDSchool"": ""University of Michigan"", ""Years"": 19, ""First"": ""Christopher"", ""Last"": ""Coutts"", ""Interests"": ""Community Health and Health Behavior""}}"
113,google_scholar,2026-03-01,4895,21,,,,,"{""workbook_row"": {""Name"": ""Michael Duncan"", ""Year"": 2007, ""Cites2017"": 4895, ""%Cites2017"": 0.873, ""%Rank"": 0.727, ""H-Index"": 21, ""%RankH"": 0.696, ""GoogleScholar"": ""https://scholar.google.com/citations?user=H3h-6zMAAAAJ&hl=en"", ""CurrentSchool"": ""Florida State University"", ""Position"": ""Professor"", ""PhDYear"": 2007, ""PhDSchool"": ""UC Berkeley"", ""Years"": 18, ""First"": ""Michael"", ""Last"": ""Duncan"", ""Interests"": ""Transportation and Land Use, Sustainable Transportation, Pedestrian Communities, Planning Alternatives Evaluation"", ""ResearchGate"": ""https://researchgate.net/profile/Michael_Duncan9""}}"
115,google_scholar,2026-03-01,399,8,,,,,"{""workbook_row"": {""Name"": ""Kelly Kinahan"", ""Year"": 2016, ""Cites2017"": 399, ""%Cites2017"": 0.3, ""%Rank"": 0.266, ""H-Index"": 8, ""%RankH"": 0.261, ""GoogleScholar"": ""https://scholar.google.com/citations?user=dUgx9EoAAAAJ&hl=en"", ""CurrentSchool"": ""Florida State University"", ""Position"": ""Associate Professor"", ""PhDYear"": 2016, ""PhDSchool"": ""Cleveland State University"", ""Years"": 9, ""First"": ""Kelly"", ""Middle"": ""L."", ""Last"": ""Kinahan""}}"
116,google_scholar,2026-03-01,7,2,,,,,"{""workbook_row"": {""Name"": ""Meaghan McSorley"", ""Year"": 2023, ""Cites2017"": 7, ""%Cites2017"": 0.018, ""%Rank"": 0.035, ""H-Index"": 2, ""%RankH"": 0.024, ""GoogleScholar"": ""https://scholar.google.com/citations?hl=en&user=Ro12WEYAAAAJ"", ""CurrentSchool"": ""Florida State University"", ""Position"": ""Assistant Professor"", ""PhDYear"": 2023, ""PhDSchool"": ""Georgia Tech"", ""Years"": 2, ""First"": ""Meaghan"", ""Last"": ""McSorley""}}"
118,google_scholar,2026-03-01,355,9,,,,,"{""workbook_row"": {""Name"": ""Fariba Siddiq"", ""Year"": 2024, ""Cites2017"": 355, ""%Cites2017"": 0.284, ""%Rank"": 0.546, ""H-Index"": 9, ""%RankH"": 0.292, ""GoogleScholar"": ""https://scholar.google.com/citations?hl=en&user=0YloEXcAAAAJ"", ""CurrentSchool"": ""Florida State University"", ""Position"": ""Assistant Professor"", ""PhDYear"": 2024, ""PhDSchool"": ""UCLA"", ""Years"": 1, ""First"": ""Fariba"", ""Last"": ""Siddiq""}}"
120,google_scholar,2026-03-01,3505,29,,,,,"{""workbook_row"": {""Name"": ""Gulsah Akar"", ""Year"": 2009, ""Cites2017"": 3505, ""%Cites2017"": 0.809, ""%Rank"": 0.618, ""H-Index"": 29, ""%RankH"": 0.84, ""GoogleScholar"": ""https://scholar.google.com.ph/citations?user=hAkNdIYAAAAJ&hl=en"", ""CurrentSchool"": ""Georgia Tech"", ""Position"": ""Professor"", ""PhDYear"": 2009, ""PhDSchool"": ""University of Maryland"", ""Years"": 16, ""First"": ""Gulsah"", ""Last"": ""Akar"", ""Interests"": ""Transportation, Energy, Public Health"", ""ResearchGate"": ""https://researchgate.net/profile/Gulsah_Akar""}}"
121,google_scholar,2026-03-01,2703,22,,,,,"{""workbook_row"": {""Name"": ""Clio Andris"", ""Year"": 2011, ""Cites2017"": 2703, ""%Cites2017"": 0.76, ""%Rank"": 0.935, ""H-Index"": 22, ""%RankH"": 0.722, ""GoogleScholar"": ""https://scholar.google.com/citations?hl=en&user=D9jCEIkAAAAJ"", ""CurrentSchool"": ""Georgia Tech"", ""Position"": ""Assistant Professor"", ""PhDYear"": 2011, ""PhDSchool"": ""MIT"", ""Years"": 14, ""First"": ""Clio"", ""Last"": ""Andris""}}"
123,google_scholar,2026-03-01,1723,18,,,,,"{""workbook_row"": {""Name"": ""Ellen Bassett"", ""Year"": 2001, ""Cites2017"": 1723, ""%Cites2017"": 0.634, ""%Rank"": 0.403, ""H-Index"": 18, ""%RankH"": 0.604, ""GoogleScholar"": ""https://scholar.google.com/citations?hl=en&user=_fEEqz8AAAAJ&inst=13410158990364976897"", ""CurrentSchool"": ""Georgia Tech"", ""Position"": ""Professor"", ""PhDYear"": 2001, ""PhDSchool"": ""University of Wisconsin, Madison"", ""Years"": 24, ""First"": ""Ellen"", ""Middle"": ""M."", ""Last"": ""Bassett"", ""Interests"": ""Land Use/ Growth Management, International Development"", ""ResearchGate"": ""https://researchgate.net/profile/Ellen_Bassett"", ""LinkedIn"": ""https://linkedin.com/in/ellen-bassett-a722287a""}}"
124,google_scholar,2026-03-01,1515,22,,,,,"{""workbook_row"": {""Name"": ""Rounaq Basu"", ""Year"": 2022, ""Cites2017"": 1515, ""%Cites2017"": 0.602, ""%Rank"": 0.857, ""H-Index"": 22, ""%RankH"": 0.722, ""GoogleScholar"": ""https://scholar.google.com/citations?hl=en&user=Zx4Sk7YAAAAJ"", ""CurrentSchool"": ""Georgia Tech"", ""Position"": ""Assistant Professor"", ""PhDYear"": 2022, ""PhDSchool"": ""MIT"", ""Years"": 3, ""First"": ""Rounaq"", ""Last"": ""Basu""}}"
125,google_scholar,2026-03-01,731,11,,,,,"{""workbook_row"": {""Name"": ""Paige Clayton"", ""Year"": 2020, ""Cites2017"": 731, ""%Cites2017"": 0.435, ""%Rank"": 0.717, ""H-Index"": 11, ""%RankH"": 0.374, ""GoogleScholar"": ""https://scholar.google.com/citations?hl=en&user=PoDA8vUAAAAJ"", ""CurrentSchool"": ""Georgia Tech"", ""Position"": ""Assistant Professor"", ""PhDYear"": 2020, ""PhDSchool"": ""UNC"", ""Years"": 5, ""First"": ""Paige"", ""Last"": ""Clayton""}}"
127,google_scholar,2026-03-01,311,6,,,,,"{""workbook_row"": {""Name"": ""Alberto Fuentes"", ""Year"": 2014, ""Cites2017"": 311, ""%Cites2017"": 0.265, ""%Rank"": 0.517, ""H-Index"": 6, ""%RankH"": 0.173, ""GoogleScholar"": ""https://scholar.google.com/citations?user=H4iL3V0AAAAJ&hl=en"", ""CurrentSchool"": ""Georgia Tech"", ""Position"": ""Assistant Professor"", ""PhDYear"": 2014, ""PhDSchool"": ""MIT"", ""Years"": 11, ""First"": ""Alberto"", ""Last"": ""Fuentes""}}"
128,google_scholar,2026-03-01,8509,46,,,,,"{""workbook_row"": {""Name"": ""Randall Guensler"", ""Year"": 1993, ""Cites2017"": 8509, ""%Cites2017"": 0.937, ""%Rank"": 0.853, ""H-Index"": 46, ""%RankH"": 0.959, ""GoogleScholar"": ""https://scholar.google.com/citations?user=LRMzl7IAAAAJ&hl=en"", ""CurrentSchool"": ""Georgia Tech"", ""Position"": ""Professor"", ""PhDYear"": 1993, ""PhDSchool"": ""University of California at Davis"", ""Years"": 32, ""First"": ""Randall"", ""Middle"": ""L."", ""Last"": ""Guensler""}}"
129,google_scholar,2026-03-01,6265,35,,,,,"{""workbook_row"": {""Name"": ""Subhrajit Guhathakurta"", ""Year"": 1991, ""Cites2017"": 6265, ""%Cites2017"": 0.912, ""%Rank"": 0.799, ""H-Index"": 35, ""%RankH"": 0.902, ""GoogleScholar"": ""https://scholar.google.com.ph/citations?user=q6VQWEUAAAAJ&hl=en"", ""CurrentSchool"": ""Georgia Tech"", ""Position"": ""Professor"", ""PhDYear"": 1991, ""PhDSchool"": ""UC Berkeley"", ""Years"": 34, ""First"": ""Subhrajit"", ""Last"": ""Guhathakurta"", ""Interests"": ""International Development and Planning; Urban Modeling and GIS; Computer Applications; Economic Development Planning; Environmental Planning""}}"
130,google_scholar,2026-03-01,295,9,,,,,"{""workbook_row"": {""Name"": ""Yiyi He"", ""Year"": 2022, ""Cites2017"": 295, ""%Cites2017"": 0.258, ""%Rank"": 0.507, ""H-Index"": 9, ""%RankH"": 0.292, ""GoogleScholar"": ""https://scholar.google.com/citations?hl=en&user=xoUOI-wAAAAJ"", ""CurrentSchool"": ""Georgia Tech"", ""Position"": ""Assistant Professor"", ""PhDYear"": 2022, ""PhDSchool"": ""UC Berkeley"", ""Years"": 3, ""First"": ""Yiyi"", ""Last"": ""He""}}"
131,google_scholar,2026-03-01,348,8,,,,,"{""workbook_row"": {""Name"": ""Gregory Randolph"", ""Year"": 2023, ""Cites2017"": 348, ""%Cites2017"": 0.279, ""%Rank"": 0.539, ""H-Index"": 8, ""%RankH"": 0.261, ""GoogleScholar"": ""https://scholar.google.com/citations?hl=en&user=LzsZrdgAAAAJ"", ""CurrentSchool"": ""Georgia Tech"", ""Position"": ""Assistant Professor"", ""PhDYear"": 2023, ""PhDSchool"": ""USC"", ""Years"": 2, ""First"": ""Gregory"", ""Last"": ""Randolph""}}"
132,google_scholar,2026-03-01,760,11,,,,,"{""workbook_row"": {""Name"": ""Elora Raymond"", ""Year"": 2017, ""Cites2017"": 760, ""%Cites2017"": 0.445, ""%Rank"": 0.735, ""H-Index"": 11, ""%RankH"": 0.374, ""GoogleScholar"": ""https://scholar.google.com/citations?user=15wl6EoAAAAJ"", ""CurrentSchool"": ""Georgia Tech"", ""Position"": ""Assistant Professor"", ""PhDYear"": 2017, ""PhDSchool"": ""Georgia Tech"", ""Years"": 8, ""First"": ""Elora"", ""Last"": ""Raymond""}}"
133,google_scholar,2026-03-01,7332,37,,,,,"{""workbook_row"": {""Name"": ""Brian Stone"", ""Year"": 2001, ""Cites2017"": 7332, ""%Cites2017"": 0.927, ""%Rank"": 0.831, ""H-Index"": 37, ""%RankH"": 0.918, ""GoogleScholar"": ""https://scholar.google.com/citations?hl=en&user=C6lK4ZQAAAAJ"", ""CurrentSchool"": ""Georgia Tech"", ""Position"": ""Professor"", ""PhDYear"": 2001, ""PhDSchool"": ""Georgia Tech"", ""Years"": 24, ""First"": ""Brian"", ""Last"": ""Stone"", ""Interests"": ""Environmental Planning, Urban Ecology, Land Use and Air Quality, Climate Change and Urban Heat Island"", ""LinkedIn"": ""https://linkedin.com/in/brian-stone-574b656""}}"
134,google_scholar,2026-03-01,2082,21,,,,,"{""workbook_row"": {""Name"": ""Perry Yang"", ""Year"": 2001, ""Cites2017"": 2082, ""%Cites2017"": 0.68, ""%Rank"": 0.771, ""H-Index"": 21, ""%RankH"": 0.696, ""GoogleScholar"": ""https://scholar.google.com/citations?user=xgr9J9MAAAAJ&hl=en"", ""CurrentSchool"": ""Georgia Tech"", ""Position"": ""Associate Professor"", ""PhDYear"": 2001, ""PhDSchool"": ""National Taiwan University"", ""Years"": 24, ""First"": ""Perry"", ""Last"": ""Yang""}}"
135,google_scholar,2026-03-01,5760,35,,,,,"{""workbook_row"": {""Name"": ""Diane Davis"", ""Year"": 1986, ""Cites2017"": 5760, ""%Cites2017"": 0.903, ""%Rank"": 0.782, ""H-Index"": 35, ""%RankH"": 0.902, ""GoogleScholar"": ""https://scholar.google.com/citations?user=S0y4lCAAAAAJ&hl=en&authuser=1"", ""CurrentSchool"": ""Harvard University"", ""Position"": ""Professor"", ""PhDYear"": 1986, ""PhDSchool"": ""UCLA"", ""Years"": 39, ""First"": ""Diane"", ""Middle"": ""E."", ""Last"": ""Davis"", ""Interests"": ""Comparative Urbanization, Urban Politics, International Development.""}}"
136,google_scholar,2026-03-01,13855,54,,,,,"{""workbook_row"": {""Name"": ""Ann Forsyth"", ""Year"": 1993, ""Cites2017"": 13855, ""%Cites2017"": 0.969, ""%Rank"": 0.925, ""H-Index"": 54, ""%RankH"": 0.973, ""GoogleScholar"": ""https://scholar.google.com.ph/citations?user=TCt3q_AAAAAJ&hl=en"", ""CurrentSchool"": ""Harvard University"", ""Position"": ""Professor"", ""PhDYear"": 1993, ""PhDSchool"": ""Cornell University"", ""Years"": 32, ""First"": ""Ann"", ""Last"": ""Forsyth"", ""Interests"": ""Social Aspects of Physical Planning and Urban Design, Urban and Environmental Theory, Gender and Diversity, Research Methods, Professional Ethics, Planning and Design Education""}}"
138,google_scholar,2026-03-01,88,4,,,,,"{""workbook_row"": {""Name"": ""Magda Maaoui"", ""Year"": 2021, ""Cites2017"": 88, ""%Cites2017"": 0.105, ""%Rank"": 0.21, ""H-Index"": 4, ""%RankH"": 0.09, ""GoogleScholar"": ""https://scholar.google.com/citations?user=GQYlya0AAAAJ&hl=en&oi=ao"", ""CurrentSchool"": ""Harvard University"", ""Position"": ""Assistant Professor"", ""PhDYear"": 2021, ""PhDSchool"": ""Columbia University"", ""Years"": 4, ""First"": ""Magda"", ""Last"": ""Maaoui""}}"
140,google_scholar,2026-03-01,1977,21,,,,,"{""workbook_row"": {""Name"": ""Rachel Meltzer"", ""Year"": 2009, ""Cites2017"": 1977, ""%Cites2017"": 0.671, ""%Rank"": 0.896, ""H-Index"": 21, ""%RankH"": 0.696, ""GoogleScholar"": ""https://scholar.google.com.ph/citations?user=aXJNIvMAAAAJ&hl=en"", ""CurrentSchool"": ""Harvard University"", ""Position"": ""Assistant Professor"", ""PhDYear"": 2009, ""PhDSchool"": ""NYU"", ""Years"": 16, ""First"": ""Rachel"", ""Last"": ""Meltzer"", ""Interests"": ""Economic Development, Quantitative Methods, Housing"", ""ResearchGate"": ""https://researchgate.net/profile/Rachel_Meltzer""}}"
143,google_scholar,2026-03-01,1093,8,,,,,"{""workbook_row"": {""Name"": ""Hannah Teicher"", ""Year"": 2019, ""Cites2017"": 1093, ""%Cites2017"": 0.522, ""%Rank"": 0.796, ""H-Index"": 8, ""%RankH"": 0.261, ""GoogleScholar"": ""https://scholar.google.ca/citations?user=TQXBGWsAAAAJ&hl=en"", ""CurrentSchool"": ""Harvard University"", ""Position"": ""Assistant Professor"", ""PhDYear"": 2019, ""PhDSchool"": ""MIT"", ""Years"": 6, ""First"": ""Hannah"", ""Last"": ""Teicher""}}"
144,google_scholar,2026-03-01,723,14,,,,,"{""workbook_row"": {""Name"": ""Carole Voulgaris"", ""Year"": 2017, ""Cites2017"": 723, ""%Cites2017"": 0.432, ""%Rank"": 0.707, ""H-Index"": 14, ""%RankH"": 0.485, ""GoogleScholar"": ""https://scholar.google.com/citations?user=BmzXltMAAAAJ&hl=en"", ""CurrentSchool"": ""Harvard University"", ""Position"": ""Assistant Professor"", ""PhDYear"": 2017, ""PhDSchool"": ""UCLA"", ""Years"": 8, ""First"": ""Carole"", ""Last"": ""Voulgaris""}}"
145,google_scholar,2026-03-01,4745,31,,,,,"{""workbook_row"": {""Name"": ""Rachel Weber"", ""Year"": 1998, ""Cites2017"": 4745, ""%Cites2017"": 0.864, ""%Rank"": 0.71, ""H-Index"": 31, ""%RankH"": 0.862, ""GoogleScholar"": ""https://scholar.google.com/citations?hl=en&user=-nMertYAAAAJ"", ""CurrentSchool"": ""Harvard University"", ""Position"": ""Professor"", ""PhDYear"": 1998, ""PhDSchool"": ""Cornell University"", ""Years"": 27, ""First"": ""Rachel"", ""Last"": ""Weber"", ""Interests"": ""Economic Development Planning, Planning Theory, Public Finance and Fiscal Planning"", ""ResearchGate"": ""https://researchgate.net/profile/Rachel_Weber"", ""LinkedIn"": ""https://linkedin.com/in/rachel-weber-1b6404a""}}"
146,google_scholar,2026-03-01,714,10,,,,,"{""workbook_row"": {""Name"": ""Stefan Al"", ""Year"": 2010, ""Cites2017"": 714, ""%Cites2017"": 0.43, ""%Rank"": 0.453, ""H-Index"": 10, ""%RankH"": 0.335, ""GoogleScholar"": ""https://scholar.google.com/citations?user=IrrSGOYAAAAJ&hl=en&oi=ao"", ""CurrentSchool"": ""Hunter College"", ""Position"": ""Associate Professor"", ""PhDYear"": 2010, ""PhDSchool"": ""UC Berkeley"", ""Years"": 15, ""First"": ""Stefan"", ""Last"": ""AL""}}"
148,google_scholar,2026-03-01,855,18,,,,,"{""workbook_row"": {""Name"": ""John Chin"", ""Year"": 2001, ""Cites2017"": 855, ""%Cites2017"": 0.478, ""%Rank"": 0.257, ""H-Index"": 18, ""%RankH"": 0.604, ""GoogleScholar"": ""https://scholar.google.com/citations?user=gV7SKuUAAAAJ&hl=en"", ""CurrentSchool"": ""Hunter College"", ""Position"": ""Professor"", ""PhDYear"": 2001, ""PhDSchool"": ""Columbia University"", ""Years"": 24, ""First"": ""John"", ""Last"": ""Chin"", ""Interests"": ""community participation, urban health, immigrant communities and non-profits""}}"
149,google_scholar,2026-03-01,287,3,,,,,"{""workbook_row"": {""Name"": ""Owen Gutfreund"", ""Year"": 1998, ""Cites2017"": 287, ""%Cites2017"": 0.252, ""%Rank"": 0.219, ""H-Index"": 3, ""%RankH"": 0.051, ""GoogleScholar"": ""https://scholar.google.com/citations?user=P9xC7acAAAAJ&hl=en&oe=ASCII"", ""CurrentSchool"": ""Hunter College"", ""Position"": ""Associate Professor"", ""PhDYear"": 1998, ""PhDSchool"": ""Columbia University"", ""Years"": 27, ""First"": ""Owen"", ""Last"": ""Gutfreund"", ""Interests"": ""urban history, transportation policy, suburbanization, sustainable development, public finance, and comparative urbanization""}}"
150,google_scholar,2026-03-01,1728,12,,,,,"{""workbook_row"": {""Name"": ""Mehdi Heris"", ""Year"": 2018, ""Cites2017"": 1728, ""%Cites2017"": 0.637, ""%Rank"": 0.875, ""H-Index"": 12, ""%RankH"": 0.409, ""GoogleScholar"": ""https://scholar.google.com/citations?hl=en&authuser=1&user=JO0Whw8AAAAJ"", ""CurrentSchool"": ""Hunter College"", ""Position"": ""Assistant Professor"", ""PhDYear"": 2018, ""PhDSchool"": ""University of Colorado, Denver"", ""Years"": 7, ""First"": ""Mehdi"", ""Last"": ""Heris""}}"
151,google_scholar,2026-03-01,2807,29,,,,,"{""workbook_row"": {""Name"": ""Edwin Meléndez"", ""Year"": 1990, ""Cites2017"": 2807, ""%Cites2017"": 0.769, ""%Rank"": 0.551, ""H-Index"": 29, ""%RankH"": 0.84, ""GoogleScholar"": ""https://scholar.google.com/citations?hl=en&authuser=1&user=NlgFyD4AAAAJ&inst=13410158990364976897"", ""CurrentSchool"": ""Hunter College"", ""Position"": ""Professor"", ""PhDYear"": 1990, ""PhDSchool"": ""University of Massachusetts, Amherst"", ""Years"": 35, ""First"": ""Edwin"", ""Last"": ""Meléndez"", ""Interests"": ""Latino studies, economic development, labor markets, poverty""}}"
152,google_scholar,2026-03-01,130,6,,,,,"{""workbook_row"": {""Name"": ""Lily Baum Pollans"", ""Year"": 2017, ""Cites2017"": 130, ""%Cites2017"": 0.154, ""%Rank"": 0.134, ""H-Index"": 6, ""%RankH"": 0.173, ""GoogleScholar"": ""https://scholar.google.com/citations?user=5k0u8OUAAAAJ&hl=en&oe=ASCII"", ""CurrentSchool"": ""Hunter College"", ""Position"": ""Associate Professor"", ""PhDYear"": 2017, ""PhDSchool"": ""MIT"", ""Years"": 8, ""First"": ""Lily"", ""Last"": ""Pollans""}}"
154,google_scholar,2026-03-01,1373,19,,,,,"{""workbook_row"": {""Name"": ""Laura Wolf-Powers"", ""Year"": 2004, ""Cites2017"": 1373, ""%Cites2017"": 0.577, ""%Rank"": 0.339, ""H-Index"": 19, ""%RankH"": 0.631, ""GoogleScholar"": ""https://scholar.google.com/citations?hl=en&authuser=1&user=HpXFwjkAAAAJ&inst=13410158990364976897"", ""CurrentSchool"": ""Hunter College"", ""Position"": ""Professor"", ""PhDYear"": 2004, ""PhDSchool"": ""Rutgers University"", ""Years"": 21, ""First"": ""Laura"", ""Last"": ""Wolf-Powers"", ""Interests"": ""Neighborhood revitalization, urban and regional economic urban development policy and planning""}}"
156,google_scholar,2026-03-01,589,14,,,,,"{""workbook_row"": {""Name"": ""Sudeshna Ghosh"", ""Year"": 2013, ""Cites2017"": 589, ""%Cites2017"": 0.382, ""%Rank"": 0.373, ""H-Index"": 14, ""%RankH"": 0.485, ""GoogleScholar"": ""https://scholar.google.com/citations?user=kzHi8cQAAAAJ&hl=en"", ""CurrentSchool"": ""Indiana University of Pennsylvania"", ""Position"": ""Associate Professor"", ""PhDYear"": 2013, ""PhDSchool"": ""University of Cincinnati"", ""Years"": 12, ""First"": ""Sudeshna"", ""Last"": ""Ghosh"", ""Interests"": ""Land Use and Land Cover Change Modeling, GIS, Community Economic Development, Regional Planning and Development, Small Town and Rural Development Planning, Planning in the Developing World"", ""ResearchGate"": ""https://researchgate.net/profile/Sudeshna_Ghosh"", ""LinkedIn"": ""https://linkedin.com/in/sudeshna-ghosh-87809721""}}"
159,google_scholar,2026-03-01,386,8,,,,,"{""workbook_row"": {""Name"": ""Carlton Basmajian"", ""Year"": 2008, ""Cites2017"": 386, ""%Cites2017"": 0.297, ""%Rank"": 0.26, ""H-Index"": 8, ""%RankH"": 0.261, ""GoogleScholar"": ""https://scholar.google.com.ph/citations?user=i-VJ0sIAAAAJ&hl=en"", ""CurrentSchool"": ""Iowa State University"", ""Position"": ""Associate Professor"", ""PhDYear"": 2008, ""PhDSchool"": ""University of Michigan"", ""Years"": 17, ""First"": ""Carlton"", ""Last"": ""Basmajian"", ""Interests"": ""Regional Planning, Planning History, Suburbia, Land Use"", ""LinkedIn"": ""https://linkedin.com/in/carlton-basmajian-861b8b2""}}"
161,google_scholar,2026-03-01,303,7,,,,,"{""workbook_row"": {""Name"": ""Biswa Das"", ""Year"": 2004, ""Cites2017"": 303, ""%Cites2017"": 0.261, ""%Rank"": 0.23, ""H-Index"": 7, ""%RankH"": 0.218, ""GoogleScholar"": ""https://scholar.google.com/citations?user=rxa2w2oAAAAJ&hl=en&oe=ASCII"", ""CurrentSchool"": ""Iowa State University"", ""Position"": ""Associate Professor"", ""PhDYear"": 2004, ""PhDSchool"": ""Texas Tech University"", ""Years"": 21, ""First"": ""Biswa"", ""Middle"": ""R."", ""Last"": ""Das"", ""Interests"": ""Economic Development, Public Finance, Natural Resource and Environmental Economics."", ""LinkedIn"": ""https://linkedin.com/in/061997""}}"
162,google_scholar,2026-03-01,284,10,,,,,"{""workbook_row"": {""Name"": ""Jiwnath Ghimire"", ""Year"": 2018, ""Cites2017"": 284, ""%Cites2017"": 0.248, ""%Rank"": 0.492, ""H-Index"": 10, ""%RankH"": 0.335, ""GoogleScholar"": ""https://scholar.google.com/citations?hl=en&user=nF_4y2oAAAAJ"", ""CurrentSchool"": ""Iowa State University"", ""Position"": ""Assistant Professor"", ""PhDYear"": 2018, ""PhDSchool"": ""University of Hawaii"", ""Years"": 7, ""First"": ""Jiwnath"", ""Last"": ""Ghimire""}}"
163,google_scholar,2026-03-01,50,3,,,,,"{""workbook_row"": {""Name"": ""Ted Grevstad-Nordbrock"", ""Year"": 2015, ""Cites2017"": 50, ""%Cites2017"": 0.07, ""%Rank"": 0.074, ""H-Index"": 3, ""%RankH"": 0.051, ""GoogleScholar"": ""https://scholar.google.com/citations?hl=en&authuser=1&user=giSAkYEAAAAJ&inst=13410158990364976897"", ""CurrentSchool"": ""Iowa State University"", ""Position"": ""Associate Professor"", ""PhDYear"": 2015, ""PhDSchool"": ""Michigan State University"", ""Years"": 10, ""First"": ""Ted"", ""Last"": ""Grevstad-Nordbrock""}}"
164,google_scholar,2026-03-01,643,11,,,,,"{""workbook_row"": {""Name"": ""Monica Haddad"", ""Year"": 2003, ""Cites2017"": 643, ""%Cites2017"": 0.404, ""%Rank"": 0.2, ""H-Index"": 11, ""%RankH"": 0.374, ""GoogleScholar"": ""https://scholar.google.com/citations?user=BZCjLCUAAAAJ&hl=en"", ""CurrentSchool"": ""Iowa State University"", ""Position"": ""Professor"", ""PhDYear"": 2003, ""PhDSchool"": ""University of Illinois, Urbana-Champaign"", ""Years"": 22, ""First"": ""Monica"", ""Middle"": ""A."", ""Last"": ""Haddad"", ""Interests"": ""Spatial Analysis (GIS), Human Development, Social Equity, Public Investments, Regional Policies"", ""ResearchGate"": ""https://researchgate.net/profile/Monica_Haddad"", ""LinkedIn"": ""https://linkedin.com/in/monica-haddad-79937015""}}"
165,google_scholar,2026-03-01,1853,20,,,,,"{""workbook_row"": {""Name"": ""Francis Owusu"", ""Year"": 2000, ""Cites2017"": 1853, ""%Cites2017"": 0.655, ""%Rank"": 0.425, ""H-Index"": 20, ""%RankH"": 0.664, ""GoogleScholar"": ""https://scholar.google.com/citations?user=1UvO8dcAAAAJ&hl=en"", ""CurrentSchool"": ""Iowa State University"", ""Position"": ""Professor"", ""PhDYear"": 2000, ""PhDSchool"": ""University of Minnesota"", ""Years"": 25, ""First"": ""Francis"", ""Middle"": ""Y."", ""Last"": ""Owusu"", ""Interests"": ""Community Economic Development, Environmental Planning, Planning Methods, GIS, Third World Development"", ""ResearchGate"": ""https://researchgate.net/profile/Francis_Owusu3"", ""LinkedIn"": ""https://linkedin.com/in/francisowusu""}}"
166,google_scholar,2026-03-01,2426,24,,,,,"{""workbook_row"": {""Name"": ""Alenka Poplin"", ""Year"": 2002, ""Cites2017"": 2426, ""%Cites2017"": 0.725, ""%Rank"": 0.832, ""H-Index"": 24, ""%RankH"": 0.774, ""GoogleScholar"": ""https://scholar.google.com/citations?user=hfAW1i8AAAAJ&hl=en&oe=ASCII"", ""CurrentSchool"": ""Iowa State University"", ""Position"": ""Associate Professor"", ""PhDYear"": 2002, ""PhDSchool"": ""Vienna University of Technology"", ""Years"": 23, ""First"": ""Alenka"", ""Last"": ""Poplin""}}"
167,google_scholar,2026-03-01,653,11,,,,,"{""workbook_row"": {""Name"": ""Jane Rongerude"", ""Year"": 2009, ""Cites2017"": 653, ""%Cites2017"": 0.406, ""%Rank"": 0.414, ""H-Index"": 11, ""%RankH"": 0.374, ""GoogleScholar"": ""https://scholar.google.com/citations?user=MKWAzCUAAAAJ&hl=en"", ""CurrentSchool"": ""Iowa State University"", ""Position"": ""Associate Professor"", ""PhDYear"": 2009, ""PhDSchool"": ""UC Berkeley"", ""Years"": 16, ""First"": ""Jane"", ""Last"": ""Rongerude"", ""Interests"": ""Housing, Community-based Organizations, Regionalism and Regional Planning"", ""LinkedIn"": ""https://linkedin.com/in/janerongerude""}}"
168,google_scholar,2026-03-01,358,11,,,,,"{""workbook_row"": {""Name"": ""Gary Taylor"", ""Year"": 1988, ""Cites2017"": 358, ""%Cites2017"": 0.287, ""%Rank"": 0.138, ""H-Index"": 11, ""%RankH"": 0.374, ""GoogleScholar"": ""https://scholar.google.com/citations?user=YpkooCgAAAAJ&hl=en"", ""CurrentSchool"": ""Iowa State University"", ""Position"": ""Professor"", ""PhDYear"": 1988, ""PhDSchool"": ""University of Nebraska"", ""Years"": 37, ""First"": ""Gary"", ""Middle"": ""D."", ""Last"": ""Taylor"", ""Interests"": ""Planning Law and Implementation, Intergovernmental Coordination, Small Town Planning""}}"
170,google_scholar,2026-03-01,37,4,,,,,"{""workbook_row"": {""Name"": ""Berneece Herbert"", ""Year"": 2007, ""Cites2017"": 37, ""%Cites2017"": 0.062, ""%Rank"": 0.063, ""H-Index"": 4, ""%RankH"": 0.09, ""GoogleScholar"": ""https://scholar.google.com/citations?hl=en&user=wFI7_EAAAAAJ"", ""CurrentSchool"": ""Jackson State University"", ""Position"": ""Associate Professor"", ""PhDYear"": 2007, ""PhDSchool"": ""Alabama A&M University"", ""Years"": 18, ""First"": ""Berneece"", ""Last"": ""Herbert""}}"
171,google_scholar,2026-03-01,2753,17,,,,,"{""workbook_row"": {""Name"": ""Mukesh Kumar"", ""Year"": 2004, ""Cites2017"": 2753, ""%Cites2017"": 0.765, ""%Rank"": 0.876, ""H-Index"": 17, ""%RankH"": 0.572, ""GoogleScholar"": ""https://scholar.google.com.ph/citations?user=zdTB77IAAAAJ&hl=en"", ""CurrentSchool"": ""Jackson State University"", ""Position"": ""Associate Professor"", ""PhDYear"": 2004, ""PhDSchool"": ""Cleveland State University"", ""Years"": 21, ""First"": ""Mukesh"", ""Last"": ""Kumar"", ""Interests"": ""Economic Development""}}"
176,google_scholar,2026-03-01,410,10,,,,,"{""workbook_row"": {""Name"": ""Shakil Kashem"", ""Year"": 2020, ""Cites2017"": 410, ""%Cites2017"": 0.305, ""%Rank"": 0.575, ""H-Index"": 10, ""%RankH"": 0.335, ""GoogleScholar"": ""https://scholar.google.com/citations?hl=en&authuser=1&user=duB_ExwAAAAJ"", ""CurrentSchool"": ""Kansas State University"", ""Position"": ""Assistant Professor"", ""PhDYear"": 2020, ""PhDSchool"": ""University of Illinois, Urbana-Champaign"", ""Years"": 5, ""First"": ""Shakil"", ""Last"": ""Kashem""}}"
177,google_scholar,2026-03-01,159,4,,,,,"{""workbook_row"": {""Name"": ""Clemens Pilgram"", ""Year"": 2024, ""Cites2017"": 159, ""%Cites2017"": 0.178, ""%Rank"": 0.353, ""H-Index"": 4, ""%RankH"": 0.09, ""GoogleScholar"": ""https://scholar.google.com/citations?hl=en&user=y_6AbfcAAAAJ"", ""CurrentSchool"": ""Kansas State University"", ""Position"": ""Assistant Professor"", ""PhDYear"": 2024, ""PhDSchool"": ""USC"", ""Years"": 1, ""First"": ""Clemens"", ""Last"": ""Pilgram""}}"
178,google_scholar,2026-03-01,123,4,,,,,"{""workbook_row"": {""Name"": ""Susmita Rishi"", ""Year"": 2019, ""Cites2017"": 123, ""%Cites2017"": 0.147, ""%Rank"": 0.282, ""H-Index"": 4, ""%RankH"": 0.09, ""GoogleScholar"": ""https://scholar.google.com/citations?hl=en&authuser=1&user=JnJ0ewoAAAAJ"", ""CurrentSchool"": ""Kansas State University"", ""Position"": ""Assistant Professor"", ""PhDYear"": 2019, ""PhDSchool"": ""University of Washington"", ""Years"": 6, ""First"": ""Susmita"", ""Last"": ""Rishi""}}"
180,google_scholar,2026-03-01,3210,25,,,,,"{""workbook_row"": {""Name"": ""Madhav Badami"", ""Year"": 2001, ""Cites2017"": 3210, ""%Cites2017"": 0.789, ""%Rank"": 0.898, ""H-Index"": 25, ""%RankH"": 0.793, ""GoogleScholar"": ""https://scholar.google.com.ph/citations?user=Y4LlGqYAAAAJ&hl=en"", ""CurrentSchool"": ""McGill University"", ""Position"": ""Associate Professor"", ""PhDYear"": 2001, ""PhDSchool"": ""University of British Columbia"", ""Years"": 24, ""First"": ""Madhav"", ""Last"": ""Badami"", ""Interests"": ""Environmental Policy and Planning, Sustainable Urban Transport, International Planning, Environment and Development"", ""ResearchGate"": ""https://researchgate.net/profile/Madhav_Badami"", ""LinkedIn"": ""https://linkedin.com/in/madhav-badami-78592526""}}"
182,google_scholar,2026-03-01,21523,78,,,,,"{""workbook_row"": {""Name"": ""Ahmed El-Geneidy"", ""Year"": 2005, ""Cites2017"": 21523, ""%Cites2017"": 0.99, ""%Rank"": 0.977, ""H-Index"": 78, ""%RankH"": 0.996, ""GoogleScholar"": ""https://scholar.google.com/citations?hl=en&authuser=1&user=xyV9lRMAAAAJ"", ""CurrentSchool"": ""McGill University"", ""Position"": ""Professor"", ""PhDYear"": 2005, ""PhDSchool"": ""Portland State University"", ""Years"": 20, ""First"": ""Ahmed"", ""Last"": ""El-Geneidy"", ""Interests"": ""Land Use and Transportation Planning, Public Transit Planning and Operations, Travel Behaviour, GIS Applications"", ""ResearchGate"": ""https://researchgate.net/profile/Ahmed_El-Geneidy"", ""LinkedIn"": ""https://linkedin.com/in/ahmed-el-geneidy-0a135841""}}"
185,google_scholar,2026-03-01,11258,57,,,,,"{""workbook_row"": {""Name"": ""Richard Shearmur"", ""Year"": 1999, ""Cites2017"": 11258, ""%Cites2017"": 0.961, ""%Rank"": 0.905, ""H-Index"": 57, ""%RankH"": 0.98, ""GoogleScholar"": ""https://scholar.google.com.ph/citations?user=39owLE0AAAAJ&hl=en"", ""CurrentSchool"": ""McGill University"", ""Position"": ""Professor"", ""PhDYear"": 1999, ""PhDSchool"": ""Montreal University"", ""Years"": 26, ""First"": ""Richard"", ""Last"": ""Shearmur"", ""Interests"": ""Economic Geography, Spatial Analysis, Urban & Regional Economic Development, Property Development, Innovation."", ""ResearchGate"": ""https://researchgate.net/profile/Richard_Shearmur""}}"
186,google_scholar,2026-03-01,6291,25,,,,,"{""workbook_row"": {""Name"": ""David Wachsmuth"", ""Year"": 2014, ""Cites2017"": 6291, ""%Cites2017"": 0.913, ""%Rank"": 0.978, ""H-Index"": 25, ""%RankH"": 0.793, ""GoogleScholar"": ""https://scholar.google.com/citations?user=qg1e5xsAAAAJ&hl=en"", ""CurrentSchool"": ""McGill University"", ""Position"": ""Associate Professor"", ""PhDYear"": 2014, ""PhDSchool"": ""New York University"", ""Years"": 11, ""First"": ""David"", ""Last"": ""Wachsmuth""}}"
189,google_scholar,2026-03-01,833,18,,,,,"{""workbook_row"": {""Name"": ""David Prytherch"", ""Year"": 2003, ""Cites2017"": 833, ""%Cites2017"": 0.471, ""%Rank"": 0.252, ""H-Index"": 18, ""%RankH"": 0.604, ""GoogleScholar"": ""https://scholar.google.com/citations?hl=en&user=Uc4F40cAAAAJ&inst=13410158990364976897"", ""CurrentSchool"": ""Miami University"", ""Position"": ""Professor"", ""PhDYear"": 2003, ""PhDSchool"": ""University of Arizona"", ""Years"": 22, ""First"": ""David"", ""Last"": ""Prytherch""}}"
190,google_scholar,2026-03-01,34,4,,,,,"{""workbook_row"": {""Name"": ""Damon Scott"", ""Year"": 2008, ""Cites2017"": 34, ""%Cites2017"": 0.058, ""%Rank"": 0.06, ""H-Index"": 4, ""%RankH"": 0.09, ""GoogleScholar"": ""https://scholar.google.com/citations?hl=en&authuser=1&user=q48wRmAAAAAJ"", ""CurrentSchool"": ""Miami University"", ""Position"": ""Associate Professor"", ""PhDYear"": 2008, ""PhDSchool"": ""University of Texas, Austin"", ""Years"": 17, ""First"": ""Damon"", ""Last"": ""Scott""}}"
192,google_scholar,2026-03-01,952,15,,,,,"{""workbook_row"": {""Name"": ""Noah Durst"", ""Year"": 2017, ""Cites2017"": 952, ""%Cites2017"": 0.498, ""%Rank"": 0.541, ""H-Index"": 15, ""%RankH"": 0.516, ""GoogleScholar"": ""https://scholar.google.com/citations?user=1E6fpHgAAAAJ&hl=en&oe=ASCII"", ""CurrentSchool"": ""Michigan State University"", ""Position"": ""Associate Professor"", ""PhDYear"": 2017, ""PhDSchool"": ""University of Texas, Austin"", ""Years"": 8, ""First"": ""Noah"", ""Last"": ""Durst""}}"
193,google_scholar,2026-03-01,777,14,,,,,"{""workbook_row"": {""Name"": ""Zenia Kotval"", ""Year"": 1994, ""Cites2017"": 777, ""%Cites2017"": 0.458, ""%Rank"": 0.237, ""H-Index"": 14, ""%RankH"": 0.485, ""GoogleScholar"": ""https://scholar.google.com/citations?hl=en&authuser=1&user=P508SQkAAAAJ"", ""CurrentSchool"": ""Michigan State University"", ""Position"": ""Professor"", ""PhDYear"": 1994, ""PhDSchool"": ""University of Massachusetts, Amherst"", ""Years"": 31, ""First"": ""Zenia"", ""Middle"": ""Z."", ""Last"": ""Kotval"", ""Interests"": ""Local Economic Development, Industrial Development/Redevelopment Policy"", ""ResearchGate"": ""https://researchgate.net/profile/Zenia_Kotval""}}"
195,google_scholar,2026-03-01,178,7,,,,,"{""workbook_row"": {""Name"": ""Jesus Lara"", ""Year"": 2006, ""Cites2017"": 178, ""%Cites2017"": 0.191, ""%Rank"": 0.094, ""H-Index"": 7, ""%RankH"": 0.218, ""GoogleScholar"": ""https://scholar.google.com/citations?user=6NKqhUIAAAAJ&hl=en"", ""CurrentSchool"": ""Michigan State University"", ""Position"": ""Professor"", ""PhDYear"": 2006, ""PhDSchool"": ""Arizona State University"", ""Years"": 19, ""First"": ""Jesus"", ""Middle"": ""J."", ""Last"": ""Lara"", ""Interests"": ""Sustainable Urban Design, Social and Cultural Factors in Design, Community Planning, University-Community Partnerships."", ""ResearchGate"": ""https://researchgate.net/profile/Jesus_Lara3"", ""LinkedIn"": ""https://linkedin.com/in/jjlara""}}"
196,google_scholar,2026-03-01,1282,13,,,,,"{""workbook_row"": {""Name"": ""Patricia Machemer"", ""Year"": 1998, ""Cites2017"": 1282, ""%Cites2017"": 0.558, ""%Rank"": 0.612, ""H-Index"": 13, ""%RankH"": 0.45, ""GoogleScholar"": ""https://scholar.google.com/citations?hl=en&user=K-c6LREAAAAJ"", ""CurrentSchool"": ""Michigan State University"", ""Position"": ""Associate Professor"", ""PhDYear"": 1998, ""PhDSchool"": ""Michigan State University"", ""Years"": 27, ""First"": ""Patricia"", ""Middle"": ""L."", ""Last"": ""Machemer"", ""Interests"": ""Growth Management, Land Use, Participatory Design Process"", ""LinkedIn"": ""https://linkedin.com/in/patricia-machemer-0019bb72""}}"
197,google_scholar,2026-03-01,214,8,,,,,"{""workbook_row"": {""Name"": ""Deyanira Nevarez Martinez"", ""Year"": 2021, ""Cites2017"": 214, ""%Cites2017"": 0.211, ""%Rank"": 0.432, ""H-Index"": 8, ""%RankH"": 0.261, ""GoogleScholar"": ""https://scholar.google.com/citations?hl=en&authuser=2&user=GxvkeLcAAAAJ&inst=13410158990364976897"", ""CurrentSchool"": ""Michigan State University"", ""Position"": ""Assistant Professor"", ""PhDYear"": 2021, ""PhDSchool"": ""UC Irvine"", ""Years"": 4, ""First"": ""Deyanira"", ""Middle"": ""Nevarez"", ""Last"": ""Martinez""}}"
198,google_scholar,2026-03-01,766,14,,,,,"{""workbook_row"": {""Name"": ""Victoria Morckel"", ""Year"": 2012, ""Cites2017"": 766, ""%Cites2017"": 0.451, ""%Rank"": 0.472, ""H-Index"": 14, ""%RankH"": 0.485, ""GoogleScholar"": ""https://scholar.google.com/citations?hl=en&user=uR6_4DUAAAAJ"", ""CurrentSchool"": ""Michigan State University"", ""Position"": ""Associate Professor"", ""PhDYear"": 2012, ""PhDSchool"": ""Ohio State University"", ""Years"": 13, ""First"": ""Victoria"", ""Last"": ""Morckel""}}"
199,google_scholar,2026-03-01,1522,19,,,,,"{""workbook_row"": {""Name"": ""Mark Wilson"", ""Year"": 1987, ""Cites2017"": 1522, ""%Cites2017"": 0.605, ""%Rank"": 0.371, ""H-Index"": 19, ""%RankH"": 0.631, ""GoogleScholar"": ""https://scholar.google.com/citations?user=3Ptw1dwAAAAJ&hl"", ""CurrentSchool"": ""Michigan State University"", ""Position"": ""Professor"", ""PhDYear"": 1987, ""PhDSchool"": ""University of Pennsylvania"", ""Years"": 38, ""First"": ""Mark"", ""Middle"": ""I."", ""Last"": ""Wilson"", ""Interests"": ""Urban and Regional Technology Planning, Economic Development, Non-Profit Organizations and Management"", ""LinkedIn"": ""https://linkedin.com/in/mark-wilson-b538509""}}"
200,google_scholar,2026-03-01,768,13,,,,,"{""workbook_row"": {""Name"": ""Raymond Asomani-Boateng"", ""Year"": 1999, ""Cites2017"": 768, ""%Cites2017"": 0.453, ""%Rank"": 0.23, ""H-Index"": 13, ""%RankH"": 0.45, ""GoogleScholar"": ""https://scholar.google.com/citations?user=Yfw_SakAAAAJ&hl=en"", ""CurrentSchool"": ""Minnesota State University, Mankato"", ""Position"": ""Professor"", ""PhDYear"": 1999, ""PhDSchool"": ""University of Waterloo"", ""Years"": 26, ""First"": ""Raymond"", ""Last"": ""Asomani-Boateng"", ""Interests"": ""Environmental Planning, GIS, Planning Process"", ""ResearchGate"": ""https://researchgate.net/profile/Raymond_Asomani-Boateng"", ""LinkedIn"": ""https://linkedin.com/in/asomani-boateng-raymond-462b7522""}}"
202,google_scholar,2026-03-01,126,5,,,,,"{""workbook_row"": {""Name"": ""Scott Granberg-Rademacker"", ""Year"": 2002, ""Cites2017"": 126, ""%Cites2017"": 0.15, ""%Rank"": 0.069, ""H-Index"": 5, ""%RankH"": 0.129, ""GoogleScholar"": ""https://scholar.google.com/citations?hl=en&authuser=1&user=eBb1xIsAAAAJ"", ""CurrentSchool"": ""Minnesota State University, Mankato"", ""Position"": ""Professor"", ""PhDYear"": 2002, ""PhDSchool"": ""University of Nebraska"", ""Years"": 23, ""First"": ""Scott"", ""Last"": ""Granberg-Rademacker""}}"
206,google_scholar,2026-03-01,287,7,,,,,"{""workbook_row"": {""Name"": ""Krista Evans"", ""Year"": 2017, ""Cites2017"": 287, ""%Cites2017"": 0.252, ""%Rank"": 0.219, ""H-Index"": 7, ""%RankH"": 0.218, ""GoogleScholar"": ""https://scholar.google.com/citations?user=MIP_NUwAAAAJ&hl=en&oe=ASCII"", ""CurrentSchool"": ""Missouri State University"", ""Position"": ""Associate Professor"", ""PhDYear"": 2017, ""PhDSchool"": ""Clemson University"", ""Years"": 8, ""First"": ""Krista"", ""Last"": ""Evans""}}"
207,google_scholar,2026-03-01,270,8,,,,,"{""workbook_row"": {""Name"": ""Evan Iacobucci"", ""Year"": 2021, ""Cites2017"": 270, ""%Cites2017"": 0.239, ""%Rank"": 0.475, ""H-Index"": 8, ""%RankH"": 0.261, ""GoogleScholar"": ""https://scholar.google.com/citations?user=-irSXwwAAAAJ"", ""CurrentSchool"": ""Missouri State University"", ""Position"": ""Assistant Professor"", ""PhDYear"": 2021, ""PhDSchool"": ""Rutgers University"", ""Years"": 4, ""First"": ""Evan"", ""Last"": ""Iacobucci""}}"
208,google_scholar,2026-03-01,509,11,,,,,"{""workbook_row"": {""Name"": ""Ronald Malega"", ""Year"": 2010, ""Cites2017"": 509, ""%Cites2017"": 0.354, ""%Rank"": 0.34, ""H-Index"": 11, ""%RankH"": 0.374, ""GoogleScholar"": ""https://scholar.google.com/citations?user=_vKaB3IAAAAJ&hl"", ""CurrentSchool"": ""Missouri State University"", ""Position"": ""Associate Professor"", ""PhDYear"": 2010, ""PhDSchool"": ""University of Georgia"", ""Years"": 15, ""First"": ""Ronald"", ""Last"": ""Malega""}}"
210,google_scholar,2026-03-01,5423,36,,,,,"{""workbook_row"": {""Name"": ""Mariana Arcaya"", ""Year"": 2013, ""Cites2017"": 5423, ""%Cites2017"": 0.89, ""%Rank"": 0.992, ""H-Index"": 36, ""%RankH"": 0.908, ""GoogleScholar"": ""https://scholar.google.com/citations?user=t-7_VOkAAAAJ&hl=en"", ""CurrentSchool"": ""MIT"", ""Position"": ""Assistant Professor"", ""PhDYear"": 2013, ""PhDSchool"": ""Harvard University"", ""Years"": 12, ""First"": ""Mariana"", ""Last"": ""Arcaya""}}"
211,google_scholar,2026-03-01,9645,30,,,,,"{""workbook_row"": {""Name"": ""Eran Ben-Joseph"", ""Year"": 1995, ""Cites2017"": 9645, ""%Cites2017"": 0.949, ""%Rank"": 0.881, ""H-Index"": 30, ""%RankH"": 0.857, ""GoogleScholar"": ""https://scholar.google.com.ph/citations?user=Tj1Zk98AAAAJ&hl=en"", ""CurrentSchool"": ""MIT"", ""Position"": ""Professor"", ""PhDYear"": 1995, ""PhDSchool"": ""UC Berkeley"", ""Years"": 30, ""First"": ""Eran"", ""Last"": ""Ben-Joseph"", ""Interests"": ""Landscape Architecture, Site Planning and Design, Design Standards, Urban Simulation""}}"
213,google_scholar,2026-03-01,442,10,,,,,"{""workbook_row"": {""Name"": ""Devin Bunten"", ""Year"": 2016, ""Cites2017"": 442, ""%Cites2017"": 0.322, ""%Rank"": 0.603, ""H-Index"": 10, ""%RankH"": 0.335, ""GoogleScholar"": ""https://scholar.google.com/citations?user=YwkatPgAAAAJ&hl=en&oe=ASCII"", ""CurrentSchool"": ""MIT"", ""Position"": ""Assistant Professor"", ""PhDYear"": 2016, ""PhDSchool"": ""UCLA"", ""Years"": 9, ""First"": ""Devin"", ""Last"": ""Bunten""}}"
214,google_scholar,2026-03-01,1511,10,,,,,"{""workbook_row"": {""Name"": ""Gabriella Carolini"", ""Year"": 2008, ""Cites2017"": 1511, ""%Cites2017"": 0.6, ""%Rank"": 0.853, ""H-Index"": 10, ""%RankH"": 0.335, ""GoogleScholar"": ""https://scholar.google.com/citations?user=5wsSlFwAAAAJ&hl=en"", ""CurrentSchool"": ""MIT"", ""Position"": ""Assistant Professor"", ""PhDYear"": 2008, ""PhDSchool"": ""Columbia University"", ""Years"": 17, ""First"": ""Gabriella"", ""Middle"": ""Y."", ""Last"": ""Carolini"", ""Interests"": ""International Urban Development, Informal Settlements, Public Sector Accounting, Development Finance""}}"
216,google_scholar,2026-03-01,7326,32,,,,,"{""workbook_row"": {""Name"": ""Catherine D’Ignazio"", ""Year"": 2014, ""Cites2017"": 7326, ""%Cites2017"": 0.926, ""%Rank"": 1, ""H-Index"": 32, ""%RankH"": 0.874, ""GoogleScholar"": ""https://scholar.google.com/citations?user=yHJdpokAAAAJ&hl=en"", ""CurrentSchool"": ""MIT"", ""Position"": ""Assistant Professor"", ""PhDYear"": 2014, ""PhDSchool"": ""MIT"", ""Years"": 11, ""First"": ""Catherine"", ""Last"": ""D’Ignazio"", ""Interests"": ""Artificial Intelligence, Civic Participation, Community Development, Computation, Feminism, Gender Studies, Health, Machine Learning, Postcolonialism, Public Art, Public Participation, Social Equity, Urban Information, Technology, and Media and Analytics, Visualization""}}"
217,google_scholar,2026-03-01,6912,36,,,,,"{""workbook_row"": {""Name"": ""Joe Ferreira"", ""Year"": 1971, ""Cites2017"": 6912, ""%Cites2017"": 0.923, ""%Rank"": 0.826, ""H-Index"": 36, ""%RankH"": 0.908, ""GoogleScholar"": ""https://scholar.google.com/citations?hl=en&user=zlSPLp8AAAAJ"", ""CurrentSchool"": ""MIT"", ""Position"": ""Professor"", ""PhDYear"": 1971, ""PhDSchool"": ""MIT"", ""Years"": 54, ""First"": ""Joe"", ""Last"": ""Ferreira"", ""Interests"": ""Transportation and Mobility, Urban Information, Technology, and Media and Analytics""}}"
219,google_scholar,2026-03-01,8741,43,,,,,"{""workbook_row"": {""Name"": ""David Geltner"", ""Year"": 1989, ""Cites2017"": 8741, ""%Cites2017"": 0.94, ""%Rank"": 0.863, ""H-Index"": 43, ""%RankH"": 0.945, ""GoogleScholar"": ""https://scholar.google.com.ph/citations?user=5S2bRsUAAAAJ&hl=en"", ""CurrentSchool"": ""MIT"", ""Position"": ""Professor"", ""PhDYear"": 1989, ""PhDSchool"": ""MIT"", ""Years"": 36, ""First"": ""David"", ""Last"": ""Geltner"", ""Interests"": ""Real Estate Finance, Real Estate Investment"", ""ResearchGate"": ""https://researchgate.net/profile/David_Geltner"", ""LinkedIn"": ""https://linkedin.com/in/david-geltner-70414181""}}"
220,google_scholar,2026-03-01,7791,47,,,,,"{""workbook_row"": {""Name"": ""Amy Glasmeier"", ""Year"": 1986, ""Cites2017"": 7791, ""%Cites2017"": 0.932, ""%Rank"": 0.841, ""H-Index"": 47, ""%RankH"": 0.961, ""GoogleScholar"": ""https://scholar.google.com/citations?hl=en&authuser=1&user=HO7_3i8AAAAJ"", ""CurrentSchool"": ""MIT"", ""Position"": ""Professor"", ""PhDYear"": 1986, ""PhDSchool"": ""UC Berkeley"", ""Years"": 39, ""First"": ""Amy"", ""Middle"": ""K."", ""Last"": ""Glasmeier"", ""Interests"": ""Geography and Regional Economic Development; Poverty"", ""LinkedIn"": ""https://linkedin.com/in/amy-glasmeier-0184b918""}}"
221,google_scholar,2026-03-01,1264,17,,,,,"{""workbook_row"": {""Name"": ""David Hsu"", ""Year"": 2010, ""Cites2017"": 1264, ""%Cites2017"": 0.552, ""%Rank"": 0.598, ""H-Index"": 17, ""%RankH"": 0.572, ""GoogleScholar"": ""https://scholar.google.com/citations?user=bZ98GoIAAAAJ&hl=en"", ""CurrentSchool"": ""MIT"", ""Position"": ""Associate Professor"", ""PhDYear"": 2010, ""PhDSchool"": ""University of Washington"", ""Years"": 15, ""First"": ""David"", ""Last"": ""Hsu"", ""Interests"": ""Urban & Environmental Infrastructure"", ""LinkedIn"": ""https://linkedin.com/in/david-hsu-49a362""}}"
222,google_scholar,2026-03-01,78,5,,,,,"{""workbook_row"": {""Name"": ""Jason Jackson"", ""Year"": 2013, ""Cites2017"": 78, ""%Cites2017"": 0.096, ""%Rank"": 0.189, ""H-Index"": 5, ""%RankH"": 0.129, ""GoogleScholar"": ""https://scholar.google.com/citations?hl=en&user=orC6GycAAAAJ"", ""CurrentSchool"": ""MIT"", ""Position"": ""Assistant Professor"", ""PhDYear"": 2013, ""PhDSchool"": ""MIT"", ""Years"": 12, ""First"": ""Jason"", ""Last"": ""Jackson""}}"
223,google_scholar,2026-03-01,949,10,,,,,"{""workbook_row"": {""Name"": ""Erica James"", ""Year"": 2003, ""Cites2017"": 949, ""%Cites2017"": 0.497, ""%Rank"": 0.538, ""H-Index"": 10, ""%RankH"": 0.335, ""GoogleScholar"": ""https://scholar.google.com/citations?hl=en&user=EKnh-r0AAAAJ"", ""CurrentSchool"": ""MIT"", ""Position"": ""Associate Professor"", ""PhDYear"": 2003, ""PhDSchool"": ""Harvard University"", ""Years"": 22, ""First"": ""Erica"", ""Last"": ""James""}}"
224,google_scholar,2026-03-01,1946,22,,,,,"{""workbook_row"": {""Name"": ""Janelle Knox-Hayes"", ""Year"": 2009, ""Cites2017"": 1946, ""%Cites2017"": 0.664, ""%Rank"": 0.75, ""H-Index"": 22, ""%RankH"": 0.722, ""GoogleScholar"": ""https://scholar.google.com/citations?user=0ls-w1wAAAAJ&hl=en"", ""CurrentSchool"": ""MIT"", ""Position"": ""Associate Professor"", ""PhDYear"": 2009, ""PhDSchool"": ""University of Oxford"", ""Years"": 16, ""First"": ""Janelle"", ""Last"": ""Knox-Hayes""}}"
226,google_scholar,2026-03-01,4554,23,,,,,"{""workbook_row"": {""Name"": ""Balakrishnan Rajagopal"", ""Year"": 2000, ""Cites2017"": 4554, ""%Cites2017"": 0.857, ""%Rank"": 0.945, ""H-Index"": 23, ""%RankH"": 0.744, ""GoogleScholar"": ""https://scholar.google.com/citations?hl=en&authuser=1&user=dJwLfrQAAAAJ"", ""CurrentSchool"": ""MIT"", ""Position"": ""Associate Professor"", ""PhDYear"": 2000, ""PhDSchool"": ""Harvard University"", ""Years"": 25, ""First"": ""Balakrishnan"", ""Last"": ""Rajagopal"", ""Interests"": ""Human Rights, Property and Land Use Law, Displacement and Resettlement, Globalization"", ""LinkedIn"": ""https://linkedin.com/in/balakrishnan-rajagopal-8a96043b""}}"
227,google_scholar,2026-03-01,48059,110,,,,,"{""workbook_row"": {""Name"": ""Carlo Ratti"", ""Year"": 2001, ""Cites2017"": 48059, ""%Cites2017"": 0.997, ""%Rank"": 0.992, ""H-Index"": 110, ""%RankH"": 1, ""GoogleScholar"": ""https://scholar.google.com/citations?user=UF2gBtMAAAAJ&hl=en"", ""CurrentSchool"": ""MIT"", ""Position"": ""Professor"", ""PhDYear"": 2001, ""PhDSchool"": ""University of Cambridge"", ""Years"": 24, ""First"": ""Carlo"", ""Last"": ""Ratti""}}"
228,google_scholar,2026-03-01,1314,15,,,,,"{""workbook_row"": {""Name"": ""Brent Ryan"", ""Year"": 2002, ""Cites2017"": 1314, ""%Cites2017"": 0.564, ""%Rank"": 0.626, ""H-Index"": 15, ""%RankH"": 0.516, ""GoogleScholar"": ""https://scholar.google.com/citations?user=IYZUu40AAAAJ&hl=en"", ""CurrentSchool"": ""MIT"", ""Position"": ""Associate Professor"", ""PhDYear"": 2002, ""PhDSchool"": ""MIT"", ""Years"": 23, ""First"": ""Brent"", ""Middle"": ""D."", ""Last"": ""Ryan"", ""Interests"": ""Urban Design and Development, Urban Revitalization."", ""LinkedIn"": ""https://linkedin.com/in/brent-ryan-7b255a5""}}"
229,google_scholar,2026-03-01,14666,29,,,,,"{""workbook_row"": {""Name"": ""Albert Saiz"", ""Year"": 2002, ""Cites2017"": 14666, ""%Cites2017"": 0.974, ""%Rank"": 0.997, ""H-Index"": 29, ""%RankH"": 0.84, ""GoogleScholar"": ""https://scholar.google.com.ph/citations?user=sy06iWUAAAAJ&hl=en"", ""CurrentSchool"": ""MIT"", ""Position"": ""Associate Professor"", ""PhDYear"": 2002, ""PhDSchool"": ""Harvard University"", ""Years"": 23, ""First"": ""Albert"", ""Last"": ""Saiz"", ""Interests"": ""Housing and Urban Economics."", ""LinkedIn"": ""https://linkedin.com/in/albert-saiz-526b2762""}}"
230,google_scholar,2026-03-01,3418,27,,,,,"{""workbook_row"": {""Name"": ""Bishwapriya Sanyal"", ""Year"": 1984, ""Cites2017"": 3418, ""%Cites2017"": 0.804, ""%Rank"": 0.608, ""H-Index"": 27, ""%RankH"": 0.822, ""GoogleScholar"": ""https://scholar.google.com/citations?hl=en&authuser=1&user=IpR0_88Q5r8C"", ""CurrentSchool"": ""MIT"", ""Position"": ""Professor"", ""PhDYear"": 1984, ""PhDSchool"": ""UCLA"", ""Years"": 41, ""First"": ""Bishwapriya"", ""Last"": ""Sanyal"", ""Interests"": ""Development Planning, Informal Economy, Planning Theory.""}}"
231,google_scholar,2026-03-01,3904,29,,,,,"{""workbook_row"": {""Name"": ""Andres Sevtsuk"", ""Year"": 2010, ""Cites2017"": 3904, ""%Cites2017"": 0.831, ""%Rank"": 0.928, ""H-Index"": 29, ""%RankH"": 0.84, ""GoogleScholar"": ""https://scholar.google.com/citations?user=2tjH9nEAAAAJ&hl=en"", ""CurrentSchool"": ""MIT"", ""Position"": ""Associate Professor"", ""PhDYear"": 2010, ""PhDSchool"": ""MIT"", ""Years"": 15, ""First"": ""Andres"", ""Last"": ""Sevtsuk"", ""Interests"": ""Urban design, planning, city form, urban computing, architecture""}}"
232,google_scholar,2026-03-01,4969,20,,,,,"{""workbook_row"": {""Name"": ""Anne Whiston Spirn"", ""Year"": 1974, ""Cites2017"": 4969, ""%Cites2017"": 0.877, ""%Rank"": 0.732, ""H-Index"": 20, ""%RankH"": 0.664, ""GoogleScholar"": ""https://scholar.google.com.ph/citations?user=nvhhXUsAAAAJ&hl=en"", ""CurrentSchool"": ""MIT"", ""Position"": ""Professor"", ""PhDYear"": 1974, ""PhDSchool"": ""University of Pennsylvania"", ""Years"": 51, ""First"": ""Anne"", ""Middle"": ""Whiston"", ""Last"": ""Spirn"", ""Interests"": ""Urban Landscape Planning and Design, Landscape History and Theory, Landscape Photography"", ""LinkedIn"": ""https://linkedin.com/in/annewhistonspirn""}}"
233,google_scholar,2026-03-01,2706,25,,,,,"{""workbook_row"": {""Name"": ""Justin Steil"", ""Year"": 2015, ""Cites2017"": 2706, ""%Cites2017"": 0.76, ""%Rank"": 0.868, ""H-Index"": 25, ""%RankH"": 0.793, ""GoogleScholar"": ""https://scholar.google.com/citations?user=0evtZSYAAAAJ&hl=en"", ""CurrentSchool"": ""MIT"", ""Position"": ""Associate Professor"", ""PhDYear"": 2015, ""PhDSchool"": ""Columbia University"", ""Years"": 10, ""First"": ""Justin"", ""Last"": ""Steil""}}"
234,google_scholar,2026-03-01,15694,54,,,,,"{""workbook_row"": {""Name"": ""Lawrence Susskind"", ""Year"": 1973, ""Cites2017"": 15694, ""%Cites2017"": 0.978, ""%Rank"": 0.945, ""H-Index"": 54, ""%RankH"": 0.973, ""GoogleScholar"": ""https://scholar.google.com.ph/citations?user=80PRsgsAAAAJ&hl=en"", ""CurrentSchool"": ""MIT"", ""Position"": ""Professor"", ""PhDYear"": 1973, ""PhDSchool"": ""MIT"", ""Years"": 52, ""First"": ""Lawrence"", ""Last"": ""Susskind"", ""Interests"": ""Environmental Policy, Negotiation, Public Dispute Resolution"", ""LinkedIn"": ""https://linkedin.com/in/lawrence-susskind-20a1b53""}}"
236,google_scholar,2026-03-01,6855,30,,,,,"{""workbook_row"": {""Name"": ""Lawrence Vale"", ""Year"": 1985, ""Cites2017"": 6855, ""%Cites2017"": 0.921, ""%Rank"": 0.821, ""H-Index"": 30, ""%RankH"": 0.857, ""GoogleScholar"": ""https://scholar.google.com/citations?user=wJatmOgAAAAJ&hl=en&oe=ASCII"", ""CurrentSchool"": ""MIT"", ""Position"": ""Professor"", ""PhDYear"": 1985, ""PhDSchool"": ""Oxford University"", ""Years"": 40, ""First"": ""Lawrence"", ""Middle"": ""J."", ""Last"": ""Vale"", ""Interests"": ""Design Politics, Public Housing, Qualitative Methods, Disaster Recovery""}}"
237,google_scholar,2026-03-01,57,4,,,,,"{""workbook_row"": {""Name"": ""Delia Wendel"", ""Year"": 2016, ""Cites2017"": 57, ""%Cites2017"": 0.076, ""%Rank"": 0.15, ""H-Index"": 4, ""%RankH"": 0.09, ""GoogleScholar"": ""https://scholar.google.com/citations?user=c0T-MBoAAAAJ&hl=en&oe=ASCII"", ""CurrentSchool"": ""MIT"", ""Position"": ""Assistant Professor"", ""PhDYear"": 2016, ""PhDSchool"": ""Harvard University"", ""Years"": 9, ""First"": ""Delia"", ""Last"": ""Wendel""}}"
238,google_scholar,2026-03-01,2730,17,,,,,"{""workbook_row"": {""Name"": ""Sarah Williams"", ""Year"": 2005, ""Cites2017"": 2730, ""%Cites2017"": 0.763, ""%Rank"": 0.87, ""H-Index"": 17, ""%RankH"": 0.572, ""GoogleScholar"": ""https://scholar.google.com/citations?hl=en&user=90NR720AAAAJ"", ""CurrentSchool"": ""MIT"", ""Position"": ""Associate Professor"", ""PhDYear"": 2005, ""PhDSchool"": ""MIT"", ""Years"": 20, ""First"": ""Sarah"", ""Last"": ""Williams"", ""LinkedIn"": ""https://linkedin.com/in/sarah-williams-9a051b4""}}"
239,google_scholar,2026-03-01,5200,39,,,,,"{""workbook_row"": {""Name"": ""Christopher Zegras"", ""Year"": 2005, ""Cites2017"": 5200, ""%Cites2017"": 0.883, ""%Rank"": 0.747, ""H-Index"": 39, ""%RankH"": 0.929, ""GoogleScholar"": ""https://scholar.google.com/citations?user=3OQUG7IAAAAJ&hl=en"", ""CurrentSchool"": ""MIT"", ""Position"": ""Professor"", ""PhDYear"": 2005, ""PhDSchool"": ""MIT"", ""Years"": 20, ""First"": ""Christopher"", ""Last"": ""Zegras"", ""Interests"": ""Urban Transportation, Transportation and Environmental Sustainability"", ""ResearchGate"": ""https://researchgate.net/profile/Chris_Zegras"", ""LinkedIn"": ""https://linkedin.com/in/christopher-zegras-902a331""}}"
240,google_scholar,2026-03-01,10393,53,,,,,"{""workbook_row"": {""Name"": ""Jinhua Zhao"", ""Year"": 1997, ""Cites2017"": 10393, ""%Cites2017"": 0.956, ""%Rank"": 0.991, ""H-Index"": 53, ""%RankH"": 0.969, ""GoogleScholar"": ""https://scholar.google.com.ph/citations?user=bC0BOGoAAAAJ&hl=en"", ""CurrentSchool"": ""MIT"", ""Position"": ""Associate Professor"", ""PhDYear"": 1997, ""PhDSchool"": ""MIT"", ""Years"": 28, ""First"": ""Jinhua"", ""Last"": ""Zhao"", ""Interests"": ""Urban Development & Planning in China, Urban Transportation Systems in China, Transportation Economics, Public Transportaiton Management"", ""LinkedIn"": ""https://linkedin.com/in/jinhuazhao""}}"
241,google_scholar,2026-03-01,14139,59,,,,,"{""workbook_row"": {""Name"": ""Siqi Zheng"", ""Year"": 2005, ""Cites2017"": 14139, ""%Cites2017"": 0.971, ""%Rank"": 0.93, ""H-Index"": 59, ""%RankH"": 0.982, ""GoogleScholar"": ""https://scholar.google.com/citations?user=xdGRNpwAAAAJ&hl=en"", ""CurrentSchool"": ""MIT"", ""Position"": ""Professor"", ""PhDYear"": 2005, ""PhDSchool"": ""Tsinghua University"", ""Years"": 20, ""First"": ""Siqi"", ""Last"": ""Zheng""}}"
242,google_scholar,2026-03-01,446,8,,,,,"{""workbook_row"": {""Name"": ""Daniel Campo"", ""Year"": 2004, ""Cites2017"": 446, ""%Cites2017"": 0.324, ""%Rank"": 0.302, ""H-Index"": 8, ""%RankH"": 0.261, ""GoogleScholar"": ""https://scholar.google.com/citations?user=uWPCdKQAAAAJ&hl=en"", ""CurrentSchool"": ""Morgan State University"", ""Position"": ""Associate Professor"", ""PhDYear"": 2004, ""PhDSchool"": ""University of Pennsylvania"", ""Years"": 21, ""First"": ""Daniel"", ""Last"": ""Campo""}}"
243,google_scholar,2026-03-01,475,10,,,,,"{""workbook_row"": {""Name"": ""Greg Newmark"", ""Year"": 2011, ""Cites2017"": 475, ""%Cites2017"": 0.34, ""%Rank"": 0.625, ""H-Index"": 10, ""%RankH"": 0.335, ""GoogleScholar"": ""https://scholar.google.com/citations?user=-Ws1rSEAAAAJ&hl=en"", ""CurrentSchool"": ""Morgan State University"", ""Position"": ""Assistant Professor"", ""PhDYear"": 2011, ""PhDSchool"": ""UC Berkeley"", ""Years"": 14, ""First"": ""Greg"", ""Last"": ""Newmark""}}"
245,google_scholar,2026-03-01,692,14,,,,,"{""workbook_row"": {""Name"": ""Hyeon-Shic Shin"", ""Year"": 2005, ""Cites2017"": 692, ""%Cites2017"": 0.421, ""%Rank"": 0.442, ""H-Index"": 14, ""%RankH"": 0.485, ""GoogleScholar"": ""https://scholar.google.com/citations?user=-GG7MfEAAAAJ&hl=en"", ""CurrentSchool"": ""Morgan State University"", ""Position"": ""Associate Professor"", ""PhDYear"": 2005, ""PhDSchool"": ""University of Illinois, Chicago"", ""Years"": 20, ""First"": ""Hyeon-Shic"", ""Last"": ""Shin"", ""Interests"": ""Transportation Planning, Transportation Economics, Planning Methods, GIS."", ""ResearchGate"": ""https://researchgate.net/profile/Hyeonshic_Shin"", ""LinkedIn"": ""https://linkedin.com/in/hyeonshic-shin-5661368a""}}"
249,google_scholar,2026-03-01,635,7,,,,,"{""workbook_row"": {""Name"": ""Jesse LeCavalier"", ""Year"": 2012, ""Cites2017"": 635, ""%Cites2017"": 0.402, ""%Rank"": 0.689, ""H-Index"": 7, ""%RankH"": 0.218, ""GoogleScholar"": ""https://scholar.google.com/citations?user=2ygYangAAAAJ&hl=en"", ""CurrentSchool"": ""New Jersey Institute of Technology"", ""Position"": ""Assistant Professor"", ""PhDYear"": 2012, ""PhDSchool"": ""ETH Zurich"", ""Years"": 13, ""First"": ""Jesse"", ""Last"": ""LeCavalier""}}"
250,google_scholar,2026-03-01,245,9,,,,,"{""workbook_row"": {""Name"": ""Taro Narahara"", ""Year"": 2010, ""Cites2017"": 245, ""%Cites2017"": 0.23, ""%Rank"": 0.189, ""H-Index"": 9, ""%RankH"": 0.292, ""GoogleScholar"": ""https://scholar.google.com/citations?user=RRVZtWgAAAAJ&hl=en"", ""CurrentSchool"": ""New Jersey Institute of Technology"", ""Position"": ""Associate Professor"", ""PhDYear"": 2010, ""PhDSchool"": ""Harvard University"", ""Years"": 15, ""First"": ""Taro"", ""Last"": ""Narahara""}}"
251,google_scholar,2026-03-01,40,3,,,,,"{""workbook_row"": {""Name"": ""Darius Sollohub"", ""Year"": 1988, ""Cites2017"": 40, ""%Cites2017"": 0.063, ""%Rank"": 0.065, ""H-Index"": 3, ""%RankH"": 0.051, ""GoogleScholar"": ""https://scholar.google.com/citations?hl=en&user=M-uLFi8AAAAJ"", ""CurrentSchool"": ""New Jersey Institute of Technology"", ""Position"": ""Associate Professor"", ""PhDYear"": 1988, ""PhDSchool"": ""Columbia University"", ""Years"": 37, ""First"": ""Darius"", ""Last"": ""Sollohub"", ""Interests"": ""Infrastructure Planning, Sustainable Transportation, Community Planning, Urban Design."", ""LinkedIn"": ""https://linkedin.com/in/darius-sollohub-b250b2a1""}}"
252,google_scholar,2026-03-01,60,4,,,,,"{""workbook_row"": {""Name"": ""Georgeen Theodore"", ""Year"": 2002, ""Cites2017"": 60, ""%Cites2017"": 0.077, ""%Rank"": 0.079, ""H-Index"": 4, ""%RankH"": 0.09, ""GoogleScholar"": ""https://scholar.google.com/citations?hl=en&authuser=1&user=33nLt00AAAAJ&inst=13410158990364976897"", ""CurrentSchool"": ""New Jersey Institute of Technology"", ""Position"": ""Associate Professor"", ""PhDYear"": 2002, ""PhDSchool"": ""Harvard University"", ""Years"": 23, ""First"": ""Georgeen"", ""Last"": ""Theodore"", ""Interests"": ""Urban Design, Infrastructure Planning, Visualizing Infrastructure, Community Planning, Contemporary Urbanism.""}}"
253,google_scholar,2026-03-01,284,9,,,,,"{""workbook_row"": {""Name"": ""Andrzej Zarzycki"", ""Year"": 1994, ""Cites2017"": 284, ""%Cites2017"": 0.248, ""%Rank"": 0.214, ""H-Index"": 9, ""%RankH"": 0.292, ""GoogleScholar"": ""https://scholar.google.com/citations?user=3flRpM4AAAAJ&hl=en"", ""CurrentSchool"": ""New Jersey Institute of Technology"", ""Position"": ""Associate Professor"", ""PhDYear"": 1994, ""PhDSchool"": ""MIT"", ""Years"": 31, ""First"": ""Andrzej"", ""Last"": ""Zarzycki""}}"
254,google_scholar,2026-03-01,733,12,,,,,"{""workbook_row"": {""Name"": ""Salo Coslovsky"", ""Year"": 2009, ""Cites2017"": 733, ""%Cites2017"": 0.436, ""%Rank"": 0.458, ""H-Index"": 12, ""%RankH"": 0.409, ""GoogleScholar"": ""https://scholar.google.com/citations?user=08z7YHAAAAAJ&hl=en"", ""CurrentSchool"": ""New York University"", ""Position"": ""Associate Professor"", ""PhDYear"": 2009, ""PhDSchool"": ""MIT"", ""Years"": 16, ""First"": ""Salo"", ""Last"": ""Coslovsky""}}"
255,google_scholar,2026-03-01,12128,53,,,,,"{""workbook_row"": {""Name"": ""Ingrid Gould Ellen"", ""Year"": 1996, ""Cites2017"": 12128, ""%Cites2017"": 0.964, ""%Rank"": 0.913, ""H-Index"": 53, ""%RankH"": 0.969, ""GoogleScholar"": ""https://scholar.google.com/citations?user=8k2NhngAAAAJ&hl=en&oe=ASCII"", ""CurrentSchool"": ""New York University"", ""Position"": ""Professor"", ""PhDYear"": 1996, ""PhDSchool"": ""Harvard University"", ""Years"": 29, ""First"": ""Ingrid"", ""Last"": ""Ellen"", ""Interests"": ""Community Development, Economic Development Planning, Housing and Neighborhood Planning, Race/Ethnicity Planning, and Urban and Regional Economics."", ""ResearchGate"": ""https://researchgate.net/profile/Ingrid_Ellen""}}"
256,google_scholar,2026-03-01,3406,23,,,,,"{""workbook_row"": {""Name"": ""Zhan Guo"", ""Year"": 2008, ""Cites2017"": 3406, ""%Cites2017"": 0.803, ""%Rank"": 0.903, ""H-Index"": 23, ""%RankH"": 0.744, ""GoogleScholar"": ""https://scholar.google.com/citations?user=0AzBJXMAAAAJ&hl=en"", ""CurrentSchool"": ""New York University"", ""Position"": ""Associate Professor"", ""PhDYear"": 2008, ""PhDSchool"": ""MIT"", ""Years"": 17, ""First"": ""Zhan"", ""Last"": ""Guo"", ""ResearchGate"": ""https://researchgate.net/profile/Zhan_Guo"", ""LinkedIn"": ""https://linkedin.com/in/zhan-guo-479a0414""}}"
257,google_scholar,2026-03-01,1042,16,,,,,"{""workbook_row"": {""Name"": ""Natasha Iskander"", ""Year"": 2006, ""Cites2017"": 1042, ""%Cites2017"": 0.513, ""%Rank"": 0.563, ""H-Index"": 16, ""%RankH"": 0.548, ""GoogleScholar"": ""https://scholar.google.com/citations?user=doce54QAAAAJ&hl=en"", ""CurrentSchool"": ""New York University"", ""Position"": ""Associate Professor"", ""PhDYear"": 2006, ""PhDSchool"": ""MIT"", ""Years"": 19, ""First"": ""Natasha"", ""Last"": ""Iskander""}}"
258,google_scholar,2026-03-01,2657,25,,,,,"{""workbook_row"": {""Name"": ""Mitchell Moss"", ""Year"": 1975, ""Cites2017"": 2657, ""%Cites2017"": 0.752, ""%Rank"": 0.529, ""H-Index"": 25, ""%RankH"": 0.793, ""GoogleScholar"": ""https://scholar.google.com/citations?user=7_aWvEQAAAAJ&hl=en"", ""CurrentSchool"": ""New York University"", ""Position"": ""Professor"", ""PhDYear"": 1975, ""PhDSchool"": ""USC"", ""Years"": 50, ""First"": ""Mitchell"", ""Last"": ""Moss"", ""Interests"": ""Economic Development, Urban Policy and Politics, and Technology and Regional Development."", ""ResearchGate"": ""https://researchgate.net/profile/Mitchell_Moss"", ""LinkedIn"": ""https://linkedin.com/in/mitchell-moss-34640413""}}"
259,google_scholar,2026-03-01,4349,33,,,,,"{""workbook_row"": {""Name"": ""Katherine O’Regan"", ""Year"": 1990, ""Cites2017"": 4349, ""%Cites2017"": 0.85, ""%Rank"": 0.688, ""H-Index"": 33, ""%RankH"": 0.886, ""GoogleScholar"": ""https://scholar.google.com/citations?user=XIOc-p8AAAAJ&hl"", ""CurrentSchool"": ""New York University"", ""Position"": ""Professor"", ""PhDYear"": 1990, ""PhDSchool"": ""UC Berkeley"", ""Years"": 35, ""First"": ""Katherine"", ""Last"": ""O’Regan"", ""Interests"": ""Economic Development Planning, Housing, Race and Ethnicity Planning, and Urban and Regional Economics.""}}"
260,google_scholar,2026-03-01,5402,27,,,,,"{""workbook_row"": {""Name"": ""Paul Smoke"", ""Year"": 1988, ""Cites2017"": 5402, ""%Cites2017"": 0.889, ""%Rank"": 0.757, ""H-Index"": 27, ""%RankH"": 0.822, ""GoogleScholar"": ""https://scholar.google.com/citations?user=RYM94sIAAAAJ&hl=en"", ""CurrentSchool"": ""New York University"", ""Position"": ""Professor"", ""PhDYear"": 1988, ""PhDSchool"": ""MIT"", ""Years"": 37, ""First"": ""Paul"", ""Last"": ""Smoke"", ""Interests"": ""Public Finance and Management, Public Finance Reform, Urban/Regional Economics, International Economic Development."", ""ResearchGate"": ""https://researchgate.net/profile/Paul_Smoke"", ""LinkedIn"": ""https://linkedin.com/in/paul-smoke-a9292b1b""}}"
261,google_scholar,2026-03-01,2415,23,,,,,"{""workbook_row"": {""Name"": ""Christopher Bosso"", ""Year"": 1985, ""Cites2017"": 2415, ""%Cites2017"": 0.722, ""%Rank"": 0.487, ""H-Index"": 23, ""%RankH"": 0.744, ""GoogleScholar"": ""https://scholar.google.com/citations?hl=en&user=jIxt_PUAAAAJ"", ""CurrentSchool"": ""Northeastern University"", ""Position"": ""Professor"", ""PhDYear"": 1985, ""PhDSchool"": ""University of Pittsburgh"", ""Years"": 40, ""First"": ""Christopher"", ""Last"": ""Bosso""}}"
262,google_scholar,2026-03-01,2118,20,,,,,"{""workbook_row"": {""Name"": ""Joan Fitzgerald"", ""Year"": 1988, ""Cites2017"": 2118, ""%Cites2017"": 0.685, ""%Rank"": 0.455, ""H-Index"": 20, ""%RankH"": 0.664, ""GoogleScholar"": ""https://scholar.google.com/citations?hl=en&user=_bXYlvoAAAAJ&inst=13410158990364976897"", ""CurrentSchool"": ""Northeastern University"", ""Position"": ""Professor"", ""PhDYear"": 1988, ""PhDSchool"": ""Pennsylvania State University"", ""Years"": 37, ""First"": ""Joan"", ""Last"": ""Fitzgerald""}}"
265,google_scholar,2026-03-01,2581,27,,,,,"{""workbook_row"": {""Name"": ""Daniel O’Brien"", ""Year"": 2010, ""Cites2017"": 2581, ""%Cites2017"": 0.742, ""%Rank"": 0.509, ""H-Index"": 27, ""%RankH"": 0.822, ""GoogleScholar"": ""https://scholar.google.com/citations?user=935Cc7wAAAAJ"", ""CurrentSchool"": ""Northeastern University"", ""Position"": ""Professor"", ""PhDYear"": 2010, ""PhDSchool"": ""Binghamton University"", ""Years"": 15, ""First"": ""Daniel"", ""Last"": ""O’Brien""}}"
266,google_scholar,2026-03-01,2145,18,,,,,"{""workbook_row"": {""Name"": ""Alicia Sasser Modestino"", ""Year"": 2001, ""Cites2017"": 2145, ""%Cites2017"": 0.692, ""%Rank"": 0.785, ""H-Index"": 18, ""%RankH"": 0.604, ""GoogleScholar"": ""https://scholar.google.com/citations?hl=en&user=QD-QMp4AAAAJ"", ""CurrentSchool"": ""Northeastern University"", ""Position"": ""Associate Professor"", ""PhDYear"": 2001, ""PhDSchool"": ""Harvard University"", ""Years"": 24, ""First"": ""Alicia"", ""Last"": ""Sasser Modestino""}}"
267,google_scholar,2026-03-01,3254,23,,,,,"{""workbook_row"": {""Name"": ""Gavin Shatkin"", ""Year"": 2001, ""Cites2017"": 3254, ""%Cites2017"": 0.794, ""%Rank"": 0.589, ""H-Index"": 23, ""%RankH"": 0.744, ""GoogleScholar"": ""https://scholar.google.com/citations?hl=en&user=fo2N4SAAAAAJ"", ""CurrentSchool"": ""Northeastern University"", ""Position"": ""Professor"", ""PhDYear"": 2001, ""PhDSchool"": ""Rutgers University"", ""Years"": 24, ""First"": ""Gavin"", ""Last"": ""Shatkin""}}"
268,google_scholar,2026-03-01,470,10,,,,,"{""workbook_row"": {""Name"": ""Lily Song"", ""Year"": 2020, ""Cites2017"": 470, ""%Cites2017"": 0.336, ""%Rank"": 0.617, ""H-Index"": 10, ""%RankH"": 0.335, ""GoogleScholar"": ""https://scholar.google.com/citations?hl=en&user=0qk7s30AAAAJ"", ""CurrentSchool"": ""Northeastern University"", ""Position"": ""Assistant Professor"", ""PhDYear"": 2020, ""PhDSchool"": ""MIT"", ""Years"": 5, ""First"": ""Lily"", ""Last"": ""Song""}}"
269,google_scholar,2026-03-01,1511,18,,,,,"{""workbook_row"": {""Name"": ""Thomas Vicino"", ""Year"": 2006, ""Cites2017"": 1511, ""%Cites2017"": 0.6, ""%Rank"": 0.366, ""H-Index"": 18, ""%RankH"": 0.604, ""GoogleScholar"": ""https://scholar.google.com/citations?hl=en&user=I7RwuMgAAAAJ"", ""CurrentSchool"": ""Northeastern University"", ""Position"": ""Professor"", ""PhDYear"": 2006, ""PhDSchool"": ""University of Maryland"", ""Years"": 19, ""First"": ""Tom"", ""Last"": ""Vicino""}}"
270,google_scholar,2026-03-01,4349,29,,,,,"{""workbook_row"": {""Name"": ""Moira Zellner"", ""Year"": 2005, ""Cites2017"": 4349, ""%Cites2017"": 0.85, ""%Rank"": 0.688, ""H-Index"": 29, ""%RankH"": 0.84, ""GoogleScholar"": ""https://scholar.google.com/citations?hl=en&user=D60rc7gAAAAJ"", ""CurrentSchool"": ""Northeastern University"", ""Position"": ""Professor"", ""PhDYear"": 2005, ""PhDSchool"": ""University of Michigan"", ""Years"": 20, ""First"": ""Moira"", ""Last"": ""Zellner""}}"
271,google_scholar,2026-03-01,233,9,,,,,"{""workbook_row"": {""Name"": ""Seung Jun Choi"", ""Year"": 2025, ""Cites2017"": 233, ""%Cites2017"": 0.224, ""%Rank"": 0.453, ""H-Index"": 9, ""%RankH"": 0.292, ""GoogleScholar"": ""https://scholar.google.com/citations?hl=en&user=eAgMSOMAAAAJ"", ""CurrentSchool"": ""Northern Arizona University"", ""Position"": ""Assistant Professor"", ""PhDYear"": 2025, ""PhDSchool"": ""University of Texas, Austin"", ""Years"": 0, ""First"": ""Seung"", ""Last"": ""Choi""}}"
272,google_scholar,2026-03-01,1560,15,,,,,"{""workbook_row"": {""Name"": ""David Folch"", ""Year"": 2011, ""Cites2017"": 1560, ""%Cites2017"": 0.612, ""%Rank"": 0.86, ""H-Index"": 15, ""%RankH"": 0.516, ""GoogleScholar"": ""https://scholar.google.com/citations?user=6Vb5yE4AAAAJ&hl=en&inst=13410158990364976897"", ""CurrentSchool"": ""Northern Arizona University"", ""Position"": ""Assistant Professor"", ""PhDYear"": 2011, ""PhDSchool"": ""Arizona State University"", ""Years"": 14, ""First"": ""David"", ""Last"": ""Folch""}}"
273,google_scholar,2026-03-01,1426,22,,,,,"{""workbook_row"": {""Name"": ""Steven Gehrke"", ""Year"": 2017, ""Cites2017"": 1426, ""%Cites2017"": 0.584, ""%Rank"": 0.846, ""H-Index"": 22, ""%RankH"": 0.722, ""GoogleScholar"": ""https://scholar.google.com/citations?hl=en&authuser=2&user=xQqnkVgAAAAJ&inst=13410158990364976897"", ""CurrentSchool"": ""Northern Arizona University"", ""Position"": ""Assistant Professor"", ""PhDYear"": 2017, ""PhDSchool"": ""Portland State University"", ""Years"": 8, ""First"": ""Steven"", ""Last"": ""Gehrke""}}"
275,google_scholar,2026-03-01,670,13,,,,,"{""workbook_row"": {""Name"": ""Ruihong Huang"", ""Year"": 2003, ""Cites2017"": 670, ""%Cites2017"": 0.41, ""%Rank"": 0.423, ""H-Index"": 13, ""%RankH"": 0.45, ""GoogleScholar"": ""https://scholar.google.com/citations?hl=en&user=L-y59HgAAAAJ"", ""CurrentSchool"": ""Northern Arizona University"", ""Position"": ""Associate Professor"", ""PhDYear"": 2003, ""PhDSchool"": ""University of Wisconsin, Milwaukee"", ""Years"": 22, ""First"": ""Ruihong"", ""Last"": ""Huang""}}"
276,google_scholar,2026-03-01,2005,21,,,,,"{""workbook_row"": {""Name"": ""Brian Petersen"", ""Year"": 2008, ""Cites2017"": 2005, ""%Cites2017"": 0.672, ""%Rank"": 0.76, ""H-Index"": 21, ""%RankH"": 0.696, ""GoogleScholar"": ""https://scholar.google.com/citations?hl=en&authuser=2&user=-rON9VEAAAAJ&inst=13410158990364976897"", ""CurrentSchool"": ""Northern Arizona University"", ""Position"": ""Associate Professor"", ""PhDYear"": 2008, ""PhDSchool"": ""UC Santa Cruz"", ""Years"": 17, ""First"": ""Brian"", ""Last"": ""Petersen""}}"
277,google_scholar,2026-03-01,488,13,,,,,"{""workbook_row"": {""Name"": ""Kelsea Best"", ""Year"": 2022, ""Cites2017"": 488, ""%Cites2017"": 0.343, ""%Rank"": 0.635, ""H-Index"": 13, ""%RankH"": 0.45, ""GoogleScholar"": ""https://scholar.google.com/citations?hl=en&user=isMyIb4AAAAJ"", ""CurrentSchool"": ""Ohio State University"", ""Position"": ""Assistant Professor"", ""PhDYear"": 2022, ""PhDSchool"": ""Vanderbilt University"", ""Years"": 3, ""First"": ""Kelsea"", ""Last"": ""Best""}}"
278,google_scholar,2026-03-01,171,7,,,,,"{""workbook_row"": {""Name"": ""Ricardo Cardoso"", ""Year"": 2018, ""Cites2017"": 171, ""%Cites2017"": 0.185, ""%Rank"": 0.375, ""H-Index"": 7, ""%RankH"": 0.218, ""GoogleScholar"": ""https://scholar.google.com/citations?hl=en&user=Tcifuz4AAAAJ"", ""CurrentSchool"": ""Ohio State University"", ""Position"": ""Assistant Professor"", ""PhDYear"": 2018, ""PhDSchool"": ""UC Berkeley"", ""Years"": 7, ""First"": ""Richardo"", ""Last"": ""Cardoso""}}"
279,google_scholar,2026-03-01,1903,21,,,,,"{""workbook_row"": {""Name"": ""Andre Carrel"", ""Year"": 2013, ""Cites2017"": 1903, ""%Cites2017"": 0.659, ""%Rank"": 0.739, ""H-Index"": 21, ""%RankH"": 0.696, ""GoogleScholar"": ""https://scholar.google.com/citations?hl=en&user=a7um54AAAAAJ"", ""CurrentSchool"": ""Ohio State University"", ""Position"": ""Associate Professor"", ""PhDYear"": 2013, ""PhDSchool"": ""UC Berkeley"", ""Years"": 12, ""First"": ""Andre"", ""Last"": ""Carrel""}}"
280,google_scholar,2026-03-01,4805,40,,,,,"{""workbook_row"": {""Name"": ""Zhenhua Chen"", ""Year"": 2014, ""Cites2017"": 4805, ""%Cites2017"": 0.872, ""%Rank"": 0.953, ""H-Index"": 40, ""%RankH"": 0.932, ""GoogleScholar"": ""https://scholar.google.com/citations?user=ghp3SkwAAAAJ&hl=en"", ""CurrentSchool"": ""Ohio State University"", ""Position"": ""Associate Professor"", ""PhDYear"": 2014, ""PhDSchool"": ""George Mason University"", ""Years"": 11, ""First"": ""Zhenhua"", ""Last"": ""Chen""}}"
281,google_scholar,2026-03-01,4292,23,,,,,"{""workbook_row"": {""Name"": ""Jennifer Clark"", ""Year"": 2004, ""Cites2017"": 4292, ""%Cites2017"": 0.848, ""%Rank"": 0.685, ""H-Index"": 23, ""%RankH"": 0.744, ""GoogleScholar"": ""https://scholar.google.com/citations?user=6pQQuqEAAAAJ&hl=en"", ""CurrentSchool"": ""Ohio State University"", ""Position"": ""Professor"", ""PhDYear"": 2004, ""PhDSchool"": ""Cornell University"", ""Years"": 21, ""First"": ""Jennifer"", ""Last"": ""Clark""}}"
282,google_scholar,2026-03-01,2591,15,,,,,"{""workbook_row"": {""Name"": ""Maria Conroy"", ""Year"": 2000, ""Cites2017"": 2591, ""%Cites2017"": 0.743, ""%Rank"": 0.512, ""H-Index"": 15, ""%RankH"": 0.516, ""GoogleScholar"": ""https://scholar.google.com.ph/citations?user=1gka4DcAAAAJ&hl=en"", ""CurrentSchool"": ""Ohio State University"", ""Position"": ""Professor"", ""PhDYear"": 2000, ""PhDSchool"": ""UNC"", ""Years"": 25, ""First"": ""Maria"", ""Middle"": ""Manta"", ""Last"": ""Conroy"", ""Interests"": ""Sustainability, Negotiation and Conflict Management, Environmental Planning, Citizen Participation"", ""ResearchGate"": ""https://researchgate.net/profile/Maria_Conroy"", ""LinkedIn"": ""https://linkedin.com/in/maria-manta-conroy-a98309""}}"
284,google_scholar,2026-03-01,1743,17,,,,,"{""workbook_row"": {""Name"": ""Bernadette Hanlon"", ""Year"": 2007, ""Cites2017"": 1743, ""%Cites2017"": 0.64, ""%Rank"": 0.714, ""H-Index"": 17, ""%RankH"": 0.572, ""GoogleScholar"": ""https://scholar.google.com.ph/citations?user=jC0i14kAAAAJ&hl=en"", ""CurrentSchool"": ""Ohio State University"", ""Position"": ""Associate Professor"", ""PhDYear"": 2007, ""PhDSchool"": ""University of Maryland, Baltimore County"", ""Years"": 18, ""First"": ""Bernadette"", ""Last"": ""Hanlon"", ""Interests"": ""Suburbs and Housing"", ""ResearchGate"": ""https://researchgate.net/profile/Bernadette_Hanlon"", ""LinkedIn"": ""https://linkedin.com/in/bernadette-hanlon-60a9655""}}"
285,google_scholar,2026-03-01,2411,22,,,,,"{""workbook_row"": {""Name"": ""Rachel Kleit"", ""Year"": 1999, ""Cites2017"": 2411, ""%Cites2017"": 0.721, ""%Rank"": 0.485, ""H-Index"": 22, ""%RankH"": 0.722, ""GoogleScholar"": ""https://scholar.google.com.ph/citations?user=dPSTEEcAAAAJ&hl=en"", ""CurrentSchool"": ""Ohio State University"", ""Position"": ""Professor"", ""PhDYear"": 1999, ""PhDSchool"": ""UNC"", ""Years"": 26, ""First"": ""Rachel"", ""Middle"": ""G."", ""Last"": ""Kleit"", ""Interests"": ""Public and Affordable Housing, Social Networks, Poverty, Community Development."", ""LinkedIn"": ""https://linkedin.com/in/rachelgarshickkleit""}}"
286,google_scholar,2026-03-01,2655,21,,,,,"{""workbook_row"": {""Name"": ""Yasuyuki Motoyama"", ""Year"": 2006, ""Cites2017"": 2655, ""%Cites2017"": 0.751, ""%Rank"": 0.859, ""H-Index"": 21, ""%RankH"": 0.696, ""GoogleScholar"": ""https://scholar.google.com/citations?user=gm5AlOoAAAAJ&hl=en&oi=ao"", ""CurrentSchool"": ""Ohio State University"", ""Position"": ""Associate Professor"", ""PhDYear"": 2006, ""PhDSchool"": ""UC Berkeley"", ""Years"": 19, ""First"": ""Yasuyuki"", ""Last"": ""Motoyama""}}"
287,google_scholar,2026-03-01,336,7,,,,,"{""workbook_row"": {""Name"": ""Manuel Santana Palacios"", ""Year"": 2021, ""Cites2017"": 336, ""%Cites2017"": 0.276, ""%Rank"": 0.535, ""H-Index"": 7, ""%RankH"": 0.218, ""GoogleScholar"": ""https://scholar.google.com/citations?hl=en&user=mEaBWLQAAAAJ"", ""CurrentSchool"": ""Ohio State University"", ""Position"": ""Assistant Professor"", ""PhDYear"": 2021, ""PhDSchool"": ""UC Berkeley"", ""Years"": 4, ""First"": ""Manuel"", ""Last"": ""Palacios""}}"
288,google_scholar,2026-03-01,1642,16,,,,,"{""workbook_row"": {""Name"": ""Jason Reece"", ""Year"": 2016, ""Cites2017"": 1642, ""%Cites2017"": 0.626, ""%Rank"": 0.703, ""H-Index"": 16, ""%RankH"": 0.548, ""GoogleScholar"": ""https://scholar.google.com/citations?user=mwhaXroAAAAJ&hl=en"", ""CurrentSchool"": ""Ohio State University"", ""Position"": ""Associate Professor"", ""PhDYear"": 2016, ""PhDSchool"": ""Ohio State University"", ""Years"": 9, ""First"": ""Jason"", ""Last"": ""Reece""}}"
289,google_scholar,2026-03-01,221,9,,,,,"{""workbook_row"": {""Name"": ""Kareem Usher"", ""Year"": 2015, ""Cites2017"": 221, ""%Cites2017"": 0.216, ""%Rank"": 0.17, ""H-Index"": 9, ""%RankH"": 0.292, ""GoogleScholar"": ""https://scholar.google.com/citations?hl=en&authuser=1&user=BQE_nsYAAAAJ&inst=13410158990364976897"", ""CurrentSchool"": ""Ohio State University"", ""Position"": ""Associate Professor"", ""PhDYear"": 2015, ""PhDSchool"": ""Florida State University"", ""Years"": 10, ""First"": ""Kareem"", ""Middle"": ""M."", ""Last"": ""Usher""}}"
290,google_scholar,2026-03-01,72,5,,,,,"{""workbook_row"": {""Name"": ""Mattijs Van Maasakkers"", ""Year"": 2013, ""Cites2017"": 72, ""%Cites2017"": 0.09, ""%Rank"": 0.098, ""H-Index"": 5, ""%RankH"": 0.129, ""GoogleScholar"": ""https://scholar.google.com/citations?user=nwnBOYMAAAAJ&hl=en"", ""CurrentSchool"": ""Ohio State University"", ""Position"": ""Associate Professor"", ""PhDYear"": 2013, ""PhDSchool"": ""MIT"", ""Years"": 12, ""First"": ""Mattijs"", ""Last"": ""Van Maasakkers"", ""Interests"": ""Environmental Planning, Ecosytem Services, Conflict Resolution"", ""ResearchGate"": ""https://researchgate.net/profile/Mattijs_Van_Maasakkers"", ""LinkedIn"": ""https://linkedin.com/in/mattijs-van-maasakkers-6316843""}}"
292,google_scholar,2026-03-01,14302,49,,,,,"{""workbook_row"": {""Name"": ""Jennifer Dill"", ""Year"": 2001, ""Cites2017"": 14302, ""%Cites2017"": 0.973, ""%Rank"": 0.935, ""H-Index"": 49, ""%RankH"": 0.964, ""GoogleScholar"": ""https://scholar.google.com.ph/citations?user=GNyEzcMAAAAJ&hl=en"", ""CurrentSchool"": ""Portland State University"", ""Position"": ""Professor"", ""PhDYear"": 2001, ""PhDSchool"": ""UC Berkeley"", ""Years"": 24, ""First"": ""Jennifer"", ""Last"": ""Dill"", ""Interests"": ""Transportation, Infrastructure/Public Services, Environmental Planning, Land Use/Growth Management"", ""LinkedIn"": ""https://linkedin.com/in/jennifer-dill-bb749840""}}"
293,google_scholar,2026-03-01,1281,12,,,,,"{""workbook_row"": {""Name"": ""Yiping Fang"", ""Year"": 2005, ""Cites2017"": 1281, ""%Cites2017"": 0.557, ""%Rank"": 0.609, ""H-Index"": 12, ""%RankH"": 0.409, ""GoogleScholar"": ""https://scholar.google.com/citations?user=NQc4iR0AAAAJ&hl=en"", ""CurrentSchool"": ""Portland State University"", ""Position"": ""Associate Professor"", ""PhDYear"": 2005, ""PhDSchool"": ""University of Colorado, Denver"", ""Years"": 20, ""First"": ""Yiping"", ""Last"": ""Fang"", ""Interests"": ""International Planning, Housing, GIS"", ""ResearchGate"": ""https://researchgate.net/profile/Yiping_Fang"", ""LinkedIn"": ""https://linkedin.com/in/yiping-fang-6a185274""}}"
295,google_scholar,2026-03-01,4954,34,,,,,"{""workbook_row"": {""Name"": ""Aaron Golub"", ""Year"": 2003, ""Cites2017"": 4954, ""%Cites2017"": 0.875, ""%Rank"": 0.73, ""H-Index"": 34, ""%RankH"": 0.895, ""GoogleScholar"": ""https://scholar.google.com.ph/citations?user=wKT8TeMAAAAJ&hl=en"", ""CurrentSchool"": ""Portland State University"", ""Position"": ""Professor"", ""PhDYear"": 2003, ""PhDSchool"": ""UC Berkeley"", ""Years"": 22, ""First"": ""Aaron"", ""Last"": ""Golub"", ""Interests"": ""Urban Transportation Planning, Environmental and Social Impacts of Transportation, Environmental Justice, and International Transportation"", ""ResearchGate"": ""https://researchgate.net/profile/Aaron_Golub"", ""LinkedIn"": ""https://linkedin.com/in/aaron-golub-1301565""}}"
296,google_scholar,2026-03-01,4,1,,,,,"{""workbook_row"": {""Name"": ""Jenny Liu"", ""Year"": 2010, ""Cites2017"": 4, ""%Cites2017"": 0.013, ""%Rank"": 0.013, ""H-Index"": 1, ""%RankH"": 0, ""GoogleScholar"": ""https://scholar.google.com/citations?hl=en&user=oirhrhsAAAAJ"", ""CurrentSchool"": ""Portland State University"", ""Position"": ""Associate Professor"", ""PhDYear"": 2010, ""PhDSchool"": ""UC Berkeley"", ""Years"": 15, ""First"": ""Jenny"", ""Middle"": ""H."", ""Last"": ""Liu"", ""Interests"": ""Environment and Resource Economics, Transportation, Energy, Development Economics and Public Policy."", ""LinkedIn"": ""https://linkedin.com/in/jenny-liu-5221bb8""}}"
297,google_scholar,2026-03-01,2396,19,,,,,"{""workbook_row"": {""Name"": ""Greg Schrock"", ""Year"": 2010, ""Cites2017"": 2396, ""%Cites2017"": 0.72, ""%Rank"": 0.824, ""H-Index"": 19, ""%RankH"": 0.631, ""GoogleScholar"": ""https://scholar.google.com.ph/citations?hl=en&user=2YfHTPIAAAAJ"", ""CurrentSchool"": ""Portland State University"", ""Position"": ""Associate Professor"", ""PhDYear"": 2010, ""PhDSchool"": ""University of Illinois, Chicago"", ""Years"": 15, ""First"": ""Greg"", ""Last"": ""Schrock"", ""Interests"": ""Regional Economic Development, Labor Market and Workforce Development Policy"", ""LinkedIn"": ""https://linkedin.com/in/greg-schrock-60a24056""}}"
298,google_scholar,2026-03-01,215,7,,,,,"{""workbook_row"": {""Name"": ""Ozcan Tunalilar"", ""Year"": 2016, ""Cites2017"": 215, ""%Cites2017"": 0.212, ""%Rank"": 0.164, ""H-Index"": 7, ""%RankH"": 0.218, ""GoogleScholar"": ""https://scholar.google.com/citations?hl=en&user=wHwKAK4AAAAJ"", ""CurrentSchool"": ""Portland State University"", ""Position"": ""Associate Professor"", ""PhDYear"": 2016, ""PhDSchool"": ""University of Florida"", ""Years"": 9, ""First"": ""Ozcan"", ""Last"": ""Tunalilar""}}"
299,google_scholar,2026-03-01,1407,18,,,,,"{""workbook_row"": {""Name"": ""Liming Wang"", ""Year"": 2009, ""Cites2017"": 1407, ""%Cites2017"": 0.582, ""%Rank"": 0.64, ""H-Index"": 18, ""%RankH"": 0.604, ""GoogleScholar"": ""https://scholar.google.com/citations?user=jgcEZPgAAAAJ&hl=en"", ""CurrentSchool"": ""Portland State University"", ""Position"": ""Associate Professor"", ""PhDYear"": 2009, ""PhDSchool"": ""University of Washington"", ""Years"": 16, ""First"": ""Liming"", ""Last"": ""Wang"", ""Interests"": ""Transportation Planning, Urban Modeling, Planning Support Systems, Housing Markets and Real Estate Development."", ""LinkedIn"": ""https://linkedin.com/in/liming-wang-16b8a341""}}"
300,google_scholar,2026-03-01,7693,21,,,,,"{""workbook_row"": {""Name"": ""Yu Xiao"", ""Year"": 2008, ""Cites2017"": 7693, ""%Cites2017"": 0.929, ""%Rank"": 0.98, ""H-Index"": 21, ""%RankH"": 0.696, ""GoogleScholar"": ""https://scholar.google.com/citations?user=nDF5G30AAAAJ&hl=en&oi=sra"", ""CurrentSchool"": ""Portland State University"", ""Position"": ""Associate Professor"", ""PhDYear"": 2008, ""PhDSchool"": ""University of Illinois, Urbana-Champaign"", ""Years"": 17, ""First"": ""Yu"", ""Last"": ""Xiao"", ""Interests"": ""Economic Development, Community Resiliency, Disaster Impact, Economic Resiliency""}}"
301,google_scholar,2026-03-01,760,12,,,,,"{""workbook_row"": {""Name"": ""Marisa Zapata"", ""Year"": 2009, ""Cites2017"": 760, ""%Cites2017"": 0.445, ""%Rank"": 0.469, ""H-Index"": 12, ""%RankH"": 0.409, ""GoogleScholar"": ""https://scholar.google.com/citations?user=-P2oJ9sAAAAJ&hl=en"", ""CurrentSchool"": ""Portland State University"", ""Position"": ""Associate Professor"", ""PhDYear"": 2009, ""PhDSchool"": ""University of Illinois, Urbana-Champaign"", ""Years"": 16, ""First"": ""Marisa"", ""Last"": ""Zapata"", ""Interests"": ""Participatory Planning Processes, Land Use Planning, Culutral Diversity"", ""ResearchGate"": ""https://researchgate.net/profile/Marisa_Zapata"", ""LinkedIn"": ""https://linkedin.com/in/marisa-zapata-7746184""}}"
303,google_scholar,2026-03-01,103,5,,,,,"{""workbook_row"": {""Name"": ""Courtney Knapp"", ""Year"": 2014, ""Cites2017"": 103, ""%Cites2017"": 0.125, ""%Rank"": 0.051, ""H-Index"": 5, ""%RankH"": 0.129, ""GoogleScholar"": ""https://scholar.google.com/citations?hl=en&authuser=1&user=E1msbDkAAAAJ"", ""CurrentSchool"": ""Pratt Institute"", ""Position"": ""Professor"", ""PhDYear"": 2014, ""PhDSchool"": ""Cornell University"", ""Years"": 11, ""First"": ""Courtney"", ""Last"": ""Knapp""}}"
305,google_scholar,2026-03-01,236,5,,,,,"{""workbook_row"": {""Name"": ""Juan Osorio"", ""Year"": 2020, ""Cites2017"": 236, ""%Cites2017"": 0.226, ""%Rank"": 0.184, ""H-Index"": 5, ""%RankH"": 0.129, ""GoogleScholar"": ""https://scholar.google.com/citations?hl=en&user=xK7aVxYAAAAJ&"", ""CurrentSchool"": ""Pratt Institute"", ""Position"": ""Associate Professor"", ""PhDYear"": 2020, ""PhDSchool"": ""MIT"", ""Years"": 5, ""First"": ""Juan"", ""Last"": ""Osorio""}}"
307,google_scholar,2026-03-01,1434,12,,,,,"{""workbook_row"": {""Name"": ""Ajay Agarwal"", ""Year"": 2009, ""Cites2017"": 1434, ""%Cites2017"": 0.587, ""%Rank"": 0.648, ""H-Index"": 12, ""%RankH"": 0.409, ""GoogleScholar"": ""https://scholar.google.com/citations?user=AOP2DRQAAAAJ&hl=en"", ""CurrentSchool"": ""Queen's University"", ""Position"": ""Associate Professor"", ""PhDYear"": 2009, ""PhDSchool"": ""USC"", ""Years"": 16, ""First"": ""Ajay"", ""Last"": ""Agarwal""}}"
308,google_scholar,2026-03-01,1518,19,,,,,"{""workbook_row"": {""Name"": ""Patricia Collins"", ""Year"": 2009, ""Cites2017"": 1518, ""%Cites2017"": 0.603, ""%Rank"": 0.67, ""H-Index"": 19, ""%RankH"": 0.631, ""GoogleScholar"": ""https://scholar.google.com/citations?user=VeNqwrEAAAAJ&hl=en"", ""CurrentSchool"": ""Queen's University"", ""Position"": ""Associate Professor"", ""PhDYear"": 2009, ""PhDSchool"": ""Simon Fraser University"", ""Years"": 16, ""First"": ""Patricia"", ""Last"": ""Collins""}}"
309,google_scholar,2026-03-01,2320,21,,,,,"{""workbook_row"": {""Name"": ""Betsy Donald"", ""Year"": 1999, ""Cites2017"": 2320, ""%Cites2017"": 0.707, ""%Rank"": 0.475, ""H-Index"": 21, ""%RankH"": 0.696, ""GoogleScholar"": ""https://scholar.google.com/citations?user=byrLx34AAAAJ&hl=en"", ""CurrentSchool"": ""Queen's University"", ""Position"": ""Professor"", ""PhDYear"": 1999, ""PhDSchool"": ""University of Toronto"", ""Years"": 26, ""First"": ""Betsy"", ""Last"": ""Donald""}}"
310,google_scholar,2026-03-01,2666,23,,,,,"{""workbook_row"": {""Name"": ""David Gordon"", ""Year"": 1994, ""Cites2017"": 2666, ""%Cites2017"": 0.755, ""%Rank"": 0.537, ""H-Index"": 23, ""%RankH"": 0.744, ""GoogleScholar"": ""https://scholar.google.com/citations?user=VkCclDUAAAAJ&hl=en"", ""CurrentSchool"": ""Queen's University"", ""Position"": ""Professor"", ""PhDYear"": 1994, ""PhDSchool"": ""Harvard University"", ""Years"": 31, ""First"": ""David"", ""Last"": ""Gordon""}}"
311,google_scholar,2026-03-01,1819,22,,,,,"{""workbook_row"": {""Name"": ""Maxwell Hartt"", ""Year"": 2016, ""Cites2017"": 1819, ""%Cites2017"": 0.651, ""%Rank"": 0.882, ""H-Index"": 22, ""%RankH"": 0.722, ""GoogleScholar"": ""https://scholar.google.com/citations?hl=en&authuser=1&user=yGHXP6kAAAAJ"", ""CurrentSchool"": ""Queen's University"", ""Position"": ""Assistant Professor"", ""PhDYear"": 2016, ""PhDSchool"": ""University of Waterloo"", ""Years"": 9, ""First"": ""Maxwell"", ""Last"": ""Hartt""}}"
314,google_scholar,2026-03-01,1190,21,,,,,"{""workbook_row"": {""Name"": ""Zachary Christman"", ""Year"": 2010, ""Cites2017"": 1190, ""%Cites2017"": 0.536, ""%Rank"": 0.301, ""H-Index"": 21, ""%RankH"": 0.696, ""GoogleScholar"": ""https://scholar.google.com/citations?hl=en&user=2B6CoLQAAAAJ"", ""CurrentSchool"": ""Rowan University"", ""Position"": ""Professor"", ""PhDYear"": 2010, ""PhDSchool"": ""Clark University"", ""Years"": 15, ""First"": ""Zachary"", ""Last"": ""Christman""}}"
316,google_scholar,2026-03-01,418,9,,,,,"{""workbook_row"": {""Name"": ""Qian He"", ""Year"": 2022, ""Cites2017"": 418, ""%Cites2017"": 0.309, ""%Rank"": 0.582, ""H-Index"": 9, ""%RankH"": 0.292, ""GoogleScholar"": ""https://scholar.google.com/citations?hl=en&user=Voq-KhIAAAAJ"", ""CurrentSchool"": ""Rowan University"", ""Position"": ""Assistant Professor"", ""PhDYear"": 2022, ""PhDSchool"": ""University of Texas, Arlington"", ""Years"": 3, ""First"": ""Qian"", ""Last"": ""He""}}"
318,google_scholar,2026-03-01,271,8,,,,,"{""workbook_row"": {""Name"": ""Jennifer Kitson"", ""Year"": 2013, ""Cites2017"": 271, ""%Cites2017"": 0.24, ""%Rank"": 0.203, ""H-Index"": 8, ""%RankH"": 0.261, ""GoogleScholar"": ""https://scholar.google.com/citations?hl=en&authuser=1&user=0cNt_VcAAAAJ"", ""CurrentSchool"": ""Rowan University"", ""Position"": ""Associate Professor"", ""PhDYear"": 2013, ""PhDSchool"": ""Arizona State University"", ""Years"": 12, ""First"": ""Jennifer"", ""Last"": ""Kitson""}}"
319,google_scholar,2026-03-01,1745,22,,,,,"{""workbook_row"": {""Name"": ""Mahbubur Meenar"", ""Year"": 2014, ""Cites2017"": 1745, ""%Cites2017"": 0.641, ""%Rank"": 0.717, ""H-Index"": 22, ""%RankH"": 0.722, ""GoogleScholar"": ""https://scholar.google.com/citations?hl=en&authuser=1&user=lJgw7TMAAAAJ"", ""CurrentSchool"": ""Rowan University"", ""Position"": ""Associate Professor"", ""PhDYear"": 2014, ""PhDSchool"": ""Temple University"", ""Years"": 11, ""First"": ""Mahbubur"", ""Last"": ""Meenar"", ""ResearchGate"": ""https://www.researchgate.net/profile/Mahbubur-Meenar""}}"
320,google_scholar,2026-03-01,1925,24,,,,,"{""workbook_row"": {""Name"": ""Hooshang Amirahmadi"", ""Year"": 1982, ""Cites2017"": 1925, ""%Cites2017"": 0.66, ""%Rank"": 0.43, ""H-Index"": 24, ""%RankH"": 0.774, ""GoogleScholar"": ""https://scholar.google.com/citations?hl=en&authuser=1&user=c0_9n5gAAAAJ"", ""CurrentSchool"": ""Rutgers University"", ""Position"": ""Professor"", ""PhDYear"": 1982, ""PhDSchool"": ""Cornell University"", ""Years"": 43, ""First"": ""Hooshang"", ""Last"": ""Amirahmadi""}}"
321,google_scholar,2026-03-01,4775,37,,,,,"{""workbook_row"": {""Name"": ""Clinton Andrews"", ""Year"": 1990, ""Cites2017"": 4775, ""%Cites2017"": 0.867, ""%Rank"": 0.715, ""H-Index"": 37, ""%RankH"": 0.918, ""GoogleScholar"": ""https://scholar.google.com.ph/citations?user=aRLbkQcAAAAJ&hl=en"", ""CurrentSchool"": ""Rutgers University"", ""Position"": ""Professor"", ""PhDYear"": 1990, ""PhDSchool"": ""MIT"", ""Years"": 35, ""First"": ""Clinton"", ""Middle"": ""J."", ""Last"": ""Andrews"", ""Interests"": ""Environmental Planning, Energy Policy, Planning Methods"", ""ResearchGate"": ""https://researchgate.net/profile/Clinton_Andrews"", ""LinkedIn"": ""https://linkedin.com/in/clinton-andrews-276b4a6""}}"
322,google_scholar,2026-03-01,106,5,,,,,"{""workbook_row"": {""Name"": ""Bernadette Baird-Zars"", ""Year"": 2021, ""Cites2017"": 106, ""%Cites2017"": 0.129, ""%Rank"": 0.246, ""H-Index"": 5, ""%RankH"": 0.129, ""GoogleScholar"": ""https://scholar.google.com/citations?hl=en&user=rP_BIkoAAAAJ"", ""CurrentSchool"": ""Rutgers University"", ""Position"": ""Assistant Professor"", ""PhDYear"": 2021, ""PhDSchool"": ""Columbia University"", ""Years"": 4, ""First"": ""Bernadette"", ""Last"": ""Baird-Zars""}}"
323,google_scholar,2026-03-01,6087,31,,,,,"{""workbook_row"": {""Name"": ""James DeFilippis"", ""Year"": 2000, ""Cites2017"": 6087, ""%Cites2017"": 0.908, ""%Rank"": 0.792, ""H-Index"": 31, ""%RankH"": 0.862, ""GoogleScholar"": ""https://scholar.google.com/citations?hl=en&authuser=1&user=eZDymw0AAAAJ"", ""CurrentSchool"": ""Rutgers University"", ""Position"": ""Professor"", ""PhDYear"": 2000, ""PhDSchool"": ""Rutgers University"", ""Years"": 25, ""First"": ""James"", ""Last"": ""DeFilippis"", ""Interests"": ""Urban Political Economy, Housing, Community Development"", ""ResearchGate"": ""https://researchgate.net/profile/James_Defilippis2"", ""LinkedIn"": ""https://linkedin.com/in/james-defilippis-711b0254""}}"
325,google_scholar,2026-03-01,75,4,,,,,"{""workbook_row"": {""Name"": ""Carmelo Ignaccolo"", ""Year"": 2025, ""Cites2017"": 75, ""%Cites2017"": 0.092, ""%Rank"": 0.175, ""H-Index"": 4, ""%RankH"": 0.09, ""GoogleScholar"": ""https://scholar.google.com/citations?hl=en&user=g8Q6IToAAAAJ"", ""CurrentSchool"": ""Rutgers University"", ""Position"": ""Assistant Professor"", ""PhDYear"": 2025, ""PhDSchool"": ""MIT"", ""Years"": 0, ""First"": ""Carmelo"", ""Last"": ""Ignaccolo""}}"
326,google_scholar,2026-03-01,1328,19,,,,,"{""workbook_row"": {""Name"": ""Radha Jagannathan"", ""Year"": 1999, ""Cites2017"": 1328, ""%Cites2017"": 0.569, ""%Rank"": 0.331, ""H-Index"": 19, ""%RankH"": 0.631, ""GoogleScholar"": ""https://scholar.google.com/citations?hl=en&user=DDopjFkAAAAJ"", ""CurrentSchool"": ""Rutgers University"", ""Position"": ""Professor"", ""PhDYear"": 1999, ""PhDSchool"": ""Princeton University"", ""Years"": 26, ""First"": ""Radha"", ""Last"": ""Jagannathan""}}"
328,google_scholar,2026-03-01,3258,20,,,,,"{""workbook_row"": {""Name"": ""Kathe Newman"", ""Year"": 2001, ""Cites2017"": 3258, ""%Cites2017"": 0.795, ""%Rank"": 0.591, ""H-Index"": 20, ""%RankH"": 0.664, ""GoogleScholar"": ""https://scholar.google.com.ph/citations?user=a9NL4mwAAAAJ&hl=en"", ""CurrentSchool"": ""Rutgers University"", ""Position"": ""Professor"", ""PhDYear"": 2001, ""PhDSchool"": ""CUNY"", ""Years"": 24, ""First"": ""Kathe"", ""Last"": ""Newman"", ""Interests"": ""Urban Politics, Urban Revitalization, Community Development"", ""ResearchGate"": ""https://researchgate.net/profile/Kathe_Newman""}}"
329,google_scholar,2026-03-01,20806,72,,,,,"{""workbook_row"": {""Name"": ""Robert Noland"", ""Year"": 1992, ""Cites2017"": 20806, ""%Cites2017"": 0.988, ""%Rank"": 0.972, ""H-Index"": 72, ""%RankH"": 0.992, ""GoogleScholar"": ""https://scholar.google.com/citations?user=QQOnlW8AAAAJ&hl"", ""CurrentSchool"": ""Rutgers University"", ""Position"": ""Professor"", ""PhDYear"": 1992, ""PhDSchool"": ""University of Pennsylvania"", ""Years"": 33, ""First"": ""Robert"", ""Last"": ""Noland""}}"
330,google_scholar,2026-03-01,291,8,,,,,"{""workbook_row"": {""Name"": ""Will Payne"", ""Year"": 2020, ""Cites2017"": 291, ""%Cites2017"": 0.255, ""%Rank"": 0.496, ""H-Index"": 8, ""%RankH"": 0.261, ""GoogleScholar"": ""https://scholar.google.com/citations?hl=en&authuser=1&user=OkqzTFcAAAAJ"", ""CurrentSchool"": ""Rutgers University"", ""Position"": ""Assistant Professor"", ""PhDYear"": 2020, ""PhDSchool"": ""UC Berkeley"", ""Years"": 5, ""First"": ""Will"", ""Last"": ""Payne""}}"
331,google_scholar,2026-03-01,1478,20,,,,,"{""workbook_row"": {""Name"": ""Kelcie Ralph"", ""Year"": 2015, ""Cites2017"": 1478, ""%Cites2017"": 0.596, ""%Rank"": 0.662, ""H-Index"": 20, ""%RankH"": 0.664, ""GoogleScholar"": ""https://scholar.google.com/citations?user=1TPJPWwAAAAJ&hl=en"", ""CurrentSchool"": ""Rutgers University"", ""Position"": ""Associate Professor"", ""PhDYear"": 2015, ""PhDSchool"": ""UCLA"", ""Years"": 10, ""First"": ""Kelcie"", ""Last"": ""Ralph""}}"
332,google_scholar,2026-03-01,81,3,,,,,"{""workbook_row"": {""Name"": ""Andrea Restrepo-Mieth"", ""Year"": 2019, ""Cites2017"": 81, ""%Cites2017"": 0.101, ""%Rank"": 0.207, ""H-Index"": 3, ""%RankH"": 0.051, ""GoogleScholar"": ""https://scholar.google.com/citations?hl=en&user=ws6Obu8AAAAJ&inst=13410158990364976897"", ""CurrentSchool"": ""Rutgers University"", ""Position"": ""Assistant Professor"", ""PhDYear"": 2019, ""PhDSchool"": ""Cornell University"", ""Years"": 6, ""First"": ""Andrea"", ""Last"": ""Restrepo-Mieth""}}"
334,google_scholar,2026-03-01,667,15,,,,,"{""workbook_row"": {""Name"": ""Eric Seymour"", ""Year"": 2016, ""Cites2017"": 667, ""%Cites2017"": 0.408, ""%Rank"": 0.42, ""H-Index"": 15, ""%RankH"": 0.516, ""GoogleScholar"": ""https://scholar.google.com/citations?hl=en&authuser=1&user=2sca56AAAAAJ&inst=13410158990364976897"", ""CurrentSchool"": ""Rutgers University"", ""Position"": ""Associate Professor"", ""PhDYear"": 2016, ""PhDSchool"": ""University of Michigan"", ""Years"": 9, ""First"": ""Eric"", ""Last"": ""Seymour""}}"
335,google_scholar,2026-03-01,333,9,,,,,"{""workbook_row"": {""Name"": ""Mi Shih"", ""Year"": 2010, ""Cites2017"": 333, ""%Cites2017"": 0.274, ""%Rank"": 0.239, ""H-Index"": 9, ""%RankH"": 0.292, ""GoogleScholar"": ""https://scholar.google.com.ph/citations?user=Yu63i0UAAAAJ&hl=en"", ""CurrentSchool"": ""Rutgers University"", ""Position"": ""Associate Professor"", ""PhDYear"": 2010, ""PhDSchool"": ""Rutgers University"", ""Years"": 15, ""First"": ""Mi"", ""Last"": ""Shih"", ""Interests"": ""Processes of Urbanization in China and how they shape Chinese Cities, Local Places, and People’s Everyday Lives, Urban Redevelopment and its impact on Property and Civil Rights, Land Commodification, Urban Expansion and Rural Land Conversion in Peri-urban Areas, and Grassroots Participation and Urban Planning."", ""LinkedIn"": ""https://linkedin.com/in/mi-shih-69b32343""}}"
336,google_scholar,2026-03-01,4083,34,,,,,"{""workbook_row"": {""Name"": ""Michael Smart"", ""Year"": 2011, ""Cites2017"": 4083, ""%Cites2017"": 0.84, ""%Rank"": 0.934, ""H-Index"": 34, ""%RankH"": 0.895, ""GoogleScholar"": ""https://scholar.google.com/citations?user=pZuyPwYAAAAJ&hl=en"", ""CurrentSchool"": ""Rutgers University"", ""Position"": ""Associate Professor"", ""PhDYear"": 2011, ""PhDSchool"": ""UCLA"", ""Years"": 14, ""First"": ""Michael"", ""Last"": ""Smart"", ""Interests"": ""How Social Networks Influence Activity Patterns in Neighborhoods, Urban Modeling and Simulation, and Geographic Information Science."", ""ResearchGate"": ""https://researchgate.net/profile/Michael_Smart2"", ""LinkedIn"": ""https://linkedin.com/in/mike-smart-3b5a363""}}"
338,google_scholar,2026-03-01,3633,24,,,,,"{""workbook_row"": {""Name"": ""Wenwen Zhang"", ""Year"": 2017, ""Cites2017"": 3633, ""%Cites2017"": 0.817, ""%Rank"": 0.964, ""H-Index"": 24, ""%RankH"": 0.774, ""GoogleScholar"": ""https://scholar.google.com/citations?user=FBjPT3wAAAAJ&hl"", ""CurrentSchool"": ""Rutgers University"", ""Position"": ""Assistant Professor"", ""PhDYear"": 2017, ""PhDSchool"": ""Georgia Tech"", ""Years"": 8, ""First"": ""Wenwen"", ""Last"": ""Zhang""}}"
339,google_scholar,2026-03-01,21,2,,,,,"{""workbook_row"": {""Name"": ""Richard Alomar"", ""Year"": 1994, ""Cites2017"": 21, ""%Cites2017"": 0.04, ""%Rank"": 0.041, ""H-Index"": 2, ""%RankH"": 0.024, ""GoogleScholar"": ""https://scholar.google.com/citations?hl=en&user=9pl5xI8AAAAJ"", ""CurrentSchool"": ""Rutgers University, School of Environmental & Biological Sciences"", ""Position"": ""Associate Professor"", ""PhDYear"": 1994, ""PhDSchool"": ""Louisiana State University"", ""Years"": 31, ""First"": ""Richard"", ""Last"": ""Alomar""}}"
340,google_scholar,2026-03-01,119,6,,,,,"{""workbook_row"": {""Name"": ""Anette Freytag"", ""Year"": 2011, ""Cites2017"": 119, ""%Cites2017"": 0.142, ""%Rank"": 0.059, ""H-Index"": 6, ""%RankH"": 0.173, ""GoogleScholar"": ""https://scholar.google.com/citations?hl=en&user=B1-st0oAAAAJ"", ""CurrentSchool"": ""Rutgers University, School of Environmental & Biological Sciences"", ""Position"": ""Professor"", ""PhDYear"": 2011, ""PhDSchool"": ""ETH Zurich"", ""Years"": 14, ""First"": ""Anette"", ""Last"": ""Freytag""}}"
341,google_scholar,2026-03-01,1546,18,,,,,"{""workbook_row"": {""Name"": ""Jean Hartman"", ""Year"": 1984, ""Cites2017"": 1546, ""%Cites2017"": 0.607, ""%Rank"": 0.673, ""H-Index"": 18, ""%RankH"": 0.604, ""GoogleScholar"": ""https://scholar.google.com/citations?user=thJhOCUAAAAJ&hl=en"", ""CurrentSchool"": ""Rutgers University, School of Environmental & Biological Sciences"", ""Position"": ""Associate Professor"", ""PhDYear"": 1984, ""PhDSchool"": ""University of Connecticut"", ""Years"": 41, ""First"": ""Jean Marie"", ""Last"": ""Hartman"", ""Interests"": ""Plant Ecology, Ecological Design"", ""LinkedIn"": ""https://linkedin.com/in/jeanmarie-hartman-226450a""}}"
344,google_scholar,2026-03-01,2558,19,,,,,"{""workbook_row"": {""Name"": ""Laura Lawson"", ""Year"": 2000, ""Cites2017"": 2558, ""%Cites2017"": 0.74, ""%Rank"": 0.507, ""H-Index"": 19, ""%RankH"": 0.631, ""GoogleScholar"": ""https://scholar.google.com/citations?user=_7calRUAAAAJ&hl=en"", ""CurrentSchool"": ""Rutgers University, School of Environmental & Biological Sciences"", ""Position"": ""Professor"", ""PhDYear"": 2000, ""PhDSchool"": ""UC Berkeley"", ""Years"": 25, ""First"": ""Laura"", ""Last"": ""Lawson"", ""Interests"": ""Urban Open Space, Community Gardening, Social Factors in Design"", ""LinkedIn"": ""https://linkedin.com/in/laura-lawson-7b856246""}}"
345,google_scholar,2026-03-01,1952,20,,,,,"{""workbook_row"": {""Name"": ""David Tulloch"", ""Year"": 1997, ""Cites2017"": 1952, ""%Cites2017"": 0.667, ""%Rank"": 0.755, ""H-Index"": 20, ""%RankH"": 0.664, ""GoogleScholar"": ""https://scholar.google.com/citations?user=lOLIQZ8AAAAJ&hl=en"", ""CurrentSchool"": ""Rutgers University, School of Environmental & Biological Sciences"", ""Position"": ""Associate Professor"", ""PhDYear"": 1997, ""PhDSchool"": ""University of Wisconsin, Madison"", ""Years"": 28, ""First"": ""David"", ""Last"": ""Tulloch"", ""Interests"": ""Geographic Information Systems, Regional Design"", ""LinkedIn"": ""https://linkedin.com/in/drtulloch""}}"
347,google_scholar,2026-03-01,2232,24,,,,,"{""workbook_row"": {""Name"": ""Bruce Appleyard"", ""Year"": 2010, ""Cites2017"": 2232, ""%Cites2017"": 0.699, ""%Rank"": 0.465, ""H-Index"": 24, ""%RankH"": 0.774, ""GoogleScholar"": ""https://scholar.google.com/citations?user=ghYGG94AAAAJ&hl"", ""CurrentSchool"": ""San Diego State University"", ""Position"": ""Professor"", ""PhDYear"": 2010, ""PhDSchool"": ""UC Berkeley"", ""Years"": 15, ""First"": ""Bruce"", ""Last"": ""Appleyard""}}"
348,google_scholar,2026-03-01,12,2,,,,,"{""workbook_row"": {""Name"": ""Jenna Dublin-Boc"", ""Year"": 2020, ""Cites2017"": 12, ""%Cites2017"": 0.032, ""%Rank"": 0.064, ""H-Index"": 2, ""%RankH"": 0.024, ""GoogleScholar"": ""https://scholar.google.com/citations?hl=en&user=ohJqKaAAAAAJ"", ""CurrentSchool"": ""San Diego State University"", ""Position"": ""Assistant Professor"", ""PhDYear"": 2020, ""PhDSchool"": ""Columbia University"", ""Years"": 5, ""First"": ""Jenna"", ""Last"": ""Dublin-Boc""}}"
349,google_scholar,2026-03-01,595,13,,,,,"{""workbook_row"": {""Name"": ""Anna Joo Kim"", ""Year"": 2011, ""Cites2017"": 595, ""%Cites2017"": 0.384, ""%Rank"": 0.376, ""H-Index"": 13, ""%RankH"": 0.45, ""GoogleScholar"": ""https://scholar.google.com/citations?hl=en&authuser=1&user=OaHXcpsAAAAJ"", ""CurrentSchool"": ""San Diego State University"", ""Position"": ""Associate Professor"", ""PhDYear"": 2011, ""PhDSchool"": ""UCLA"", ""Years"": 14, ""First"": ""Anna"", ""Last"": ""Joo Kim""}}"
350,google_scholar,2026-03-01,75,4,,,,,"{""workbook_row"": {""Name"": ""Valerie Stahl"", ""Year"": 2021, ""Cites2017"": 75, ""%Cites2017"": 0.092, ""%Rank"": 0.175, ""H-Index"": 4, ""%RankH"": 0.09, ""GoogleScholar"": ""https://scholar.google.com/citations?hl=en&user=oMm6CBUAAAAJ"", ""CurrentSchool"": ""San Diego State University"", ""Position"": ""Assistant Professor"", ""PhDYear"": 2021, ""PhDSchool"": ""Columbia University"", ""Years"": 4, ""First"": ""Valerie"", ""Last"": ""Stahl""}}"
351,google_scholar,2026-03-01,61,4,,,,,"{""workbook_row"": {""Name"": ""Madison Swayne"", ""Year"": 2020, ""Cites2017"": 61, ""%Cites2017"": 0.079, ""%Rank"": 0.082, ""H-Index"": 4, ""%RankH"": 0.09, ""GoogleScholar"": ""https://scholar.google.com/citations?hl=en&user=o86m64IAAAAJ"", ""CurrentSchool"": ""San Diego State University"", ""Position"": ""Associate Professor"", ""PhDYear"": 2020, ""PhDSchool"": ""USC"", ""Years"": 5, ""First"": ""Madison"", ""Last"": ""Swayne""}}"
352,google_scholar,2026-03-01,2721,26,,,,,"{""workbook_row"": {""Name"": ""Asha Agrawal"", ""Year"": 2002, ""Cites2017"": 2721, ""%Cites2017"": 0.762, ""%Rank"": 0.547, ""H-Index"": 26, ""%RankH"": 0.813, ""GoogleScholar"": ""https://scholar.google.com/citations?hl=en&authuser=2&user=N0pt2mgAAAAJ&inst=13410158990364976897"", ""CurrentSchool"": ""San Jose State University"", ""Position"": ""Professor"", ""PhDYear"": 2002, ""PhDSchool"": ""UC Berkeley"", ""Years"": 23, ""First"": ""Asha"", ""Middle"": ""Weinstein"", ""Last"": ""Agrawal"", ""Interests"": ""Transportation Planning and Finance, Planning History, and Communication Skills for Planners"", ""ResearchGate"": ""https://researchgate.net/profile/Asha_Agrawal"", ""LinkedIn"": ""https://linkedin.com/in/asha-weinstein-agrawal-41267b9""}}"
353,google_scholar,2026-03-01,2427,26,,,,,"{""workbook_row"": {""Name"": ""Vincent Del Casino"", ""Year"": 2000, ""Cites2017"": 2427, ""%Cites2017"": 0.726, ""%Rank"": 0.492, ""H-Index"": 26, ""%RankH"": 0.813, ""GoogleScholar"": ""https://scholar.google.com/citations?hl=en&authuser=1&user=ObmDWOcAAAAJ"", ""CurrentSchool"": ""San Jose State University"", ""Position"": ""Professor"", ""PhDYear"": 2000, ""PhDSchool"": ""University of Kentucky"", ""Years"": 25, ""First"": ""Vincent"", ""Last"": ""Del Casino""}}"
354,google_scholar,2026-03-01,837,12,,,,,"{""workbook_row"": {""Name"": ""Gordon Douglas"", ""Year"": 2014, ""Cites2017"": 837, ""%Cites2017"": 0.472, ""%Rank"": 0.491, ""H-Index"": 12, ""%RankH"": 0.409, ""GoogleScholar"": ""https://scholar.google.com/citations?user=6U4EpNgAAAAJ&hl=en"", ""CurrentSchool"": ""San Jose State University"", ""Position"": ""Associate Professor"", ""PhDYear"": 2014, ""PhDSchool"": ""University of Chicago"", ""Years"": 11, ""First"": ""Gordon"", ""Last"": ""Douglas""}}"
355,google_scholar,2026-03-01,115,6,,,,,"{""workbook_row"": {""Name"": ""Laureen Hom"", ""Year"": 2018, ""Cites2017"": 115, ""%Cites2017"": 0.14, ""%Rank"": 0.267, ""H-Index"": 6, ""%RankH"": 0.173, ""GoogleScholar"": ""https://scholar.google.com/citations?hl=en&user=iv3ev14AAAAJ"", ""CurrentSchool"": ""San Jose State University"", ""Position"": ""Assistant Professor"", ""PhDYear"": 2018, ""PhDSchool"": ""UC Irvine"", ""Years"": 7, ""First"": ""Lauren"", ""Last"": ""Hom""}}"
357,google_scholar,2026-03-01,65,4,,,,,"{""workbook_row"": {""Name"": ""Ayda Kianmehr"", ""Year"": 2023, ""Cites2017"": 65, ""%Cites2017"": 0.081, ""%Rank"": 0.157, ""H-Index"": 4, ""%RankH"": 0.09, ""GoogleScholar"": ""https://scholar.google.com/citations?hl=en&user=7NSAY8gAAAAJ"", ""CurrentSchool"": ""San Jose State University"", ""Position"": ""Assistant Professor"", ""PhDYear"": 2023, ""PhDSchool"": ""Virginia Tech"", ""Years"": 2, ""First"": ""Ayda"", ""Last"": ""Kianmehr""}}"
359,google_scholar,2026-03-01,282,8,,,,,"{""workbook_row"": {""Name"": ""Marcel Moran"", ""Year"": 2023, ""Cites2017"": 282, ""%Cites2017"": 0.246, ""%Rank"": 0.485, ""H-Index"": 8, ""%RankH"": 0.261, ""GoogleScholar"": ""https://scholar.google.com/citations?hl=en&user=GvdJ5eEAAAAJ"", ""CurrentSchool"": ""San Jose State University"", ""Position"": ""Assistant Professor"", ""PhDYear"": 2023, ""PhDSchool"": ""UC Berkeley"", ""Years"": 2, ""First"": ""Marcel"", ""Last"": ""Moran""}}"
361,google_scholar,2026-03-01,752,11,,,,,"{""workbook_row"": {""Name"": ""Ahoura Zandiatashbar"", ""Year"": 2019, ""Cites2017"": 752, ""%Cites2017"": 0.44, ""%Rank"": 0.464, ""H-Index"": 11, ""%RankH"": 0.374, ""GoogleScholar"": ""https://scholar.google.com/citations?hl=en&authuser=1&user=Bg1_iWcAAAAJ"", ""CurrentSchool"": ""San Jose State University"", ""Position"": ""Associate Professor"", ""PhDYear"": 2019, ""PhDSchool"": ""University of Texas, Arlington"", ""Years"": 6, ""First"": ""Ahoura"", ""Last"": ""Zandiatashbar""}}"
363,google_scholar,2026-03-01,357,10,,,,,"{""workbook_row"": {""Name"": ""Clifford Atleo"", ""Year"": 2018, ""Cites2017"": 357, ""%Cites2017"": 0.286, ""%Rank"": 0.25, ""H-Index"": 10, ""%RankH"": 0.335, ""GoogleScholar"": ""https://scholar.google.com/citations?hl=en&user=KokNYC0AAAAJ"", ""CurrentSchool"": ""Simon Fraser University"", ""Position"": ""Associate Professor"", ""PhDYear"": 2018, ""PhDSchool"": ""University of Alberta"", ""Years"": 7, ""First"": ""Clifford"", ""Last"": ""Atleo""}}"
364,google_scholar,2026-03-01,225,6,,,,,"{""workbook_row"": {""Name"": ""Jonathan Boron"", ""Year"": 2022, ""Cites2017"": 225, ""%Cites2017"": 0.218, ""%Rank"": 0.442, ""H-Index"": 6, ""%RankH"": 0.173, ""GoogleScholar"": ""https://scholar.google.com/citations?user=MUWeReEAAAAJ&hl=en"", ""CurrentSchool"": ""Simon Fraser University"", ""Position"": ""Assistant Professor"", ""PhDYear"": 2022, ""PhDSchool"": ""Simon Fraser University"", ""Years"": 3, ""First"": ""Jonathan"", ""Last"": ""Boron""}}"
365,google_scholar,2026-03-01,1903,16,,,,,"{""workbook_row"": {""Name"": ""Andreanne Doyon"", ""Year"": 2016, ""Cites2017"": 1903, ""%Cites2017"": 0.659, ""%Rank"": 0.739, ""H-Index"": 16, ""%RankH"": 0.548, ""GoogleScholar"": ""https://scholar.google.ca/citations?user=hTFSt6kAAAAJ&hl=en&oi=ao"", ""CurrentSchool"": ""Simon Fraser University"", ""Position"": ""Associate Professor"", ""PhDYear"": 2016, ""PhDSchool"": ""University of Melbourne"", ""Years"": 9, ""First"": ""Andréanne"", ""Last"": ""Doyon""}}"
367,google_scholar,2026-03-01,2273,24,,,,,"{""workbook_row"": {""Name"": ""Meg Holden"", ""Year"": 2004, ""Cites2017"": 2273, ""%Cites2017"": 0.703, ""%Rank"": 0.467, ""H-Index"": 24, ""%RankH"": 0.774, ""GoogleScholar"": ""https://scholar.google.com/citations?hl=en&user=ErO8B9MAAAAJ&inst=13410158990364976897"", ""CurrentSchool"": ""Simon Fraser University"", ""Position"": ""Professor"", ""PhDYear"": 2004, ""PhDSchool"": ""New School for Social Research"", ""Years"": 21, ""First"": ""Megan"", ""Last"": ""Holden""}}"
368,google_scholar,2026-03-01,3201,32,,,,,"{""workbook_row"": {""Name"": ""Sean Markey"", ""Year"": 2003, ""Cites2017"": 3201, ""%Cites2017"": 0.787, ""%Rank"": 0.579, ""H-Index"": 32, ""%RankH"": 0.874, ""GoogleScholar"": ""https://scholar.google.com/citations?hl=en&user=FoFnJMYAAAAJ"", ""CurrentSchool"": ""Simon Fraser University"", ""Position"": ""Professor"", ""PhDYear"": 2003, ""PhDSchool"": ""Simon Fraser University"", ""Years"": 22, ""First"": ""Sean"", ""Last"": ""Markey""}}"
369,google_scholar,2026-03-01,1570,21,,,,,"{""workbook_row"": {""Name"": ""Tammara Soma"", ""Year"": 2018, ""Cites2017"": 1570, ""%Cites2017"": 0.615, ""%Rank"": 0.686, ""H-Index"": 21, ""%RankH"": 0.696, ""GoogleScholar"": ""https://scholar.google.ca/citations?user=T2Ljk-sAAAAJ&hl=en&oi=ao"", ""CurrentSchool"": ""Simon Fraser University"", ""Position"": ""Associate Professor"", ""PhDYear"": 2018, ""PhDSchool"": ""University of Toronto"", ""Years"": 7, ""First"": ""Tammara"", ""Last"": ""Soma""}}"
370,google_scholar,2026-03-01,761,13,,,,,"{""workbook_row"": {""Name"": ""Shiguo Jiang"", ""Year"": 2012, ""Cites2017"": 761, ""%Cites2017"": 0.447, ""%Rank"": 0.739, ""H-Index"": 13, ""%RankH"": 0.45, ""GoogleScholar"": ""https://scholar.google.com/citations?user=tJaShosAAAAJ&hl=en"", ""CurrentSchool"": ""State University of New York at Albany"", ""Position"": ""Assistant Professor"", ""PhDYear"": 2012, ""PhDSchool"": ""Ohio State University"", ""Years"": 13, ""First"": ""Shiguo"", ""Last"": ""Jiang""}}"
371,google_scholar,2026-03-01,4934,24,,,,,"{""workbook_row"": {""Name"": ""Catherine Lawson"", ""Year"": 1998, ""Cites2017"": 4934, ""%Cites2017"": 0.874, ""%Rank"": 0.956, ""H-Index"": 24, ""%RankH"": 0.774, ""GoogleScholar"": ""https://scholar.google.com/citations?user=MepaZWoAAAAJ&hl=en"", ""CurrentSchool"": ""State University of New York at Albany"", ""Position"": ""Associate Professor"", ""PhDYear"": 1998, ""PhDSchool"": ""Portland State University"", ""Years"": 27, ""First"": ""Catherine"", ""Middle"": ""T."", ""Last"": ""Lawson"", ""Interests"": ""Transportation Planning, Quantitative Methods & Data Management, GIS, Freight""}}"
373,google_scholar,2026-03-01,1366,19,,,,,"{""workbook_row"": {""Name"": ""Rui Li"", ""Year"": 2012, ""Cites2017"": 1366, ""%Cites2017"": 0.575, ""%Rank"": 0.835, ""H-Index"": 19, ""%RankH"": 0.631, ""GoogleScholar"": ""https://scholar.google.com/citations?hl=en&authuser=1&user=Cei2NNEAAAAJ"", ""CurrentSchool"": ""State University of New York at Albany"", ""Position"": ""Assistant Professor"", ""PhDYear"": 2012, ""PhDSchool"": ""Pennsylvania State University"", ""Years"": 13, ""First"": ""Rui"", ""Last"": ""Li""}}"
375,google_scholar,2026-03-01,73,3,,,,,"{""workbook_row"": {""Name"": ""Jeffrey Doshna"", ""Year"": 2015, ""Cites2017"": 73, ""%Cites2017"": 0.091, ""%Rank"": 0.101, ""H-Index"": 3, ""%RankH"": 0.051, ""GoogleScholar"": ""https://scholar.google.com/citations?hl=en&authuser=1&user=to9o38sAAAAJ"", ""CurrentSchool"": ""Temple University"", ""Position"": ""Associate Professor"", ""PhDYear"": 2015, ""PhDSchool"": ""Rutgers University"", ""Years"": 10, ""First"": ""Jeffrey"", ""Last"": ""Doshna""}}"
376,google_scholar,2026-03-01,1138,14,,,,,"{""workbook_row"": {""Name"": ""Lynn Mandarano"", ""Year"": 2004, ""Cites2017"": 1138, ""%Cites2017"": 0.528, ""%Rank"": 0.579, ""H-Index"": 14, ""%RankH"": 0.485, ""GoogleScholar"": ""https://scholar.google.com/citations?user=trL3_roAAAAJ&hl=en"", ""CurrentSchool"": ""Temple University"", ""Position"": ""Associate Professor"", ""PhDYear"": 2004, ""PhDSchool"": ""University of Pennsylvania"", ""Years"": 21, ""First"": ""Lynn"", ""Last"": ""Mandarano"", ""Interests"": ""Collaborative Planning Negotiations, Sustainable Communities"", ""ResearchGate"": ""https://researchgate.net/profile/Lynn_Mandarano"", ""LinkedIn"": ""https://linkedin.com/in/lynn-mandarano-63341634""}}"
377,google_scholar,2026-03-01,10030,55,,,,,"{""workbook_row"": {""Name"": ""Robert Brown"", ""Year"": 1985, ""Cites2017"": 10030, ""%Cites2017"": 0.954, ""%Rank"": 0.891, ""H-Index"": 55, ""%RankH"": 0.978, ""GoogleScholar"": ""https://scholar.google.com/citations?user=uGmaJv4AAAAJ&hl=en"", ""CurrentSchool"": ""Texas A&M University"", ""Position"": ""Professor"", ""PhDYear"": 1985, ""PhDSchool"": ""University of Guelph"", ""Years"": 40, ""First"": ""Robert"", ""Last"": ""Brown""}}"
378,google_scholar,2026-03-01,1200,22,,,,,"{""workbook_row"": {""Name"": ""Xinyu Fu"", ""Year"": 2018, ""Cites2017"": 1200, ""%Cites2017"": 0.538, ""%Rank"": 0.814, ""H-Index"": 22, ""%RankH"": 0.722, ""GoogleScholar"": ""https://scholar.google.com/citations?hl=en&user=005MlWQAAAAJ"", ""CurrentSchool"": ""Texas A&M University"", ""Position"": ""Assistant Professor"", ""PhDYear"": 2018, ""PhDSchool"": ""University of Florida"", ""Years"": 7, ""First"": ""Xinyu"", ""Last"": ""Fu""}}"
379,google_scholar,2026-03-01,1472,21,,,,,"{""workbook_row"": {""Name"": ""Ivis Garcia"", ""Year"": 2015, ""Cites2017"": 1472, ""%Cites2017"": 0.594, ""%Rank"": 0.659, ""H-Index"": 21, ""%RankH"": 0.696, ""GoogleScholar"": ""https://scholar.google.com/citations?hl=en&authuser=1&user=x45RIOYAAAAJ"", ""CurrentSchool"": ""Texas A&M University"", ""Position"": ""Associate Professor"", ""PhDYear"": 2015, ""PhDSchool"": ""University of Illinois, Chicago"", ""Years"": 10, ""First"": ""Ivis"", ""Last"": ""Garcia""}}"
380,google_scholar,2026-03-01,2348,25,,,,,"{""workbook_row"": {""Name"": ""Ivy Hu"", ""Year"": 2010, ""Cites2017"": 2348, ""%Cites2017"": 0.711, ""%Rank"": 0.48, ""H-Index"": 25, ""%RankH"": 0.793, ""GoogleScholar"": ""https://scholar.google.com/citations?user=GfgKO2AAAAAJ&hl=en"", ""CurrentSchool"": ""Texas A&M University"", ""Position"": ""Professor"", ""PhDYear"": 2010, ""PhDSchool"": ""USC"", ""Years"": 15, ""First"": ""Ivy"", ""Middle"": ""Lingqian"", ""Last"": ""Hu"", ""Interests"": ""Transportation Planning and Policy, Land Use-transportation Relationships, Urban and Regional Economics"", ""LinkedIn"": ""https://linkedin.com/in/lingqian-hu-9644b012""}}"
381,google_scholar,2026-03-01,796,16,,,,,"{""workbook_row"": {""Name"": ""Sungmin Lee"", ""Year"": 2018, ""Cites2017"": 796, ""%Cites2017"": 0.465, ""%Rank"": 0.753, ""H-Index"": 16, ""%RankH"": 0.548, ""GoogleScholar"": ""https://scholar.google.com/citations?hl=en&authuser=1&user=Mq-u-9MAAAAJ"", ""CurrentSchool"": ""Texas A&M University"", ""Position"": ""Assistant Professor"", ""PhDYear"": 2018, ""PhDSchool"": ""Texas A&M"", ""Years"": 7, ""First"": ""Sungmin"", ""Last"": ""Lee""}}"
382,google_scholar,2026-03-01,10509,48,,,,,"{""workbook_row"": {""Name"": ""Chanam Lee"", ""Year"": 2004, ""Cites2017"": 10509, ""%Cites2017"": 0.957, ""%Rank"": 0.896, ""H-Index"": 48, ""%RankH"": 0.963, ""GoogleScholar"": ""https://scholar.google.com.ph/citations?user=B-H2Wq0AAAAJ&hl=en"", ""CurrentSchool"": ""Texas A&M University"", ""Position"": ""Professor"", ""PhDYear"": 2004, ""PhDSchool"": ""University of Washington"", ""Years"": 21, ""First"": ""Chanam"", ""Last"": ""Lee"", ""Interests"": ""Active Living"", ""ResearchGate"": ""https://researchgate.net/profile/Chanam_Lee"", ""LinkedIn"": ""https://linkedin.com/in/chanam-lee-37a20442""}}"
383,google_scholar,2026-03-01,4954,34,,,,,"{""workbook_row"": {""Name"": ""Dongying Li"", ""Year"": 2016, ""Cites2017"": 4954, ""%Cites2017"": 0.875, ""%Rank"": 0.982, ""H-Index"": 34, ""%RankH"": 0.895, ""GoogleScholar"": ""https://scholar.google.com/citations?user=ccTwEaMAAAAJ&hl=en"", ""CurrentSchool"": ""Texas A&M University"", ""Position"": ""Assistant Professor"", ""PhDYear"": 2016, ""PhDSchool"": ""University of Illinois, Urbana-Champaign"", ""Years"": 9, ""First"": ""Dongying"", ""Last"": ""Li""}}"
384,google_scholar,2026-03-01,1953,20,,,,,"{""workbook_row"": {""Name"": ""Wei Li"", ""Year"": 2011, ""Cites2017"": 1953, ""%Cites2017"": 0.668, ""%Rank"": 0.433, ""H-Index"": 20, ""%RankH"": 0.664, ""GoogleScholar"": ""https://scholar.google.com/citations?user=-1mV8HcAAAAJ&hl=en"", ""CurrentSchool"": ""Texas A&M University"", ""Position"": ""Professor"", ""PhDYear"": 2011, ""PhDSchool"": ""UC Irvine"", ""Years"": 14, ""First"": ""Wei"", ""Last"": ""Li""}}"
385,google_scholar,2026-03-01,5692,25,,,,,"{""workbook_row"": {""Name"": ""Michelle Meyer"", ""Year"": 2013, ""Cites2017"": 5692, ""%Cites2017"": 0.902, ""%Rank"": 0.969, ""H-Index"": 25, ""%RankH"": 0.793, ""GoogleScholar"": ""https://scholar.google.com/citations?user=tvPBT_MAAAAJ&hl=en"", ""CurrentSchool"": ""Texas A&M University"", ""Position"": ""Associate Professor"", ""PhDYear"": 2013, ""PhDSchool"": ""Colorado State University"", ""Years"": 12, ""First"": ""Michelle"", ""Last"": ""Meyer""}}"
386,google_scholar,2026-03-01,4391,37,,,,,"{""workbook_row"": {""Name"": ""Galen Newman"", ""Year"": 2010, ""Cites2017"": 4391, ""%Cites2017"": 0.852, ""%Rank"": 0.693, ""H-Index"": 37, ""%RankH"": 0.918, ""GoogleScholar"": ""https://scholar.google.com/citations?user=NWRrbEoAAAAJ&hl=en"", ""CurrentSchool"": ""Texas A&M University"", ""Position"": ""Professor"", ""PhDYear"": 2010, ""PhDSchool"": ""Clemson University"", ""Years"": 15, ""First"": ""Galen"", ""Middle"": ""D."", ""Last"": ""Newman""}}"
387,google_scholar,2026-03-01,132,6,,,,,"{""workbook_row"": {""Name"": ""Youngre Noh"", ""Year"": 2015, ""Cites2017"": 132, ""%Cites2017"": 0.155, ""%Rank"": 0.3, ""H-Index"": 6, ""%RankH"": 0.173, ""GoogleScholar"": ""https://scholar.google.com/citations?user=KbXwJTYAAAAJ&hl=en&inst=13410158990364976897&oi=ao"", ""CurrentSchool"": ""Texas A&M University"", ""Position"": ""Assistant Professor"", ""PhDYear"": 2015, ""PhDSchool"": ""Texas A&M"", ""Years"": 10, ""First"": ""Youngre"", ""Last"": ""Noh""}}"
388,google_scholar,2026-03-01,9908,45,,,,,"{""workbook_row"": {""Name"": ""Walter Peacock"", ""Year"": 1986, ""Cites2017"": 9908, ""%Cites2017"": 0.952, ""%Rank"": 0.886, ""H-Index"": 45, ""%RankH"": 0.956, ""GoogleScholar"": ""https://scholar.google.com.ph/citations?user=5Jjuc0gAAAAJ&hl=en"", ""CurrentSchool"": ""Texas A&M University"", ""Position"": ""Professor"", ""PhDYear"": 1986, ""PhDSchool"": ""University of Georgia"", ""Years"": 39, ""First"": ""Walter"", ""Middle"": ""G."", ""Last"": ""Peacock"", ""Interests"": ""Sustainability, Natural Disaster Management, Quantitative Methods, Community Impact Assessment"", ""ResearchGate"": ""https://researchgate.net/profile/Walter_Peacock/""}}"
389,google_scholar,2026-03-01,6017,40,,,,,"{""workbook_row"": {""Name"": ""Thomas Sanchez"", ""Year"": 1996, ""Cites2017"": 6017, ""%Cites2017"": 0.907, ""%Rank"": 0.789, ""H-Index"": 40, ""%RankH"": 0.932, ""GoogleScholar"": ""https://scholar.google.com.ph/citations?user=UGzbgaIAAAAJ&hl=en"", ""CurrentSchool"": ""Texas A&M University"", ""Position"": ""Professor"", ""PhDYear"": 1996, ""PhDSchool"": ""Georgia Tech"", ""Years"": 29, ""First"": ""Thomas"", ""Middle"": ""W."", ""Last"": ""Sanchez"", ""Interests"": ""Transportation, Land Use, Residential Location Behavior, and Questions of Social Equity in Planning; Technology"", ""ResearchGate"": ""https://researchgate.net/profile/Thomas_Sanchez"", ""LinkedIn"": ""https://linkedin.com/in/tomwsanchez"", ""Twitter"": ""https://twitter.com/tomwsanchez"", ""Personal"": ""http://tomwsanchez.com/""}}"
390,google_scholar,2026-03-01,142,5,,,,,"{""workbook_row"": {""Name"": ""Laura Schmahmann"", ""Year"": 2025, ""Cites2017"": 142, ""%Cites2017"": 0.165, ""%Rank"": 0.325, ""H-Index"": 5, ""%RankH"": 0.129, ""GoogleScholar"": ""https://scholar.google.com/citations?user=_ssFG7cAAAAJ&hl=en"", ""CurrentSchool"": ""Texas A&M University"", ""Position"": ""Assistant Professor"", ""PhDYear"": 2025, ""PhDSchool"": ""UCLA"", ""Years"": 0, ""First"": ""Laura"", ""Last"": ""Schmahmann""}}"
391,google_scholar,2026-03-01,952,18,,,,,"{""workbook_row"": {""Name"": ""Yang Song"", ""Year"": 2016, ""Cites2017"": 952, ""%Cites2017"": 0.498, ""%Rank"": 0.775, ""H-Index"": 18, ""%RankH"": 0.604, ""GoogleScholar"": ""https://scholar.google.com/citations?hl=en&user=I-h_YWoAAAAJ"", ""CurrentSchool"": ""Texas A&M University"", ""Position"": ""Assistant Professor"", ""PhDYear"": 2016, ""PhDSchool"": ""Clemson University"", ""Years"": 9, ""First"": ""Yang"", ""Last"": ""Song""}}"
392,google_scholar,2026-03-01,4780,32,,,,,"{""workbook_row"": {""Name"": ""Shannon Van Zandt"", ""Year"": 2004, ""Cites2017"": 4780, ""%Cites2017"": 0.868, ""%Rank"": 0.717, ""H-Index"": 32, ""%RankH"": 0.874, ""GoogleScholar"": ""https://scholar.google.com/citations?user=SUDDNJAAAAAJ&hl=en"", ""CurrentSchool"": ""Texas A&M University"", ""Position"": ""Professor"", ""PhDYear"": 2004, ""PhDSchool"": ""UNC"", ""Years"": 21, ""First"": ""Shannon"", ""Last"": ""Van Zandt"", ""Interests"": ""Sustainability and Housing and Community Development"", ""ResearchGate"": ""https://researchgate.net/profile/Shannon_Van_Zandt"", ""LinkedIn"": ""https://linkedin.com/in/shannon-van-zandt-5b872312""}}"
393,google_scholar,2026-03-01,933,16,,,,,"{""workbook_row"": {""Name"": ""Siyu Yu"", ""Year"": 2019, ""Cites2017"": 933, ""%Cites2017"": 0.493, ""%Rank"": 0.771, ""H-Index"": 16, ""%RankH"": 0.548, ""GoogleScholar"": ""https://scholar.google.com/citations?hl=en&authuser=1&user=XvwWvVMAAAAJ"", ""CurrentSchool"": ""Texas A&M University"", ""Position"": ""Assistant Professor"", ""PhDYear"": 2019, ""PhDSchool"": ""Texas A&M"", ""Years"": 6, ""First"": ""Siyu"", ""Last"": ""Yu""}}"
394,google_scholar,2026-03-01,678,7,,,,,"{""workbook_row"": {""Name"": ""Sinan Zhong"", ""Year"": 2020, ""Cites2017"": 678, ""%Cites2017"": 0.416, ""%Rank"": 0.696, ""H-Index"": 7, ""%RankH"": 0.218, ""GoogleScholar"": ""https://scholar.google.com/citations?hl=en&user=6E0GShcAAAAJ"", ""CurrentSchool"": ""Texas A&M University"", ""Position"": ""Assistant Professor"", ""PhDYear"": 2020, ""PhDSchool"": ""Texas A&M"", ""Years"": 5, ""First"": ""Sinan"", ""Last"": ""Zhong""}}"
395,google_scholar,2026-03-01,30227,62,,,,,"{""workbook_row"": {""Name"": ""Robert Bullard"", ""Year"": 1976, ""Cites2017"": 30227, ""%Cites2017"": 0.995, ""%Rank"": 0.987, ""H-Index"": 62, ""%RankH"": 0.985, ""GoogleScholar"": ""https://scholar.google.com/citations?user=wvDQBB4AAAAJ&hl=en"", ""CurrentSchool"": ""Texas Southern University"", ""Position"": ""Professor"", ""PhDYear"": 1976, ""PhDSchool"": ""Iowa State University"", ""Years"": 49, ""First"": ""Robert"", ""Last"": ""Bullard""}}"
396,google_scholar,2026-03-01,1436,9,,,,,"{""workbook_row"": {""Name"": ""Bum Seok Chun"", ""Year"": 2011, ""Cites2017"": 1436, ""%Cites2017"": 0.588, ""%Rank"": 0.651, ""H-Index"": 9, ""%RankH"": 0.292, ""GoogleScholar"": ""https://scholar.google.com/citations?user=D7vYZmQAAAAJ&hl=en&authuser=1"", ""CurrentSchool"": ""Texas Southern University"", ""Position"": ""Associate Professor"", ""PhDYear"": 2011, ""PhDSchool"": ""Ohio State University"", ""Years"": 14, ""First"": ""Bumseok"", ""Last"": ""Chun""}}"
397,google_scholar,2026-03-01,3766,24,,,,,"{""workbook_row"": {""Name"": ""Glenn Johnson"", ""Year"": 1996, ""Cites2017"": 3766, ""%Cites2017"": 0.826, ""%Rank"": 0.643, ""H-Index"": 24, ""%RankH"": 0.774, ""GoogleScholar"": ""https://scholar.google.com.ph/citations?user=_9COXIoAAAAJ&hl=en"", ""CurrentSchool"": ""Texas Southern University"", ""Position"": ""Professor"", ""PhDYear"": 1996, ""PhDSchool"": ""University of Tennessee"", ""Years"": 29, ""First"": ""Glenn"", ""Middle"": ""S."", ""Last"": ""Johnson"", ""Interests"": ""Environmental Justice, Environmental Policy, Emergency Response and Community Preparedness"", ""ResearchGate"": ""https://researchgate.net/profile/Glenn_Johnson5"", ""LinkedIn"": ""https://linkedin.com/in/glenn-s-johnson-ph-d-925673ab""}}"
398,google_scholar,2026-03-01,463,11,,,,,"{""workbook_row"": {""Name"": ""Jeffrey Lowe"", ""Year"": 2010, ""Cites2017"": 463, ""%Cites2017"": 0.33, ""%Rank"": 0.313, ""H-Index"": 11, ""%RankH"": 0.374, ""GoogleScholar"": ""https://scholar.google.com.ph/citations?user=H0eHS0MAAAAJ&hl=en"", ""CurrentSchool"": ""Texas Southern University"", ""Position"": ""Associate Professor"", ""PhDYear"": 2010, ""PhDSchool"": ""Rutgers University"", ""Years"": 15, ""First"": ""Jeffrey"", ""Last"": ""Lowe"", ""Interests"": ""Community Development."", ""LinkedIn"": ""https://linkedin.com/in/jeffrey-lowe-38234b6""}}"
400,google_scholar,2026-03-01,632,9,,,,,"{""workbook_row"": {""Name"": ""Laura Solitare"", ""Year"": 2003, ""Cites2017"": 632, ""%Cites2017"": 0.4, ""%Rank"": 0.403, ""H-Index"": 9, ""%RankH"": 0.292, ""GoogleScholar"": ""https://scholar.google.com/citations?user=GenOUgcAAAAJ&hl=en&oe=ASCII"", ""CurrentSchool"": ""Texas Southern University"", ""Position"": ""Associate Professor"", ""PhDYear"": 2003, ""PhDSchool"": ""Rutgers University"", ""Years"": 22, ""First"": ""Laura"", ""Last"": ""Solitare"", ""Interests"": ""Community Development, Environmental Justice, Brownfields"", ""ResearchGate"": ""https://researchgate.net/profile/Laura_Solitare"", ""LinkedIn"": ""https://linkedin.com/in/laura-solitare-5b370584""}}"
401,google_scholar,2026-03-01,5239,36,,,,,"{""workbook_row"": {""Name"": ""Darrick Hamilton"", ""Year"": 1999, ""Cites2017"": 5239, ""%Cites2017"": 0.884, ""%Rank"": 0.958, ""H-Index"": 36, ""%RankH"": 0.908, ""GoogleScholar"": ""https://scholar.google.com.ph/citations?user=11fhzgEAAAAJ&hl=en"", ""CurrentSchool"": ""The New School"", ""Position"": ""Associate Professor"", ""PhDYear"": 1999, ""PhDSchool"": ""UNC"", ""Years"": 26, ""First"": ""Darrick"", ""Last"": ""Hamilton"", ""Interests"": ""Econometrics, Racial Disparities"", ""ResearchGate"": ""https://researchgate.net/profile/Darrick_Hamilton"", ""LinkedIn"": ""https://linkedin.com/in/darrick-hamilton-37010b15""}}"
402,google_scholar,2026-03-01,1322,16,,,,,"{""workbook_row"": {""Name"": ""Joseph Heathcott"", ""Year"": 2001, ""Cites2017"": 1322, ""%Cites2017"": 0.567, ""%Rank"": 0.629, ""H-Index"": 16, ""%RankH"": 0.548, ""GoogleScholar"": ""https://scholar.google.com/citations?hl=en&user=wEi_FlMAAAAJ&inst=13410158990364976897"", ""CurrentSchool"": ""The New School"", ""Position"": ""Associate Professor"", ""PhDYear"": 2001, ""PhDSchool"": ""Indiana University"", ""Years"": 24, ""First"": ""Joseph"", ""Last"": ""Heathcott""}}"
403,google_scholar,2026-03-01,3923,26,,,,,"{""workbook_row"": {""Name"": ""David Howell"", ""Year"": 1982, ""Cites2017"": 3923, ""%Cites2017"": 0.833, ""%Rank"": 0.653, ""H-Index"": 26, ""%RankH"": 0.813, ""GoogleScholar"": ""https://scholar.google.com/citations?user=rHvFzZUAAAAJ&hl=en"", ""CurrentSchool"": ""The New School"", ""Position"": ""Professor"", ""PhDYear"": 1982, ""PhDSchool"": ""New School for Social Research"", ""Years"": 43, ""First"": ""David"", ""Middle"": ""R."", ""Last"": ""Howell"", ""Interests"": ""Labor Economics, Comparative Social Policy, Immigration.""}}"
404,google_scholar,2026-03-01,1175,12,,,,,"{""workbook_row"": {""Name"": ""Bryna Sanger"", ""Year"": 1976, ""Cites2017"": 1175, ""%Cites2017"": 0.533, ""%Rank"": 0.294, ""H-Index"": 12, ""%RankH"": 0.409, ""GoogleScholar"": ""https://scholar.google.com/citations?hl=en&user=GpfgZSQAAAAJ&inst=13410158990364976897"", ""CurrentSchool"": ""The New School"", ""Position"": ""Professor"", ""PhDYear"": 1976, ""PhDSchool"": ""Brandeis University"", ""Years"": 49, ""First"": ""Bryna"", ""Last"": ""Sanger""}}"
405,google_scholar,2026-03-01,4000,25,,,,,"{""workbook_row"": {""Name"": ""Alex Schwartz"", ""Year"": 1989, ""Cites2017"": 4000, ""%Cites2017"": 0.837, ""%Rank"": 0.663, ""H-Index"": 25, ""%RankH"": 0.793, ""GoogleScholar"": ""https://scholar.google.com.ph/citations?user=0HRgapQAAAAJ&hl=en"", ""CurrentSchool"": ""The New School"", ""Position"": ""Professor"", ""PhDYear"": 1989, ""PhDSchool"": ""Rutgers University"", ""Years"": 36, ""First"": ""Alex"", ""Last"": ""Schwartz"", ""Interests"": ""Housing and Community Development"", ""LinkedIn"": ""https://linkedin.com/in/alex-schwartz-3aa5903""}}"
407,google_scholar,2026-03-01,578,12,,,,,"{""workbook_row"": {""Name"": ""Samantha Biglieri"", ""Year"": 2019, ""Cites2017"": 578, ""%Cites2017"": 0.38, ""%Rank"": 0.37, ""H-Index"": 12, ""%RankH"": 0.409, ""GoogleScholar"": ""https://scholar.google.com/citations?hl=en&authuser=1&user=lb1YlBoAAAAJ"", ""CurrentSchool"": ""Toronto Metropolitan University"", ""Position"": ""Associate Professor"", ""PhDYear"": 2019, ""PhDSchool"": ""University of Waterloo"", ""Years"": 6, ""First"": ""Samantha"", ""Last"": ""Biglieri""}}"
408,google_scholar,2026-03-01,2935,20,,,,,"{""workbook_row"": {""Name"": ""Christopher DeSousa"", ""Year"": 2000, ""Cites2017"": 2935, ""%Cites2017"": 0.776, ""%Rank"": 0.564, ""H-Index"": 20, ""%RankH"": 0.664, ""GoogleScholar"": ""https://scholar.google.com/citations?user=zRahaZUAAAAJ&hl=en"", ""CurrentSchool"": ""Toronto Metropolitan University"", ""Position"": ""Professor"", ""PhDYear"": 2000, ""PhDSchool"": ""University of Toronto"", ""Years"": 25, ""First"": ""Christopher"", ""Last"": ""DeSousa"", ""Interests"": ""Environmental Planning, Sustainable Development, Urban Development, Brownfield Redevelopment Policy & Practice, Sustainability Reporting and Project Assessment, Parks & Open Space."", ""ResearchGate"": ""https://researchgate.net/profile/Christopher_De_Sousa/""}}"
409,google_scholar,2026-03-01,78,6,,,,,"{""workbook_row"": {""Name"": ""Nemoy Lewis"", ""Year"": 2018, ""Cites2017"": 78, ""%Cites2017"": 0.096, ""%Rank"": 0.189, ""H-Index"": 6, ""%RankH"": 0.173, ""GoogleScholar"": ""https://scholar.google.com/citations?hl=en&authuser=2&user=VsZAUdIAAAAJ&inst=13410158990364976897"", ""CurrentSchool"": ""Toronto Metropolitan University"", ""Position"": ""Assistant Professor"", ""PhDYear"": 2018, ""PhDSchool"": ""Queen's University"", ""Years"": 7, ""First"": ""Nemoy"", ""Last"": ""Lewis""}}"
410,google_scholar,2026-03-01,1463,17,,,,,"{""workbook_row"": {""Name"": ""Nina-Marie Lister"", ""Year"": 1998, ""Cites2017"": 1463, ""%Cites2017"": 0.593, ""%Rank"": 0.356, ""H-Index"": 17, ""%RankH"": 0.572, ""GoogleScholar"": ""https://scholar.google.com.ph/citations?user=X21AFaMAAAAJ&hl=en"", ""CurrentSchool"": ""Toronto Metropolitan University"", ""Position"": ""Professor"", ""PhDYear"": 1998, ""PhDSchool"": ""University of Toronto"", ""Years"": 27, ""First"": ""Nina-Marie"", ""Last"": ""Lister"", ""Interests"": ""Urban/ex-urban Parklands, Urban Ecology, Landscape & Ecological Design, Landscape Urbanism; Edible Landscapes & Food Security, Biodiversity Conservation"", ""LinkedIn"": ""https://linkedin.com/in/nina-marie-lister-47b143a""}}"
411,google_scholar,2026-03-01,80,3,,,,,"{""workbook_row"": {""Name"": ""Sneha Mandhan"", ""Year"": 2024, ""Cites2017"": 80, ""%Cites2017"": 0.1, ""%Rank"": 0.2, ""H-Index"": 3, ""%RankH"": 0.051, ""GoogleScholar"": ""https://scholar.google.com.hk/citations?user=4_S4Zg8AAAAJ"", ""CurrentSchool"": ""Toronto Metropolitan University"", ""Position"": ""Assistant Professor"", ""PhDYear"": 2024, ""PhDSchool"": ""University of Toronto"", ""Years"": 1, ""First"": ""Sneha"", ""Last"": ""Mandhan""}}"
412,google_scholar,2026-03-01,350,9,,,,,"{""workbook_row"": {""Name"": ""Shelagh McCartney"", ""Year"": 2012, ""Cites2017"": 350, ""%Cites2017"": 0.28, ""%Rank"": 0.131, ""H-Index"": 9, ""%RankH"": 0.292, ""GoogleScholar"": ""https://scholar.google.com/citations?user=oHSO70gAAAAJ&hl=en&oe=ASCII"", ""CurrentSchool"": ""Toronto Metropolitan University"", ""Position"": ""Professor"", ""PhDYear"": 2012, ""PhDSchool"": ""Harvard University"", ""Years"": 13, ""First"": ""Shelagh"", ""Last"": ""McCartney"", ""LinkedIn"": ""https://linkedin.com/in/shelagh-mccartney-a248391""}}"
413,google_scholar,2026-03-01,5801,31,,,,,"{""workbook_row"": {""Name"": ""Raktim Mitra"", ""Year"": 2011, ""Cites2017"": 5801, ""%Cites2017"": 0.904, ""%Rank"": 0.784, ""H-Index"": 31, ""%RankH"": 0.862, ""GoogleScholar"": ""https://scholar.google.com.ph/citations?user=FNtreSgAAAAJ&hl=en"", ""CurrentSchool"": ""Toronto Metropolitan University"", ""Position"": ""Professor"", ""PhDYear"": 2011, ""PhDSchool"": ""University of Toronto"", ""Years"": 14, ""First"": ""Raktim"", ""Last"": ""Mitra"", ""Interests"": ""Built Environment & Travel Behavior, Active Transportation & Physical Activity, Children’s Mobility, Urban Design, Urban Growth & Travel in Space-Time."", ""ResearchGate"": ""https://researchgate.net/profile/Raktim_Mitra"", ""LinkedIn"": ""https://linkedin.com/in/raktimmitra""}}"
414,google_scholar,2026-03-01,23,2,,,,,"{""workbook_row"": {""Name"": ""Victor Perez-Amado"", ""Year"": 2019, ""Cites2017"": 23, ""%Cites2017"": 0.043, ""%Rank"": 0.043, ""H-Index"": 2, ""%RankH"": 0.024, ""GoogleScholar"": ""https://scholar.google.com/citations?hl=en&user=FIQx7OUAAAAJ"", ""CurrentSchool"": ""Toronto Metropolitan University"", ""Position"": ""Associate Professor"", ""PhDYear"": 2019, ""PhDSchool"": ""Harvard University"", ""Years"": 6, ""First"": ""Victor"", ""Last"": ""Perez-Amado""}}"
415,google_scholar,2026-03-01,2187,23,,,,,"{""workbook_row"": {""Name"": ""Pamela Robinson"", ""Year"": 2000, ""Cites2017"": 2187, ""%Cites2017"": 0.694, ""%Rank"": 0.46, ""H-Index"": 23, ""%RankH"": 0.744, ""GoogleScholar"": ""https://scholar.google.com/citations?user=U5H2bdUAAAAJ&hl=en"", ""CurrentSchool"": ""Toronto Metropolitan University"", ""Position"": ""Professor"", ""PhDYear"": 2000, ""PhDSchool"": ""University of Toronto"", ""Years"": 25, ""First"": ""Pamela"", ""Last"": ""Robinson"", ""Interests"": ""Urban Sustainability, Environmental Design, Environmental Planning, Urban Governance, Public Engagement and Progressive Pedagogy"", ""ResearchGate"": ""https://www.researchgate.net/profile/Pamela_Robinson7"", ""LinkedIn"": ""https://linkedin.com/in/pamela-robinson-9681ab12""}}"
416,google_scholar,2026-03-01,1223,16,,,,,"{""workbook_row"": {""Name"": ""Matthias Sweet"", ""Year"": 2012, ""Cites2017"": 1223, ""%Cites2017"": 0.546, ""%Rank"": 0.593, ""H-Index"": 16, ""%RankH"": 0.548, ""GoogleScholar"": ""https://scholar.google.com/citations?user=9nASgH4AAAAJ&hl=en"", ""CurrentSchool"": ""Toronto Metropolitan University"", ""Position"": ""Associate Professor"", ""PhDYear"": 2012, ""PhDSchool"": ""University of Pennsylvania"", ""Years"": 13, ""First"": ""Matthias"", ""Last"": ""Sweet""}}"
418,google_scholar,2026-03-01,123,6,,,,,"{""workbook_row"": {""Name"": ""Christine Wen"", ""Year"": 2019, ""Cites2017"": 123, ""%Cites2017"": 0.147, ""%Rank"": 0.282, ""H-Index"": 6, ""%RankH"": 0.173, ""GoogleScholar"": ""https://scholar.google.com/citations?user=RO4oI-8AAAAJ&hl=en"", ""CurrentSchool"": ""Toronto Metropolitan University"", ""Position"": ""Assistant Professor"", ""PhDYear"": 2019, ""PhDSchool"": ""Cornell University"", ""Years"": 6, ""First"": ""Christine"", ""Last"": ""Wen""}}"
419,google_scholar,2026-03-01,400,12,,,,,"{""workbook_row"": {""Name"": ""Zhixi Zhuang"", ""Year"": 2008, ""Cites2017"": 400, ""%Cites2017"": 0.3, ""%Rank"": 0.269, ""H-Index"": 12, ""%RankH"": 0.409, ""GoogleScholar"": ""https://scholar.google.com/citations?hl=en&authuser=1&user=uH0nG6wAAAAJ&inst=13410158990364976897"", ""CurrentSchool"": ""Toronto Metropolitan University"", ""Position"": ""Associate Professor"", ""PhDYear"": 2008, ""PhDSchool"": ""University of Waterloo"", ""Years"": 17, ""First"": ""Zhixi"", ""Middle"": ""Cecilia"", ""Last"": ""Zhuang"", ""Interests"": ""Urban Design, Retailing, Revitalization and Urban Growth, Multicultural Planning, Immigration Settlement, Cross-cultural Studies"", ""LinkedIn"": ""https://ca.linkedin.com/in/zhixi-cecilia-zhuang-6b354a39""}}"
420,google_scholar,2026-03-01,29383,49,,,,,"{""workbook_row"": {""Name"": ""Julian Agyeman"", ""Year"": 1996, ""Cites2017"": 29383, ""%Cites2017"": 0.994, ""%Rank"": 0.985, ""H-Index"": 49, ""%RankH"": 0.964, ""GoogleScholar"": ""https://scholar.google.com.ph/citations?user=gibRYHMAAAAJ&hl=en"", ""CurrentSchool"": ""Tufts University"", ""Position"": ""Professor"", ""PhDYear"": 1996, ""PhDSchool"": ""University of London"", ""Years"": 29, ""First"": ""Julian"", ""Last"": ""Agyeman"", ""Interests"": ""Sustainable Communities, Environmental Justice, Environmental Education"", ""LinkedIn"": ""https://linkedin.com/in/julianagyeman""}}"
421,google_scholar,2026-03-01,1553,20,,,,,"{""workbook_row"": {""Name"": ""Mary Davis"", ""Year"": 2003, ""Cites2017"": 1553, ""%Cites2017"": 0.609, ""%Rank"": 0.675, ""H-Index"": 20, ""%RankH"": 0.664, ""GoogleScholar"": ""https://scholar.google.com/citations?hl=en&authuser=1&user=F95JTaQAAAAJ&inst=13410158990364976897"", ""CurrentSchool"": ""Tufts University"", ""Position"": ""Associate Professor"", ""PhDYear"": 2003, ""PhDSchool"": ""University of Florida"", ""Years"": 22, ""First"": ""Mary"", ""Middle"": ""E."", ""Last"": ""Davis"", ""Interests"": ""Environmental Health"", ""LinkedIn"": ""https://linkedin.com/in/mary-davis-0539b726""}}"
422,google_scholar,2026-03-01,6517,44,,,,,"{""workbook_row"": {""Name"": ""Peilei Fan"", ""Year"": 2003, ""Cites2017"": 6517, ""%Cites2017"": 0.917, ""%Rank"": 0.809, ""H-Index"": 44, ""%RankH"": 0.951, ""GoogleScholar"": ""https://scholar.google.com/citations?hl=en&user=rUiGAwgAAAAJ"", ""CurrentSchool"": ""Tufts University"", ""Position"": ""Professor"", ""PhDYear"": 2003, ""PhDSchool"": ""MIT"", ""Years"": 22, ""First"": ""Peilei"", ""Last"": ""Fan""}}"
423,google_scholar,2026-03-01,5595,31,,,,,"{""workbook_row"": {""Name"": ""Justin Hollander"", ""Year"": 2007, ""Cites2017"": 5595, ""%Cites2017"": 0.897, ""%Rank"": 0.769, ""H-Index"": 31, ""%RankH"": 0.862, ""GoogleScholar"": ""https://scholar.google.com.ph/citations?user=jFQ8F0YAAAAJ&hl=en"", ""CurrentSchool"": ""Tufts University"", ""Position"": ""Professor"", ""PhDYear"": 2007, ""PhDSchool"": ""Rutgers University"", ""Years"": 18, ""First"": ""Justin"", ""Last"": ""Hollander"", ""Interests"": ""Urban Planning"", ""LinkedIn"": ""https://linkedin.com/in/justin-hollander-4675933""}}"
424,google_scholar,2026-03-01,3543,15,,,,,"{""workbook_row"": {""Name"": ""Shan Jiang"", ""Year"": 2015, ""Cites2017"": 3543, ""%Cites2017"": 0.813, ""%Rank"": 0.96, ""H-Index"": 15, ""%RankH"": 0.516, ""GoogleScholar"": ""https://scholar.google.com/citations?user=YzZGA_UAAAAJ&hl=en"", ""CurrentSchool"": ""Tufts University"", ""Position"": ""Assistant Professor"", ""PhDYear"": 2015, ""PhDSchool"": ""MIT"", ""Years"": 10, ""First"": ""Shan"", ""Last"": ""Jiang""}}"
426,google_scholar,2026-03-01,990,15,,,,,"{""workbook_row"": {""Name"": ""Shomon Shamsuddin"", ""Year"": 2013, ""Cites2017"": 990, ""%Cites2017"": 0.504, ""%Rank"": 0.549, ""H-Index"": 15, ""%RankH"": 0.516, ""GoogleScholar"": ""https://scholar.google.com/citations?user=9L3ZVM4AAAAJ&hl=en"", ""CurrentSchool"": ""Tufts University"", ""Position"": ""Associate Professor"", ""PhDYear"": 2013, ""PhDSchool"": ""MIT"", ""Years"": 12, ""First"": ""Shomon"", ""Last"": ""Shamsuddin""}}"
427,google_scholar,2026-03-01,54,4,,,,,"{""workbook_row"": {""Name"": ""Kristin Skrabut"", ""Year"": 2014, ""Cites2017"": 54, ""%Cites2017"": 0.073, ""%Rank"": 0.146, ""H-Index"": 4, ""%RankH"": 0.09, ""GoogleScholar"": ""https://scholar.google.com/citations?user=4JcITvcAAAAJ&hl=en"", ""CurrentSchool"": ""Tufts University"", ""Position"": ""Assistant Professor"", ""PhDYear"": 2014, ""PhDSchool"": ""Brown University"", ""Years"": 11, ""First"": ""Kristin"", ""Last"": ""Skrabut""}}"
428,google_scholar,2026-03-01,32,4,,,,,"{""workbook_row"": {""Name"": ""Fallon Samuels Aidoo"", ""Year"": 2017, ""Cites2017"": 32, ""%Cites2017"": 0.056, ""%Rank"": 0.114, ""H-Index"": 4, ""%RankH"": 0.09, ""GoogleScholar"": ""https://scholar.google.com/citations?hl=en&authuser=1&user=znN_wjIAAAAJ"", ""CurrentSchool"": ""Tulane University"", ""Position"": ""Assistant Professor"", ""PhDYear"": 2017, ""PhDSchool"": ""Harvard University"", ""First"": ""Fallon"", ""Last"": ""Aidoo""}}"
429,google_scholar,2026-03-01,129,2,,,,,"{""workbook_row"": {""Name"": ""Aarthi Janakiraman"", ""Year"": 2024, ""Cites2017"": 129, ""%Cites2017"": 0.151, ""%Rank"": 0.289, ""H-Index"": 2, ""%RankH"": 0.024, ""GoogleScholar"": ""https://scholar.google.com/citations?hl=en&authuser=1&user=O0B28P8AAAAJ"", ""CurrentSchool"": ""Tulane University"", ""Position"": ""Assistant Professor"", ""PhDYear"": 2024, ""PhDSchool"": ""MIT"", ""First"": ""Aarthi"", ""Last"": ""Janakiraman""}}"
430,google_scholar,2026-03-01,2029,21,,,,,"{""workbook_row"": {""Name"": ""Jesse Keenan"", ""Year"": 2015, ""Cites2017"": 2029, ""%Cites2017"": 0.675, ""%Rank"": 0.766, ""H-Index"": 21, ""%RankH"": 0.696, ""GoogleScholar"": ""https://scholar.google.com/citations?hl=en&authuser=1&user=pW6ezM8AAAAJ"", ""CurrentSchool"": ""Tulane University"", ""Position"": ""Associate Professor"", ""PhDYear"": 2015, ""PhDSchool"": ""Delft University of Technology"", ""First"": ""Jesse"", ""Last"": ""Keenan""}}"
431,google_scholar,2026-03-01,141,3,,,,,"{""workbook_row"": {""Name"": ""Yeonhwa Lee"", ""Year"": 2023, ""Cites2017"": 141, ""%Cites2017"": 0.162, ""%Rank"": 0.317, ""H-Index"": 3, ""%RankH"": 0.051, ""GoogleScholar"": ""https://scholar.google.com/citations?hl=en&authuser=1&user=ZjNTLiwAAAAJ"", ""CurrentSchool"": ""Tulane University"", ""Position"": ""Assistant Professor"", ""PhDYear"": 2023, ""PhDSchool"": ""University of Pennsylvania"", ""First"": ""Yeonhwa"", ""Last"": ""Lee""}}"
432,google_scholar,2026-03-01,5602,34,,,,,"{""workbook_row"": {""Name"": ""John Renne"", ""Year"": 2005, ""Cites2017"": 5602, ""%Cites2017"": 0.898, ""%Rank"": 0.772, ""H-Index"": 34, ""%RankH"": 0.895, ""GoogleScholar"": ""https://scholar.google.com/citations?user=mMAhI9IAAAAJ&hl=en"", ""CurrentSchool"": ""Tulane University"", ""Position"": ""Professor"", ""PhDYear"": 2005, ""PhDSchool"": ""Rutgers University"", ""Years"": 20, ""First"": ""John"", ""Last"": ""Renne""}}"
433,google_scholar,2026-03-01,1309,15,,,,,"{""workbook_row"": {""Name"": ""Charisma Acey"", ""Year"": 2009, ""Cites2017"": 1309, ""%Cites2017"": 0.562, ""%Rank"": 0.62, ""H-Index"": 15, ""%RankH"": 0.516, ""GoogleScholar"": ""https://scholar.google.com.ph/citations?user=t3fTZggAAAAJ&hl=en"", ""CurrentSchool"": ""UC Berkeley"", ""Position"": ""Associate Professor"", ""PhDYear"": 2009, ""PhDSchool"": ""UCLA"", ""Years"": 16, ""First"": ""Charisma"", ""Last"": ""Acey"", ""Interests"": ""International Development, Social Equity, Governance, Poverty"", ""ResearchGate"": ""https://researchgate.net/profile/Charisma_Acey"", ""LinkedIn"": ""https://linkedin.com/in/aceycharisma""}}"
435,google_scholar,2026-03-01,18226,37,,,,,"{""workbook_row"": {""Name"": ""Teresa Caldeira"", ""Year"": 1980, ""Cites2017"": 18226, ""%Cites2017"": 0.982, ""%Rank"": 0.957, ""H-Index"": 37, ""%RankH"": 0.918, ""GoogleScholar"": ""https://scholar.google.com.ph/citations?user=psu2IAcAAAAJ&hl=en"", ""CurrentSchool"": ""UC Berkeley"", ""Position"": ""Professor"", ""PhDYear"": 1980, ""PhDSchool"": ""UC Berkeley"", ""Years"": 45, ""First"": ""Teresa"", ""Last"": ""Caldeira""}}"
436,google_scholar,2026-03-01,3522,26,,,,,"{""workbook_row"": {""Name"": ""Daniel Chatman"", ""Year"": 2005, ""Cites2017"": 3522, ""%Cites2017"": 0.811, ""%Rank"": 0.909, ""H-Index"": 26, ""%RankH"": 0.813, ""GoogleScholar"": ""https://scholar.google.com.ph/citations?user=DUDe9-QAAAAJ&hl=en"", ""CurrentSchool"": ""UC Berkeley"", ""Position"": ""Associate Professor"", ""PhDYear"": 2005, ""PhDSchool"": ""UCLA"", ""Years"": 20, ""First"": ""Daniel"", ""Middle"": ""G."", ""Last"": ""Chatman"", ""Interests"": ""Transportation, Land Use, Economic Development, Smart Growth"", ""ResearchGate"": ""https://researchgate.net/profile/Daniel_Chatman"", ""LinkedIn"": ""https://linkedin.com/in/daniel-chatman-a3362178""}}"
437,google_scholar,2026-03-01,11439,33,,,,,"{""workbook_row"": {""Name"": ""Stephen Collier"", ""Year"": 2001, ""Cites2017"": 11439, ""%Cites2017"": 0.962, ""%Rank"": 0.908, ""H-Index"": 33, ""%RankH"": 0.886, ""GoogleScholar"": ""https://scholar.google.com/citations?user=PTbCmfEAAAAJ&hl"", ""CurrentSchool"": ""UC Berkeley"", ""Position"": ""Professor"", ""PhDYear"": 2001, ""PhDSchool"": ""UC Berkeley"", ""Years"": 24, ""First"": ""Stephen"", ""Last"": ""Collier""}}"
438,google_scholar,2026-03-01,9077,41,,,,,"{""workbook_row"": {""Name"": ""Jason Corburn"", ""Year"": 2002, ""Cites2017"": 9077, ""%Cites2017"": 0.944, ""%Rank"": 0.873, ""H-Index"": 41, ""%RankH"": 0.938, ""GoogleScholar"": ""https://scholar.google.com.ph/citations?user=l2_HUikAAAAJ&hl=en"", ""CurrentSchool"": ""UC Berkeley"", ""Position"": ""Professor"", ""PhDYear"": 2002, ""PhDSchool"": ""MIT"", ""Years"": 23, ""First"": ""Jason"", ""Last"": ""Corburn"", ""Interests"": ""Environmental Policy & Planning; Environmental Health; Urban Environmental Justice; Social & Spatial Epidemiology; Health Impact Assessment; Science & Technology Studies; Social Theory; Environmental Dispute Resolution"", ""ResearchGate"": ""https://researchgate.net/profile/Jason_Corburn"", ""LinkedIn"": ""https://linkedin.com/in/jason-corburn-5036499""}}"
439,google_scholar,2026-03-01,1554,16,,,,,"{""workbook_row"": {""Name"": ""Karen Frick"", ""Year"": 2005, ""Cites2017"": 1554, ""%Cites2017"": 0.61, ""%Rank"": 0.678, ""H-Index"": 16, ""%RankH"": 0.548, ""GoogleScholar"": ""https://scholar.google.com/citations?hl=en&user=FbqhZ9AAAAAJ"", ""CurrentSchool"": ""UC Berkeley"", ""Position"": ""Associate Professor"", ""PhDYear"": 2005, ""PhDSchool"": ""UC Berkeley"", ""Years"": 20, ""First"": ""Karen"", ""Last"": ""Frick""}}"
440,google_scholar,2026-03-01,27594,63,,,,,"{""workbook_row"": {""Name"": ""Marta Gonzalez"", ""Year"": 2006, ""Cites2017"": 27594, ""%Cites2017"": 0.993, ""%Rank"": 1, ""H-Index"": 63, ""%RankH"": 0.987, ""GoogleScholar"": ""https://scholar.google.com/citations?user=YAGjro8AAAAJ&hl=en"", ""CurrentSchool"": ""UC Berkeley"", ""Position"": ""Associate Professor"", ""PhDYear"": 2006, ""PhDSchool"": ""Stuttgart University"", ""Years"": 19, ""First"": ""Marta"", ""Last"": ""Gonzalez""}}"
441,google_scholar,2026-03-01,5084,19,,,,,"{""workbook_row"": {""Name"": ""Zoe Hamstead"", ""Year"": 2016, ""Cites2017"": 5084, ""%Cites2017"": 0.88, ""%Rank"": 0.985, ""H-Index"": 19, ""%RankH"": 0.631, ""GoogleScholar"": ""https://scholar.google.com/citations?user=0NcBk8UAAAAJ&hl=en"", ""CurrentSchool"": ""UC Berkeley"", ""Position"": ""Assistant Professor"", ""PhDYear"": 2016, ""PhDSchool"": ""The New School"", ""Years"": 9, ""First"": ""Zoe"", ""Last"": ""Hamstead""}}"
443,google_scholar,2026-03-01,1928,10,,,,,"{""workbook_row"": {""Name"": ""Zachary Lamb"", ""Year"": 2018, ""Cites2017"": 1928, ""%Cites2017"": 0.661, ""%Rank"": 0.889, ""H-Index"": 10, ""%RankH"": 0.335, ""GoogleScholar"": ""https://scholar.google.com/citations?hl=en&authuser=1&user=RXZEj-YAAAAJ&inst=13410158990364976897"", ""CurrentSchool"": ""UC Berkeley"", ""Position"": ""Assistant Professor"", ""PhDYear"": 2018, ""PhDSchool"": ""MIT"", ""Years"": 7, ""First"": ""Zachary"", ""Last"": ""Lamb""}}"
444,google_scholar,2026-03-01,1487,18,,,,,"{""workbook_row"": {""Name"": ""Elizabeth Macdonald"", ""Year"": 1999, ""Cites2017"": 1487, ""%Cites2017"": 0.598, ""%Rank"": 0.363, ""H-Index"": 18, ""%RankH"": 0.604, ""GoogleScholar"": ""https://scholar.google.com.ph/citations?user=v4p_U2MAAAAJ&hl=en"", ""CurrentSchool"": ""UC Berkeley"", ""Position"": ""Professor"", ""PhDYear"": 1999, ""PhDSchool"": ""UC Berkeley"", ""Years"": 26, ""First"": ""Elizabeth"", ""Last"": ""Macdonald"", ""Interests"": ""Urban Design Theory, History of Urban Design and Urban Form, Public Space Design, and Environmental Behavior Research, Street Design"", ""LinkedIn"": ""https://linkedin.com/in/elizabeth-macdonald-2907b73a""}}"
445,google_scholar,2026-03-01,1822,22,,,,,"{""workbook_row"": {""Name"": ""Carolina Reid"", ""Year"": 2004, ""Cites2017"": 1822, ""%Cites2017"": 0.652, ""%Rank"": 0.728, ""H-Index"": 22, ""%RankH"": 0.722, ""GoogleScholar"": ""https://scholar.google.com.ph/citations?user=Q5V6-2MAAAAJ&hl=en"", ""CurrentSchool"": ""UC Berkeley"", ""Position"": ""Associate Professor"", ""PhDYear"": 2004, ""PhDSchool"": ""University of Washington"", ""Years"": 21, ""First"": ""Carolina"", ""Middle"": ""K."", ""Last"": ""Reid"", ""Interests"": ""Housing Policy and Affordable Housing, Urban Poverty and Inequality, Community Development, Land Tenure Rights, Sustainable Development."", ""LinkedIn"": ""https://linkedin.com/in/carolina-reid-02467010""}}"
446,google_scholar,2026-03-01,21325,73,,,,,"{""workbook_row"": {""Name"": ""Daniel Rodriguez"", ""Year"": 2000, ""Cites2017"": 21325, ""%Cites2017"": 0.989, ""%Rank"": 0.975, ""H-Index"": 73, ""%RankH"": 0.994, ""GoogleScholar"": ""https://scholar.google.com/citations?user=YmyOoaYAAAAJ&hl=en"", ""CurrentSchool"": ""UC Berkeley"", ""Position"": ""Professor"", ""PhDYear"": 2000, ""PhDSchool"": ""University of Michigan"", ""Years"": 25, ""First"": ""Daniel"", ""Last"": ""Rodriguez"", ""Interests"": ""Transportation & Land Use Policy, Urban Spatial Structure, Traveler Behavior, Public Health & Safety"", ""ResearchGate"": ""https://researchgate.net/profile/Daniel_Rodriguez87"", ""LinkedIn"": ""https://linkedin.com/in/daniel-rodriguez-81657633""}}"
447,google_scholar,2026-03-01,756,6,,,,,"{""workbook_row"": {""Name"": ""Dominic Bednar"", ""Year"": 2021, ""Cites2017"": 756, ""%Cites2017"": 0.443, ""%Rank"": 0.732, ""H-Index"": 6, ""%RankH"": 0.173, ""GoogleScholar"": ""https://scholar.google.com/citations?hl=en&user=Z0nJlToAAAAJ"", ""CurrentSchool"": ""UC Irvine"", ""Position"": ""Assistant Professor"", ""PhDYear"": 2021, ""PhDSchool"": ""University of Michigan"", ""Years"": 4, ""First"": ""Dominic"", ""Last"": ""Bednar""}}"
448,google_scholar,2026-03-01,848,14,,,,,"{""workbook_row"": {""Name"": ""Ajay Garde"", ""Year"": 2003, ""Cites2017"": 848, ""%Cites2017"": 0.473, ""%Rank"": 0.494, ""H-Index"": 14, ""%RankH"": 0.485, ""GoogleScholar"": ""https://scholar.google.com/citations?user=6M-FNBEAAAAJ&hl=en"", ""CurrentSchool"": ""UC Irvine"", ""Position"": ""Associate Professor"", ""PhDYear"": 2003, ""PhDSchool"": ""USC"", ""Years"": 22, ""First"": ""Ajay"", ""Middle"": ""M."", ""Last"": ""Garde"", ""Interests"": ""Urban Design, Urban Form, Sustainable Growth, Physical Planning""}}"
450,google_scholar,2026-03-01,3250,28,,,,,"{""workbook_row"": {""Name"": ""Douglas Houston"", ""Year"": 2005, ""Cites2017"": 3250, ""%Cites2017"": 0.793, ""%Rank"": 0.586, ""H-Index"": 28, ""%RankH"": 0.832, ""GoogleScholar"": ""https://scholar.google.com/citations?user=zISdnLwAAAAJ&hl=en&oe=ASCII"", ""CurrentSchool"": ""UC Irvine"", ""Position"": ""Professor"", ""PhDYear"": 2005, ""PhDSchool"": ""UCLA"", ""Years"": 20, ""First"": ""Douglas"", ""Last"": ""Houston"", ""Interests"": ""Transportation, Air Quality, Urban Inequality, Environmental Equity, Spatial Analysis""}}"
452,google_scholar,2026-03-01,1267,18,,,,,"{""workbook_row"": {""Name"": ""Jae Hong Kim"", ""Year"": 2010, ""Cites2017"": 1267, ""%Cites2017"": 0.553, ""%Rank"": 0.601, ""H-Index"": 18, ""%RankH"": 0.604, ""GoogleScholar"": ""https://scholar.google.com/citations?user=DH8FiDAAAAAJ&hl=en&oi=ao"", ""CurrentSchool"": ""UC Irvine"", ""Position"": ""Associate Professor"", ""PhDYear"": 2010, ""PhDSchool"": ""University of Illinois"", ""Years"": 15, ""First"": ""Jae"", ""Middle"": ""Hong"", ""Last"": ""Kim"", ""Interests"": ""Land Development, Local & Regional Economies, Transportation, Business Location Decisions"", ""LinkedIn"": ""https://linkedin.com/in/jae-hong-kim-902b4578""}}"
454,google_scholar,2026-03-01,198,7,,,,,"{""workbook_row"": {""Name"": ""Mukul Kumar"", ""Year"": 2021, ""Cites2017"": 198, ""%Cites2017"": 0.201, ""%Rank"": 0.414, ""H-Index"": 7, ""%RankH"": 0.218, ""GoogleScholar"": ""https://scholar.google.com/citations?hl=en&user=LGBwO3oAAAAJ&inst=13410158990364976897"", ""CurrentSchool"": ""UC Irvine"", ""Position"": ""Assistant Professor"", ""PhDYear"": 2021, ""PhDSchool"": ""UC Berkeley"", ""Years"": 4, ""First"": ""Mukul"", ""Last"": ""Kumar""}}"
455,google_scholar,2026-03-01,4637,24,,,,,"{""workbook_row"": {""Name"": ""William Lester"", ""Year"": 2009, ""Cites2017"": 4637, ""%Cites2017"": 0.86, ""%Rank"": 0.95, ""H-Index"": 24, ""%RankH"": 0.774, ""GoogleScholar"": ""https://scholar.google.com.ph/citations?user=Ewp2vKYAAAAJ&hl=en"", ""CurrentSchool"": ""UC Irvine"", ""Position"": ""Associate Professor"", ""PhDYear"": 2009, ""PhDSchool"": ""UC Berkeley"", ""Years"": 16, ""First"": ""William"", ""Last"": ""Lester"", ""Interests"": ""Economic Development, Labor Economics, Urban Politics"", ""ResearchGate"": ""https://researchgate.net/profile/T_Lester"", ""LinkedIn"": ""https://linkedin.com/in/bill-lester-0564735?authType=NAME_SEARCH&authToken=htSm&locale=en_US&srchid=3569073011462609180161&srchindex=1&srchtotal=1&trk=vsrp_people_res_name&trkInfo=VSRPsearchId%3A3569073011462609180161%2CVSRPtargetId%3A16075650%2CVSRPcmpt%3Aprimary%2CVSRPnm%3Atrue%2CauthType%3ANAME_SEARCH""}}"
456,google_scholar,2026-03-01,401,11,,,,,"{""workbook_row"": {""Name"": ""Nicholas Marantz"", ""Year"": 2014, ""Cites2017"": 401, ""%Cites2017"": 0.301, ""%Rank"": 0.271, ""H-Index"": 11, ""%RankH"": 0.374, ""GoogleScholar"": ""https://scholar.google.com/citations?user=krBpDDUAAAAJ&hl"", ""CurrentSchool"": ""UC Irvine"", ""Position"": ""Associate Professor"", ""PhDYear"": 2014, ""PhDSchool"": ""MIT"", ""Years"": 11, ""First"": ""Nicholas"", ""Middle"": ""J."", ""Last"": ""Marantz""}}"
457,google_scholar,2026-03-01,8368,43,,,,,"{""workbook_row"": {""Name"": ""Richard Matthew"", ""Year"": 1993, ""Cites2017"": 8368, ""%Cites2017"": 0.935, ""%Rank"": 0.849, ""H-Index"": 43, ""%RankH"": 0.945, ""GoogleScholar"": ""https://scholar.google.com/citations?hl=en&user=RBU0xkYAAAAJ"", ""CurrentSchool"": ""UC Irvine"", ""Position"": ""Professor"", ""PhDYear"": 1993, ""PhDSchool"": ""Princeton University"", ""Years"": 32, ""First"": ""Richard"", ""Middle"": ""A."", ""Last"": ""Matthew"", ""Interests"": ""Environmental Change, Conflict and Security, Sustainable Development, Global Governance, Urban Security."", ""LinkedIn"": ""https://linkedin.com/in/richard-matthew-62755b9""}}"
458,google_scholar,2026-03-01,2094,13,,,,,"{""workbook_row"": {""Name"": ""Michael Mendez"", ""Year"": 2015, ""Cites2017"": 2094, ""%Cites2017"": 0.68, ""%Rank"": 0.774, ""H-Index"": 13, ""%RankH"": 0.45, ""GoogleScholar"": ""https://scholar.google.com/citations?hl=en&user=aEcI3P0AAAAJ"", ""CurrentSchool"": ""UC Irvine"", ""Position"": ""Associate Professor"", ""PhDYear"": 2015, ""PhDSchool"": ""UC Berkeley"", ""Years"": 10, ""First"": ""Michael"", ""Last"": ""Mendez"", ""Interests"": ""Climate change, environmental justice, public health, urban planning, environmental policy""}}"
459,google_scholar,2026-03-01,5486,36,,,,,"{""workbook_row"": {""Name"": ""Walter Nicholls"", ""Year"": 2004, ""Cites2017"": 5486, ""%Cites2017"": 0.893, ""%Rank"": 0.762, ""H-Index"": 36, ""%RankH"": 0.908, ""GoogleScholar"": ""https://scholar.google.com/citations?user=O6q8ZLQAAAAJ&hl=en"", ""CurrentSchool"": ""UC Irvine"", ""Position"": ""Professor"", ""PhDYear"": 2004, ""PhDSchool"": ""UCLA"", ""Years"": 21, ""First"": ""Walter"", ""Last"": ""Nicholls""}}"
460,google_scholar,2026-03-01,2294,25,,,,,"{""workbook_row"": {""Name"": ""Virginia Parks"", ""Year"": 2002, ""Cites2017"": 2294, ""%Cites2017"": 0.706, ""%Rank"": 0.472, ""H-Index"": 25, ""%RankH"": 0.793, ""GoogleScholar"": ""https://scholar.google.com/citations?user=UH054roAAAAJ&hl"", ""CurrentSchool"": ""UC Irvine"", ""Position"": ""Professor"", ""PhDYear"": 2002, ""PhDSchool"": ""UCLA"", ""Years"": 23, ""First"": ""Virginia"", ""Last"": ""Parks"", ""Interests"": ""Urban Inequality, Urban Labor Markets, Labor, Community Organizing and Development, Racial Inequality, Immigration""}}"
462,google_scholar,2026-03-01,469,9,,,,,"{""workbook_row"": {""Name"": ""Maria Rendon"", ""Year"": 2009, ""Cites2017"": 469, ""%Cites2017"": 0.335, ""%Rank"": 0.318, ""H-Index"": 9, ""%RankH"": 0.292, ""GoogleScholar"": ""https://scholar.google.com.ph/citations?user=uF5PRRcAAAAJ&hl=en"", ""CurrentSchool"": ""UC Irvine"", ""Position"": ""Associate Professor"", ""PhDYear"": 2009, ""PhDSchool"": ""Harvard University"", ""Years"": 16, ""First"": ""Maria"", ""Last"": ""Rendon"", ""Interests"": ""Urban Policy, Community Empowerment, Social Justice"", ""LinkedIn"": ""https://linkedin.com/in/maria-rendon-40148b8b""}}"
463,google_scholar,2026-03-01,194,6,,,,,"{""workbook_row"": {""Name"": ""Alejandra Reyes"", ""Year"": 2019, ""Cites2017"": 194, ""%Cites2017"": 0.198, ""%Rank"": 0.4, ""H-Index"": 6, ""%RankH"": 0.173, ""GoogleScholar"": ""https://scholar.google.com/citations?hl=en&user=dNUYoDUAAAAJ"", ""CurrentSchool"": ""UC Irvine"", ""Position"": ""Assistant Professor"", ""PhDYear"": 2019, ""PhDSchool"": ""University of Texas, Austin"", ""Years"": 6, ""First"": ""Alejandra"", ""Last"": ""Reyes""}}"
464,google_scholar,2026-03-01,3605,29,,,,,"{""workbook_row"": {""Name"": ""Nicola Ulibarri"", ""Year"": 2015, ""Cites2017"": 3605, ""%Cites2017"": 0.816, ""%Rank"": 0.914, ""H-Index"": 29, ""%RankH"": 0.84, ""GoogleScholar"": ""https://scholar.google.com/citations?user=kVoSdycAAAAJ&hl=en"", ""CurrentSchool"": ""UC Irvine"", ""Position"": ""Associate Professor"", ""PhDYear"": 2015, ""PhDSchool"": ""Stanford University"", ""Years"": 10, ""First"": ""Nicola"", ""Last"": ""Ulibarri""}}"
465,google_scholar,2026-03-01,577,10,,,,,"{""workbook_row"": {""Name"": ""Abigail Andrews"", ""Year"": 2014, ""Cites2017"": 577, ""%Cites2017"": 0.38, ""%Rank"": 0.183, ""H-Index"": 10, ""%RankH"": 0.335, ""GoogleScholar"": ""https://scholar.google.com/citations?hl=en&user=haBJXXsAAAAJ"", ""CurrentSchool"": ""UC San Diego"", ""Position"": ""Professor"", ""PhDYear"": 2014, ""PhDSchool"": ""UC Berkeley"", ""Years"": 11, ""First"": ""Abigail"", ""Last"": ""Andrews""}}"
469,google_scholar,2026-03-01,59103,105,,,,,"{""workbook_row"": {""Name"": ""Lawrence Frank"", ""Year"": 1993, ""Cites2017"": 59103, ""%Cites2017"": 0.999, ""%Rank"": 0.997, ""H-Index"": 105, ""%RankH"": 0.999, ""GoogleScholar"": ""https://scholar.google.com/citations?hl=en&user=sF_AKKQAAAAJ&inst=13410158990364976897"", ""CurrentSchool"": ""UC San Diego"", ""Position"": ""Professor"", ""PhDYear"": 1993, ""PhDSchool"": ""University of Washington"", ""Years"": 32, ""First"": ""Lawrence"", ""Last"": ""Frank""}}"
472,google_scholar,2026-03-01,2540,23,,,,,"{""workbook_row"": {""Name"": ""Amy Lerner"", ""Year"": 2011, ""Cites2017"": 2540, ""%Cites2017"": 0.738, ""%Rank"": 0.851, ""H-Index"": 23, ""%RankH"": 0.744, ""GoogleScholar"": ""https://scholar.google.com/citations?hl=en&authuser=1&user=Ud4ENSQAAAAJ&inst=13410158990364976897"", ""CurrentSchool"": ""UC San Diego"", ""Position"": ""Associate Professor"", ""PhDYear"": 2011, ""PhDSchool"": ""UCSB"", ""Years"": 14, ""First"": ""Amy"", ""Last"": ""Lerner""}}"
473,google_scholar,2026-03-01,2811,22,,,,,"{""workbook_row"": {""Name"": ""Isaac Martin"", ""Year"": 2003, ""Cites2017"": 2811, ""%Cites2017"": 0.77, ""%Rank"": 0.554, ""H-Index"": 22, ""%RankH"": 0.722, ""GoogleScholar"": ""https://scholar.google.com/citations?hl=en&user=9VwAZ8cAAAAJ&inst=13410158990364976897"", ""CurrentSchool"": ""UC San Diego"", ""Position"": ""Professor"", ""PhDYear"": 2003, ""PhDSchool"": ""UC Berkeley"", ""Years"": 22, ""First"": ""Isaac"", ""Last"": ""Martin""}}"
475,google_scholar,2026-03-01,3922,27,,,,,"{""workbook_row"": {""Name"": ""Mai Nguyen"", ""Year"": 2004, ""Cites2017"": 3922, ""%Cites2017"": 0.832, ""%Rank"": 0.65, ""H-Index"": 27, ""%RankH"": 0.822, ""GoogleScholar"": ""https://scholar.google.com/citations?hl=en&user=zpYl8EcAAAAJ&inst=13410158990364976897"", ""CurrentSchool"": ""UC San Diego"", ""Position"": ""Professor"", ""PhDYear"": 2004, ""PhDSchool"": ""UC Irvine"", ""Years"": 21, ""First"": ""Mai"", ""Last"": ""Nguyen""}}"
476,google_scholar,2026-03-01,1473,17,,,,,"{""workbook_row"": {""Name"": ""Keith Pezzoli"", ""Year"": 1990, ""Cites2017"": 1473, ""%Cites2017"": 0.595, ""%Rank"": 0.358, ""H-Index"": 17, ""%RankH"": 0.572, ""GoogleScholar"": ""https://scholar.google.com/citations?hl=en&authuser=1&user=2hoi_p4AAAAJ&inst=13410158990364976897"", ""CurrentSchool"": ""UC San Diego"", ""Position"": ""Professor"", ""PhDYear"": 1990, ""PhDSchool"": ""UCLA"", ""Years"": 35, ""First"": ""Keith"", ""Last"": ""Pezzoli""}}"
477,google_scholar,2026-03-01,110,6,,,,,"{""workbook_row"": {""Name"": ""Mirle Rabinowitz Bussell"", ""Year"": 1999, ""Cites2017"": 110, ""%Cites2017"": 0.132, ""%Rank"": 0.123, ""H-Index"": 6, ""%RankH"": 0.173, ""GoogleScholar"": ""https://scholar.google.com/citations?hl=en&authuser=1&user=NZXc5asAAAAJ&inst=13410158990364976897"", ""CurrentSchool"": ""UC San Diego"", ""Position"": ""Associate Professor"", ""PhDYear"": 1999, ""PhDSchool"": ""UCLA"", ""Years"": 26, ""First"": ""Mirle"", ""Last"": ""Rabinowitz Bussell""}}"
478,google_scholar,2026-03-01,69,4,,,,,"{""workbook_row"": {""Name"": ""Nora Schwaller"", ""Year"": 2022, ""Cites2017"": 69, ""%Cites2017"": 0.087, ""%Rank"": 0.167, ""H-Index"": 4, ""%RankH"": 0.09, ""GoogleScholar"": ""https://scholar.google.com/citations?hl=en&authuser=1&user=j8kdmdEAAAAJ&inst=13410158990364976897"", ""CurrentSchool"": ""UC San Diego"", ""Position"": ""Assistant Professor"", ""PhDYear"": 2022, ""PhDSchool"": ""UNC"", ""Years"": 3, ""First"": ""Nora"", ""Last"": ""Schwaller""}}"
479,google_scholar,2026-03-01,596,9,,,,,"{""workbook_row"": {""Name"": ""Feiyang Sun"", ""Year"": 2021, ""Cites2017"": 596, ""%Cites2017"": 0.386, ""%Rank"": 0.678, ""H-Index"": 9, ""%RankH"": 0.292, ""GoogleScholar"": ""https://scholar.google.com/citations?hl=en&authuser=1&user=gZDjZuMAAAAJ&inst=13410158990364976897"", ""CurrentSchool"": ""UC San Diego"", ""Position"": ""Assistant Professor"", ""PhDYear"": 2021, ""PhDSchool"": ""University of Washington"", ""Years"": 4, ""First"": ""Feiyang"", ""Last"": ""Sun""}}"
481,google_scholar,2026-03-01,4,1,,,,,"{""workbook_row"": {""Name"": ""Teo Wickland"", ""Year"": 2021, ""Cites2017"": 4, ""%Cites2017"": 0.013, ""%Rank"": 0.028, ""H-Index"": 1, ""%RankH"": 0, ""GoogleScholar"": ""https://scholar.google.com/citations?hl=en&user=S-LfLs8AAAAJ"", ""CurrentSchool"": ""UC San Diego"", ""Position"": ""Assistant Professor"", ""PhDYear"": 2021, ""PhDSchool"": ""UCLA"", ""Years"": 4, ""First"": ""Teo"", ""Last"": ""Wickland""}}"
482,google_scholar,2026-03-01,1768,13,,,,,"{""workbook_row"": {""Name"": ""Amada Armenta"", ""Year"": 2011, ""Cites2017"": 1768, ""%Cites2017"": 0.644, ""%Rank"": 0.722, ""H-Index"": 13, ""%RankH"": 0.45, ""GoogleScholar"": ""https://scholar.google.com/citations?user=96LNqvkAAAAJ&hl=en&oe=ASCII"", ""CurrentSchool"": ""UCLA"", ""Position"": ""Associate Professor"", ""PhDYear"": 2011, ""PhDSchool"": ""UCLA"", ""Years"": 14, ""First"": ""Amada"", ""Last"": ""Armenta""}}"
483,google_scholar,2026-03-01,6259,44,,,,,"{""workbook_row"": {""Name"": ""Evelyn Blumenberg"", ""Year"": 1995, ""Cites2017"": 6259, ""%Cites2017"": 0.911, ""%Rank"": 0.797, ""H-Index"": 44, ""%RankH"": 0.951, ""GoogleScholar"": ""https://scholar.google.com.ph/citations?user=f--ZeF4AAAAJ&hl=en"", ""CurrentSchool"": ""UCLA"", ""Position"": ""Professor"", ""PhDYear"": 1995, ""PhDSchool"": ""UCLA"", ""Years"": 30, ""First"": ""Evelyn"", ""Last"": ""Blumenberg"", ""Interests"": ""Urban Poverty and Low Wage Labor Markets, Social Policy and Planning, Social Economic Inequality, Gender and Planning"", ""ResearchGate"": ""https://researchgate.net/profile/Evelyn_Blumenberg/"", ""LinkedIn"": ""https://linkedin.com/in/evelyn-blumenberg-b433b89""}}"
485,google_scholar,2026-03-01,2575,14,,,,,"{""workbook_row"": {""Name"": ""Kian Goh"", ""Year"": 2015, ""Cites2017"": 2575, ""%Cites2017"": 0.741, ""%Rank"": 0.857, ""H-Index"": 14, ""%RankH"": 0.485, ""GoogleScholar"": ""https://scholar.google.com/citations?user=FvVr6oAAAAAJ&hl=en"", ""CurrentSchool"": ""UCLA"", ""Position"": ""Associate Professor"", ""PhDYear"": 2015, ""PhDSchool"": ""MIT"", ""Years"": 10, ""First"": ""Kian"", ""Last"": ""Goh""}}"
486,google_scholar,2026-03-01,12553,45,,,,,"{""workbook_row"": {""Name"": ""Susanna Hecht"", ""Year"": 1982, ""Cites2017"": 12553, ""%Cites2017"": 0.965, ""%Rank"": 0.915, ""H-Index"": 45, ""%RankH"": 0.956, ""GoogleScholar"": ""https://scholar.google.com/citations?user=yWNwg7gAAAAJ&hl=en"", ""CurrentSchool"": ""UCLA"", ""Position"": ""Professor"", ""PhDYear"": 1982, ""PhDSchool"": ""UC Berkeley"", ""Years"": 43, ""First"": ""Susanna"", ""Middle"": ""B."", ""Last"": ""Hecht"", ""ResearchGate"": ""https://researchgate.net/profile/Susanna_Hecht"", ""LinkedIn"": ""https://linkedin.com/in/susanna-hecht-32138913""}}"
487,google_scholar,2026-03-01,869,9,,,,,"{""workbook_row"": {""Name"": ""Veronica Herrera"", ""Year"": 2011, ""Cites2017"": 869, ""%Cites2017"": 0.48, ""%Rank"": 0.505, ""H-Index"": 9, ""%RankH"": 0.292, ""GoogleScholar"": ""https://scholar.google.com/citations?hl=en&authuser=1&user=pkWm4ZAAAAAJ"", ""CurrentSchool"": ""UCLA"", ""Position"": ""Associate Professor"", ""PhDYear"": 2011, ""PhDSchool"": ""UC Berkeley"", ""Years"": 14, ""First"": ""Veronica"", ""Last"": ""Herrera""}}"
488,google_scholar,2026-03-01,220,7,,,,,"{""workbook_row"": {""Name"": ""Minjee Kim"", ""Year"": 2018, ""Cites2017"": 220, ""%Cites2017"": 0.215, ""%Rank"": 0.439, ""H-Index"": 7, ""%RankH"": 0.218, ""GoogleScholar"": ""https://scholar.google.com/citations?hl=en&user=V13wjL8AAAAJ"", ""CurrentSchool"": ""UCLA"", ""Position"": ""Assistant Professor"", ""PhDYear"": 2018, ""PhDSchool"": ""MIT"", ""Years"": 7, ""First"": ""Minjee"", ""Last"": ""Kim""}}"
489,google_scholar,2026-03-01,737,7,,,,,"{""workbook_row"": {""Name"": ""Liz Koslov"", ""Year"": 2017, ""Cites2017"": 737, ""%Cites2017"": 0.438, ""%Rank"": 0.721, ""H-Index"": 7, ""%RankH"": 0.218, ""GoogleScholar"": ""https://scholar.google.com.ph/citations?hl=en&user=nQDpRdAAAAAJ"", ""CurrentSchool"": ""UCLA"", ""Position"": ""Assistant Professor"", ""PhDYear"": 2017, ""PhDSchool"": ""New York University"", ""Years"": 8, ""First"": ""Liz"", ""Last"": ""Koslov""}}"
490,google_scholar,2026-03-01,1588,21,,,,,"{""workbook_row"": {""Name"": ""Michael Lens"", ""Year"": 2011, ""Cites2017"": 1588, ""%Cites2017"": 0.62, ""%Rank"": 0.692, ""H-Index"": 21, ""%RankH"": 0.696, ""GoogleScholar"": ""https://scholar.google.com/citations?user=BNAax5UAAAAJ&hl=en"", ""CurrentSchool"": ""UCLA"", ""Position"": ""Associate Professor"", ""PhDYear"": 2011, ""PhDSchool"": ""NYU"", ""Years"": 14, ""First"": ""Michael"", ""Last"": ""Lens"", ""Interests"": ""Affordable Housing, Crime, Applied Econometric Methods"", ""ResearchGate"": ""https://researchgate.net/profile/Michael_Lens"", ""LinkedIn"": ""https://linkedin.com/in/michael-lens-a0b4a8""}}"
491,google_scholar,2026-03-01,13078,57,,,,,"{""workbook_row"": {""Name"": ""Anastasia Loukaitou-Sideris"", ""Year"": 1988, ""Cites2017"": 13078, ""%Cites2017"": 0.966, ""%Rank"": 0.918, ""H-Index"": 57, ""%RankH"": 0.98, ""GoogleScholar"": ""https://scholar.google.com/citations?hl=en&user=Scpju_AAAAAJ"", ""CurrentSchool"": ""UCLA"", ""Position"": ""Professor"", ""PhDYear"": 1988, ""PhDSchool"": ""USC"", ""Years"": 37, ""First"": ""Anastasia"", ""Last"": ""Loukaitou-Sideris"", ""Interests"": ""Physical Planning, Urban Design, Planning History, Public Environment of the City, Privatization of Public Space, Safety and Security in Inner City Areas and Bus Stop Crime""}}"
492,google_scholar,2026-03-01,113,6,,,,,"{""workbook_row"": {""Name"": ""Jose Loya"", ""Year"": 2020, ""Cites2017"": 113, ""%Cites2017"": 0.136, ""%Rank"": 0.26, ""H-Index"": 6, ""%RankH"": 0.173, ""GoogleScholar"": ""https://scholar.google.com/citations?hl=en&user=LEw3D3oAAAAJ"", ""CurrentSchool"": ""UCLA"", ""Position"": ""Assistant Professor"", ""PhDYear"": 2020, ""PhDSchool"": ""University of Pennsylvania"", ""Years"": 5, ""First"": ""Jose"", ""Last"": ""Loya""}}"
493,google_scholar,2026-03-01,4011,33,,,,,"{""workbook_row"": {""Name"": ""Michael Manville"", ""Year"": 2009, ""Cites2017"": 4011, ""%Cites2017"": 0.838, ""%Rank"": 0.665, ""H-Index"": 33, ""%RankH"": 0.886, ""GoogleScholar"": ""https://scholar.google.com.ph/citations?user=8HN5ZwIAAAAJ&hl=en"", ""CurrentSchool"": ""UCLA"", ""Position"": ""Professor"", ""PhDYear"": 2009, ""PhDSchool"": ""UCLA"", ""Years"": 16, ""First"": ""Michael"", ""Last"": ""Manville"", ""Interests"": ""Transportation and Land Use, Local Public Finance, Politics of Policy Implementation"", ""ResearchGate"": ""https://researchgate.net/profile/Michael_Manville""}}"
494,google_scholar,2026-03-01,6881,37,,,,,"{""workbook_row"": {""Name"": ""Adam Millard-Ball"", ""Year"": 2011, ""Cites2017"": 6881, ""%Cites2017"": 0.922, ""%Rank"": 0.824, ""H-Index"": 37, ""%RankH"": 0.918, ""GoogleScholar"": ""https://scholar.google.com/citations?user=ko53eXsAAAAJ&hl=en"", ""CurrentSchool"": ""UCLA"", ""Position"": ""Professor"", ""PhDYear"": 2011, ""PhDSchool"": ""Stanford University"", ""Years"": 14, ""First"": ""Adam"", ""Last"": ""Millard-Ball""}}"
495,google_scholar,2026-03-01,3438,32,,,,,"{""workbook_row"": {""Name"": ""Paavo Monkkonen"", ""Year"": 2009, ""Cites2017"": 3438, ""%Cites2017"": 0.808, ""%Rank"": 0.616, ""H-Index"": 32, ""%RankH"": 0.874, ""GoogleScholar"": ""https://scholar.google.com.ph/citations?user=PRwkFbgAAAAJ&hl=en"", ""CurrentSchool"": ""UCLA"", ""Position"": ""Professor"", ""PhDYear"": 2009, ""PhDSchool"": ""UC Berkeley"", ""Years"": 16, ""First"": ""Paavo"", ""Last"": ""Monkkonen"", ""Interests"": ""Housing Policy Analysis, the Role of Finance, Policy and Economic Restructuring in the Changing Spatial Structures of Cities, Housing Markets and Household Formation, and the Regularization of Informally Developed Neighborhoods."", ""ResearchGate"": ""https://researchgate.net/profile/Paavo_Monkkonen"", ""LinkedIn"": ""https://linkedin.com/in/paavo-monkkonen-41b9163b""}}"
497,google_scholar,2026-03-01,8818,44,,,,,"{""workbook_row"": {""Name"": ""Paul Ong"", ""Year"": 1983, ""Cites2017"": 8818, ""%Cites2017"": 0.941, ""%Rank"": 0.866, ""H-Index"": 44, ""%RankH"": 0.951, ""GoogleScholar"": ""https://scholar.google.com.ph/citations?user=ViBzERkAAAAJ&hl=en"", ""CurrentSchool"": ""UCLA"", ""Position"": ""Professor"", ""PhDYear"": 1983, ""PhDSchool"": ""UC Berkeley"", ""Years"": 42, ""First"": ""Paul"", ""Last"": ""Ong"", ""Interests"": ""Economic Development Planning, Race/ Ethnicity and Planning, Urban Labor Markets, Immigrants in the Urban Economy"", ""LinkedIn"": ""https://linkedin.com/in/paul-ong-b18ba718""}}"
498,google_scholar,2026-03-01,22528,46,,,,,"{""workbook_row"": {""Name"": ""Ananya Roy"", ""Year"": 1999, ""Cites2017"": 22528, ""%Cites2017"": 0.991, ""%Rank"": 0.98, ""H-Index"": 46, ""%RankH"": 0.959, ""GoogleScholar"": ""https://scholar.google.com/citations?hl=en&user=PwgIqWoAAAAJ"", ""CurrentSchool"": ""UCLA"", ""Position"": ""Professor"", ""PhDYear"": 1999, ""PhDSchool"": ""UC Berkeley"", ""Years"": 26, ""First"": ""Ananya"", ""Last"": ""Roy"", ""Interests"": ""Comparative Urban Studies, Global Poverty & Practice, International Development, Social Theory""}}"
499,google_scholar,2026-03-01,3564,22,,,,,"{""workbook_row"": {""Name"": ""Kristen Schwarz"", ""Year"": 2010, ""Cites2017"": 3564, ""%Cites2017"": 0.814, ""%Rank"": 0.912, ""H-Index"": 22, ""%RankH"": 0.722, ""GoogleScholar"": ""https://scholar.google.com/citations?hl=en&authuser=1&user=qLEymbcAAAAJ"", ""CurrentSchool"": ""UCLA"", ""Position"": ""Associate Professor"", ""PhDYear"": 2010, ""PhDSchool"": ""Rutgers University"", ""Years"": 15, ""First"": ""Kristen"", ""Last"": ""Schwarz""}}"
500,google_scholar,2026-03-01,60874,89,,,,,"{""workbook_row"": {""Name"": ""Michael Storper"", ""Year"": 1982, ""Cites2017"": 60874, ""%Cites2017"": 1, ""%Rank"": 1, ""H-Index"": 89, ""%RankH"": 0.998, ""GoogleScholar"": ""https://scholar.google.com.ph/citations?user=-j3tHfMAAAAJ&hl=en"", ""CurrentSchool"": ""UCLA"", ""Position"": ""Professor"", ""PhDYear"": 1982, ""PhDSchool"": ""UC Berkeley"", ""Years"": 43, ""First"": ""Michael"", ""Last"": ""Storper"", ""Interests"": ""International Development and Planning, Urban and Regional Economics, Political Economy, Trade and Location Patterns and Labor Markets"", ""ResearchGate"": ""https://researchgate.net/profile/Michael_Storper"", ""LinkedIn"": ""https://linkedin.com/in/michael-storper-5383236""}}"
501,google_scholar,2026-03-01,8594,46,,,,,"{""workbook_row"": {""Name"": ""Brian Taylor"", ""Year"": 1992, ""Cites2017"": 8594, ""%Cites2017"": 0.94, ""%Rank"": 0.861, ""H-Index"": 46, ""%RankH"": 0.959, ""GoogleScholar"": ""https://scholar.google.com/citations?hl=en&user=JAJbzF0AAAAJ"", ""CurrentSchool"": ""UCLA"", ""Position"": ""Professor"", ""PhDYear"": 1992, ""PhDSchool"": ""UCLA"", ""Years"": 33, ""First"": ""Brian"", ""Last"": ""Taylor"", ""Interests"": ""Transportation Policy, Planning and Finance, Transportation and Urban Form, Planning for Special Populations"", ""ResearchGate"": ""https://researchgate.net/profile/Brian_Taylor10"", ""LinkedIn"": ""https://linkedin.com/in/brian-taylor-59389b6""}}"
503,google_scholar,2026-03-01,9396,40,,,,,"{""workbook_row"": {""Name"": ""Chris Tilly"", ""Year"": 1989, ""Cites2017"": 9396, ""%Cites2017"": 0.947, ""%Rank"": 0.878, ""H-Index"": 40, ""%RankH"": 0.932, ""GoogleScholar"": ""https://scholar.google.com/citations?user=sGcFnWwAAAAJ&hl=en"", ""CurrentSchool"": ""UCLA"", ""Position"": ""Professor"", ""PhDYear"": 1989, ""PhDSchool"": ""MIT"", ""Years"": 36, ""First"": ""Chris"", ""Last"": ""Tilly"", ""Interests"": ""Work and labor markets, poverty and inequality, community and regional development, social movements; His research focuses on the US and Mexico, with some broader comparative work; Also Director, Institute for Research on Labor and Employment"", ""ResearchGate"": ""https://researchgate.net/profile/Chris_Tilly/""}}"
504,google_scholar,2026-03-01,5619,24,,,,,"{""workbook_row"": {""Name"": ""V. Kelly Turner"", ""Year"": 2013, ""Cites2017"": 5619, ""%Cites2017"": 0.9, ""%Rank"": 0.967, ""H-Index"": 24, ""%RankH"": 0.774, ""GoogleScholar"": ""https://scholar.google.com/citations?user=8hH5IngAAAAJ&hl=en&oe=ASCII"", ""CurrentSchool"": ""UCLA"", ""Position"": ""Associate Professor"", ""PhDYear"": 2013, ""PhDSchool"": ""Arizona State University"", ""Years"": 12, ""First"": ""Kelly"", ""Last"": ""Turner""}}"
506,google_scholar,2026-03-01,5397,41,,,,,"{""workbook_row"": {""Name"": ""Todd BenDor"", ""Year"": 2007, ""Cites2017"": 5397, ""%Cites2017"": 0.888, ""%Rank"": 0.754, ""H-Index"": 41, ""%RankH"": 0.938, ""GoogleScholar"": ""https://scholar.google.com.ph/citations?user=B04iO5MAAAAJ&hl=en"", ""CurrentSchool"": ""UNC"", ""Position"": ""Professor"", ""PhDYear"": 2007, ""PhDSchool"": ""University of Illinois, Urbana-Champaign"", ""Years"": 18, ""First"": ""Todd"", ""Last"": ""BenDor"", ""Interests"": ""Environmental Planning, Land Use Dynamics, Environmental Markets, Spatial Analysis, System Dynamics"", ""ResearchGate"": ""https://researchgate.net/profile/Todd_Bendor2"", ""LinkedIn"": ""https://linkedin.com/in/toddbendor""}}"
507,google_scholar,2026-03-01,17036,61,,,,,"{""workbook_row"": {""Name"": ""Phil Berke"", ""Year"": 1981, ""Cites2017"": 17036, ""%Cites2017"": 0.98, ""%Rank"": 0.952, ""H-Index"": 61, ""%RankH"": 0.984, ""GoogleScholar"": ""https://scholar.google.com/citations?hl=en&authuser=1&user=jMEA5yMAAAAJ"", ""CurrentSchool"": ""UNC"", ""Position"": ""Professor"", ""PhDYear"": 1981, ""PhDSchool"": ""Texas A&M"", ""Years"": 44, ""First"": ""Phil"", ""Last"": ""Berke""}}"
508,google_scholar,2026-03-01,1795,16,,,,,"{""workbook_row"": {""Name"": ""Matthew Bhagat-Conway"", ""Year"": 2021, ""Cites2017"": 1795, ""%Cites2017"": 0.648, ""%Rank"": 0.878, ""H-Index"": 16, ""%RankH"": 0.548, ""GoogleScholar"": ""https://scholar.google.com/citations?user=GmslJ3cAAAAJ&hl=en&oi=ao"", ""CurrentSchool"": ""UNC"", ""Position"": ""Assistant Professor"", ""PhDYear"": 2021, ""PhDSchool"": ""Arizona State University"", ""Years"": 4, ""First"": ""Matthew"", ""Last"": ""Bhagat-Conway""}}"
509,google_scholar,2026-03-01,388,11,,,,,"{""workbook_row"": {""Name"": ""Ashley Hernandez"", ""Year"": 2022, ""Cites2017"": 388, ""%Cites2017"": 0.298, ""%Rank"": 0.567, ""H-Index"": 11, ""%RankH"": 0.374, ""GoogleScholar"": ""https://scholar.google.com/citations?hl=en&user=i_3TlV8AAAAJ"", ""CurrentSchool"": ""UNC"", ""Position"": ""Assistant Professor"", ""PhDYear"": 2022, ""PhDSchool"": ""UC Irvine"", ""Years"": 3, ""First"": ""Ashley"", ""Last"": ""Hernandez""}}"
510,google_scholar,2026-03-01,2443,19,,,,,"{""workbook_row"": {""Name"": ""Miyuki Hino"", ""Year"": 2019, ""Cites2017"": 2443, ""%Cites2017"": 0.73, ""%Rank"": 0.928, ""H-Index"": 19, ""%RankH"": 0.631, ""GoogleScholar"": ""https://scholar.google.com/citations?user=X5Q2-B0AAAAJ&hl=en&oi=ao"", ""CurrentSchool"": ""UNC"", ""Position"": ""Assistant Professor"", ""PhDYear"": 2019, ""PhDSchool"": ""Stanford University"", ""Years"": 6, ""First"": ""Miyuki"", ""Last"": ""Hino""}}"
511,google_scholar,2026-03-01,2556,25,,,,,"{""workbook_row"": {""Name"": ""Nikhil Kaza"", ""Year"": 2008, ""Cites2017"": 2556, ""%Cites2017"": 0.74, ""%Rank"": 0.854, ""H-Index"": 25, ""%RankH"": 0.793, ""GoogleScholar"": ""https://scholar.google.com.ph/citations?user=F0FfN00AAAAJ&hl=en"", ""CurrentSchool"": ""UNC"", ""Position"": ""Associate Professor"", ""PhDYear"": 2008, ""PhDSchool"": ""University of Illinois, Urbana-Champaign"", ""Years"": 17, ""First"": ""Nikhil"", ""Last"": ""Kaza"", ""Interests"": ""Plans, Land Use Planning, Planning Support Systems, Complex Systems, Decision Theory."", ""LinkedIn"": ""https://linkedin.com/in/nikhilkaza""}}"
512,google_scholar,2026-03-01,8188,40,,,,,"{""workbook_row"": {""Name"": ""Noreen McDonald"", ""Year"": 2005, ""Cites2017"": 8188, ""%Cites2017"": 0.934, ""%Rank"": 0.846, ""H-Index"": 40, ""%RankH"": 0.932, ""GoogleScholar"": ""https://scholar.google.com.ph/citations?user=gVh74ZgAAAAJ&hl=en"", ""CurrentSchool"": ""UNC"", ""Position"": ""Professor"", ""PhDYear"": 2005, ""PhDSchool"": ""UC Berkeley"", ""Years"": 20, ""First"": ""Noreen"", ""Last"": ""McDonald"", ""Interests"": ""Transportation Policy, Physical Activity, Transportation & Land Use, School Travel, School Siting"", ""LinkedIn"": ""https://linkedin.com/in/noreen-mcdonald-84b11419""}}"
513,google_scholar,2026-03-01,1336,20,,,,,"{""workbook_row"": {""Name"": ""Matthew Palm"", ""Year"": 2016, ""Cites2017"": 1336, ""%Cites2017"": 0.572, ""%Rank"": 0.832, ""H-Index"": 20, ""%RankH"": 0.664, ""GoogleScholar"": ""https://scholar.google.com/citations?hl=en&user=MObQjEUAAAAJ"", ""CurrentSchool"": ""UNC"", ""Position"": ""Assistant Professor"", ""PhDYear"": 2016, ""PhDSchool"": ""UC Davis"", ""Years"": 9, ""First"": ""Matthew"", ""Last"": ""Palm""}}"
514,google_scholar,2026-03-01,5110,39,,,,,"{""workbook_row"": {""Name"": ""Roberto Quercia"", ""Year"": 1991, ""Cites2017"": 5110, ""%Cites2017"": 0.881, ""%Rank"": 0.742, ""H-Index"": 39, ""%RankH"": 0.929, ""GoogleScholar"": ""https://scholar.google.com/citations?user=o1BUz-MAAAAJ&hl=en"", ""CurrentSchool"": ""UNC"", ""Position"": ""Professor"", ""PhDYear"": 1991, ""PhDSchool"": ""UNC"", ""Years"": 34, ""First"": ""Roberto"", ""Middle"": ""G."", ""Last"": ""Quercia"", ""LinkedIn"": ""https://linkedin.com/in/roberto-quercia-33956615""}}"
515,google_scholar,2026-03-01,8841,44,,,,,"{""workbook_row"": {""Name"": ""William Rohe"", ""Year"": 1978, ""Cites2017"": 8841, ""%Cites2017"": 0.942, ""%Rank"": 0.868, ""H-Index"": 44, ""%RankH"": 0.951, ""GoogleScholar"": ""https://scholar.google.com/citations?user=n5WmOJ0AAAAJ&hl=en"", ""CurrentSchool"": ""UNC"", ""Position"": ""Professor"", ""PhDYear"": 1978, ""PhDSchool"": ""Pennsylvania State University"", ""Years"": 47, ""First"": ""William"", ""Last"": ""Rohe"", ""Interests"": ""Urban Redevelopment, Neighborhood Revitalization, Community Development Planning & Policy, Affordable & Workforce Housing Programs"", ""LinkedIn"": ""https://linkedin.com/in/bill-rohe-178b5814""}}"
516,google_scholar,2026-03-01,18662,72,,,,,"{""workbook_row"": {""Name"": ""Yan Song"", ""Year"": 2002, ""Cites2017"": 18662, ""%Cites2017"": 0.983, ""%Rank"": 0.96, ""H-Index"": 72, ""%RankH"": 0.992, ""GoogleScholar"": ""https://scholar.google.com/citations?hl=en&user=ky5sX-0AAAAJ"", ""CurrentSchool"": ""UNC"", ""Position"": ""Professor"", ""PhDYear"": 2002, ""PhDSchool"": ""University of Illinois, Urbana-Champaign"", ""Years"": 23, ""First"": ""Yan"", ""Last"": ""Song"", ""Interests"": ""Land Use Planning & Design, Spatial Analysis of Urban Form, Planning Support Systems, Urban Planning in China"", ""LinkedIn"": ""https://linkedin.com/in/yan-song-2b435619""}}"
517,google_scholar,2026-03-01,487,9,,,,,"{""workbook_row"": {""Name"": ""Danielle Spurlock"", ""Year"": 2015, ""Cites2017"": 487, ""%Cites2017"": 0.342, ""%Rank"": 0.632, ""H-Index"": 9, ""%RankH"": 0.292, ""GoogleScholar"": ""https://scholar.google.com/citations?hl=en&user=dVWUC64AAAAJ"", ""CurrentSchool"": ""UNC"", ""Position"": ""Assistant Professor"", ""PhDYear"": 2015, ""PhDSchool"": ""University of North Carolina, Chapel Hill"", ""Years"": 10, ""First"": ""Danielle"", ""Last"": ""Spurlock"", ""Interests"": ""Plan & Policy Implementation, Environmental & Social Justice, and Dispute Resolution."", ""ResearchGate"": ""https://researchgate.net/profile/Spurlock_Danielle"", ""LinkedIn"": ""https://linkedin.com/in/danielle-spurlock-7b543017""}}"
518,google_scholar,2026-03-01,2609,23,,,,,"{""workbook_row"": {""Name"": ""Meenu Tewari"", ""Year"": 1996, ""Cites2017"": 2609, ""%Cites2017"": 0.746, ""%Rank"": 0.517, ""H-Index"": 23, ""%RankH"": 0.744, ""GoogleScholar"": ""https://scholar.google.com/citations?user=fL5sYiQAAAAJ&hl=en"", ""CurrentSchool"": ""UNC"", ""Position"": ""Professor"", ""PhDYear"": 1996, ""PhDSchool"": ""MIT"", ""Years"": 29, ""First"": ""Meenu"", ""Last"": ""Tewari"", ""Interests"": ""Economic Development, International Development, Local Political Economy, Poverty Alleviation, Small Firms & the Informal Sector"", ""ResearchGate"": ""https://researchgate.net/profile/Meenu_Tewari"", ""LinkedIn"": ""https://linkedin.com/in/meenu-tewari-5827197""}}"
519,google_scholar,2026-03-01,148,6,,,,,"{""workbook_row"": {""Name"": ""Allie Thomas"", ""Year"": 2014, ""Cites2017"": 148, ""%Cites2017"": 0.17, ""%Rank"": 0.332, ""H-Index"": 6, ""%RankH"": 0.173, ""GoogleScholar"": ""https://scholar.google.com/citations?user=k-PyJakAAAAJ&hl=en&inst=13410158990364976897"", ""CurrentSchool"": ""UNC"", ""Position"": ""Assistant Professor"", ""PhDYear"": 2014, ""PhDSchool"": ""UC Berkeley"", ""Years"": 11, ""First"": ""Allie"", ""Last"": ""Thomas""}}"
520,google_scholar,2026-03-01,1066,18,,,,,"{""workbook_row"": {""Name"": ""Andrew Whittemore"", ""Year"": 2010, ""Cites2017"": 1066, ""%Cites2017"": 0.518, ""%Rank"": 0.789, ""H-Index"": 18, ""%RankH"": 0.604, ""GoogleScholar"": ""https://scholar.google.com/citations?user=vfdT-50AAAAJ&hl=en"", ""CurrentSchool"": ""UNC"", ""Position"": ""Assistant Professor"", ""PhDYear"": 2010, ""PhDSchool"": ""UCLA"", ""Years"": 15, ""First"": ""Andrew"", ""Last"": ""Whittemore"", ""Interests"": ""History and Theory of the Built Environment in Western Societies, Planning History in the United States and Europe, Land Use Planning in the United States"", ""LinkedIn"": ""https://linkedin.com/in/andrew-whittemore-578b063""}}"
521,google_scholar,2026-03-01,17152,69,,,,,"{""workbook_row"": {""Name"": ""Dale Whittington"", ""Year"": 1980, ""Cites2017"": 17152, ""%Cites2017"": 0.981, ""%Rank"": 0.955, ""H-Index"": 69, ""%RankH"": 0.991, ""GoogleScholar"": ""https://scholar.google.com/citations?user=ABWbHGAAAAAJ&hl=en"", ""CurrentSchool"": ""UNC"", ""Position"": ""Professor"", ""PhDYear"": 1980, ""PhDSchool"": ""University of Texas, Austin"", ""Years"": 45, ""First"": ""Dale"", ""Last"": ""Whittington""}}"
523,google_scholar,2026-03-01,1295,17,,,,,"{""workbook_row"": {""Name"": ""Raphaël Fischler"", ""Year"": 1990, ""Cites2017"": 1295, ""%Cites2017"": 0.56, ""%Rank"": 0.324, ""H-Index"": 17, ""%RankH"": 0.572, ""GoogleScholar"": ""https://scholar.google.com/citations?hl=en&user=8zmqW9AAAAAJ"", ""CurrentSchool"": ""Universite de Montreal"", ""Position"": ""Professor"", ""PhDYear"": 1990, ""PhDSchool"": ""UC Berkeley"", ""Years"": 35, ""First"": ""Raphaël"", ""Last"": ""Fischler""}}"
526,google_scholar,2026-03-01,1230,21,,,,,"{""workbook_row"": {""Name"": ""Danielle Labbé"", ""Year"": 2011, ""Cites2017"": 1230, ""%Cites2017"": 0.548, ""%Rank"": 0.596, ""H-Index"": 21, ""%RankH"": 0.696, ""GoogleScholar"": ""https://scholar.google.com/citations?hl=en&authuser=1&user=HbdpCYsAAAAJ&inst=13410158990364976897"", ""CurrentSchool"": ""Universite de Montreal"", ""Position"": ""Associate Professor"", ""PhDYear"": 2011, ""PhDSchool"": ""University of British Columbia"", ""Years"": 14, ""First"": ""Danielle"", ""Last"": ""Labbé""}}"
527,google_scholar,2026-03-01,1606,25,,,,,"{""workbook_row"": {""Name"": ""Sébastien Lord"", ""Year"": 2009, ""Cites2017"": 1606, ""%Cites2017"": 0.624, ""%Rank"": 0.697, ""H-Index"": 25, ""%RankH"": 0.793, ""GoogleScholar"": ""https://scholar.google.com/citations?user=mgAKQw0AAAAJ&hl=en"", ""CurrentSchool"": ""Universite de Montreal"", ""Position"": ""Associate Professor"", ""PhDYear"": 2009, ""PhDSchool"": ""Université Laval"", ""Years"": 16, ""First"": ""Sébastien"", ""Last"": ""Lord""}}"
528,google_scholar,2026-03-01,398,9,,,,,"{""workbook_row"": {""Name"": ""Jean-Philippe Meloche"", ""Year"": 2009, ""Cites2017"": 398, ""%Cites2017"": 0.299, ""%Rank"": 0.263, ""H-Index"": 9, ""%RankH"": 0.292, ""GoogleScholar"": ""https://scholar.google.com/citations?user=XRYodhsAAAAJ&hl=en"", ""CurrentSchool"": ""Universite de Montreal"", ""Position"": ""Associate Professor"", ""PhDYear"": 2009, ""PhDSchool"": ""Universite de Montreal"", ""Years"": 16, ""First"": ""Jean-Philippe"", ""Last"": ""Meloche""}}"
529,google_scholar,2026-03-01,532,14,,,,,"{""workbook_row"": {""Name"": ""Paula Negron-Poblete"", ""Year"": 2002, ""Cites2017"": 532, ""%Cites2017"": 0.362, ""%Rank"": 0.346, ""H-Index"": 14, ""%RankH"": 0.485, ""GoogleScholar"": ""https://scholar.google.com/citations?user=byXzQ4sAAAAJ&hl=en"", ""CurrentSchool"": ""Universite de Montreal"", ""Position"": ""Associate Professor"", ""PhDYear"": 2002, ""PhDSchool"": ""Université de Montréal, Québec, Canada"", ""Years"": 23, ""First"": ""Paula"", ""Last"": ""Negron-Poblete""}}"
531,google_scholar,2026-03-01,603,12,,,,,"{""workbook_row"": {""Name"": ""Franck Scherrer"", ""Year"": 1992, ""Cites2017"": 603, ""%Cites2017"": 0.388, ""%Rank"": 0.19, ""H-Index"": 12, ""%RankH"": 0.409, ""GoogleScholar"": ""https://scholar.google.com/citations?hl=en&authuser=1&user=cDP7vs4AAAAJ"", ""CurrentSchool"": ""Universite de Montreal"", ""Position"": ""Professor"", ""PhDYear"": 1992, ""PhDSchool"": ""l’Institut d’urbanisme de Paris (Paris 12)"", ""Years"": 33, ""First"": ""Franck"", ""Last"": ""Scherrer""}}"
532,google_scholar,2026-03-01,10722,53,,,,,"{""workbook_row"": {""Name"": ""Isabelle Thomas"", ""Year"": 2004, ""Cites2017"": 10722, ""%Cites2017"": 0.959, ""%Rank"": 0.9, ""H-Index"": 53, ""%RankH"": 0.969, ""GoogleScholar"": ""https://scholar.google.com/citations?user=7Q9a6oAAAAAJ&hl=en"", ""CurrentSchool"": ""Universite de Montreal"", ""Position"": ""Professor"", ""PhDYear"": 2004, ""PhDSchool"": ""Université de Paris IV- Sorbonne, France"", ""Years"": 21, ""First"": ""Isabelle"", ""Last"": ""Thomas""}}"
536,google_scholar,2026-03-01,996,16,,,,,"{""workbook_row"": {""Name"": ""Genevieve Cloutier"", ""Year"": 2009, ""Cites2017"": 996, ""%Cites2017"": 0.506, ""%Rank"": 0.782, ""H-Index"": 16, ""%RankH"": 0.548, ""GoogleScholar"": ""https://scholar.google.com/citations?user=5RQSmioAAAAJ&hl=en"", ""CurrentSchool"": ""Universite Laval"", ""Position"": ""Assistant Professor"", ""PhDYear"": 2009, ""PhDSchool"": ""INRS - Urbanisation, Culture et Societe (Institute National de la recherche scientifique)"", ""Years"": 16, ""First"": ""Genevieve"", ""Last"": ""Cloutier""}}"
537,google_scholar,2026-03-01,2837,26,,,,,"{""workbook_row"": {""Name"": ""Jean Dubé"", ""Year"": 2010, ""Cites2017"": 2837, ""%Cites2017"": 0.774, ""%Rank"": 0.884, ""H-Index"": 26, ""%RankH"": 0.813, ""GoogleScholar"": ""https://scholar.google.com/citations?user=UpPlMYwAAAAJ&hl=en"", ""CurrentSchool"": ""Universite Laval"", ""Position"": ""Associate Professor"", ""PhDYear"": 2010, ""PhDSchool"": ""Université Laval"", ""Years"": 15, ""First"": ""Jean"", ""Last"": ""Dubé""}}"
538,google_scholar,2026-03-01,2393,21,,,,,"{""workbook_row"": {""Name"": ""Florent Joerin"", ""Year"": 1998, ""Cites2017"": 2393, ""%Cites2017"": 0.719, ""%Rank"": 0.821, ""H-Index"": 21, ""%RankH"": 0.696, ""GoogleScholar"": ""https://scholar.google.com/citations?user=5-gYUd4AAAAJ&hl=en"", ""CurrentSchool"": ""Universite Laval"", ""Position"": ""Associate Professor"", ""PhDYear"": 1998, ""PhDSchool"": ""École Polytechnique Fédérale de Lausanne"", ""Years"": 27, ""First"": ""Florent"", ""Last"": ""Joerin""}}"
539,google_scholar,2026-03-01,358,9,,,,,"{""workbook_row"": {""Name"": ""Roxane Lavoie"", ""Year"": 2013, ""Cites2017"": 358, ""%Cites2017"": 0.287, ""%Rank"": 0.55, ""H-Index"": 9, ""%RankH"": 0.292, ""GoogleScholar"": ""https://scholar.google.com/citations?user=J2SGlSQAAAAJ&hl=en"", ""CurrentSchool"": ""Universite Laval"", ""Position"": ""Assistant Professor"", ""PhDYear"": 2013, ""PhDSchool"": ""Université Laval"", ""Years"": 12, ""First"": ""Roxane"", ""Last"": ""Lavoie""}}"
540,google_scholar,2026-03-01,6510,43,,,,,"{""workbook_row"": {""Name"": ""Claude Lavoie"", ""Year"": 1994, ""Cites2017"": 6510, ""%Cites2017"": 0.916, ""%Rank"": 0.806, ""H-Index"": 43, ""%RankH"": 0.945, ""GoogleScholar"": ""https://scholar.google.com/citations?user=Q00ktPsAAAAJ&hl=en"", ""CurrentSchool"": ""Universite Laval"", ""Position"": ""Professor"", ""PhDYear"": 1994, ""PhDSchool"": ""Université Laval"", ""Years"": 31, ""First"": ""Claude"", ""Last"": ""Lavoie""}}"
541,google_scholar,2026-03-01,1725,20,,,,,"{""workbook_row"": {""Name"": ""Alexandre Lebel"", ""Year"": 2011, ""Cites2017"": 1725, ""%Cites2017"": 0.636, ""%Rank"": 0.871, ""H-Index"": 20, ""%RankH"": 0.664, ""GoogleScholar"": ""https://scholar.google.com/citations?user=NBcJNaYAAAAJ&hl=en"", ""CurrentSchool"": ""Universite Laval"", ""Position"": ""Assistant Professor"", ""PhDYear"": 2011, ""PhDSchool"": ""Université Laval"", ""Years"": 14, ""First"": ""Alexandre"", ""Last"": ""Lebel""}}"
543,google_scholar,2026-03-01,5491,40,,,,,"{""workbook_row"": {""Name"": ""Jean Morin"", ""Year"": 2001, ""Cites2017"": 5491, ""%Cites2017"": 0.894, ""%Rank"": 0.964, ""H-Index"": 40, ""%RankH"": 0.932, ""GoogleScholar"": ""https://scholar.google.com/citations?user=sswn0tcAAAAJ&hl=en"", ""CurrentSchool"": ""Universite Laval"", ""Position"": ""Associate Professor"", ""PhDYear"": 2001, ""PhDSchool"": ""INRS (Institut national de la recherche scientifique)"", ""Years"": 24, ""First"": ""Jean"", ""Last"": ""Morin""}}"
544,google_scholar,2026-03-01,1332,19,,,,,"{""workbook_row"": {""Name"": ""Francois Proulx"", ""Year"": 2009, ""Cites2017"": 1332, ""%Cites2017"": 0.57, ""%Rank"": 0.634, ""H-Index"": 19, ""%RankH"": 0.631, ""GoogleScholar"": ""https://scholar.google.com/citations?user=Y2mu1nAAAAAJ&hl=en"", ""CurrentSchool"": ""Universite Laval"", ""Position"": ""Associate Professor"", ""PhDYear"": 2009, ""PhDSchool"": ""Université Laval"", ""Years"": 16, ""First"": ""Francois"", ""Last"": ""Proulx""}}"
545,google_scholar,2026-03-01,11566,55,,,,,"{""workbook_row"": {""Name"": ""Manuel Rodriguez"", ""Year"": 1996, ""Cites2017"": 11566, ""%Cites2017"": 0.963, ""%Rank"": 0.91, ""H-Index"": 55, ""%RankH"": 0.978, ""GoogleScholar"": ""https://scholar.google.com/citations?user=gYKMgEUAAAAJ&hl=en"", ""CurrentSchool"": ""Universite Laval"", ""Position"": ""Professor"", ""PhDYear"": 1996, ""PhDSchool"": ""Université Laval"", ""Years"": 29, ""First"": ""Manuel"", ""Middle"": ""J."", ""Last"": ""Rodriguez""}}"
546,google_scholar,2026-03-01,3813,35,,,,,"{""workbook_row"": {""Name"": ""Owen Waygood"", ""Year"": 2009, ""Cites2017"": 3813, ""%Cites2017"": 0.828, ""%Rank"": 0.967, ""H-Index"": 35, ""%RankH"": 0.902, ""GoogleScholar"": ""https://scholar.google.com/citations?user=dADJ0sUAAAAJ&hl"", ""CurrentSchool"": ""Universite Laval"", ""Position"": ""Assistant Professor"", ""PhDYear"": 2009, ""PhDSchool"": ""Kyoto University"", ""Years"": 16, ""First"": ""Owen"", ""Last"": ""Waygood""}}"
547,google_scholar,2026-03-01,1233,18,,,,,"{""workbook_row"": {""Name"": ""Emmanuel Boamah"", ""Year"": 2017, ""Cites2017"": 1233, ""%Cites2017"": 0.549, ""%Rank"": 0.825, ""H-Index"": 18, ""%RankH"": 0.604, ""GoogleScholar"": ""https://scholar.google.com/citations?user=hra8PVAAAAAJ&hl=en"", ""CurrentSchool"": ""University at Buffalo, The State University of New York"", ""Position"": ""Assistant Professor"", ""PhDYear"": 2017, ""PhDSchool"": ""University of Louisville"", ""Years"": 8, ""First"": ""Emmanuel"", ""Last"": ""Boamah""}}"
548,google_scholar,2026-03-01,14,2,,,,,"{""workbook_row"": {""Name"": ""Alissa Ujie Diamond"", ""Year"": 2024, ""Cites2017"": 14, ""%Cites2017"": 0.034, ""%Rank"": 0.071, ""H-Index"": 2, ""%RankH"": 0.024, ""GoogleScholar"": ""https://scholar.google.com/citations?user=bsxlAWcAAAAJ&hl=en&oi=ao"", ""CurrentSchool"": ""University at Buffalo, The State University of New York"", ""Position"": ""Assistant Professor"", ""PhDYear"": 2024, ""PhDSchool"": ""University of Virginia"", ""Years"": 1, ""First"": ""Alissa"", ""Last"": ""Diamond""}}"
549,google_scholar,2026-03-01,426,12,,,,,"{""workbook_row"": {""Name"": ""Lauren Fischer"", ""Year"": 2019, ""Cites2017"": 426, ""%Cites2017"": 0.312, ""%Rank"": 0.585, ""H-Index"": 12, ""%RankH"": 0.409, ""GoogleScholar"": ""https://scholar.google.com/citations?hl=en&user=ATK9K6wAAAAJ"", ""CurrentSchool"": ""University at Buffalo, The State University of New York"", ""Position"": ""Assistant Professor"", ""PhDYear"": 2019, ""PhDSchool"": ""Columbia University"", ""Years"": 6, ""First"": ""Lauren"", ""Last"": ""Fischer""}}"
550,google_scholar,2026-03-01,238,7,,,,,"{""workbook_row"": {""Name"": ""Kelly Gregg"", ""Year"": 2019, ""Cites2017"": 238, ""%Cites2017"": 0.228, ""%Rank"": 0.46, ""H-Index"": 7, ""%RankH"": 0.218, ""GoogleScholar"": ""https://scholar.google.com/citations?user=gyJwNBQAAAAJ&hl=en"", ""CurrentSchool"": ""University at Buffalo, The State University of New York"", ""Position"": ""Assistant Professor"", ""PhDYear"": 2019, ""PhDSchool"": ""University of Toronto"", ""Years"": 6, ""First"": ""Kelly"", ""Last"": ""Gregg""}}"
551,google_scholar,2026-03-01,4572,33,,,,,"{""workbook_row"": {""Name"": ""Daniel Hess"", ""Year"": 2004, ""Cites2017"": 4572, ""%Cites2017"": 0.858, ""%Rank"": 0.702, ""H-Index"": 33, ""%RankH"": 0.886, ""GoogleScholar"": ""https://scholar.google.com.ph/citations?user=1_FINjQAAAAJ&hl=en"", ""CurrentSchool"": ""University at Buffalo, The State University of New York"", ""Position"": ""Professor"", ""PhDYear"": 2004, ""PhDSchool"": ""UCLA"", ""Years"": 21, ""First"": ""Daniel"", ""Middle"": ""B."", ""Last"": ""Hess"", ""Interests"": ""Transportation Planning and Policy, Planning History, Transportation, Land Use and Urban Form, Urban Design""}}"
552,google_scholar,2026-03-01,158,6,,,,,"{""workbook_row"": {""Name"": ""Alexandra Judelsohn"", ""Year"": 2023, ""Cites2017"": 158, ""%Cites2017"": 0.177, ""%Rank"": 0.35, ""H-Index"": 6, ""%RankH"": 0.173, ""GoogleScholar"": ""https://scholar.google.com/citations?hl=en&user=kKauU2sAAAAJ"", ""CurrentSchool"": ""University at Buffalo, The State University of New York"", ""Position"": ""Assistant Professor"", ""PhDYear"": 2023, ""PhDSchool"": ""University of Michigan"", ""Years"": 2, ""First"": ""Alexandra"", ""Last"": ""Judelsohn""}}"
553,google_scholar,2026-03-01,3346,22,,,,,"{""workbook_row"": {""Name"": ""Lucie Laurian"", ""Year"": 2001, ""Cites2017"": 3346, ""%Cites2017"": 0.8, ""%Rank"": 0.601, ""H-Index"": 22, ""%RankH"": 0.722, ""GoogleScholar"": ""https://scholar.google.com/citations?user=KGmQ_24AAAAJ&hl=en"", ""CurrentSchool"": ""University at Buffalo, The State University of New York"", ""Position"": ""Professor"", ""PhDYear"": 2001, ""PhDSchool"": ""UNC"", ""Years"": 24, ""First"": ""Lucie"", ""Last"": ""Laurian"", ""Interests"": ""Urban and Environmental Planning, Plan Implementation, Public Participation in Environmental Decision Making, Demography: Population-Environment Interactions, Migration"", ""LinkedIn"": ""https://linkedin.com/in/lucie-laurian-81223459""}}"
554,google_scholar,2026-03-01,2196,17,,,,,"{""workbook_row"": {""Name"": ""Jordana Maisel"", ""Year"": 2014, ""Cites2017"": 2196, ""%Cites2017"": 0.695, ""%Rank"": 0.91, ""H-Index"": 17, ""%RankH"": 0.572, ""GoogleScholar"": ""https://scholar.google.com/citations?hl=en&authuser=2&user=shLDtSEAAAAJ&inst=13410158990364976897"", ""CurrentSchool"": ""University at Buffalo, The State University of New York"", ""Position"": ""Assistant Professor"", ""PhDYear"": 2014, ""PhDSchool"": ""University at Buffalo, The State University of New York"", ""Years"": 11, ""First"": ""Jordana"", ""Last"": ""Maisel""}}"
556,google_scholar,2026-03-01,1959,25,,,,,"{""workbook_row"": {""Name"": ""JiYoung Park"", ""Year"": 2007, ""Cites2017"": 1959, ""%Cites2017"": 0.669, ""%Rank"": 0.758, ""H-Index"": 25, ""%RankH"": 0.793, ""GoogleScholar"": ""https://scholar.google.com/citations?user=6BCysMwAAAAJ&hl=en"", ""CurrentSchool"": ""University at Buffalo, The State University of New York"", ""Position"": ""Associate Professor"", ""PhDYear"": 2007, ""PhDSchool"": ""USC"", ""Years"": 18, ""First"": ""JiYoung"", ""Last"": ""Park"", ""Interests"": ""Analytical, Quantitative and Research Methods, Emergency Preparedness and Disaster Mitigation"", ""LinkedIn"": ""https://linkedin.com/in/jiyoung-park-4bba181b""}}"
557,google_scholar,2026-03-01,4524,28,,,,,"{""workbook_row"": {""Name"": ""Samina Raja"", ""Year"": 2002, ""Cites2017"": 4524, ""%Cites2017"": 0.856, ""%Rank"": 0.7, ""H-Index"": 28, ""%RankH"": 0.832, ""GoogleScholar"": ""https://scholar.google.com.ph/citations?user=MTFceFMAAAAJ&hl=en"", ""CurrentSchool"": ""University at Buffalo, The State University of New York"", ""Position"": ""Professor"", ""PhDYear"": 2002, ""PhDSchool"": ""University of Wisconsin, Madison"", ""Years"": 23, ""First"": ""Samina"", ""Last"": ""Raja"", ""Interests"": ""International Development, Fiscal Impacts of Growth, Quantitative Methods, Community Food Security"", ""ResearchGate"": ""https://researchgate.net/profile/Samina_Raja2"", ""LinkedIn"": ""https://linkedin.com/in/samina-raja-b35802b""}}"
558,google_scholar,2026-03-01,1396,9,,,,,"{""workbook_row"": {""Name"": ""Robert Shibley"", ""Year"": 1973, ""Cites2017"": 1396, ""%Cites2017"": 0.58, ""%Rank"": 0.349, ""H-Index"": 9, ""%RankH"": 0.292, ""GoogleScholar"": ""https://scholar.google.com/citations?hl=en&user=8-MUCNkAAAAJ"", ""CurrentSchool"": ""University at Buffalo, The State University of New York"", ""Position"": ""Professor"", ""PhDYear"": 1973, ""PhDSchool"": ""The Catholic University of America"", ""Years"": 52, ""First"": ""Robert"", ""Middle"": ""G."", ""Last"": ""Shibley"", ""Interests"": ""Urban Design, Placemaking, Downtown Redevelopment, Waterfront Planning, Architectural Design"", ""ResearchGate"": ""https://researchgate.net/profile/Robert_Shibley"", ""LinkedIn"": ""https://linkedin.com/in/robert-g-shibley-faia-aicp-18335312""}}"
559,google_scholar,2026-03-01,2684,29,,,,,"{""workbook_row"": {""Name"": ""Robert Silverman"", ""Year"": 1997, ""Cites2017"": 2684, ""%Cites2017"": 0.757, ""%Rank"": 0.539, ""H-Index"": 29, ""%RankH"": 0.84, ""GoogleScholar"": ""https://scholar.google.com/citations?user=hR1VV0EAAAAJ&hl=en"", ""CurrentSchool"": ""University at Buffalo, The State University of New York"", ""Position"": ""Professor"", ""PhDYear"": 1997, ""PhDSchool"": ""University of Wisconsin, Milwaukee"", ""Years"": 28, ""First"": ""Robert"", ""Middle"": ""M."", ""Last"": ""Silverman"", ""Interests"": ""Citizen Participation and Community Organizing, Community Development, Public Finance, Research Methods"", ""ResearchGate"": ""https://researchgate.net/profile/Robert_Silverman5"", ""LinkedIn"": ""https://linkedin.com/in/rob-silverman-3831aa2""}}"
560,google_scholar,2026-03-01,1779,18,,,,,"{""workbook_row"": {""Name"": ""Ernest Sternberg"", ""Year"": 1990, ""Cites2017"": 1779, ""%Cites2017"": 0.646, ""%Rank"": 0.415, ""H-Index"": 18, ""%RankH"": 0.604, ""GoogleScholar"": ""https://scholar.google.com/citations?user=Kg4UUj4AAAAJ&hl=en"", ""CurrentSchool"": ""University at Buffalo, The State University of New York"", ""Position"": ""Professor"", ""PhDYear"": 1990, ""PhDSchool"": ""Cornell University"", ""Years"": 35, ""First"": ""Ernest"", ""Last"": ""Sternberg"", ""Interests"": ""Economic Development, Planning Theory, Disaster and Domestic Security, Physical Planning"", ""ResearchGate"": ""https://researchgate.net/profile/Ernest_Sternberg""}}"
561,google_scholar,2026-03-01,1555,20,,,,,"{""workbook_row"": {""Name"": ""Henry Taylor"", ""Year"": 1979, ""Cites2017"": 1555, ""%Cites2017"": 0.611, ""%Rank"": 0.378, ""H-Index"": 20, ""%RankH"": 0.664, ""GoogleScholar"": ""https://scholar.google.com/citations?hl=en&user=_3N8dz0AAAAJ"", ""CurrentSchool"": ""University at Buffalo, The State University of New York"", ""Position"": ""Professor"", ""PhDYear"": 1979, ""PhDSchool"": ""SUNY Buffalo"", ""Years"": 46, ""First"": ""Henry"", ""Middle"": ""Louis"", ""Last"": ""Taylor"", ""Interests"": ""Race, Class and Gender, Urban History, Urban Management, Community Development, Health and the Built Environment"", ""ResearchGate"": ""https://researchgate.net/profile/Henry_Taylor_Jr"", ""LinkedIn"": ""https://linkedin.com/in/henry-taylor-4223838""}}"
562,google_scholar,2026-03-01,4282,30,,,,,"{""workbook_row"": {""Name"": ""Li Yin"", ""Year"": 2004, ""Cites2017"": 4282, ""%Cites2017"": 0.847, ""%Rank"": 0.936, ""H-Index"": 30, ""%RankH"": 0.857, ""GoogleScholar"": ""https://scholar.google.com/citations?hl=en&user=Pfeebk0AAAAJ"", ""CurrentSchool"": ""University at Buffalo, The State University of New York"", ""Position"": ""Associate Professor"", ""PhDYear"": 2004, ""PhDSchool"": ""University of Colorado, Denver"", ""Years"": 21, ""First"": ""Li"", ""Last"": ""Yin"", ""Interests"": ""Land Use and Environmental Planning and Modeling, Information Technology for Planning, Sustainability Planning"", ""ResearchGate"": ""https://researchgate.net/profile/Ying_Liu38""}}"
563,google_scholar,2026-03-01,1789,22,,,,,"{""workbook_row"": {""Name"": ""Sandeep Agrawal"", ""Year"": 2001, ""Cites2017"": 1789, ""%Cites2017"": 0.647, ""%Rank"": 0.418, ""H-Index"": 22, ""%RankH"": 0.722, ""GoogleScholar"": ""https://scholar.google.com.ph/citations?user=2AmEsKEAAAAJ&hl=en"", ""CurrentSchool"": ""University of Alberta"", ""Position"": ""Professor"", ""PhDYear"": 2001, ""PhDSchool"": ""University of Illinois, Urbana-Champaign"", ""Years"": 24, ""First"": ""Sandeep"", ""Middle"": ""Kumar"", ""Last"": ""Agrawal"", ""Interests"": ""Urban Design, Design Review, Ethnic Enclaves, Multiculturalism and Planning Policies, Immigration and Settlement"", ""LinkedIn"": ""https://linkedin.com/in/sandeep-agrawal-9b64b74a""}}"
564,google_scholar,2026-03-01,100,6,,,,,"{""workbook_row"": {""Name"": ""Paul Boniface Akaabre"", ""Year"": 2023, ""Cites2017"": 100, ""%Cites2017"": 0.12, ""%Rank"": 0.228, ""H-Index"": 6, ""%RankH"": 0.173, ""GoogleScholar"": ""https://scholar.google.com/citations?hl=en&user=dvXACn8AAAAJ"", ""CurrentSchool"": ""University of Alberta"", ""Position"": ""Assistant Professor"", ""PhDYear"": 2023, ""PhDSchool"": ""UBC"", ""Years"": 2, ""First"": ""Paul"", ""Last"": ""Akaabre""}}"
566,google_scholar,2026-03-01,1400,19,,,,,"{""workbook_row"": {""Name"": ""Elmond Bandauko"", ""Year"": 2024, ""Cites2017"": 1400, ""%Cites2017"": 0.581, ""%Rank"": 0.842, ""H-Index"": 19, ""%RankH"": 0.631, ""GoogleScholar"": ""https://scholar.google.com/citations?hl=en&user=2VPCUpEAAAAJ"", ""CurrentSchool"": ""University of Alberta"", ""Position"": ""Assistant Professor"", ""PhDYear"": 2024, ""PhDSchool"": ""Western University"", ""Years"": 1, ""First"": ""Elmond"", ""Last"": ""Bandauko""}}"
567,google_scholar,2026-03-01,1770,23,,,,,"{""workbook_row"": {""Name"": ""Jeff Birchall"", ""Year"": 2013, ""Cites2017"": 1770, ""%Cites2017"": 0.645, ""%Rank"": 0.725, ""H-Index"": 23, ""%RankH"": 0.744, ""GoogleScholar"": ""https://scholar.google.com/citations?user=NFXN5TQAAAAJ&hl=en"", ""CurrentSchool"": ""University of Alberta"", ""Position"": ""Associate Professor"", ""PhDYear"": 2013, ""PhDSchool"": ""University of Canterbury, Christchurch, New Zealand"", ""Years"": 12, ""First"": ""Jeff"", ""Last"": ""Birchall""}}"
568,google_scholar,2026-03-01,4178,36,,,,,"{""workbook_row"": {""Name"": ""Damian Collins"", ""Year"": 2004, ""Cites2017"": 4178, ""%Cites2017"": 0.844, ""%Rank"": 0.678, ""H-Index"": 36, ""%RankH"": 0.908, ""GoogleScholar"": ""https://scholar.google.com/citations?user=wDQswpQAAAAJ&hl=en"", ""CurrentSchool"": ""University of Alberta"", ""Position"": ""Professor"", ""PhDYear"": 2004, ""PhDSchool"": ""Simon Fraser University"", ""Years"": 21, ""First"": ""Damian"", ""Last"": ""Collins"", ""Interests"": ""Housing and Homelessness, Public Space.""}}"
569,google_scholar,2026-03-01,2215,24,,,,,"{""workbook_row"": {""Name"": ""Josh Evans"", ""Year"": 2009, ""Cites2017"": 2215, ""%Cites2017"": 0.696, ""%Rank"": 0.791, ""H-Index"": 24, ""%RankH"": 0.774, ""GoogleScholar"": ""https://scholar.google.com/citations?hl=en&user=NDE6b-AAAAAJ"", ""CurrentSchool"": ""University of Alberta"", ""Position"": ""Associate Professor"", ""PhDYear"": 2009, ""PhDSchool"": ""McMaster University"", ""Years"": 16, ""First"": ""Josh"", ""Last"": ""Evans""}}"
570,google_scholar,2026-03-01,4416,20,,,,,"{""workbook_row"": {""Name"": ""Theresa Garvin"", ""Year"": 1999, ""Cites2017"": 4416, ""%Cites2017"": 0.854, ""%Rank"": 0.695, ""H-Index"": 20, ""%RankH"": 0.664, ""GoogleScholar"": ""https://scholar.google.com/citations?user=tZ24ViQAAAAJ&hl=en"", ""CurrentSchool"": ""University of Alberta"", ""Position"": ""Professor"", ""PhDYear"": 1999, ""PhDSchool"": ""McMaster University"", ""Years"": 26, ""First"": ""Theresa"", ""Last"": ""Garvin"", ""ResearchGate"": ""https://researchgate.net/profile/Theresa_Garvin"", ""LinkedIn"": ""https://linkedin.com/in/theresa-garvin-5475993a""}}"
571,google_scholar,2026-03-01,1164,17,,,,,"{""workbook_row"": {""Name"": ""Emily Grisé"", ""Year"": 2019, ""Cites2017"": 1164, ""%Cites2017"": 0.532, ""%Rank"": 0.81, ""H-Index"": 17, ""%RankH"": 0.572, ""GoogleScholar"": ""https://scholar.google.com/citations?user=fqUfReEAAAAJ&hl=th"", ""CurrentSchool"": ""University of Alberta"", ""Position"": ""Assistant Professor"", ""PhDYear"": 2019, ""PhDSchool"": ""McGill University"", ""Years"": 6, ""First"": ""Emily"", ""Last"": ""Grisé""}}"
572,google_scholar,2026-03-01,4193,39,,,,,"{""workbook_row"": {""Name"": ""Tara McGee"", ""Year"": 1996, ""Cites2017"": 4193, ""%Cites2017"": 0.845, ""%Rank"": 0.68, ""H-Index"": 39, ""%RankH"": 0.929, ""GoogleScholar"": ""https://scholar.google.com/citations?user=COxIKCIAAAAJ&hl=en"", ""CurrentSchool"": ""University of Alberta"", ""Position"": ""Professor"", ""PhDYear"": 1996, ""PhDSchool"": ""Australian National University"", ""Years"": 29, ""First"": ""Tara"", ""Last"": ""McGee"", ""ResearchGate"": ""https://researchgate.net/profile/T_Mcgee2"", ""LinkedIn"": ""https://linkedin.com/in/tara-mcgee-11156929""}}"
573,google_scholar,2026-03-01,13960,41,,,,,"{""workbook_row"": {""Name"": ""Rob Shields"", ""Year"": 1998, ""Cites2017"": 13960, ""%Cites2017"": 0.97, ""%Rank"": 0.928, ""H-Index"": 41, ""%RankH"": 0.938, ""GoogleScholar"": ""https://scholar.google.com/citations?user=efWsZUoAAAAJ&hl=en"", ""CurrentSchool"": ""University of Alberta"", ""Position"": ""Professor"", ""PhDYear"": 1998, ""PhDSchool"": ""University of Sussex"", ""Years"": 27, ""First"": ""Rob"", ""Last"": ""Shields"", ""Interests"": ""Social Meaning of the Built Spaces, Urban Cultural Studies."", ""ResearchGate"": ""https://researchgate.net/profile/Rob_Shields"", ""LinkedIn"": ""https://linkedin.com/in/rob-shields-9009a530""}}"
574,google_scholar,2026-03-01,990,14,,,,,"{""workbook_row"": {""Name"": ""Robert Summers"", ""Year"": 2005, ""Cites2017"": 990, ""%Cites2017"": 0.504, ""%Rank"": 0.274, ""H-Index"": 14, ""%RankH"": 0.485, ""GoogleScholar"": ""https://scholar.google.com/citations?hl=en&authuser=1&user=tk4dMeoAAAAJ"", ""CurrentSchool"": ""University of Alberta"", ""Position"": ""Professor"", ""PhDYear"": 2005, ""PhDSchool"": ""University of Guelph"", ""Years"": 20, ""First"": ""Robert"", ""Last"": ""Summers""}}"
575,google_scholar,2026-03-01,8851,50,,,,,"{""workbook_row"": {""Name"": ""Kristof Assche"", ""Year"": 2004, ""Cites2017"": 8851, ""%Cites2017"": 0.943, ""%Rank"": 0.871, ""H-Index"": 50, ""%RankH"": 0.967, ""GoogleScholar"": ""https://scholar.google.com.ph/citations?user=zBA-sD8AAAAJ&hl=en"", ""CurrentSchool"": ""University of Alberta"", ""Position"": ""Professor"", ""PhDYear"": 2004, ""PhDSchool"": ""Wegeningen University"", ""Years"": 21, ""First"": ""Kristof"", ""Last"": ""Van Assche"", ""Interests"": ""Comparative Planning & International Development, Environmental Governance & Planning, Governance of Transition & Innovation."", ""ResearchGate"": ""https://researchgate.net/profile/Kristof_Assche"", ""LinkedIn"": ""https://linkedin.com/in/kristof-van-assche-2655372""}}"
576,google_scholar,2026-03-01,573,10,,,,,"{""workbook_row"": {""Name"": ""Kyle Whitfield"", ""Year"": 2005, ""Cites2017"": 573, ""%Cites2017"": 0.377, ""%Rank"": 0.368, ""H-Index"": 10, ""%RankH"": 0.335, ""GoogleScholar"": ""https://scholar.google.com/citations?user=eGRiu4cAAAAJ&hl=en"", ""CurrentSchool"": ""University of Alberta"", ""Position"": ""Associate Professor"", ""PhDYear"": 2005, ""PhDSchool"": ""University of Waterloo"", ""Years"": 20, ""First"": ""Kyle"", ""Middle"": ""Y."", ""Last"": ""Whitfield"", ""Interests"": ""Community Planning, Rural Planning, Health Service Planning, Aging Related Issues, Social Planning Policy."", ""ResearchGate"": ""https://researchgate.net/profile/Kyle_Whitfield"", ""LinkedIn"": ""https://linkedin.com/in/kyle-whitfield-628a942""}}"
577,google_scholar,2026-03-01,1277,15,,,,,"{""workbook_row"": {""Name"": ""Arlie Adkins"", ""Year"": 2014, ""Cites2017"": 1277, ""%Cites2017"": 0.556, ""%Rank"": 0.607, ""H-Index"": 15, ""%RankH"": 0.516, ""GoogleScholar"": ""https://scholar.google.com/citations?user=M0xBwLcAAAAJ&hl=en"", ""CurrentSchool"": ""University of Arizona"", ""Position"": ""Associate Professor"", ""PhDYear"": 2014, ""PhDSchool"": ""Portland State University"", ""Years"": 11, ""First"": ""Arlie"", ""Last"": ""Adkins""}}"
578,google_scholar,2026-03-01,673,14,,,,,"{""workbook_row"": {""Name"": ""Kristina Currans"", ""Year"": 2017, ""Cites2017"": 673, ""%Cites2017"": 0.411, ""%Rank"": 0.425, ""H-Index"": 14, ""%RankH"": 0.485, ""GoogleScholar"": ""https://scholar.google.com/citations?user=KSv7KvMAAAAJ&hl=en"", ""CurrentSchool"": ""University of Arizona"", ""Position"": ""Associate Professor"", ""PhDYear"": 2017, ""PhDSchool"": ""Portland State University"", ""Years"": 8, ""First"": ""Kristina"", ""Last"": ""Currans""}}"
579,google_scholar,2026-03-01,923,13,,,,,"{""workbook_row"": {""Name"": ""Aaron Flores"", ""Year"": 2022, ""Cites2017"": 923, ""%Cites2017"": 0.489, ""%Rank"": 0.767, ""H-Index"": 13, ""%RankH"": 0.45, ""GoogleScholar"": ""https://scholar.google.com/citations?user=OSSzZk4AAAAJ&hl=en"", ""CurrentSchool"": ""University of Arizona"", ""Position"": ""Assistant Professor"", ""PhDYear"": 2022, ""PhDSchool"": ""University of Utah"", ""Years"": 3, ""First"": ""Aaron"", ""Last"": ""Flores""}}"
580,google_scholar,2026-03-01,693,11,,,,,"{""workbook_row"": {""Name"": ""Ladd Keith"", ""Year"": 2019, ""Cites2017"": 693, ""%Cites2017"": 0.422, ""%Rank"": 0.7, ""H-Index"": 11, ""%RankH"": 0.374, ""GoogleScholar"": ""https://scholar.google.com/citations?hl=en&authuser=1&user=49AGz28AAAAJ"", ""CurrentSchool"": ""University of Arizona"", ""Position"": ""Assistant Professor"", ""PhDYear"": 2019, ""PhDSchool"": ""University of Arizona"", ""Years"": 6, ""First"": ""Ladd"", ""Last"": ""Keith""}}"
581,google_scholar,2026-03-01,181,6,,,,,"{""workbook_row"": {""Name"": ""Daniel Kuhlmann"", ""Year"": 2018, ""Cites2017"": 181, ""%Cites2017"": 0.192, ""%Rank"": 0.385, ""H-Index"": 6, ""%RankH"": 0.173, ""GoogleScholar"": ""https://scholar.google.com/citations?user=Rqx3ZF0AAAAJ"", ""CurrentSchool"": ""University of Arizona"", ""Position"": ""Assistant Professor"", ""PhDYear"": 2018, ""PhDSchool"": ""Cornell University"", ""Years"": 7, ""First"": ""Daniel"", ""Last"": ""Kuhlmann""}}"
582,google_scholar,2026-03-01,927,17,,,,,"{""workbook_row"": {""Name"": ""Shujuan Li"", ""Year"": 2009, ""Cites2017"": 927, ""%Cites2017"": 0.492, ""%Rank"": 0.53, ""H-Index"": 17, ""%RankH"": 0.572, ""GoogleScholar"": ""https://scholar.google.com/citations?hl=en&authuser=1&user=GwW4TtYAAAAJ&inst=13410158990364976897"", ""CurrentSchool"": ""University of Arizona"", ""Position"": ""Associate Professor"", ""PhDYear"": 2009, ""PhDSchool"": ""Texas A&M"", ""Years"": 16, ""First"": ""Shujuan"", ""Last"": ""Li""}}"
584,google_scholar,2026-03-01,1064,15,,,,,"{""workbook_row"": {""Name"": ""Philip Stoker"", ""Year"": 2015, ""Cites2017"": 1064, ""%Cites2017"": 0.517, ""%Rank"": 0.565, ""H-Index"": 15, ""%RankH"": 0.516, ""GoogleScholar"": ""https://scholar.google.com/citations?user=hJyPX4cAAAAJ&hl=en"", ""CurrentSchool"": ""University of Arizona"", ""Position"": ""Associate Professor"", ""PhDYear"": 2015, ""PhDSchool"": ""University of Utah"", ""Years"": 10, ""First"": ""Philip"", ""Last"": ""Stoker""}}"
585,google_scholar,2026-03-01,1176,19,,,,,"{""workbook_row"": {""Name"": ""Leonora Angeles"", ""Year"": 1995, ""Cites2017"": 1176, ""%Cites2017"": 0.534, ""%Rank"": 0.297, ""H-Index"": 19, ""%RankH"": 0.631, ""GoogleScholar"": ""https://scholar.google.com/citations?user=wVaPW3wAAAAJ&hl=en"", ""CurrentSchool"": ""University of British Columbia"", ""Position"": ""Professor"", ""PhDYear"": 1995, ""PhDSchool"": ""Queen's University"", ""Years"": 30, ""First"": ""Leonora"", ""Last"": ""Angeles"", ""Interests"": ""International and Community Development"", ""ResearchGate"": ""https://researchgate.net/profile/Leonora_Angeles"", ""LinkedIn"": ""https://linkedin.com/in/leonora-angeles-98a4162b""}}"
587,google_scholar,2026-03-01,523,9,,,,,"{""workbook_row"": {""Name"": ""Andi Binet"", ""Year"": 2024, ""Cites2017"": 523, ""%Cites2017"": 0.358, ""%Rank"": 0.653, ""H-Index"": 9, ""%RankH"": 0.292, ""GoogleScholar"": ""https://scholar.google.com/citations?hl=en&user=2qoz98cAAAAJ"", ""CurrentSchool"": ""University of British Columbia"", ""Position"": ""Assistant Professor"", ""PhDYear"": 2024, ""PhDSchool"": ""MIT"", ""Years"": 1, ""First"": ""Andi"", ""Last"": ""Binet""}}"
588,google_scholar,2026-03-01,449,13,,,,,"{""workbook_row"": {""Name"": ""Holly Caggiano"", ""Year"": 2021, ""Cites2017"": 449, ""%Cites2017"": 0.326, ""%Rank"": 0.61, ""H-Index"": 13, ""%RankH"": 0.45, ""GoogleScholar"": ""https://scholar.google.com/citations?hl=en&user=mdp9wkoAAAAJ"", ""CurrentSchool"": ""University of British Columbia"", ""Position"": ""Assistant Professor"", ""PhDYear"": 2021, ""PhDSchool"": ""Rutgers University"", ""Years"": 4, ""First"": ""Holly"", ""Last"": ""Caggiano""}}"
590,google_scholar,2026-03-01,20218,51,,,,,"{""workbook_row"": {""Name"": ""Stephanie Chang"", ""Year"": 1994, ""Cites2017"": 20218, ""%Cites2017"": 0.986, ""%Rank"": 0.967, ""H-Index"": 51, ""%RankH"": 0.968, ""GoogleScholar"": ""https://scholar.google.com/citations?hl=en&user=eyT7IMIAAAAJ"", ""CurrentSchool"": ""University of British Columbia"", ""Position"": ""Professor"", ""PhDYear"": 1994, ""PhDSchool"": ""Cornell University"", ""Years"": 31, ""First"": ""Stephanie"", ""Middle"": ""E."", ""Last"": ""Chang"", ""Interests"": ""Disaster and Risk Management""}}"
591,google_scholar,2026-03-01,8456,43,,,,,"{""workbook_row"": {""Name"": ""Kelly Clifton"", ""Year"": 2001, ""Cites2017"": 8456, ""%Cites2017"": 0.936, ""%Rank"": 0.851, ""H-Index"": 43, ""%RankH"": 0.945, ""GoogleScholar"": ""https://scholar.google.com/citations?hl=en&user=7arqrpIAAAAJ"", ""CurrentSchool"": ""University of British Columbia"", ""Position"": ""Professor"", ""PhDYear"": 2001, ""PhDSchool"": ""University of Texas, Austin"", ""Years"": 24, ""First"": ""Kelly"", ""Last"": ""Clifton""}}"
592,google_scholar,2026-03-01,9512,45,,,,,"{""workbook_row"": {""Name"": ""James Connolly"", ""Year"": 2011, ""Cites2017"": 9512, ""%Cites2017"": 0.948, ""%Rank"": 0.986, ""H-Index"": 45, ""%RankH"": 0.956, ""GoogleScholar"": ""https://scholar.google.ca/citations?user=JAkkseIAAAAJ&hl=en"", ""CurrentSchool"": ""University of British Columbia"", ""Position"": ""Associate Professor"", ""PhDYear"": 2011, ""PhDSchool"": ""Columbia University"", ""Years"": 14, ""First"": ""James"", ""Last"": ""Connolly""}}"
593,google_scholar,2026-03-01,111,5,,,,,"{""workbook_row"": {""Name"": ""Julia Harten"", ""Year"": 2020, ""Cites2017"": 111, ""%Cites2017"": 0.133, ""%Rank"": 0.257, ""H-Index"": 5, ""%RankH"": 0.129, ""GoogleScholar"": ""https://scholar.google.com/citations?hl=en&user=negb3dgAAAAJ"", ""CurrentSchool"": ""University of British Columbia"", ""Position"": ""Assistant Professor"", ""PhDYear"": 2020, ""PhDSchool"": ""USC"", ""Years"": 5, ""First"": ""Julia"", ""Last"": ""Harten""}}"
595,google_scholar,2026-03-01,43,4,,,,,"{""workbook_row"": {""Name"": ""Kuni Kamizaki"", ""Year"": 2022, ""Cites2017"": 43, ""%Cites2017"": 0.064, ""%Rank"": 0.128, ""H-Index"": 4, ""%RankH"": 0.09, ""GoogleScholar"": ""https://scholar.google.com/citations?hl=en&user=1LLby7AAAAAJ"", ""CurrentSchool"": ""University of British Columbia"", ""Position"": ""Assistant Professor"", ""PhDYear"": 2022, ""PhDSchool"": ""University of Toronto"", ""Years"": 3, ""First"": ""Kuni"", ""Last"": ""Kamizaki""}}"
596,google_scholar,2026-03-01,854,14,,,,,"{""workbook_row"": {""Name"": ""Theo Lim"", ""Year"": 2017, ""Cites2017"": 854, ""%Cites2017"": 0.477, ""%Rank"": 0.5, ""H-Index"": 14, ""%RankH"": 0.485, ""GoogleScholar"": ""https://scholar.google.com/citations?user=rPTIpiUAAAAJ&hl=en"", ""CurrentSchool"": ""University of British Columbia"", ""Position"": ""Associate Professor"", ""PhDYear"": 2017, ""PhDSchool"": ""University of Pennsylvania"", ""Years"": 8, ""First"": ""Theo"", ""Last"": ""Lim""}}"
598,google_scholar,2026-03-01,791,12,,,,,"{""workbook_row"": {""Name"": ""Maged Senbel"", ""Year"": 2005, ""Cites2017"": 791, ""%Cites2017"": 0.461, ""%Rank"": 0.483, ""H-Index"": 12, ""%RankH"": 0.409, ""GoogleScholar"": ""https://scholar.google.com.ph/citations?user=sUXmi6YAAAAJ&hl=en"", ""CurrentSchool"": ""University of British Columbia"", ""Position"": ""Associate Professor"", ""PhDYear"": 2005, ""PhDSchool"": ""University of British Columbia"", ""Years"": 20, ""First"": ""Maged"", ""Last"": ""Senbel"", ""Interests"": ""Urban Design"", ""ResearchGate"": ""https://researchgate.net/profile/Maged_Senbel"", ""LinkedIn"": ""https://linkedin.com/in/maged-senbel-a9a52621""}}"
599,google_scholar,2026-03-01,2227,20,,,,,"{""workbook_row"": {""Name"": ""Mark Stevens"", ""Year"": 2008, ""Cites2017"": 2227, ""%Cites2017"": 0.698, ""%Rank"": 0.793, ""H-Index"": 20, ""%RankH"": 0.664, ""GoogleScholar"": ""https://scholar.google.com/citations?user=AAf0iL8AAAAJ&hl=en"", ""CurrentSchool"": ""University of British Columbia"", ""Position"": ""Associate Professor"", ""PhDYear"": 2008, ""PhDSchool"": ""UNC"", ""Years"": 17, ""First"": ""Mark"", ""Middle"": ""R."", ""Last"": ""Stevens"", ""Interests"": ""Environmental and Land Use Planning."", ""ResearchGate"": ""https://researchgate.net/profile/Mark_Stevens12""}}"
600,google_scholar,2026-03-01,3207,24,,,,,"{""workbook_row"": {""Name"": ""Martino Tran"", ""Year"": 2011, ""Cites2017"": 3207, ""%Cites2017"": 0.788, ""%Rank"": 0.895, ""H-Index"": 24, ""%RankH"": 0.774, ""GoogleScholar"": ""https://scholar.google.com/citations?user=MMmkrosAAAAJ&hl=en&oe=ASCII"", ""CurrentSchool"": ""University of British Columbia"", ""Position"": ""Associate Professor"", ""PhDYear"": 2011, ""PhDSchool"": ""Oxford University"", ""Years"": 14, ""First"": ""Martino"", ""Last"": ""Tran""}}"
602,google_scholar,2026-03-01,4685,35,,,,,"{""workbook_row"": {""Name"": ""Rebecca Pedersen"", ""Year"": 2017, ""Cites2017"": 4685, ""%Cites2017"": 0.863, ""%Rank"": 0.975, ""H-Index"": 35, ""%RankH"": 0.902, ""GoogleScholar"": ""https://scholar.google.com/citations?hl=en&user=eytkhI0AAAAJ"", ""CurrentSchool"": ""University of Calgary"", ""Position"": ""Assistant Professor"", ""PhDYear"": 2017, ""PhDSchool"": ""Keele University"", ""Years"": 8, ""First"": ""Rebecca"", ""Last"": ""Laycock Pedersen""}}"
603,google_scholar,2026-03-01,709,13,,,,,"{""workbook_row"": {""Name"": ""Joseli Macedo"", ""Year"": 2000, ""Cites2017"": 709, ""%Cites2017"": 0.429, ""%Rank"": 0.217, ""H-Index"": 13, ""%RankH"": 0.45, ""GoogleScholar"": ""https://scholar.google.com/citations?user=U7N1ZiIAAAAJ&hl=en"", ""CurrentSchool"": ""University of Calgary"", ""Position"": ""Professor"", ""PhDYear"": 2000, ""PhDSchool"": ""University of Florida"", ""Years"": 25, ""First"": ""Joseli"", ""Last"": ""Macedo""}}"
606,google_scholar,2026-03-01,3221,29,,,,,"{""workbook_row"": {""Name"": ""Sasha Tsenkova"", ""Year"": 1998, ""Cites2017"": 3221, ""%Cites2017"": 0.791, ""%Rank"": 0.584, ""H-Index"": 29, ""%RankH"": 0.84, ""GoogleScholar"": ""https://scholar.google.com/citations?user=LLLNYuEAAAAJ&hl=en"", ""CurrentSchool"": ""University of Calgary"", ""Position"": ""Professor"", ""PhDYear"": 1998, ""PhDSchool"": ""University of Toronto"", ""Years"": 27, ""First"": ""Sasha"", ""Last"": ""Tsenkova""}}"
608,google_scholar,2026-03-01,791,10,,,,,"{""workbook_row"": {""Name"": ""Christopher Auffrey"", ""Year"": 1994, ""Cites2017"": 791, ""%Cites2017"": 0.461, ""%Rank"": 0.242, ""H-Index"": 10, ""%RankH"": 0.335, ""GoogleScholar"": ""https://scholar.google.com/citations?hl=en&authuser=1&user=i1HJzW0AAAAJ"", ""CurrentSchool"": ""University of Cincinnati"", ""Position"": ""Professor"", ""PhDYear"": 1994, ""PhDSchool"": ""University of Michigan"", ""Years"": 31, ""First"": ""Christopher"", ""Last"": ""Auffrey"", ""Interests"": ""Healthy Urban Planning, Environmental Justice, Sustainable Development"", ""LinkedIn"": ""https://linkedin.com/in/chris-auffrey-66588330""}}"
610,google_scholar,2026-03-01,353,9,,,,,"{""workbook_row"": {""Name"": ""David Edelman"", ""Year"": 1976, ""Cites2017"": 353, ""%Cites2017"": 0.283, ""%Rank"": 0.133, ""H-Index"": 9, ""%RankH"": 0.292, ""GoogleScholar"": ""https://scholar.google.com/citations?user=NNs5cqcAAAAJ&hl=en"", ""CurrentSchool"": ""University of Cincinnati"", ""Position"": ""Professor"", ""PhDYear"": 1976, ""PhDSchool"": ""Cornell University"", ""Years"": 49, ""First"": ""David"", ""Middle"": ""J."", ""Last"": ""Edelman"", ""Interests"": ""Urban Environmental Management, Energy Policy Planning, Development Planning and Management"", ""LinkedIn"": ""https://linkedin.com/in/david-j-edelman-mcp-phd-faicp-fsu-eur-ing-sia-kivi-260266a""}}"
611,google_scholar,2026-03-01,1036,17,,,,,"{""workbook_row"": {""Name"": ""Jan Fritz"", ""Year"": 1978, ""Cites2017"": 1036, ""%Cites2017"": 0.511, ""%Rank"": 0.277, ""H-Index"": 17, ""%RankH"": 0.572, ""GoogleScholar"": ""https://scholar.google.com/citations?user=XzRcQIAAAAAJ&hl=en"", ""CurrentSchool"": ""University of Cincinnati"", ""Position"": ""Professor"", ""PhDYear"": 1978, ""PhDSchool"": ""American University"", ""Years"": 47, ""First"": ""Jan"", ""Middle"": ""Marie"", ""Last"": ""Fritz"", ""Interests"": ""Community Development, Environmental Justice, Mediation and Facilitation of Organizational and Public Policy Disputes""}}"
614,google_scholar,2026-03-01,157,5,,,,,"{""workbook_row"": {""Name"": ""Hyesun Jeong"", ""Year"": 2016, ""Cites2017"": 157, ""%Cites2017"": 0.176, ""%Rank"": 0.346, ""H-Index"": 5, ""%RankH"": 0.129, ""GoogleScholar"": ""https://scholar.google.com/citations?user=pXhTRzwAAAAJ&hl=en"", ""CurrentSchool"": ""University of Cincinnati"", ""Position"": ""Assistant Professor"", ""PhDYear"": 2016, ""PhDSchool"": ""Illinois Institute of Technology"", ""Years"": 9, ""First"": ""Hyesung"", ""Last"": ""Jeong""}}"
615,google_scholar,2026-03-01,163,7,,,,,"{""workbook_row"": {""Name"": ""Johanna Looye"", ""Year"": 1998, ""Cites2017"": 163, ""%Cites2017"": 0.181, ""%Rank"": 0.142, ""H-Index"": 7, ""%RankH"": 0.218, ""GoogleScholar"": ""https://scholar.google.com/citations?hl=en&authuser=1&user=yf0VWRIAAAAJ&inst=13410158990364976897"", ""CurrentSchool"": ""University of Cincinnati"", ""Position"": ""Associate Professor"", ""PhDYear"": 1998, ""PhDSchool"": ""Cornell University"", ""Years"": 27, ""First"": ""Johanna"", ""Middle"": ""W."", ""Last"": ""Looye"", ""Interests"": ""Urban and Regional Theory, International Development, Women in International Development, Planning Techniques"", ""ResearchGate"": ""https://researchgate.net/profile/Johanna_Looye"", ""LinkedIn"": ""https://linkedin.com/in/johanna-looye-6163629""}}"
616,google_scholar,2026-03-01,5187,21,,,,,"{""workbook_row"": {""Name"": ""Vikas Mehta"", ""Year"": 2006, ""Cites2017"": 5187, ""%Cites2017"": 0.882, ""%Rank"": 0.745, ""H-Index"": 21, ""%RankH"": 0.696, ""GoogleScholar"": ""https://scholar.google.com.ph/citations?user=72WtdxsAAAAJ&hl=en"", ""CurrentSchool"": ""University of Cincinnati"", ""Position"": ""Professor"", ""PhDYear"": 2006, ""PhDSchool"": ""University of Maryland"", ""Years"": 19, ""First"": ""Vikas"", ""Last"": ""Mehta"", ""Interests"": ""Urban Design, Relationship between Built Environment and Social Behavior, Public Space, Neighborhood design"", ""LinkedIn"": ""https://linkedin.com/in/vikas-mehta-3258837""}}"
617,google_scholar,2026-03-01,684,12,,,,,"{""workbook_row"": {""Name"": ""Danilo Palazzo"", ""Year"": 1993, ""Cites2017"": 684, ""%Cites2017"": 0.42, ""%Rank"": 0.21, ""H-Index"": 12, ""%RankH"": 0.409, ""GoogleScholar"": ""https://scholar.google.com.ph/citations?user=t5ooS9UAAAAJ&hl=en"", ""CurrentSchool"": ""University of Cincinnati"", ""Position"": ""Professor"", ""PhDYear"": 1993, ""PhDSchool"": ""Istituto Universitario di Architettura di Venezia"", ""Years"": 32, ""First"": ""Danilo"", ""Last"": ""Palazzo"", ""Interests"": ""Urban Design, Physical Planning"", ""LinkedIn"": ""https://linkedin.com/in/danilo-palazzo-a9116b19""}}"
618,google_scholar,2026-03-01,76,5,,,,,"{""workbook_row"": {""Name"": ""Hayden Shelby"", ""Year"": 2019, ""Cites2017"": 76, ""%Cites2017"": 0.095, ""%Rank"": 0.185, ""H-Index"": 5, ""%RankH"": 0.129, ""GoogleScholar"": ""https://scholar.google.com/citations?user=ueY7xR8AAAAJ&hl=en"", ""CurrentSchool"": ""University of Cincinnati"", ""Position"": ""Assistant Professor"", ""PhDYear"": 2019, ""PhDSchool"": ""UC Berkeley"", ""Years"": 6, ""First"": ""Hayden"", ""Last"": ""Shelby""}}"
619,google_scholar,2026-03-01,3793,30,,,,,"{""workbook_row"": {""Name"": ""Xinhao Wang"", ""Year"": 1993, ""Cites2017"": 3793, ""%Cites2017"": 0.827, ""%Rank"": 0.646, ""H-Index"": 30, ""%RankH"": 0.857, ""GoogleScholar"": ""https://scholar.google.com/citations?user=BK9-s6EAAAAJ&hl=en"", ""CurrentSchool"": ""University of Cincinnati"", ""Position"": ""Professor"", ""PhDYear"": 1993, ""PhDSchool"": ""University of Pennsylvania"", ""Years"": 32, ""First"": ""Xinhao"", ""Last"": ""Wang"", ""Interests"": ""Environmental Planning, GIS, Modeling"", ""ResearchGate"": ""https://researchgate.net/profile/Xinhao_Wang"", ""LinkedIn"": ""https://linkedin.com/in/xinhao-wang-550a9713""}}"
620,google_scholar,2026-03-01,3021,25,,,,,"{""workbook_row"": {""Name"": ""Priyanka DeSouza"", ""Year"": 2021, ""Cites2017"": 3021, ""%Cites2017"": 0.78, ""%Rank"": 0.946, ""H-Index"": 25, ""%RankH"": 0.793, ""GoogleScholar"": ""https://scholar.google.com/citations?hl=en&authuser=2&user=tXec4wQAAAAJ&inst=13410158990364976897"", ""CurrentSchool"": ""University of Colorado, Denver"", ""Position"": ""Assistant Professor"", ""PhDYear"": 2021, ""PhDSchool"": ""MIT"", ""Years"": 4, ""First"": ""Priyanka"", ""Last"": ""DeSouza""}}"
621,google_scholar,2026-03-01,3383,11,,,,,"{""workbook_row"": {""Name"": ""Nan Ellin"", ""Year"": 1994, ""Cites2017"": 3383, ""%Cites2017"": 0.801, ""%Rank"": 0.606, ""H-Index"": 11, ""%RankH"": 0.374, ""GoogleScholar"": ""https://scholar.google.com/citations?hl=en&authuser=1&user=bBNRp4kAAAAJ"", ""CurrentSchool"": ""University of Colorado, Denver"", ""Position"": ""Professor"", ""PhDYear"": 1994, ""PhDSchool"": ""Columbia University"", ""Years"": 31, ""First"": ""Nan"", ""Last"": ""Ellin""}}"
622,google_scholar,2026-03-01,1025,17,,,,,"{""workbook_row"": {""Name"": ""Carrie Makarewicz"", ""Year"": 2014, ""Cites2017"": 1025, ""%Cites2017"": 0.509, ""%Rank"": 0.554, ""H-Index"": 17, ""%RankH"": 0.572, ""GoogleScholar"": ""https://scholar.google.com/citations?user=JYxqf2gAAAAJ&hl=en"", ""CurrentSchool"": ""University of Colorado, Denver"", ""Position"": ""Associate Professor"", ""PhDYear"": 2014, ""PhDSchool"": ""UC Berkeley"", ""Years"": 11, ""First"": ""Carrie"", ""Last"": ""Makarewicz"", ""Interests"": ""Community Development, Urban School Reform, Transport Equity, Location Decisions, Sustainable Economic Development Strategies."", ""ResearchGate"": ""https://researchgate.net/profile/Carrie_Makarewicz"", ""LinkedIn"": ""https://linkedin.com/in/carrie-makarewicz-8a444a4""}}"
623,google_scholar,2026-03-01,4754,25,,,,,"{""workbook_row"": {""Name"": ""Jeremy Nemeth"", ""Year"": 2007, ""Cites2017"": 4754, ""%Cites2017"": 0.866, ""%Rank"": 0.712, ""H-Index"": 25, ""%RankH"": 0.793, ""GoogleScholar"": ""https://scholar.google.com.ph/citations?user=r_Ihr_YAAAAJ&hl=en"", ""CurrentSchool"": ""University of Colorado, Denver"", ""Position"": ""Professor"", ""PhDYear"": 2007, ""PhDSchool"": ""Rutgers University"", ""Years"": 18, ""First"": ""Jeremy"", ""Last"": ""Nemeth"", ""Interests"": ""Urban Design and Public Policy, Politics of Public Space, Land Use Conflict."", ""LinkedIn"": ""https://linkedin.com/in/jeremy-nemeth-6b543861""}}"
624,google_scholar,2026-03-01,974,18,,,,,"{""workbook_row"": {""Name"": ""Manish Shirgaokar"", ""Year"": 2012, ""Cites2017"": 974, ""%Cites2017"": 0.501, ""%Rank"": 0.778, ""H-Index"": 18, ""%RankH"": 0.604, ""GoogleScholar"": ""https://scholar.google.com/citations?user=g2lYgo0AAAAJ&hl=en"", ""CurrentSchool"": ""University of Colorado, Denver"", ""Position"": ""Assistant Professor"", ""PhDYear"": 2012, ""PhDSchool"": ""UC Berkeley"", ""Years"": 13, ""First"": ""Manish"", ""Last"": ""Shirgaokar"", ""Interests"": ""Transportation, International Development, Urban Design"", ""ResearchGate"": ""https://researchgate.net/profile/Manish_Shirgaokar"", ""LinkedIn"": ""https://linkedin.com/in/manish-shirgaokar-99997a8""}}"
625,google_scholar,2026-03-01,10092,37,,,,,"{""workbook_row"": {""Name"": ""Austin Troy"", ""Year"": 2001, ""Cites2017"": 10092, ""%Cites2017"": 0.955, ""%Rank"": 0.893, ""H-Index"": 37, ""%RankH"": 0.918, ""GoogleScholar"": ""https://scholar.google.com.ph/citations?user=nfQrCJoAAAAJ&hl=en"", ""CurrentSchool"": ""University of Colorado, Denver"", ""Position"": ""Professor"", ""PhDYear"": 2001, ""PhDSchool"": ""UC Berkeley"", ""Years"": 24, ""First"": ""Austin"", ""Last"": ""Troy"", ""Interests"": ""Land Use Policy, Land Use Change Modeling and Simulation, GIS, Spatial Analysis, Remote Sensing, Environmental Planning."", ""ResearchGate"": ""https://researchgate.net/profile/Austin_Troy"", ""LinkedIn"": ""https://linkedin.com/in/austin-troy-6355b04""}}"
626,google_scholar,2026-03-01,431,11,,,,,"{""workbook_row"": {""Name"": ""Nina David"", ""Year"": 2008, ""Cites2017"": 431, ""%Cites2017"": 0.317, ""%Rank"": 0.596, ""H-Index"": 11, ""%RankH"": 0.374, ""GoogleScholar"": ""https://scholar.google.com/citations?user=SmKFATsAAAAJ&hl=en&authuser=1"", ""CurrentSchool"": ""University of Delaware"", ""Position"": ""Assistant Professor"", ""PhDYear"": 2008, ""PhDSchool"": ""University of Michigan"", ""Years"": 17, ""First"": ""Nina"", ""Last"": ""David""}}"
627,google_scholar,2026-03-01,5474,30,,,,,"{""workbook_row"": {""Name"": ""Greg Dobler"", ""Year"": 2006, ""Cites2017"": 5474, ""%Cites2017"": 0.891, ""%Rank"": 0.961, ""H-Index"": 30, ""%RankH"": 0.857, ""GoogleScholar"": ""https://scholar.google.com/citations?hl=en&user=WRTzLdgAAAAJ"", ""CurrentSchool"": ""University of Delaware"", ""Position"": ""Associate Professor"", ""PhDYear"": 2006, ""PhDSchool"": ""University of Pennsylvania"", ""Years"": 19, ""First"": ""Gregory"", ""Last"": ""Dobler""}}"
628,google_scholar,2026-03-01,1599,21,,,,,"{""workbook_row"": {""Name"": ""Jonathan Justice"", ""Year"": 2003, ""Cites2017"": 1599, ""%Cites2017"": 0.623, ""%Rank"": 0.393, ""H-Index"": 21, ""%RankH"": 0.696, ""GoogleScholar"": ""https://scholar.google.com/citations?user=pz0XHdoAAAAJ&hl"", ""CurrentSchool"": ""University of Delaware"", ""Position"": ""Professor"", ""PhDYear"": 2003, ""PhDSchool"": ""Rutgers University"", ""Years"": 22, ""First"": ""Jonathan"", ""Last"": ""Justice""}}"
629,google_scholar,2026-03-01,2439,24,,,,,"{""workbook_row"": {""Name"": ""John McNutt"", ""Year"": 1991, ""Cites2017"": 2439, ""%Cites2017"": 0.729, ""%Rank"": 0.495, ""H-Index"": 24, ""%RankH"": 0.774, ""GoogleScholar"": ""https://scholar.google.com/citations?user=lhqW9cQAAAAJ&hl=en"", ""CurrentSchool"": ""University of Delaware"", ""Position"": ""Professor"", ""PhDYear"": 1991, ""PhDSchool"": ""University of Tennessee"", ""Years"": 34, ""First"": ""John"", ""Last"": ""McNutt""}}"
630,google_scholar,2026-03-01,2385,22,,,,,"{""workbook_row"": {""Name"": ""Andrea Pierce"", ""Year"": 2006, ""Cites2017"": 2385, ""%Cites2017"": 0.718, ""%Rank"": 0.818, ""H-Index"": 22, ""%RankH"": 0.722, ""GoogleScholar"": ""https://scholar.google.com.ph/citations?user=zXIoStcAAAAJ&hl=en"", ""CurrentSchool"": ""University of Delaware"", ""Position"": ""Associate Professor"", ""PhDYear"": 2006, ""PhDSchool"": ""George Washington University"", ""Years"": 19, ""First"": ""Andrea"", ""Last"": ""Pierce"", ""ResearchGate"": ""https://researchgate.net/profile/Andrea_Sarzynski"", ""LinkedIn"": ""https://linkedin.com/in/andrea-sarzynski-88831b31""}}"
631,google_scholar,2026-03-01,229,8,,,,,"{""workbook_row"": {""Name"": ""Abhinav Alakshendra"", ""Year"": 2012, ""Cites2017"": 229, ""%Cites2017"": 0.22, ""%Rank"": 0.178, ""H-Index"": 8, ""%RankH"": 0.261, ""GoogleScholar"": ""https://scholar.google.com/citations?hl=en&authuser=1&user=isF20ugAAAAJ&inst=13410158990364976897"", ""CurrentSchool"": ""University of Florida"", ""Position"": ""Associate Professor"", ""PhDYear"": 2012, ""PhDSchool"": ""Kansas State University"", ""Years"": 13, ""First"": ""Abhinav"", ""Last"": ""Alakshendra"", ""Interests"": ""Economics, Development Economics, Housing Policy, Transportation, Urban and Regional Economics."", ""ResearchGate"": ""https://researchgate.net/profile/Abhinav_Alakshendra""}}"
633,google_scholar,2026-03-01,936,13,,,,,"{""workbook_row"": {""Name"": ""Kathryn Frank"", ""Year"": 2009, ""Cites2017"": 936, ""%Cites2017"": 0.494, ""%Rank"": 0.532, ""H-Index"": 13, ""%RankH"": 0.45, ""GoogleScholar"": ""https://scholar.google.com/citations?user=2Jao6ucAAAAJ&hl=en"", ""CurrentSchool"": ""University of Florida"", ""Position"": ""Associate Professor"", ""PhDYear"": 2009, ""PhDSchool"": ""Georgia Tech"", ""Years"": 16, ""First"": ""Kathryn"", ""Last"": ""Frank"", ""Interests"": ""Ecosystem management, regional sustainability, Collaborative planning and policy making, alternative dispute resolution, water resources and aquatic/coastal ecosystems, children and youth participation in planning"", ""LinkedIn"": ""https://linkedin.com/in/kathryn-frank-61773477""}}"
635,google_scholar,2026-03-01,321,9,,,,,"{""workbook_row"": {""Name"": ""Kristin Larsen"", ""Year"": 2001, ""Cites2017"": 321, ""%Cites2017"": 0.266, ""%Rank"": 0.121, ""H-Index"": 9, ""%RankH"": 0.292, ""GoogleScholar"": ""https://scholar.google.com/citations?user=D7jbFnoAAAAJ"", ""CurrentSchool"": ""University of Florida"", ""Position"": ""Professor"", ""PhDYear"": 2001, ""PhDSchool"": ""Cornell University"", ""Years"": 24, ""First"": ""Kristin"", ""Last"": ""Larsen"", ""Interests"": ""Planning History, Housing, Historic Preservation"", ""LinkedIn"": ""https://linkedin.com/in/kristin-larsen-57423646""}}"
636,google_scholar,2026-03-01,13246,62,,,,,"{""workbook_row"": {""Name"": ""Zhong-Ren Peng"", ""Year"": 1994, ""Cites2017"": 13246, ""%Cites2017"": 0.967, ""%Rank"": 0.92, ""H-Index"": 62, ""%RankH"": 0.985, ""GoogleScholar"": ""https://scholar.google.com/citations?user=ngiXpvgAAAAJ&hl=en"", ""CurrentSchool"": ""University of Florida"", ""Position"": ""Professor"", ""PhDYear"": 1994, ""PhDSchool"": ""Portland State University"", ""Years"": 31, ""First"": ""Zhong-Ren"", ""Last"": ""Peng"", ""Interests"": ""Transportation Planning, Transportation and Land Use Integration, Information Technology for Planning"", ""ResearchGate"": ""https://researchgate.net/profile/Zhong-Ren_Peng""}}"
637,google_scholar,2026-03-01,2462,23,,,,,"{""workbook_row"": {""Name"": ""Ruth Steiner"", ""Year"": 1996, ""Cites2017"": 2462, ""%Cites2017"": 0.733, ""%Rank"": 0.5, ""H-Index"": 23, ""%RankH"": 0.744, ""GoogleScholar"": ""https://scholar.google.com/citations?user=zbew56MAAAAJ&hl=en"", ""CurrentSchool"": ""University of Florida"", ""Position"": ""Professor"", ""PhDYear"": 1996, ""PhDSchool"": ""UC Berkeley"", ""Years"": 29, ""First"": ""Ruth"", ""Middle"": ""L."", ""Last"": ""Steiner"", ""ResearchGate"": ""https://researchgate.net/profile/Ruth_Steiner"", ""LinkedIn"": ""https://linkedin.com/in/ruth-steiner-9293218""}}"
638,google_scholar,2026-03-01,291,9,,,,,"{""workbook_row"": {""Name"": ""Renee Tapp"", ""Year"": 2018, ""Cites2017"": 291, ""%Cites2017"": 0.255, ""%Rank"": 0.496, ""H-Index"": 9, ""%RankH"": 0.292, ""GoogleScholar"": ""https://scholar.google.com/citations?hl=en&user=83Irs68AAAAJ"", ""CurrentSchool"": ""University of Florida"", ""Position"": ""Assistant Professor"", ""PhDYear"": 2018, ""PhDSchool"": ""Clark University"", ""Years"": 7, ""First"": ""Renee"", ""Last"": ""Tapp""}}"
639,google_scholar,2026-03-01,201,9,,,,,"{""workbook_row"": {""Name"": ""Emre Tepe"", ""Year"": 2016, ""Cites2017"": 201, ""%Cites2017"": 0.202, ""%Rank"": 0.417, ""H-Index"": 9, ""%RankH"": 0.292, ""GoogleScholar"": ""https://scholar.google.com/citations?user=B7XoIx8AAAAJ&hl=en"", ""CurrentSchool"": ""University of Florida"", ""Position"": ""Assistant Professor"", ""PhDYear"": 2016, ""PhDSchool"": ""Ohio State University"", ""Years"": 9, ""First"": ""Emre"", ""Last"": ""Tepe""}}"
640,google_scholar,2026-03-01,2139,23,,,,,"{""workbook_row"": {""Name"": ""Yan Wang"", ""Year"": 2018, ""Cites2017"": 2139, ""%Cites2017"": 0.69, ""%Rank"": 0.907, ""H-Index"": 23, ""%RankH"": 0.744, ""GoogleScholar"": ""https://scholar.google.com/citations?hl=en&authuser=1&user=znl9EkUAAAAJ"", ""CurrentSchool"": ""University of Florida"", ""Position"": ""Assistant Professor"", ""PhDYear"": 2018, ""PhDSchool"": ""Virginia Tech"", ""Years"": 7, ""First"": ""Yan"", ""Last"": ""Wang""}}"
641,google_scholar,2026-03-01,1707,23,,,,,"{""workbook_row"": {""Name"": ""Shenhao Wang"", ""Year"": 2020, ""Cites2017"": 1707, ""%Cites2017"": 0.631, ""%Rank"": 0.864, ""H-Index"": 23, ""%RankH"": 0.744, ""GoogleScholar"": ""https://scholar.google.com/citations?hl=en&user=01AmQ8wAAAAJ&inst=13410158990364976897"", ""CurrentSchool"": ""University of Florida"", ""Position"": ""Assistant Professor"", ""PhDYear"": 2020, ""PhDSchool"": ""MIT"", ""Years"": 5, ""First"": ""Shenhao"", ""Last"": ""Wang""}}"
643,google_scholar,2026-03-01,412,9,,,,,"{""workbook_row"": {""Name"": ""Stephen Ramos"", ""Year"": 2009, ""Cites2017"": 412, ""%Cites2017"": 0.307, ""%Rank"": 0.578, ""H-Index"": 9, ""%RankH"": 0.292, ""GoogleScholar"": ""https://scholar.google.com/citations?hl=en&user=gj7DGI4AAAAJ"", ""CurrentSchool"": ""University of Georgia"", ""Position"": ""Assistant Professor"", ""PhDYear"": 2009, ""PhDSchool"": ""Harvard University"", ""Years"": 16, ""First"": ""Stephen"", ""Middle"": ""J."", ""Last"": ""Ramos"", ""ResearchGate"": ""https://researchgate.net/profile/Stephen_Ramos"", ""LinkedIn"": ""https://linkedin.com/in/stephen-ramos-0324303""}}"
645,google_scholar,2026-03-01,1153,19,,,,,"{""workbook_row"": {""Name"": ""Rosanna Rivero"", ""Year"": 2006, ""Cites2017"": 1153, ""%Cites2017"": 0.531, ""%Rank"": 0.807, ""H-Index"": 19, ""%RankH"": 0.631, ""GoogleScholar"": ""https://scholar.google.com/citations?user=pHlUNNUAAAAJ&hl=en"", ""CurrentSchool"": ""University of Georgia"", ""Position"": ""Assistant Professor"", ""PhDYear"": 2006, ""PhDSchool"": ""University of Florida"", ""Years"": 19, ""First"": ""Rosanna"", ""Middle"": ""G."", ""Last"": ""Rivero"", ""ResearchGate"": ""https://researchgate.net/profile/Rosanna_Rivero"", ""LinkedIn"": ""https://linkedin.com/in/rosannarivero""}}"
647,google_scholar,2026-03-01,2,1,,,,,"{""workbook_row"": {""Name"": ""Ashley Steffens"", ""Year"": 1994, ""Cites2017"": 2, ""%Cites2017"": 0.008, ""%Rank"": 0.008, ""H-Index"": 1, ""%RankH"": 0, ""GoogleScholar"": ""https://scholar.google.com/citations?hl=en&user=ttUpWCUAAAAJ"", ""CurrentSchool"": ""University of Georgia"", ""Position"": ""Associate Professor"", ""PhDYear"": 1994, ""PhDSchool"": ""University of Georgia"", ""Years"": 31, ""First"": ""Ashley"", ""Last"": ""Steffens""}}"
649,google_scholar,2026-03-01,1372,20,,,,,"{""workbook_row"": {""Name"": ""Nicholas Brunet"", ""Year"": 2014, ""Cites2017"": 1372, ""%Cites2017"": 0.576, ""%Rank"": 0.839, ""H-Index"": 20, ""%RankH"": 0.664, ""GoogleScholar"": ""https://scholar.google.com/citations?user=mVCOqbcAAAAJ&hl=en"", ""CurrentSchool"": ""University of Guelph"", ""Position"": ""Assistant Professor"", ""PhDYear"": 2014, ""PhDSchool"": ""McGill University"", ""Years"": 11, ""First"": ""Nicholas"", ""Last"": ""Brunet""}}"
650,google_scholar,2026-03-01,1354,16,,,,,"{""workbook_row"": {""Name"": ""Wayne Caldwell"", ""Year"": 1991, ""Cites2017"": 1354, ""%Cites2017"": 0.574, ""%Rank"": 0.336, ""H-Index"": 16, ""%RankH"": 0.548, ""GoogleScholar"": ""https://scholar.google.com/citations?hl=en&authuser=1&user=G8qs55IAAAAJ"", ""CurrentSchool"": ""University of Guelph"", ""Position"": ""Professor"", ""PhDYear"": 1991, ""PhDSchool"": ""University of Waterloo"", ""Years"": 34, ""First"": ""Wayne"", ""Last"": ""Caldwell""}}"
651,google_scholar,2026-03-01,702,14,,,,,"{""workbook_row"": {""Name"": ""Leith Deacon"", ""Year"": 2010, ""Cites2017"": 702, ""%Cites2017"": 0.423, ""%Rank"": 0.445, ""H-Index"": 14, ""%RankH"": 0.485, ""GoogleScholar"": ""https://scholar.google.com.ph/citations?user=N1ILuocAAAAJ&hl=en"", ""CurrentSchool"": ""University of Guelph"", ""Position"": ""Associate Professor"", ""PhDYear"": 2010, ""PhDSchool"": ""The University of Western Ontario"", ""Years"": 15, ""First"": ""Leith"", ""Last"": ""Deacon"", ""Interests"": ""Environmental Planning and Management, Environmental Justice, Qualitative Methodology"", ""LinkedIn"": ""https://linkedin.com/in/leith-deacon-aa79a920""}}"
653,google_scholar,2026-03-01,797,14,,,,,"{""workbook_row"": {""Name"": ""Ryan Gibson"", ""Year"": 2014, ""Cites2017"": 797, ""%Cites2017"": 0.466, ""%Rank"": 0.489, ""H-Index"": 14, ""%RankH"": 0.485, ""GoogleScholar"": ""https://scholar.google.com/citations?user=_FWnFqAAAAAJ&hl=en"", ""CurrentSchool"": ""University of Guelph"", ""Position"": ""Associate Professor"", ""PhDYear"": 2014, ""PhDSchool"": ""Memorial University of Newfoundland"", ""Years"": 11, ""First"": ""Ryan"", ""Last"": ""Gibson""}}"
654,google_scholar,2026-03-01,702,7,,,,,"{""workbook_row"": {""Name"": ""Dave Guyadeen"", ""Year"": 2015, ""Cites2017"": 702, ""%Cites2017"": 0.423, ""%Rank"": 0.703, ""H-Index"": 7, ""%RankH"": 0.218, ""GoogleScholar"": ""https://scholar.google.com/citations?user=dlhafdkAAAAJ&hl"", ""CurrentSchool"": ""University of Guelph"", ""Position"": ""Assistant Professor"", ""PhDYear"": 2015, ""PhDSchool"": ""University of Waterloo"", ""Years"": 10, ""First"": ""Dave"", ""Last"": ""Guyadeen""}}"
655,google_scholar,2026-03-01,480,10,,,,,"{""workbook_row"": {""Name"": ""Silvia Sarapura"", ""Year"": 2013, ""Cites2017"": 480, ""%Cites2017"": 0.34, ""%Rank"": 0.628, ""H-Index"": 10, ""%RankH"": 0.335, ""GoogleScholar"": ""https://scholar.google.com/citations?hl=en&authuser=1&user=-IIZav8AAAAJ"", ""CurrentSchool"": ""University of Guelph"", ""Position"": ""Assistant Professor"", ""PhDYear"": 2013, ""PhDSchool"": ""University of Guelph"", ""Years"": 12, ""First"": ""Silvia"", ""Last"": ""Sarapura""}}"
657,google_scholar,2026-03-01,738,12,,,,,"{""workbook_row"": {""Name"": ""Ashok Das"", ""Year"": 2008, ""Cites2017"": 738, ""%Cites2017"": 0.439, ""%Rank"": 0.461, ""H-Index"": 12, ""%RankH"": 0.409, ""GoogleScholar"": ""https://scholar.google.com/citations?hl=en&user=8ykdfygAAAAJ"", ""CurrentSchool"": ""University of Hawaii"", ""Position"": ""Associate Professor"", ""PhDYear"": 2008, ""PhDSchool"": ""UCLA"", ""Years"": 17, ""First"": ""Ashok"", ""Last"": ""Das"", ""Interests"": ""Community Participation, Slum Upgrading, Community Managed Microfinance and Disaster Preparedness and Mitigation"", ""LinkedIn"": ""https://linkedin.com/in/ashok-das-3669a44""}}"
660,google_scholar,2026-03-01,5063,38,,,,,"{""workbook_row"": {""Name"": ""Karl Kim"", ""Year"": 1987, ""Cites2017"": 5063, ""%Cites2017"": 0.88, ""%Rank"": 0.74, ""H-Index"": 38, ""%RankH"": 0.924, ""GoogleScholar"": ""https://scholar.google.com.ph/citations?user=fvacZ0QAAAAJ&hl=en"", ""CurrentSchool"": ""University of Hawaii"", ""Position"": ""Professor"", ""PhDYear"": 1987, ""PhDSchool"": ""MIT"", ""Years"": 38, ""First"": ""Karl"", ""Last"": ""Kim"", ""Interests"": ""Planning Theory, Planning Methods, Transportation and Infrastructure Planning, Tourism Planning, and Disaster Management"", ""ResearchGate"": ""https://researchgate.net/profile/Karl_Kim"", ""LinkedIn"": ""https://linkedin.com/in/karl-kim-8765b0""}}"
661,google_scholar,2026-03-01,471,13,,,,,"{""workbook_row"": {""Name"": ""Dan Milz"", ""Year"": 2015, ""Cites2017"": 471, ""%Cites2017"": 0.339, ""%Rank"": 0.621, ""H-Index"": 13, ""%RankH"": 0.45, ""GoogleScholar"": ""https://scholar.google.com/citations?user=wv_MNvAAAAAJ&hl"", ""CurrentSchool"": ""University of Hawaii"", ""Position"": ""Assistant Professor"", ""PhDYear"": 2015, ""PhDSchool"": ""University of Illinois, Chicago"", ""Years"": 10, ""First"": ""Dan"", ""Last"": ""Milz""}}"
662,google_scholar,2026-03-01,333,8,,,,,"{""workbook_row"": {""Name"": ""Subhashni Raj"", ""Year"": 2016, ""Cites2017"": 333, ""%Cites2017"": 0.274, ""%Rank"": 0.532, ""H-Index"": 8, ""%RankH"": 0.261, ""GoogleScholar"": ""https://scholar.google.com/citations?hl=en&user=z1OAemwAAAAJ"", ""CurrentSchool"": ""University of Hawaii"", ""Position"": ""Assistant Professor"", ""PhDYear"": 2016, ""PhDSchool"": ""University at Buffalo, The State University of New York"", ""Years"": 9, ""First"": ""Subhashni"", ""Last"": ""Raj"", ""Interests"": ""Food Systems Planning, Climate Change Adaptation, Institutional Governance, Natural Resources Management"", ""ResearchGate"": ""https://www.researchgate.net/profile/Subhashni-Raj"", ""LinkedIn"": ""https://www.linkedin.com/in/subhashni-raj-phd-6677066/""}}"
663,google_scholar,2026-03-01,626,11,,,,,"{""workbook_row"": {""Name"": ""Suwan Shen"", ""Year"": 2014, ""Cites2017"": 626, ""%Cites2017"": 0.398, ""%Rank"": 0.398, ""H-Index"": 11, ""%RankH"": 0.374, ""GoogleScholar"": ""https://scholar.google.com/citations?user=mS9yrUQAAAAJ&hl=en"", ""CurrentSchool"": ""University of Hawaii"", ""Position"": ""Associate Professor"", ""PhDYear"": 2014, ""PhDSchool"": ""University of Florida"", ""Years"": 11, ""First"": ""Suwan"", ""Last"": ""Shen"", ""LinkedIn"": ""https://linkedin.com/in/shen-suwan-334a5223""}}"
664,google_scholar,2026-03-01,688,11,,,,,"{""workbook_row"": {""Name"": ""Ning Ai"", ""Year"": 2011, ""Cites2017"": 688, ""%Cites2017"": 0.42, ""%Rank"": 0.439, ""H-Index"": 11, ""%RankH"": 0.374, ""GoogleScholar"": ""https://scholar.google.com/citations?user=d7RQNe4AAAAJ&hl=en&oe=ASCII"", ""CurrentSchool"": ""University of Illinois, Chicago"", ""Position"": ""Associate Professor"", ""PhDYear"": 2011, ""PhDSchool"": ""Georgia Tech"", ""Years"": 14, ""First"": ""Ning"", ""Last"": ""Ai"", ""Interests"": ""Environmental Planning and Policy, Environmental Economics"", ""LinkedIn"": ""https://linkedin.com/in/ning-ai-1b504744""}}"
665,google_scholar,2026-03-01,5615,38,,,,,"{""workbook_row"": {""Name"": ""Kheir Al-Kodmany"", ""Year"": 1995, ""Cites2017"": 5615, ""%Cites2017"": 0.899, ""%Rank"": 0.774, ""H-Index"": 38, ""%RankH"": 0.924, ""GoogleScholar"": ""https://scholar.google.com/citations?user=yYvDwKwAAAAJ&hl=en&oe=ASCII"", ""CurrentSchool"": ""University of Illinois, Chicago"", ""Position"": ""Professor"", ""PhDYear"": 1995, ""PhDSchool"": ""University of Illinois, Urbana-Champaign"", ""Years"": 30, ""First"": ""Kheir"", ""Last"": ""Al-Kodmany"", ""Interests"": ""Computer Applications, Geographic Information Systems, Physical Planning/Urban Design, Quantitative Methods"", ""LinkedIn"": ""https://linkedin.com/in/kheir-al-kodmany-31533537""}}"
666,google_scholar,2026-03-01,1269,13,,,,,"{""workbook_row"": {""Name"": ""Philip Ashton"", ""Year"": 2005, ""Cites2017"": 1269, ""%Cites2017"": 0.555, ""%Rank"": 0.321, ""H-Index"": 13, ""%RankH"": 0.45, ""GoogleScholar"": ""https://scholar.google.com/citations?user=1WgeAaUAAAAJ&hl=en"", ""CurrentSchool"": ""University of Illinois, Chicago"", ""Position"": ""Professor"", ""PhDYear"": 2005, ""PhDSchool"": ""Rutgers University"", ""Years"": 20, ""First"": ""Philip"", ""Last"": ""Ashton"", ""Interests"": ""Financial Restructuring and Central City Markets, Neighborhood Development and Change, Affordable Housing Development and Preservation; Comparative Urban Policy; Normative Ethical Theory in Policy"", ""ResearchGate"": ""https://researchgate.net/profile/Philip_Ashton"", ""LinkedIn"": ""https://linkedin.com/in/philip-ashton-9a6a765""}}"
668,google_scholar,2026-03-01,901,16,,,,,"{""workbook_row"": {""Name"": ""Teresa Cordova"", ""Year"": 1986, ""Cites2017"": 901, ""%Cites2017"": 0.483, ""%Rank"": 0.262, ""H-Index"": 16, ""%RankH"": 0.548, ""GoogleScholar"": ""https://scholar.google.com/citations?user=fOszDKwAAAAJ&hl=en&oe=ASCII"", ""CurrentSchool"": ""University of Illinois, Chicago"", ""Position"": ""Professor"", ""PhDYear"": 1986, ""PhDSchool"": ""UC Berkeley"", ""Years"": 39, ""First"": ""Teresa"", ""Middle"": ""L."", ""Last"": ""Cordova"", ""ResearchGate"": ""https://researchgate.net/profile/Teresa_Cordova"", ""LinkedIn"": ""https://linkedin.com/in/teresa-cordova-87a593100""}}"
669,google_scholar,2026-03-01,3024,19,,,,,"{""workbook_row"": {""Name"": ""Joshua Drucker"", ""Year"": 2008, ""Cites2017"": 3024, ""%Cites2017"": 0.78, ""%Rank"": 0.887, ""H-Index"": 19, ""%RankH"": 0.631, ""GoogleScholar"": ""https://scholar.google.com/citations?hl=en&user=mjzj_5MAAAAJ&inst=13410158990364976897"", ""CurrentSchool"": ""University of Illinois, Chicago"", ""Position"": ""Associate Professor"", ""PhDYear"": 2008, ""PhDSchool"": ""UNC"", ""Years"": 17, ""First"": ""Joshua"", ""Last"": ""Drucker""}}"
672,google_scholar,2026-03-01,107,7,,,,,"{""workbook_row"": {""Name"": ""David Lopez-Garcia"", ""Year"": 2021, ""Cites2017"": 107, ""%Cites2017"": 0.13, ""%Rank"": 0.25, ""H-Index"": 7, ""%RankH"": 0.218, ""GoogleScholar"": ""https://scholar.google.com/citations?user=omddy9sAAAAJ&hl=en&inst=13410158990364976897&oi=ao"", ""CurrentSchool"": ""University of Illinois, Chicago"", ""Position"": ""Assistant Professor"", ""PhDYear"": 2021, ""PhDSchool"": ""The New School"", ""Years"": 4, ""First"": ""David"", ""Last"": ""Lopez-Garcia""}}"
673,google_scholar,2026-03-01,533,12,,,,,"{""workbook_row"": {""Name"": ""Kate Lowe"", ""Year"": 2011, ""Cites2017"": 533, ""%Cites2017"": 0.363, ""%Rank"": 0.348, ""H-Index"": 12, ""%RankH"": 0.409, ""GoogleScholar"": ""https://scholar.google.com/citations?user=scy4f7oAAAAJ&hl=en&oe=ASCII"", ""CurrentSchool"": ""University of Illinois, Chicago"", ""Position"": ""Associate Professor"", ""PhDYear"": 2011, ""PhDSchool"": ""Cornell University"", ""Years"": 14, ""First"": ""Kate"", ""Last"": ""Lowe""}}"
674,google_scholar,2026-03-01,1584,15,,,,,"{""workbook_row"": {""Name"": ""Brenda Parker"", ""Year"": 2008, ""Cites2017"": 1584, ""%Cites2017"": 0.618, ""%Rank"": 0.689, ""H-Index"": 15, ""%RankH"": 0.516, ""GoogleScholar"": ""https://scholar.google.com/citations?hl=en&authuser=1&user=jikgBYUAAAAJ&inst=13410158990364976897"", ""CurrentSchool"": ""University of Illinois, Chicago"", ""Position"": ""Associate Professor"", ""PhDYear"": 2008, ""PhDSchool"": ""Michigan State University"", ""Years"": 17, ""First"": ""Brenda"", ""Last"": ""Parker"", ""Interests"": ""Urban policy, urban governance, race, gender, qualitative methods, program, community activism"", ""ResearchGate"": ""https://researchgate.net/profile/Brenda_Parker3"", ""LinkedIn"": ""https://linkedin.com/in/brenda-parker-81330484""}}"
675,google_scholar,2026-03-01,634,13,,,,,"{""workbook_row"": {""Name"": ""Stacey Sutton"", ""Year"": 2006, ""Cites2017"": 634, ""%Cites2017"": 0.401, ""%Rank"": 0.409, ""H-Index"": 13, ""%RankH"": 0.45, ""GoogleScholar"": ""https://scholar.google.com/citations?user=IFB4ZDoAAAAJ&hl=en&oe=ASCII"", ""CurrentSchool"": ""University of Illinois, Chicago"", ""Position"": ""Associate Professor"", ""PhDYear"": 2006, ""PhDSchool"": ""Rutgers University"", ""Years"": 19, ""First"": ""Stacey"", ""Last"": ""Sutton"", ""Interests"": ""Local Economic Development, Neighborhood Change, Entrepreneurship and Neighborhood Economies, and race as a feature of socio-spatial vision and structure"", ""LinkedIn"": ""https://linkedin.com/in/stacey-sutton-0013a85a""}}"
676,google_scholar,2026-03-01,34287,57,,,,,"{""workbook_row"": {""Name"": ""Nik Theodore"", ""Year"": 2000, ""Cites2017"": 34287, ""%Cites2017"": 0.996, ""%Rank"": 0.99, ""H-Index"": 57, ""%RankH"": 0.98, ""GoogleScholar"": ""https://scholar.google.com.ph/citations?user=Pj3lRPEAAAAJ&hl=en"", ""CurrentSchool"": ""University of Illinois, Chicago"", ""Position"": ""Professor"", ""PhDYear"": 2000, ""PhDSchool"": ""University of Illinois, Chicago"", ""Years"": 25, ""First"": ""Nik"", ""Last"": ""Theodore"", ""Interests"": ""Economic Development, Labor Markets"", ""ResearchGate"": ""https://researchgate.net/profile/Nik_Theodore"", ""LinkedIn"": ""https://linkedin.com/in/nik-theodore-35072b8""}}"
677,google_scholar,2026-03-01,2396,19,,,,,"{""workbook_row"": {""Name"": ""Nebiyou Tilahun"", ""Year"": 2010, ""Cites2017"": 2396, ""%Cites2017"": 0.72, ""%Rank"": 0.824, ""H-Index"": 19, ""%RankH"": 0.631, ""GoogleScholar"": ""https://scholar.google.com.ph/citations?user=6tlzorcAAAAJ&hl=en"", ""CurrentSchool"": ""University of Illinois, Chicago"", ""Position"": ""Associate Professor"", ""PhDYear"": 2010, ""PhDSchool"": ""University of Minnesota"", ""Years"": 15, ""First"": ""Nebiyou"", ""Last"": ""Tilahun"", ""Interests"": ""Transportation Planning, Travel Behavior, Social Aspects of Transportation"", ""ResearchGate"": ""https://researchgate.net/profile/Nebiyou_Tilahu"", ""LinkedIn"": ""https://linkedin.com/in/nebiyou-tilahun-1865985""}}"
679,google_scholar,2026-03-01,1000,14,,,,,"{""workbook_row"": {""Name"": ""Lindsay Braun"", ""Year"": 2017, ""Cites2017"": 1000, ""%Cites2017"": 0.507, ""%Rank"": 0.785, ""H-Index"": 14, ""%RankH"": 0.485, ""GoogleScholar"": ""https://scholar.google.com/citations?hl=en&user=Tu2FfV8AAAAJ"", ""CurrentSchool"": ""University of Illinois, Urbana-Champaign"", ""Position"": ""Assistant Professor"", ""PhDYear"": 2017, ""PhDSchool"": ""UNC"", ""Years"": 8, ""First"": ""Lindsay"", ""Last"": ""Braun""}}"
680,google_scholar,2026-03-01,165,5,,,,,"{""workbook_row"": {""Name"": ""Colleen Chiu-Shee"", ""Year"": 2021, ""Cites2017"": 165, ""%Cites2017"": 0.182, ""%Rank"": 0.367, ""H-Index"": 5, ""%RankH"": 0.129, ""GoogleScholar"": ""https://scholar.google.com/citations?hl=en&user=kVtV0KgAAAAJ"", ""CurrentSchool"": ""University of Illinois, Urbana-Champaign"", ""Position"": ""Assistant Professor"", ""PhDYear"": 2021, ""PhDSchool"": ""MIT"", ""Years"": 4, ""First"": ""Colleen"", ""Last"": ""Chiu-Shee""}}"
681,google_scholar,2026-03-01,1590,20,,,,,"{""workbook_row"": {""Name"": ""Marc Doussard"", ""Year"": 2008, ""Cites2017"": 1590, ""%Cites2017"": 0.621, ""%Rank"": 0.388, ""H-Index"": 20, ""%RankH"": 0.664, ""GoogleScholar"": ""https://scholar.google.com/citations?user=4Evqn2wAAAAJ&hl=en"", ""CurrentSchool"": ""University of Illinois, Urbana-Champaign"", ""Position"": ""Professor"", ""PhDYear"": 2008, ""PhDSchool"": ""University of Illinois, Chicago"", ""Years"": 17, ""First"": ""Marc"", ""Last"": ""Doussard"", ""Interests"": ""Economic Development, Regional Development Theory, Research Design.""}}"
682,google_scholar,2026-03-01,1038,13,,,,,"{""workbook_row"": {""Name"": ""Mary Edwards"", ""Year"": 1997, ""Cites2017"": 1038, ""%Cites2017"": 0.512, ""%Rank"": 0.56, ""H-Index"": 13, ""%RankH"": 0.45, ""GoogleScholar"": ""https://scholar.google.com.ph/citations?user=aul-N4oAAAAJ&hl=en"", ""CurrentSchool"": ""University of Illinois, Urbana-Champaign"", ""Position"": ""Associate Professor"", ""PhDYear"": 1997, ""PhDSchool"": ""University of Wisconsin, Madison"", ""Years"": 28, ""First"": ""Mary"", ""Middle"": ""M."", ""Last"": ""Edwards"", ""Interests"": ""Fiscal Impact Analysis, Public Finance, Planning Methods."", ""LinkedIn"": ""https://linkedin.com/in/elizabethmedwards""}}"
683,google_scholar,2026-03-01,725,17,,,,,"{""workbook_row"": {""Name"": ""Kerry Li Fang"", ""Year"": 2018, ""Cites2017"": 725, ""%Cites2017"": 0.433, ""%Rank"": 0.71, ""H-Index"": 17, ""%RankH"": 0.572, ""GoogleScholar"": ""https://scholar.google.com/citations?hl=en&authuser=1&user=ruA5e9sAAAAJ&inst=13410158990364976897"", ""CurrentSchool"": ""University of Illinois, Urbana-Champaign"", ""Position"": ""Assistant Professor"", ""PhDYear"": 2018, ""PhDSchool"": ""University of Maryland"", ""Years"": 7, ""First"": ""Kerry"", ""Middle"": ""Li"", ""Last"": ""Fang""}}"
684,google_scholar,2026-03-01,1811,22,,,,,"{""workbook_row"": {""Name"": ""Andrew Greenlee"", ""Year"": 2011, ""Cites2017"": 1811, ""%Cites2017"": 0.65, ""%Rank"": 0.423, ""H-Index"": 22, ""%RankH"": 0.722, ""GoogleScholar"": ""https://scholar.google.com.ph/citations?user=PUW7M-oAAAAJ&hl=en"", ""CurrentSchool"": ""University of Illinois, Urbana-Champaign"", ""Position"": ""Professor"", ""PhDYear"": 2011, ""PhDSchool"": ""University of Illinois, Chicago"", ""Years"": 14, ""First"": ""Andrew"", ""Last"": ""Greenlee"", ""Interests"": ""Housing Policy, Community Development, Inequality, Neighborhood Indicators"", ""LinkedIn"": ""https://linkedin.com/in/andrew-greenlee-742aa051""}}"
685,google_scholar,2026-03-01,2502,25,,,,,"{""workbook_row"": {""Name"": ""Bumsoo Lee"", ""Year"": 2006, ""Cites2017"": 2502, ""%Cites2017"": 0.736, ""%Rank"": 0.848, ""H-Index"": 25, ""%RankH"": 0.793, ""GoogleScholar"": ""https://scholar.google.com.ph/citations?user=IXfBXPsAAAAJ&hl=en"", ""CurrentSchool"": ""University of Illinois, Urbana-Champaign"", ""Position"": ""Associate Professor"", ""PhDYear"": 2006, ""PhDSchool"": ""USC"", ""Years"": 19, ""First"": ""Bumsoo"", ""Last"": ""Lee"", ""Interests"": ""Urban Spatial Structure, Metropolitan Development, Urban Land Use, Travel Behavior and Transportation Planning, Regional Economic Analysis and Modeling"", ""ResearchGate"": ""https://researchgate.net/profile/Bumsoo_Lee"", ""LinkedIn"": ""https://linkedin.com/in/bumsoo-lee-0a2a33b3""}}"
686,google_scholar,2026-03-01,6633,32,,,,,"{""workbook_row"": {""Name"": ""Faranak Miraftab"", ""Year"": 1995, ""Cites2017"": 6633, ""%Cites2017"": 0.919, ""%Rank"": 0.814, ""H-Index"": 32, ""%RankH"": 0.874, ""GoogleScholar"": ""https://scholar.google.com.ph/citations?user=02B7qPsAAAAJ&hl=en"", ""CurrentSchool"": ""University of Illinois, Urbana-Champaign"", ""Position"": ""Professor"", ""PhDYear"": 1995, ""PhDSchool"": ""UC Berkeley"", ""Years"": 30, ""First"": ""Faranak"", ""Last"": ""Miraftab"", ""Interests"": ""Globalization and Transnational Linkages, Community Development in Developing Nations, Housing and Gender Issues in International Planning"", ""ResearchGate"": ""https://researchgate.net/profile/Faranak_Miraftab"", ""LinkedIn"": ""https://linkedin.com/in/faranak-miraftab-73004366""}}"
687,google_scholar,2026-03-01,192,6,,,,,"{""workbook_row"": {""Name"": ""Magdalena Novoa"", ""Year"": 2021, ""Cites2017"": 192, ""%Cites2017"": 0.197, ""%Rank"": 0.396, ""H-Index"": 6, ""%RankH"": 0.173, ""GoogleScholar"": ""https://scholar.google.com/citations?hl=en&user=Bz7JalkAAAAJ"", ""CurrentSchool"": ""University of Illinois, Urbana-Champaign"", ""Position"": ""Assistant Professor"", ""PhDYear"": 2021, ""PhDSchool"": ""University of Texas, Austin"", ""Years"": 4, ""First"": ""Magdalena"", ""Last"": ""Novoa""}}"
688,google_scholar,2026-03-01,10016,32,,,,,"{""workbook_row"": {""Name"": ""Rolf Pendall"", ""Year"": 1995, ""Cites2017"": 10016, ""%Cites2017"": 0.953, ""%Rank"": 0.888, ""H-Index"": 32, ""%RankH"": 0.874, ""GoogleScholar"": ""https://scholar.google.com/citations?user=tuJIbNAAAAAJ&hl"", ""CurrentSchool"": ""University of Illinois, Urbana-Champaign"", ""Position"": ""Professor"", ""PhDYear"": 1995, ""PhDSchool"": ""UC Berkeley"", ""Years"": 30, ""First"": ""Rolf"", ""Last"": ""Pendall""}}"
689,google_scholar,2026-03-01,197,6,,,,,"{""workbook_row"": {""Name"": ""Omar Perez-Figueroa"", ""Year"": 2022, ""Cites2017"": 197, ""%Cites2017"": 0.2, ""%Rank"": 0.407, ""H-Index"": 6, ""%RankH"": 0.173, ""GoogleScholar"": ""https://scholar.google.com/citations?hl=en&user=kiZp5E4AAAAJ"", ""CurrentSchool"": ""University of Illinois, Urbana-Champaign"", ""Position"": ""Assistant Professor"", ""PhDYear"": 2022, ""PhDSchool"": ""UC Irvine"", ""Years"": 3, ""First"": ""Omar"", ""Last"": ""Perez-Figueroa""}}"
692,google_scholar,2026-03-01,53,3,,,,,"{""workbook_row"": {""Name"": ""Sarah Hofmeyer"", ""Year"": 2024, ""Cites2017"": 53, ""%Cites2017"": 0.072, ""%Rank"": 0.142, ""H-Index"": 3, ""%RankH"": 0.051, ""GoogleScholar"": ""https://scholar.google.com/citations?user=GqoLszYAAAAJ&hl=en&oi=ao"", ""CurrentSchool"": ""University of Iowa"", ""Position"": ""Assistant Professor"", ""PhDYear"": 2024, ""PhDSchool"": ""University of Kansas"", ""Years"": 1, ""First"": ""Sarah"", ""Last"": ""Hofmeyer""}}"
693,google_scholar,2026-03-01,210,6,,,,,"{""workbook_row"": {""Name"": ""Bogdan Kapatsila"", ""Year"": 2024, ""Cites2017"": 210, ""%Cites2017"": 0.207, ""%Rank"": 0.428, ""H-Index"": 6, ""%RankH"": 0.173, ""GoogleScholar"": ""https://scholar.google.com/citations?user=DSRdrY8AAAAJ&hl=en&oi=ao"", ""CurrentSchool"": ""University of Iowa"", ""Position"": ""Assistant Professor"", ""PhDYear"": 2024, ""PhDSchool"": ""University of Alberta"", ""Years"": 1, ""First"": ""Bogdan"", ""Last"": ""Kapatsila""}}"
694,google_scholar,2026-03-01,1588,19,,,,,"{""workbook_row"": {""Name"": ""Phuong Nguyen"", ""Year"": 2010, ""Cites2017"": 1588, ""%Cites2017"": 0.62, ""%Rank"": 0.692, ""H-Index"": 19, ""%RankH"": 0.631, ""GoogleScholar"": ""https://scholar.google.com/citations?user=uSknpnsAAAAJ&hl=en"", ""CurrentSchool"": ""University of Iowa"", ""Position"": ""Associate Professor"", ""PhDYear"": 2010, ""PhDSchool"": ""Syracuse University"", ""Years"": 15, ""First"": ""Phuong"", ""Last"": ""Nguyen"", ""Interests"": ""Public Finance and Budgeting, Development Policy""}}"
695,google_scholar,2026-03-01,3039,21,,,,,"{""workbook_row"": {""Name"": ""Haifeng Qian"", ""Year"": 2010, ""Cites2017"": 3039, ""%Cites2017"": 0.781, ""%Rank"": 0.89, ""H-Index"": 21, ""%RankH"": 0.696, ""GoogleScholar"": ""https://scholar.google.com/citations?user=nE6IM7sAAAAJ&hl=en"", ""CurrentSchool"": ""University of Iowa"", ""Position"": ""Associate Professor"", ""PhDYear"": 2010, ""PhDSchool"": ""George Mason University"", ""Years"": 15, ""First"": ""Haifeng"", ""Last"": ""Qian"", ""Interests"": ""Economic Development, GIS."", ""ResearchGate"": ""https://researchgate.net/profile/Haifeng_Qian4"", ""LinkedIn"": ""https://linkedin.com/in/haifeng-qian-9398016""}}"
696,google_scholar,2026-03-01,3141,32,,,,,"{""workbook_row"": {""Name"": ""Scott Spak"", ""Year"": 2009, ""Cites2017"": 3141, ""%Cites2017"": 0.786, ""%Rank"": 0.95, ""H-Index"": 32, ""%RankH"": 0.874, ""GoogleScholar"": ""https://scholar.google.com.ph/citations?user=yFS538MAAAAJ&hl=en"", ""CurrentSchool"": ""University of Iowa"", ""Position"": ""Assistant Professor"", ""PhDYear"": 2009, ""PhDSchool"": ""University of Wisconsin, Madison"", ""Years"": 16, ""First"": ""Scott"", ""Last"": ""Spak"", ""Interests"": ""Climate Change, Land Use, Air Quality, and Environmental Problems of Mega-Citites"", ""ResearchGate"": ""https://researchgate.net/profile/Scott_Spak""}}"
697,google_scholar,2026-03-01,167,5,,,,,"{""workbook_row"": {""Name"": ""Samantha Zuhlke"", ""Year"": 2021, ""Cites2017"": 167, ""%Cites2017"": 0.183, ""%Rank"": 0.371, ""H-Index"": 5, ""%RankH"": 0.129, ""GoogleScholar"": ""https://scholar.google.com/citations?hl=en&user=JJHfVmwAAAAJ"", ""CurrentSchool"": ""University of Iowa"", ""Position"": ""Assistant Professor"", ""PhDYear"": 2021, ""PhDSchool"": ""Texas A&M"", ""Years"": 4, ""First"": ""Samantha"", ""Last"": ""Zuhlke""}}"
698,google_scholar,2026-03-01,415,10,,,,,"{""workbook_row"": {""Name"": ""Hye-Sung Han"", ""Year"": 2020, ""Cites2017"": 415, ""%Cites2017"": 0.308, ""%Rank"": 0.277, ""H-Index"": 10, ""%RankH"": 0.335, ""GoogleScholar"": ""https://scholar.google.com/citations?user=bZjyNVIAAAAJ&hl"", ""CurrentSchool"": ""University of Kansas"", ""Position"": ""Associate Professor"", ""PhDYear"": 2020, ""PhDSchool"": ""University of North Carolina, Chapel Hill"", ""Years"": 5, ""First"": ""Hye-Sung"", ""Last"": ""Han""}}"
699,google_scholar,2026-03-01,540,15,,,,,"{""workbook_row"": {""Name"": ""Bonnie Johnson"", ""Year"": 2006, ""Cites2017"": 540, ""%Cites2017"": 0.37, ""%Rank"": 0.173, ""H-Index"": 15, ""%RankH"": 0.516, ""GoogleScholar"": ""https://scholar.google.com/citations?user=seDOjF4AAAAJ&hl=en"", ""CurrentSchool"": ""University of Kansas"", ""Position"": ""Professor"", ""PhDYear"": 2006, ""PhDSchool"": ""University of Kansas"", ""Years"": 19, ""First"": ""Bonnie"", ""Last"": ""Johnson"", ""Interests"": ""Land Use Planning, Planning Practice and Democracy, Organization Behavior"", ""ResearchGate"": ""https://researchgate.net/profile/Bonnie_Johnson4"", ""LinkedIn"": ""https://linkedin.com/in/bonnie-johnson-6072356""}}"
700,google_scholar,2026-03-01,2129,16,,,,,"{""workbook_row"": {""Name"": ""Ward Lyles"", ""Year"": 2012, ""Cites2017"": 2129, ""%Cites2017"": 0.687, ""%Rank"": 0.78, ""H-Index"": 16, ""%RankH"": 0.548, ""GoogleScholar"": ""https://scholar.google.com.ph/citations?user=C54EMucAAAAJ&hl=en"", ""CurrentSchool"": ""University of Kansas"", ""Position"": ""Associate Professor"", ""PhDYear"": 2012, ""PhDSchool"": ""University of North Carolina, Chapel Hill"", ""Years"": 13, ""First"": ""Ward"", ""Last"": ""Lyles"", ""ResearchGate"": ""https://researchgate.net/profile/Ward_Lyles"", ""LinkedIn"": ""https://linkedin.com/in/ward-lyles-925a0a29""}}"
701,google_scholar,2026-03-01,14,3,,,,,"{""workbook_row"": {""Name"": ""Joel Mendez"", ""Year"": 2018, ""Cites2017"": 14, ""%Cites2017"": 0.034, ""%Rank"": 0.071, ""H-Index"": 3, ""%RankH"": 0.051, ""GoogleScholar"": ""https://scholar.google.com/citations?hl=en&user=lHzlmy8AAAAJ&inst=13410158990364976897"", ""CurrentSchool"": ""University of Kansas"", ""Position"": ""Assistant Professor"", ""PhDYear"": 2018, ""PhDSchool"": ""Florida State University"", ""Years"": 7, ""First"": ""Joel"", ""Last"": ""Mendez""}}"
703,google_scholar,2026-03-01,1663,15,,,,,"{""workbook_row"": {""Name"": ""Daniel DeCaro"", ""Year"": 2010, ""Cites2017"": 1663, ""%Cites2017"": 0.628, ""%Rank"": 0.706, ""H-Index"": 15, ""%RankH"": 0.516, ""GoogleScholar"": ""https://scholar.google.com/citations?user=sAL9a0sAAAAJ&hl=en"", ""CurrentSchool"": ""University of Louisville"", ""Position"": ""Associate Professor"", ""PhDYear"": 2010, ""PhDSchool"": ""Miami University"", ""Years"": 15, ""First"": ""Daniel"", ""Last"": ""DeCaro""}}"
705,google_scholar,2026-03-01,2826,28,,,,,"{""workbook_row"": {""Name"": ""John Gilderbloom"", ""Year"": 1983, ""Cites2017"": 2826, ""%Cites2017"": 0.773, ""%Rank"": 0.559, ""H-Index"": 28, ""%RankH"": 0.832, ""GoogleScholar"": ""https://scholar.google.com/citations?user=krg22b8AAAAJ&hl=en"", ""CurrentSchool"": ""University of Louisville"", ""Position"": ""Professor"", ""PhDYear"": 1983, ""PhDSchool"": ""UCSB"", ""Years"": 42, ""First"": ""John"", ""Last"": ""Gilderbloom"", ""Interests"": ""Housing and Community Development, International Planning"", ""ResearchGate"": ""https://researchgate.net/profile/John_Gilderbloom2"", ""LinkedIn"": ""https://linkedin.com/in/john-gilderbloom-41a4a899""}}"
706,google_scholar,2026-03-01,1323,18,,,,,"{""workbook_row"": {""Name"": ""Frank Goetzke"", ""Year"": 2006, ""Cites2017"": 1323, ""%Cites2017"": 0.568, ""%Rank"": 0.631, ""H-Index"": 18, ""%RankH"": 0.604, ""GoogleScholar"": ""https://scholar.google.com.ph/citations?user=9xwMDv4AAAAJ&hl=en"", ""CurrentSchool"": ""University of Louisville"", ""Position"": ""Associate Professor"", ""PhDYear"": 2006, ""PhDSchool"": ""West Virginia University"", ""Years"": 19, ""First"": ""Frank"", ""Last"": ""Goetzke"", ""Interests"": ""Transportation Policy and Planning, Urban Economics"", ""ResearchGate"": ""https://researchgate.net/profile/Frank_Goetzke"", ""LinkedIn"": ""https://linkedin.com/in/frank-goetzke-40652019""}}"
707,google_scholar,2026-03-01,2658,24,,,,,"{""workbook_row"": {""Name"": ""David Imbroscio"", ""Year"": 1993, ""Cites2017"": 2658, ""%Cites2017"": 0.753, ""%Rank"": 0.532, ""H-Index"": 24, ""%RankH"": 0.774, ""GoogleScholar"": ""https://scholar.google.com/citations?user=9zJEZhEAAAAJ&hl=en"", ""CurrentSchool"": ""University of Louisville"", ""Position"": ""Professor"", ""PhDYear"": 1993, ""PhDSchool"": ""University of Maryland"", ""Years"": 32, ""First"": ""David"", ""Last"": ""Imbroscio"", ""ResearchGate"": ""https://researchgate.net/profile/David_Imbroscio""}}"
709,google_scholar,2026-03-01,1101,17,,,,,"{""workbook_row"": {""Name"": ""Steven Koven"", ""Year"": 1982, ""Cites2017"": 1101, ""%Cites2017"": 0.523, ""%Rank"": 0.289, ""H-Index"": 17, ""%RankH"": 0.572, ""GoogleScholar"": ""https://scholar.google.com/citations?user=YxRHl94AAAAJ&hl=en"", ""CurrentSchool"": ""University of Louisville"", ""Position"": ""Professor"", ""PhDYear"": 1982, ""PhDSchool"": ""University of Florida"", ""Years"": 43, ""First"": ""Steven"", ""Middle"": ""G."", ""Last"": ""Koven""}}"
711,google_scholar,2026-03-01,1111,16,,,,,"{""workbook_row"": {""Name"": ""Matthew Ruther"", ""Year"": 2012, ""Cites2017"": 1111, ""%Cites2017"": 0.524, ""%Rank"": 0.574, ""H-Index"": 16, ""%RankH"": 0.548, ""GoogleScholar"": ""https://scholar.google.com/citations?user=ewXHmhMAAAAJ&hl=en"", ""CurrentSchool"": ""University of Louisville"", ""Position"": ""Associate Professor"", ""PhDYear"": 2012, ""PhDSchool"": ""University of Pennsylvania"", ""Years"": 13, ""First"": ""Matthew"", ""Last"": ""Ruther""}}"
712,google_scholar,2026-03-01,483,14,,,,,"{""workbook_row"": {""Name"": ""Margath Walker"", ""Year"": 2009, ""Cites2017"": 483, ""%Cites2017"": 0.341, ""%Rank"": 0.321, ""H-Index"": 14, ""%RankH"": 0.485, ""GoogleScholar"": ""https://scholar.google.com/citations?hl=en&authuser=2&user=Wjo2ri0AAAAJ&inst=13410158990364976897"", ""CurrentSchool"": ""University of Louisville"", ""Position"": ""Associate Professor"", ""PhDYear"": 2009, ""PhDSchool"": ""University of Kentucky"", ""Years"": 16, ""First"": ""Margath"", ""Last"": ""Walker""}}"
713,google_scholar,2026-03-01,677,13,,,,,"{""workbook_row"": {""Name"": ""Sumei Zhang"", ""Year"": 2008, ""Cites2017"": 677, ""%Cites2017"": 0.415, ""%Rank"": 0.428, ""H-Index"": 13, ""%RankH"": 0.45, ""GoogleScholar"": ""https://scholar.google.com/citations?hl=en&authuser=1&user=KOzyUC0AAAAJ&inst=13410158990364976897"", ""CurrentSchool"": ""University of Louisville"", ""Position"": ""Associate Professor"", ""PhDYear"": 2008, ""PhDSchool"": ""Ohio State University"", ""Years"": 17, ""First"": ""Sumei"", ""Last"": ""Zhang"", ""Interests"": ""Land Use Planning, Planning Theory, Research Methods""}}"
714,google_scholar,2026-03-01,615,10,,,,,"{""workbook_row"": {""Name"": ""Raphael Ayambire"", ""Year"": 2022, ""Cites2017"": 615, ""%Cites2017"": 0.393, ""%Rank"": 0.682, ""H-Index"": 10, ""%RankH"": 0.335, ""GoogleScholar"": ""https://scholar.google.com/citations?user=nJM_A2EAAAAJ"", ""CurrentSchool"": ""University of Manitoba"", ""Position"": ""Assistant Professor"", ""PhDYear"": 2022, ""PhDSchool"": ""University of Waterloo"", ""Years"": 3, ""First"": ""Raphael"", ""Last"": ""Ayambire""}}"
715,google_scholar,2026-03-01,3858,12,,,,,"{""workbook_row"": {""Name"": ""Rae Bridgman"", ""Year"": 1993, ""Cites2017"": 3858, ""%Cites2017"": 0.83, ""%Rank"": 0.648, ""H-Index"": 12, ""%RankH"": 0.409, ""GoogleScholar"": ""https://scholar.google.com/citations?user=B7VbV0AAAAAJ&hl=en&oe=ASCII"", ""CurrentSchool"": ""University of Manitoba"", ""Position"": ""Professor"", ""PhDYear"": 1993, ""PhDSchool"": ""York University"", ""Years"": 32, ""First"": ""Rae"", ""Last"": ""Bridgman""}}"
716,google_scholar,2026-03-01,114,6,,,,,"{""workbook_row"": {""Name"": ""Sarah Cooper"", ""Year"": 2018, ""Cites2017"": 114, ""%Cites2017"": 0.137, ""%Rank"": 0.129, ""H-Index"": 6, ""%RankH"": 0.173, ""GoogleScholar"": ""https://scholar.google.com/citations?user=Avbh3P4AAAAJ"", ""CurrentSchool"": ""University of Manitoba"", ""Position"": ""Associate Professor"", ""PhDYear"": 2018, ""PhDSchool"": ""University of Illinois, Chicago"", ""Years"": 7, ""First"": ""Sarah"", ""Last"": ""Cooper""}}"
717,google_scholar,2026-03-01,535,12,,,,,"{""workbook_row"": {""Name"": ""Orly Linovski"", ""Year"": 2013, ""Cites2017"": 535, ""%Cites2017"": 0.364, ""%Rank"": 0.66, ""H-Index"": 12, ""%RankH"": 0.409, ""GoogleScholar"": ""https://scholar.google.com/citations?user=tZAaPyAAAAAJ&hl=en"", ""CurrentSchool"": ""University of Manitoba"", ""Position"": ""Assistant Professor"", ""PhDYear"": 2013, ""PhDSchool"": ""UCLA"", ""Years"": 12, ""First"": ""Orly"", ""Last"": ""Linovski""}}"
719,google_scholar,2026-03-01,6,2,,,,,"{""workbook_row"": {""Name"": ""David van Vliet"", ""Year"": 2000, ""Cites2017"": 6, ""%Cites2017"": 0.016, ""%Rank"": 0.016, ""H-Index"": 2, ""%RankH"": 0.024, ""GoogleScholar"": ""https://scholar.google.com/citations?hl=en&authuser=1&user=gqWVZsEAAAAJ"", ""CurrentSchool"": ""University of Manitoba"", ""Position"": ""Associate Professor"", ""PhDYear"": 2000, ""PhDSchool"": ""University of British Columbia"", ""Years"": 25, ""First"": ""David"", ""Last"": ""van Vliet""}}"
720,google_scholar,2026-03-01,1560,13,,,,,"{""workbook_row"": {""Name"": ""Ariel Bierbaum"", ""Year"": 2016, ""Cites2017"": 1560, ""%Cites2017"": 0.612, ""%Rank"": 0.681, ""H-Index"": 13, ""%RankH"": 0.45, ""GoogleScholar"": ""https://scholar.google.com/citations?user=TGNBWx4AAAAJ&hl=en"", ""CurrentSchool"": ""University of Maryland"", ""Position"": ""Associate Professor"", ""PhDYear"": 2016, ""PhDSchool"": ""UC Berkeley"", ""Years"": 9, ""First"": ""Ariel"", ""Last"": ""Bierbaum""}}"
721,google_scholar,2026-03-01,5830,33,,,,,"{""workbook_row"": {""Name"": ""Casey Dawkins"", ""Year"": 2003, ""Cites2017"": 5830, ""%Cites2017"": 0.905, ""%Rank"": 0.787, ""H-Index"": 33, ""%RankH"": 0.886, ""GoogleScholar"": ""https://scholar.google.com/citations?user=EPD8e8gAAAAJ&hl=en"", ""CurrentSchool"": ""University of Maryland"", ""Position"": ""Professor"", ""PhDYear"": 2003, ""PhDSchool"": ""Georgia Tech"", ""Years"": 22, ""First"": ""Casey"", ""Middle"": ""J."", ""Last"": ""Dawkins"", ""Interests"": ""Housing Policy, Growth Management, Urban Economics, Quantitative Methods."", ""ResearchGate"": ""https://researchgate.net/profile/Casey_Dawkins"", ""LinkedIn"": ""https://linkedin.com/in/casey-dawkins-12a9985""}}"
722,google_scholar,2026-03-01,5663,31,,,,,"{""workbook_row"": {""Name"": ""Chengri Ding"", ""Year"": 1996, ""Cites2017"": 5663, ""%Cites2017"": 0.901, ""%Rank"": 0.779, ""H-Index"": 31, ""%RankH"": 0.862, ""GoogleScholar"": ""https://scholar.google.com/citations?hl=en&authuser=1&user=CHE-z2kAAAAJ"", ""CurrentSchool"": ""University of Maryland"", ""Position"": ""Professor"", ""PhDYear"": 1996, ""PhDSchool"": ""University of Illinois, Urbana-Champaign"", ""Years"": 29, ""First"": ""Chengri"", ""Last"": ""Ding"", ""Interests"": ""GIS, Urban and Regional Economic Analysis, International Development Planning"", ""LinkedIn"": ""https://linkedin.com/in/chengri-ding-89b27421""}}"
723,google_scholar,2026-03-01,947,16,,,,,"{""workbook_row"": {""Name"": ""Marccus Hendricks"", ""Year"": 2017, ""Cites2017"": 947, ""%Cites2017"": 0.495, ""%Rank"": 0.535, ""H-Index"": 16, ""%RankH"": 0.548, ""GoogleScholar"": ""https://scholar.google.com/citations?user=qWImUjUAAAAJ&hl"", ""CurrentSchool"": ""University of Maryland"", ""Position"": ""Associate Professor"", ""PhDYear"": 2017, ""PhDSchool"": ""Texas A&M"", ""Years"": 8, ""First"": ""Marccus"", ""Last"": ""Hendricks"", ""Interests"": ""tormwater infrastructure planning and management, social vulnerability to disaster, environmental justice, hazard mitigation, sustainable development, public health and the built environment, and participatory action research""}}"
724,google_scholar,2026-03-01,437,11,,,,,"{""workbook_row"": {""Name"": ""Kathryn Howell"", ""Year"": 2013, ""Cites2017"": 437, ""%Cites2017"": 0.319, ""%Rank"": 0.288, ""H-Index"": 11, ""%RankH"": 0.374, ""GoogleScholar"": ""https://scholar.google.com/citations?hl=en&user=XzbowdEAAAAJ"", ""CurrentSchool"": ""University of Maryland"", ""Position"": ""Associate Professor"", ""PhDYear"": 2013, ""PhDSchool"": ""University of Texas, Austin"", ""Years"": 12, ""First"": ""Kathryn"", ""Middle"": ""L."", ""Last"": ""Howell"", ""LinkedIn"": ""https://linkedin.com/in/kathryn-howell-851b6850""}}"
725,google_scholar,2026-03-01,3070,29,,,,,"{""workbook_row"": {""Name"": ""Clara Irazábal-Zurita"", ""Year"": 2002, ""Cites2017"": 3070, ""%Cites2017"": 0.783, ""%Rank"": 0.571, ""H-Index"": 29, ""%RankH"": 0.84, ""GoogleScholar"": ""https://scholar.google.com/citations?hl=en&authuser=1&user=HwMQKTUAAAAJ"", ""CurrentSchool"": ""University of Maryland"", ""Position"": ""Professor"", ""PhDYear"": 2002, ""PhDSchool"": ""UC Berkeley"", ""Years"": 23, ""First"": ""Clara"", ""Middle"": ""E."", ""Last"": ""Irazábal-Zurita"", ""Interests"": ""Community development planning in Latin America; community development planning in/with POC, Latinx, and immigrant communities; and urban studies, planning, and design theory""}}"
726,google_scholar,2026-03-01,3419,28,,,,,"{""workbook_row"": {""Name"": ""Hiroyuki Iseki"", ""Year"": 2004, ""Cites2017"": 3419, ""%Cites2017"": 0.805, ""%Rank"": 0.906, ""H-Index"": 28, ""%RankH"": 0.832, ""GoogleScholar"": ""https://scholar.google.com.ph/citations?user=k5lcdMIAAAAJ&hl=en"", ""CurrentSchool"": ""University of Maryland"", ""Position"": ""Associate Professor"", ""PhDYear"": 2004, ""PhDSchool"": ""UCLA"", ""Years"": 21, ""First"": ""Hiroyuki"", ""Last"": ""Iseki"", ""Interests"": ""Transportation Policy, Transportation and Land Use, Transportation Economics, Application of GIS to Planning and Policy Analysis, Urban Public Finance"", ""LinkedIn"": ""https://linkedin.com/in/hiroyuki-iseki-21ba085""}}"
727,google_scholar,2026-03-01,332,10,,,,,"{""workbook_row"": {""Name"": ""Dawn Jourdan"", ""Year"": 2004, ""Cites2017"": 332, ""%Cites2017"": 0.273, ""%Rank"": 0.126, ""H-Index"": 10, ""%RankH"": 0.335, ""GoogleScholar"": ""https://scholar.google.com/citations?user=Gdo8qcsAAAAJ&hl=en"", ""CurrentSchool"": ""University of Maryland"", ""Position"": ""Professor"", ""PhDYear"": 2004, ""PhDSchool"": ""Florida State University"", ""Years"": 21, ""First"": ""Dawn"", ""Last"": ""Jourdan"", ""Interests"": ""Planning Law, Housing Law, Growth Management Law"", ""LinkedIn"": ""https://linkedin.com/in/dawn-jourdan-18a61025""}}"
728,google_scholar,2026-03-01,8527,41,,,,,"{""workbook_row"": {""Name"": ""Gerrit Knaap"", ""Year"": 1982, ""Cites2017"": 8527, ""%Cites2017"": 0.938, ""%Rank"": 0.856, ""H-Index"": 41, ""%RankH"": 0.938, ""GoogleScholar"": ""https://scholar.google.com.ph/citations?user=0GNDcJQAAAAJ&hl=en"", ""CurrentSchool"": ""University of Maryland"", ""Position"": ""Professor"", ""PhDYear"": 1982, ""PhDSchool"": ""University of Oregon"", ""Years"": 43, ""First"": ""Gerrit"", ""Middle"": ""J."", ""Last"": ""Knaap"", ""Interests"": ""Land Use/Growth Management, Metropolitan/ Regional Planning, Urban and Regional Economics."", ""ResearchGate"": ""https://researchgate.net/profile/Gerrit_Jan_Knaap"", ""LinkedIn"": ""https://linkedin.com/in/gerrit-knaap-11355110""}}"
729,google_scholar,2026-03-01,595,12,,,,,"{""workbook_row"": {""Name"": ""Willow Lung-Amam"", ""Year"": 2012, ""Cites2017"": 595, ""%Cites2017"": 0.384, ""%Rank"": 0.376, ""H-Index"": 12, ""%RankH"": 0.409, ""GoogleScholar"": ""https://scholar.google.com.ph/citations?user=i78QCKoAAAAJ&hl=en"", ""CurrentSchool"": ""University of Maryland"", ""Position"": ""Associate Professor"", ""PhDYear"": 2012, ""PhDSchool"": ""UC Berkeley"", ""Years"": 13, ""First"": ""Willow"", ""Last"": ""Lung-Amam"", ""ResearchGate"": ""https://researchgate.net/profile/Willow_Lung-Amam_PhD"", ""LinkedIn"": ""https://linkedin.com/in/willow-lung-amam-ph-d-020b875""}}"
732,google_scholar,2026-03-01,645,10,,,,,"{""workbook_row"": {""Name"": ""Jesse Saginor"", ""Year"": 2006, ""Cites2017"": 645, ""%Cites2017"": 0.405, ""%Rank"": 0.412, ""H-Index"": 10, ""%RankH"": 0.335, ""GoogleScholar"": ""https://scholar.google.com.ph/citations?user=59-kfsQAAAAJ&hl=en"", ""CurrentSchool"": ""University of Maryland"", ""Position"": ""Associate Professor"", ""PhDYear"": 2006, ""PhDSchool"": ""Cleveland State University"", ""Years"": 19, ""First"": ""Jesse"", ""Last"": ""Saginor"", ""Interests"": ""Economic Development, Housing, Market Analysis, Real Estate Development, Urban Redevelopment."", ""ResearchGate"": ""https://researchgate.net/profile/Jesse_Saginor"", ""LinkedIn"": ""https://linkedin.com/in/jesse-saginor-phd-aicp-19721529""}}"
733,google_scholar,2026-03-01,139,7,,,,,"{""workbook_row"": {""Name"": ""Camille Barchers"", ""Year"": 2018, ""Cites2017"": 139, ""%Cites2017"": 0.16, ""%Rank"": 0.314, ""H-Index"": 7, ""%RankH"": 0.218, ""GoogleScholar"": ""https://scholar.google.com/citations?hl=en&authuser=2&user=p0ip6xIAAAAJ&inst=13410158990364976897"", ""CurrentSchool"": ""University of Massachusetts-Amherst"", ""Position"": ""Assistant Professor"", ""PhDYear"": 2018, ""PhDSchool"": ""Georgia Tech"", ""Years"": 7, ""First"": ""Camille"", ""Last"": ""Barchers""}}"
734,google_scholar,2026-03-01,2800,15,,,,,"{""workbook_row"": {""Name"": ""Elizabeth Brabec"", ""Year"": 1992, ""Cites2017"": 2800, ""%Cites2017"": 0.768, ""%Rank"": 0.549, ""H-Index"": 15, ""%RankH"": 0.516, ""GoogleScholar"": ""https://scholar.google.com/citations?user=XJzquz0AAAAJ&hl=en"", ""CurrentSchool"": ""University of Massachusetts-Amherst"", ""Position"": ""Professor"", ""PhDYear"": 1992, ""PhDSchool"": ""University of Maryland"", ""Years"": 33, ""First"": ""Elizabeth"", ""Last"": ""Brabec"", ""Interests"": ""Research interests are focused on land conservation and design and planning of sustainable open space, complemented with a strong interest in culture and the historical basis of landscape form"", ""ResearchGate"": ""https://researchgate.net/profile/Elizabeth_Brabec"", ""LinkedIn"": ""https://linkedin.com/in/elizabethbrabec""}}"
735,google_scholar,2026-03-01,2753,22,,,,,"{""workbook_row"": {""Name"": ""Theodore Eisenman"", ""Year"": 2015, ""Cites2017"": 2753, ""%Cites2017"": 0.765, ""%Rank"": 0.876, ""H-Index"": 22, ""%RankH"": 0.722, ""GoogleScholar"": ""https://scholar.google.com/citations?hl=en&user=e-vQNHcAAAAJ"", ""CurrentSchool"": ""University of Massachusetts-Amherst"", ""Position"": ""Associate Professor"", ""PhDYear"": 2015, ""PhDSchool"": ""University of Pennsylvania"", ""Years"": 10, ""First"": ""Theodore"", ""Last"": ""Eisenman""}}"
736,google_scholar,2026-03-01,2063,22,,,,,"{""workbook_row"": {""Name"": ""Elisabeth Hamin"", ""Year"": 1997, ""Cites2017"": 2063, ""%Cites2017"": 0.677, ""%Rank"": 0.443, ""H-Index"": 22, ""%RankH"": 0.722, ""GoogleScholar"": ""https://scholar.google.com/citations?hl=en&user=2l8cHzEAAAAJ"", ""CurrentSchool"": ""University of Massachusetts-Amherst"", ""Position"": ""Professor"", ""PhDYear"": 1997, ""PhDSchool"": ""University of Pennsylvania"", ""Years"": 28, ""First"": ""Elisabeth"", ""Middle"": ""M."", ""Last"": ""Hamin"", ""Interests"": ""Instructor of Growth Management, Regional Planning Studio, Real Estate Finance and Climate Change planning seminar"", ""LinkedIn"": ""https://linkedin.com/in/elisabeth-hamin-19414580""}}"
737,google_scholar,2026-03-01,117,5,,,,,"{""workbook_row"": {""Name"": ""Darrel Ramsey-Musolf"", ""Year"": 2013, ""Cites2017"": 117, ""%Cites2017"": 0.14, ""%Rank"": 0.131, ""H-Index"": 5, ""%RankH"": 0.129, ""GoogleScholar"": ""https://scholar.google.com/citations?hl=en&authuser=1&user=BuJtkcAAAAAJ"", ""CurrentSchool"": ""University of Massachusetts-Amherst"", ""Position"": ""Associate Professor"", ""PhDYear"": 2013, ""PhDSchool"": ""University of Wisconsin, Madison"", ""Years"": 12, ""First"": ""Darrel"", ""Last"": ""Ramsey-Musolf"", ""Interests"": ""Research focuses on urban morphology, regionalism, and planning research and practice. Teaches planning studio, housing policy, and land-use/growth management.""}}"
738,google_scholar,2026-03-01,2374,21,,,,,"{""workbook_row"": {""Name"": ""Henry Renski"", ""Year"": 2006, ""Cites2017"": 2374, ""%Cites2017"": 0.717, ""%Rank"": 0.815, ""H-Index"": 21, ""%RankH"": 0.696, ""GoogleScholar"": ""https://scholar.google.com/citations?user=VcmwudUAAAAJ&hl=en"", ""CurrentSchool"": ""University of Massachusetts-Amherst"", ""Position"": ""Associate Professor"", ""PhDYear"": 2006, ""PhDSchool"": ""UNC"", ""Years"": 19, ""First"": ""Henry"", ""Middle"": ""C."", ""Last"": ""Renski"", ""Interests"": ""Research focuses on understanding forces driving regional economic competitiveness and transformation, and building upon this knowledge to improve the effectiveness of economic development policy. Current work examines regional influences on entrepreneurship, empirical tests of agglomeration theory, industrial cluster analysis and cluster-based development strategies, and the application of spatial-analytical techniques to local economic policy decision-making."", ""LinkedIn"": ""https://linkedin.com/in/henry-renski-53205b1a""}}"
741,google_scholar,2026-03-01,6139,30,,,,,"{""workbook_row"": {""Name"": ""Ellen Douglas"", ""Year"": 2002, ""Cites2017"": 6139, ""%Cites2017"": 0.909, ""%Rank"": 0.975, ""H-Index"": 30, ""%RankH"": 0.857, ""GoogleScholar"": ""https://scholar.google.com/citations?hl=en&user=rpxghbMAAAAJ"", ""CurrentSchool"": ""University of Massachusetts-Boston"", ""Position"": ""Associate Professor"", ""PhDYear"": 2002, ""PhDSchool"": ""Tufts University"", ""Years"": 23, ""First"": ""Ellen"", ""Last"": ""Douglas""}}"
743,google_scholar,2026-03-01,573,10,,,,,"{""workbook_row"": {""Name"": ""Lorena Estrada-Martinez"", ""Year"": 2009, ""Cites2017"": 573, ""%Cites2017"": 0.377, ""%Rank"": 0.671, ""H-Index"": 10, ""%RankH"": 0.335, ""GoogleScholar"": ""https://scholar.google.com/citations?hl=en&authuser=1&user=zxWTHW4AAAAJ&inst=13410158990364976897"", ""CurrentSchool"": ""University of Massachusetts-Boston"", ""Position"": ""Assistant Professor"", ""PhDYear"": 2009, ""PhDSchool"": ""University of Michigan"", ""Years"": 16, ""First"": ""Lorena"", ""Last"": ""Estrada-Martinez""}}"
745,google_scholar,2026-03-01,94,4,,,,,"{""workbook_row"": {""Name"": ""Michael Johnson"", ""Year"": 2000, ""Cites2017"": 94, ""%Cites2017"": 0.111, ""%Rank"": 0.039, ""H-Index"": 4, ""%RankH"": 0.09, ""GoogleScholar"": ""https://scholar.google.com/citations?hl=en&user=XZ5n0n0AAAAJ"", ""CurrentSchool"": ""University of Massachusetts-Boston"", ""Position"": ""Professor"", ""PhDYear"": 2000, ""PhDSchool"": ""Northwestern University"", ""Years"": 25, ""First"": ""Michael"", ""Last"": ""Johnson""}}"
746,google_scholar,2026-03-01,330,7,,,,,"{""workbook_row"": {""Name"": ""Antonio Raciti"", ""Year"": 2012, ""Cites2017"": 330, ""%Cites2017"": 0.27, ""%Rank"": 0.525, ""H-Index"": 7, ""%RankH"": 0.218, ""GoogleScholar"": ""https://scholar.google.com/citations?user=SkM-vXkAAAAJ&hl=en&oi=ao"", ""CurrentSchool"": ""University of Massachusetts-Boston"", ""Position"": ""Assistant Professor"", ""PhDYear"": 2012, ""PhDSchool"": ""University of Catania"", ""Years"": 13, ""First"": ""Antonio"", ""Last"": ""Raciti"", ""Interests"": ""Urban Planning, Community Development, and Urban Design.""}}"
747,google_scholar,2026-03-01,1305,18,,,,,"{""workbook_row"": {""Name"": ""Kenneth Reardon"", ""Year"": 1990, ""Cites2017"": 1305, ""%Cites2017"": 0.561, ""%Rank"": 0.326, ""H-Index"": 18, ""%RankH"": 0.604, ""GoogleScholar"": ""https://scholar.google.com/citations?user=n02_iqAAAAAJ"", ""CurrentSchool"": ""University of Massachusetts-Boston"", ""Position"": ""Professor"", ""PhDYear"": 1990, ""PhDSchool"": ""Cornell University"", ""Years"": 35, ""First"": ""Kenneth"", ""Last"": ""Reardon""}}"
748,google_scholar,2026-03-01,2021,25,,,,,"{""workbook_row"": {""Name"": ""Eduardo Siqueira"", ""Year"": 2004, ""Cites2017"": 2021, ""%Cites2017"": 0.674, ""%Rank"": 0.763, ""H-Index"": 25, ""%RankH"": 0.793, ""GoogleScholar"": ""https://scholar.google.com/citations?hl=en&user=kJY5LJAAAAAJ"", ""CurrentSchool"": ""University of Massachusetts-Boston"", ""Position"": ""Associate Professor"", ""PhDYear"": 2004, ""PhDSchool"": ""University of Massachusetts Lowell"", ""Years"": 21, ""First"": ""Eduardo"", ""Last"": ""Siqueira""}}"
749,google_scholar,2026-03-01,1115,15,,,,,"{""workbook_row"": {""Name"": ""Elizabeth Sweet"", ""Year"": 2008, ""Cites2017"": 1115, ""%Cites2017"": 0.527, ""%Rank"": 0.8, ""H-Index"": 15, ""%RankH"": 0.516, ""GoogleScholar"": ""https://scholar.google.com/citations?user=lBwubQoAAAAJ&hl=en&oi=ao"", ""CurrentSchool"": ""University of Massachusetts-Boston"", ""Position"": ""Assistant Professor"", ""PhDYear"": 2008, ""PhDSchool"": ""Northwestern University"", ""Years"": 17, ""First"": ""Elizabeth"", ""Last"": ""Sweet""}}"
750,google_scholar,2026-03-01,2951,15,,,,,"{""workbook_row"": {""Name"": ""Alan Wiig"", ""Year"": 2014, ""Cites2017"": 2951, ""%Cites2017"": 0.777, ""%Rank"": 0.942, ""H-Index"": 15, ""%RankH"": 0.516, ""GoogleScholar"": ""https://scholar.google.com/citations?user=1egZe0gAAAAJ&hl=en&oe=ASCII"", ""CurrentSchool"": ""University of Massachusetts-Boston"", ""Position"": ""Assistant Professor"", ""PhDYear"": 2014, ""PhDSchool"": ""Temple University"", ""Years"": 11, ""First"": ""Alan"", ""Last"": ""Wiig""}}"
751,google_scholar,2026-03-01,11,2,,,,,"{""workbook_row"": {""Name"": ""Atyeh Ashtari"", ""Year"": 2023, ""Cites2017"": 11, ""%Cites2017"": 0.028, ""%Rank"": 0.06, ""H-Index"": 2, ""%RankH"": 0.024, ""GoogleScholar"": ""https://scholar.google.com/citations?hl=en&user=bZXPQuIAAAAJ"", ""CurrentSchool"": ""University of Memphis"", ""Position"": ""Assistant Professor"", ""PhDYear"": 2023, ""PhDSchool"": ""Universirty of Illinois at Urbana Champaign"", ""Years"": 2, ""First"": ""Atyeh"", ""Last"": ""Ashtari""}}"
752,google_scholar,2026-03-01,2362,21,,,,,"{""workbook_row"": {""Name"": ""Reza Banai"", ""Year"": 1983, ""Cites2017"": 2362, ""%Cites2017"": 0.715, ""%Rank"": 0.482, ""H-Index"": 21, ""%RankH"": 0.696, ""GoogleScholar"": ""https://scholar.google.com/citations?hl=en&authuser=1&user=dRVO2WQAAAAJ"", ""CurrentSchool"": ""University of Memphis"", ""Position"": ""Professor"", ""PhDYear"": 1983, ""PhDSchool"": ""University of Pennsylvania"", ""Years"": 42, ""First"": ""Reza"", ""Last"": ""Banai"", ""Interests"": ""Planning Theory, Site Planning & Regional Planning, Quantitative Methods, Urban Design"", ""LinkedIn"": ""https://linkedin.com/in/reza-banai-a706b121""}}"
753,google_scholar,2026-03-01,754,18,,,,,"{""workbook_row"": {""Name"": ""Stephen Kofi Diko"", ""Year"": 2019, ""Cites2017"": 754, ""%Cites2017"": 0.442, ""%Rank"": 0.728, ""H-Index"": 18, ""%RankH"": 0.604, ""GoogleScholar"": ""https://scholar.google.com/citations?hl=en&authuser=1&user=7Lnw1MgAAAAJ"", ""CurrentSchool"": ""University of Memphis"", ""Position"": ""Assistant Professor"", ""PhDYear"": 2019, ""PhDSchool"": ""University of Cincinnati"", ""Years"": 6, ""First"": ""Stephen"", ""Last"": ""Diko""}}"
754,google_scholar,2026-03-01,1141,12,,,,,"{""workbook_row"": {""Name"": ""Andrew Guthrie"", ""Year"": 2018, ""Cites2017"": 1141, ""%Cites2017"": 0.53, ""%Rank"": 0.803, ""H-Index"": 12, ""%RankH"": 0.409, ""GoogleScholar"": ""https://scholar.google.com/citations?hl=en&user=S0uWgf8AAAAJ"", ""CurrentSchool"": ""University of Memphis"", ""Position"": ""Assistant Professor"", ""PhDYear"": 2018, ""PhDSchool"": ""University of Minnesota"", ""Years"": 7, ""First"": ""Andrew"", ""Last"": ""Guthrie""}}"
755,google_scholar,2026-03-01,517,8,,,,,"{""workbook_row"": {""Name"": ""Charles Santo"", ""Year"": 2005, ""Cites2017"": 517, ""%Cites2017"": 0.357, ""%Rank"": 0.343, ""H-Index"": 8, ""%RankH"": 0.261, ""GoogleScholar"": ""https://scholar.google.com/citations?hl=en&user=IFUwjXcAAAAJ"", ""CurrentSchool"": ""University of Memphis"", ""Position"": ""Associate Professor"", ""PhDYear"": 2005, ""PhDSchool"": ""Portland State University"", ""Years"": 20, ""First"": ""Charles"", ""Last"": ""Santo"", ""Interests"": ""Housing, Economic Development, Youth Participation"", ""ResearchGate"": ""https://researchgate.net/profile/Charles_Santo"", ""LinkedIn"": ""https://linkedin.com/in/charlie-santo-900879aa""}}"
757,google_scholar,2026-03-01,9176,23,,,,,"{""workbook_row"": {""Name"": ""Scott Campbell"", ""Year"": 1990, ""Cites2017"": 9176, ""%Cites2017"": 0.946, ""%Rank"": 0.983, ""H-Index"": 23, ""%RankH"": 0.744, ""GoogleScholar"": ""https://scholar.google.com/citations?user=2h2zINcAAAAJ&hl=en"", ""CurrentSchool"": ""University of Michigan"", ""Position"": ""Associate Professor"", ""PhDYear"": 1990, ""PhDSchool"": ""UC Berkeley"", ""Years"": 35, ""First"": ""Scott"", ""Middle"": ""D."", ""Last"": ""Campbell"", ""Interests"": ""Planning Theory & History, Quantitative Methods, Regional Economic Development, Environmental Economics, Comparative Urbanization"", ""LinkedIn"": ""https://linkedin.com/in/scott-d-campbell-33089b44""}}"
758,google_scholar,2026-03-01,853,15,,,,,"{""workbook_row"": {""Name"": ""Lan Deng"", ""Year"": 2004, ""Cites2017"": 853, ""%Cites2017"": 0.475, ""%Rank"": 0.497, ""H-Index"": 15, ""%RankH"": 0.516, ""GoogleScholar"": ""https://scholar.google.com.ph/citations?user=0K7uj_gAAAAJ&hl=en"", ""CurrentSchool"": ""University of Michigan"", ""Position"": ""Associate Professor"", ""PhDYear"": 2004, ""PhDSchool"": ""UC Berkeley"", ""Years"": 21, ""First"": ""Lan"", ""Last"": ""Deng"", ""Interests"": ""Urban Economics and Urban Policies, Real Estate Development and Finance, Land Use Economics and Policies, Housing Economics and Policy"", ""ResearchGate"": ""https://researchgate.net/profile/Lan_Deng2"", ""LinkedIn"": ""https://linkedin.com/in/lan-deng-20552813""}}"
759,google_scholar,2026-03-01,1830,23,,,,,"{""workbook_row"": {""Name"": ""Robert Goodspeed"", ""Year"": 2012, ""Cites2017"": 1830, ""%Cites2017"": 0.653, ""%Rank"": 0.73, ""H-Index"": 23, ""%RankH"": 0.744, ""GoogleScholar"": ""https://scholar.google.com.ph/citations?user=QipNk0AAAAAJ&hl=en"", ""CurrentSchool"": ""University of Michigan"", ""Position"": ""Associate Professor"", ""PhDYear"": 2012, ""PhDSchool"": ""MIT"", ""Years"": 13, ""First"": ""Robert"", ""Last"": ""Goodspeed"", ""ResearchGate"": ""https://researchgate.net/profile/Robert_Goodspeed"", ""LinkedIn"": ""https://linkedin.com/in/robertgoodspeed""}}"
760,google_scholar,2026-03-01,2551,19,,,,,"{""workbook_row"": {""Name"": ""Joseph Grengs"", ""Year"": 2002, ""Cites2017"": 2551, ""%Cites2017"": 0.739, ""%Rank"": 0.504, ""H-Index"": 19, ""%RankH"": 0.631, ""GoogleScholar"": ""https://scholar.google.com/citations?hl=en&authuser=1&user=HIygntMAAAAJ"", ""CurrentSchool"": ""University of Michigan"", ""Position"": ""Professor"", ""PhDYear"": 2002, ""PhDSchool"": ""Cornell University"", ""Years"": 23, ""First"": ""Joseph"", ""Last"": ""Grengs"", ""Interests"": ""Transportation Planning & Policy, Urban Politics, Community Development, Planning Methods & International Development""}}"
761,google_scholar,2026-03-01,2415,18,,,,,"{""workbook_row"": {""Name"": ""Lesli Hoey"", ""Year"": 2012, ""Cites2017"": 2415, ""%Cites2017"": 0.722, ""%Rank"": 0.829, ""H-Index"": 18, ""%RankH"": 0.604, ""GoogleScholar"": ""https://scholar.google.com.ph/citations?user=UUhJBGYAAAAJ&hl=en"", ""CurrentSchool"": ""University of Michigan"", ""Position"": ""Associate Professor"", ""PhDYear"": 2012, ""PhDSchool"": ""Cornell University"", ""Years"": 13, ""First"": ""Lesli"", ""Last"": ""Hoey"", ""Interests"": ""Food Systems Planning, Planning in Developing Countries, Evaluation and Qualitative Planning Methods.""}}"
762,google_scholar,2026-03-01,339,6,,,,,"{""workbook_row"": {""Name"": ""Kimberley Kinder"", ""Year"": 2011, ""Cites2017"": 339, ""%Cites2017"": 0.277, ""%Rank"": 0.241, ""H-Index"": 6, ""%RankH"": 0.173, ""GoogleScholar"": ""https://scholar.google.com/citations?hl=en&user=cYNSNRAAAAAJ"", ""CurrentSchool"": ""University of Michigan"", ""Position"": ""Associate Professor"", ""PhDYear"": 2011, ""PhDSchool"": ""UC Berkeley"", ""Years"": 14, ""First"": ""Kimberley"", ""Last"": ""Kinder""}}"
763,google_scholar,2026-03-01,6317,28,,,,,"{""workbook_row"": {""Name"": ""Larissa Larsen"", ""Year"": 1997, ""Cites2017"": 6317, ""%Cites2017"": 0.914, ""%Rank"": 0.801, ""H-Index"": 28, ""%RankH"": 0.832, ""GoogleScholar"": ""https://scholar.google.com.ph/citations?user=NfbC4bgAAAAJ&hl=en"", ""CurrentSchool"": ""University of Michigan"", ""Position"": ""Professor"", ""PhDYear"": 1997, ""PhDSchool"": ""University of Illinois, Urbana-Champaign"", ""Years"": 28, ""First"": ""Larissa"", ""Last"": ""Larsen"", ""Interests"": ""Landscape Planning, Neighborhood Design, Social and Natural Capital"", ""ResearchGate"": ""https://researchgate.net/profile/Larissa_Larsen""}}"
764,google_scholar,2026-03-01,5396,29,,,,,"{""workbook_row"": {""Name"": ""Jonathan Levine"", ""Year"": 1990, ""Cites2017"": 5396, ""%Cites2017"": 0.887, ""%Rank"": 0.752, ""H-Index"": 29, ""%RankH"": 0.84, ""GoogleScholar"": ""https://scholar.google.com/citations?user=fUBqE7kAAAAJ&hl=en"", ""CurrentSchool"": ""University of Michigan"", ""Position"": ""Professor"", ""PhDYear"": 1990, ""PhDSchool"": ""UC Berkeley"", ""Years"": 35, ""First"": ""Jonathan"", ""Last"": ""Levine"", ""Interests"": ""Transportation & Land Use Planning, Regulation & Markets in Metropolitan Development, Public Transit Planning & Evaluation, Public Economics"", ""ResearchGate"": ""https://researchgate.net/profile/Jonathan_Levine4""}}"
765,google_scholar,2026-03-01,107,6,,,,,"{""workbook_row"": {""Name"": ""Xiaofan Liang"", ""Year"": 2023, ""Cites2017"": 107, ""%Cites2017"": 0.13, ""%Rank"": 0.25, ""H-Index"": 6, ""%RankH"": 0.173, ""GoogleScholar"": ""https://scholar.google.com/citations?user=0mnFK5AAAAAJ&hl=en&oi=ao"", ""CurrentSchool"": ""University of Michigan"", ""Position"": ""Assistant Professor"", ""PhDYear"": 2023, ""PhDSchool"": ""Georgia Tech"", ""Years"": 2, ""First"": ""Xiaofan"", ""Last"": ""Liang""}}"
766,google_scholar,2026-03-01,3564,29,,,,,"{""workbook_row"": {""Name"": ""Martin Murray"", ""Year"": 1975, ""Cites2017"": 3564, ""%Cites2017"": 0.814, ""%Rank"": 0.626, ""H-Index"": 29, ""%RankH"": 0.84, ""GoogleScholar"": ""https://scholar.google.com/citations?user=Jy1iaUQAAAAJ&hl=en&oe=ASCII"", ""CurrentSchool"": ""University of Michigan"", ""Position"": ""Professor"", ""PhDYear"": 1975, ""PhDSchool"": ""University of Texas, Austin"", ""Years"": 50, ""First"": ""Martin"", ""Last"": ""Murray""}}"
767,google_scholar,2026-03-01,1206,17,,,,,"{""workbook_row"": {""Name"": ""Richard Norton"", ""Year"": 2001, ""Cites2017"": 1206, ""%Cites2017"": 0.541, ""%Rank"": 0.309, ""H-Index"": 17, ""%RankH"": 0.572, ""GoogleScholar"": ""https://scholar.google.com/citations?user=DZGlBXUAAAAJ&hl=en"", ""CurrentSchool"": ""University of Michigan"", ""Position"": ""Professor"", ""PhDYear"": 2001, ""PhDSchool"": ""UNC"", ""Years"": 24, ""First"": ""Richard"", ""Middle"": ""K."", ""Last"": ""Norton"", ""Interests"": ""Environmental Policy and Planning, Sustainable Development, Intergovernmental Growth Management, Coastal Area Resource Management, Land Use and Planning Law."", ""ResearchGate"": ""https://researchgate.net/profile/Richard_Norton"", ""LinkedIn"": ""https://linkedin.com/in/richard-norton-b2020a26""}}"
768,google_scholar,2026-03-01,441,13,,,,,"{""workbook_row"": {""Name"": ""Anna Paula Pimentel Walker"", ""Year"": 2013, ""Cites2017"": 441, ""%Cites2017"": 0.32, ""%Rank"": 0.293, ""H-Index"": 13, ""%RankH"": 0.45, ""GoogleScholar"": ""https://scholar.google.com/citations?user=w5GSE3MAAAAJ&hl=en"", ""CurrentSchool"": ""University of Michigan"", ""Position"": ""Associate Professor"", ""PhDYear"": 2013, ""PhDSchool"": ""UC San Diego"", ""Years"": 12, ""First"": ""Ana Paula"", ""Last"": ""Pimentel Walker"", ""Interests"": ""Urban Planning in Developing Countries, Environmental Planning, Master’s Capstone Projects."", ""ResearchGate"": ""https://researchgate.net/profile/Ana_Paula_Pimentel_Walker"", ""LinkedIn"": ""https://linkedin.com/in/ana-paula-pimentel-walker-175689a7""}}"
770,google_scholar,2026-03-01,1062,17,,,,,"{""workbook_row"": {""Name"": ""Ryan Allen"", ""Year"": 2007, ""Cites2017"": 1062, ""%Cites2017"": 0.516, ""%Rank"": 0.284, ""H-Index"": 17, ""%RankH"": 0.572, ""GoogleScholar"": ""https://scholar.google.com/citations?user=NAvongwAAAAJ&hl=en"", ""CurrentSchool"": ""University of Minnesota"", ""Position"": ""Professor"", ""PhDYear"": 2007, ""PhDSchool"": ""MIT"", ""Years"": 18, ""First"": ""Ryan"", ""Middle"": ""P."", ""Last"": ""Allen"", ""Interests"": ""Immigrant and Refugee Policy, Social Networks, Urban Planning in Diverse Communities"", ""LinkedIn"": ""https://linkedin.com/in/ryan-allen-731b4410""}}"
771,google_scholar,2026-03-01,9152,54,,,,,"{""workbook_row"": {""Name"": ""Ragui Assaad"", ""Year"": 1991, ""Cites2017"": 9152, ""%Cites2017"": 0.945, ""%Rank"": 0.876, ""H-Index"": 54, ""%RankH"": 0.973, ""GoogleScholar"": ""https://scholar.google.com/citations?user=KBDa5yMAAAAJ&hl=en"", ""CurrentSchool"": ""University of Minnesota"", ""Position"": ""Professor"", ""PhDYear"": 1991, ""PhDSchool"": ""Cornell University"", ""Years"": 34, ""First"": ""Ragui"", ""Middle"": ""A."", ""Last"": ""Assaad"", ""Interests"": ""Community Development, Demography, Economic Development Planning, Impact Assessment, International Development & Planning"", ""ResearchGate"": ""https://researchgate.net/profile/Ragui_Assaad"", ""LinkedIn"": ""https://linkedin.com/in/ragui-assaad-8a78416""}}"
772,google_scholar,2026-03-01,2008,21,,,,,"{""workbook_row"": {""Name"": ""Nisha Botchwey"", ""Year"": 2003, ""Cites2017"": 2008, ""%Cites2017"": 0.673, ""%Rank"": 0.438, ""H-Index"": 21, ""%RankH"": 0.696, ""GoogleScholar"": ""https://scholar.google.com.ph/citations?user=9RdgBtgAAAAJ&hl=en"", ""CurrentSchool"": ""University of Minnesota"", ""Position"": ""Professor"", ""PhDYear"": 2003, ""PhDSchool"": ""University of Pennsylvania"", ""Years"": 22, ""First"": ""Nisha"", ""Last"": ""Botchwey"", ""Interests"": ""Community Development, Public Health, Environmental and Health Impacts"", ""LinkedIn"": ""https://linkedin.com/in/nishabotchwey""}}"
774,google_scholar,2026-03-01,20078,74,,,,,"{""workbook_row"": {""Name"": ""Jason Cao"", ""Year"": 2006, ""Cites2017"": 20078, ""%Cites2017"": 0.985, ""%Rank"": 0.965, ""H-Index"": 74, ""%RankH"": 0.995, ""GoogleScholar"": ""https://scholar.google.com/citations?user=2QrL8M0AAAAJ&hl=en"", ""CurrentSchool"": ""University of Minnesota"", ""Position"": ""Professor"", ""PhDYear"": 2006, ""PhDSchool"": ""UC Davis"", ""Years"": 19, ""First"": ""Jason"", ""Last"": ""Cao""}}"
775,google_scholar,2026-03-01,6570,41,,,,,"{""workbook_row"": {""Name"": ""Yingling Fan"", ""Year"": 2007, ""Cites2017"": 6570, ""%Cites2017"": 0.918, ""%Rank"": 0.811, ""H-Index"": 41, ""%RankH"": 0.938, ""GoogleScholar"": ""https://scholar.google.com.ph/citations?user=nF_usQsAAAAJ&hl=en"", ""CurrentSchool"": ""University of Minnesota"", ""Position"": ""Professor"", ""PhDYear"": 2007, ""PhDSchool"": ""UNC"", ""Years"": 18, ""First"": ""Yingling"", ""Last"": ""Fan"", ""Interests"": ""Land Use/Growth Management, Transportation Planning and Policy, Time Geography, Urban Health"", ""LinkedIn"": ""https://linkedin.com/in/yingling-fan-7b450a10""}}"
776,google_scholar,2026-03-01,6805,40,,,,,"{""workbook_row"": {""Name"": ""Edward Goetz"", ""Year"": 1987, ""Cites2017"": 6805, ""%Cites2017"": 0.92, ""%Rank"": 0.819, ""H-Index"": 40, ""%RankH"": 0.932, ""GoogleScholar"": ""https://scholar.google.com/citations?user=kCpd5XEAAAAJ&hl=en&oe=ASCII"", ""CurrentSchool"": ""University of Minnesota"", ""Position"": ""Professor"", ""PhDYear"": 1987, ""PhDSchool"": ""Northwestern University"", ""Years"": 38, ""First"": ""Edward"", ""Middle"": ""G."", ""Last"": ""Goetz"", ""Interests"": ""Community Development, Housing & Neighborhood Planning"", ""LinkedIn"": ""https://linkedin.com/in/edward-goetz-965801109""}}"
777,google_scholar,2026-03-01,215,6,,,,,"{""workbook_row"": {""Name"": ""Elise Harrington"", ""Year"": 2020, ""Cites2017"": 215, ""%Cites2017"": 0.212, ""%Rank"": 0.435, ""H-Index"": 6, ""%RankH"": 0.173, ""GoogleScholar"": ""https://scholar.google.com/citations?user=KzqBRzYAAAAJ&hl=en&authuser=1"", ""CurrentSchool"": ""University of Minnesota"", ""Position"": ""Assistant Professor"", ""PhDYear"": 2020, ""PhDSchool"": ""MIT"", ""Years"": 5, ""First"": ""Elise"", ""Last"": ""Harrington""}}"
778,google_scholar,2026-03-01,331,7,,,,,"{""workbook_row"": {""Name"": ""Fayola Jacobs"", ""Year"": 2018, ""Cites2017"": 331, ""%Cites2017"": 0.271, ""%Rank"": 0.528, ""H-Index"": 7, ""%RankH"": 0.218, ""GoogleScholar"": ""https://scholar.google.com/citations?user=w032ZTkAAAAJ&hl=en"", ""CurrentSchool"": ""University of Minnesota"", ""Position"": ""Assistant Professor"", ""PhDYear"": 2018, ""PhDSchool"": ""Texas A&M"", ""Years"": 7, ""First"": ""Fayola"", ""Last"": ""Jacobs""}}"
779,google_scholar,2026-03-01,2446,27,,,,,"{""workbook_row"": {""Name"": ""Nichola Lowe"", ""Year"": 2003, ""Cites2017"": 2446, ""%Cites2017"": 0.731, ""%Rank"": 0.497, ""H-Index"": 27, ""%RankH"": 0.822, ""GoogleScholar"": ""https://scholar.google.com/citations?user=sTbX3FkAAAAJ&hl=en"", ""CurrentSchool"": ""University of Minnesota"", ""Position"": ""Professor"", ""PhDYear"": 2003, ""PhDSchool"": ""MIT"", ""Years"": 22, ""First"": ""Nichola"", ""Middle"": ""J."", ""Last"": ""Lowe"", ""LinkedIn"": ""https://linkedin.com/in/nichola-lowe-21970614""}}"
780,google_scholar,2026-03-01,36,3,,,,,"{""workbook_row"": {""Name"": ""Hilary Malson"", ""Year"": 2025, ""Cites2017"": 36, ""%Cites2017"": 0.061, ""%Rank"": 0.125, ""H-Index"": 3, ""%RankH"": 0.051, ""GoogleScholar"": ""https://scholar.google.com/citations?hl=en&user=nXsBYmAAAAAJ"", ""CurrentSchool"": ""University of Minnesota"", ""Position"": ""Assistant Professor"", ""PhDYear"": 2025, ""PhDSchool"": ""UCLA"", ""Years"": 0, ""First"": ""Hilary"", ""Last"": ""Malson""}}"
781,google_scholar,2026-03-01,3306,18,,,,,"{""workbook_row"": {""Name"": ""Kathy Quick"", ""Year"": 2010, ""Cites2017"": 3306, ""%Cites2017"": 0.799, ""%Rank"": 0.599, ""H-Index"": 18, ""%RankH"": 0.604, ""GoogleScholar"": ""https://scholar.google.com/citations?user=Xi-5jXIAAAAJ&hl=en"", ""CurrentSchool"": ""University of Minnesota"", ""Position"": ""Professor"", ""PhDYear"": 2010, ""PhDSchool"": ""UC Irvine"", ""Years"": 15, ""First"": ""Kathy"", ""Last"": ""Quick""}}"
783,google_scholar,2026-03-01,237,7,,,,,"{""workbook_row"": {""Name"": ""Julia Crowley"", ""Year"": 2016, ""Cites2017"": 237, ""%Cites2017"": 0.227, ""%Rank"": 0.457, ""H-Index"": 7, ""%RankH"": 0.218, ""GoogleScholar"": ""https://scholar.google.com/citations?hl=en&user=mt82ALAAAAAJ"", ""CurrentSchool"": ""University of Missouri-Kansas City"", ""Position"": ""Assistant Professor"", ""PhDYear"": 2016, ""PhDSchool"": ""University of Hawaii"", ""Years"": 9, ""First"": ""Julia"", ""Last"": ""Crowley""}}"
784,google_scholar,2026-03-01,683,14,,,,,"{""workbook_row"": {""Name"": ""Michael Frisch"", ""Year"": 2002, ""Cites2017"": 683, ""%Cites2017"": 0.419, ""%Rank"": 0.436, ""H-Index"": 14, ""%RankH"": 0.485, ""GoogleScholar"": ""https://scholar.google.com/citations?user=9ViHWNsAAAAJ&hl=en"", ""CurrentSchool"": ""University of Missouri-Kansas City"", ""Position"": ""Associate Professor"", ""PhDYear"": 2002, ""PhDSchool"": ""Rutgers University"", ""Years"": 23, ""First"": ""Michael"", ""Last"": ""Frisch"", ""Interests"": ""Environmental Planning, Economic Development, Land Use and Zoning, Community Development"", ""ResearchGate"": ""https://researchgate.net/profile/Michael_Frisch5"", ""LinkedIn"": ""https://linkedin.com/in/michael-frisch-8587627""}}"
785,google_scholar,2026-03-01,3708,23,,,,,"{""workbook_row"": {""Name"": ""Sungyop Kim"", ""Year"": 2004, ""Cites2017"": 3708, ""%Cites2017"": 0.822, ""%Rank"": 0.636, ""H-Index"": 23, ""%RankH"": 0.744, ""GoogleScholar"": ""https://scholar.google.com.ph/citations?user=LHXzoScAAAAJ&hl=en"", ""CurrentSchool"": ""University of Missouri-Kansas City"", ""Position"": ""Professor"", ""PhDYear"": 2004, ""PhDSchool"": ""University of Washington"", ""Years"": 21, ""First"": ""Sungyop"", ""Last"": ""Kim"", ""Interests"": ""Transportation, Land Use, GIS"", ""LinkedIn"": ""https://linkedin.com/in/sungyop-kim-49a99269""}}"
786,google_scholar,2026-03-01,258,9,,,,,"{""workbook_row"": {""Name"": ""Jacob Wagner"", ""Year"": 2004, ""Cites2017"": 258, ""%Cites2017"": 0.236, ""%Rank"": 0.197, ""H-Index"": 9, ""%RankH"": 0.292, ""GoogleScholar"": ""https://scholar.google.com.ph/citations?user=0EBm2zwAAAAJ&hl=en"", ""CurrentSchool"": ""University of Missouri-Kansas City"", ""Position"": ""Associate Professor"", ""PhDYear"": 2004, ""PhDSchool"": ""University of New Orleans"", ""Years"": 21, ""First"": ""Jacob"", ""Last"": ""Wagner"", ""Interests"": ""Community Development, Historic Preservation, Planning History, Planning Theory"", ""ResearchGate"": ""https://researchgate.net/profile/Jacob_Wagner3"", ""LinkedIn"": ""https://linkedin.com/in/jake-wagner-41a9026""}}"
787,google_scholar,2026-03-01,765,10,,,,,"{""workbook_row"": {""Name"": ""Abigail Cochran"", ""Year"": 2020, ""Cites2017"": 765, ""%Cites2017"": 0.45, ""%Rank"": 0.746, ""H-Index"": 10, ""%RankH"": 0.335, ""GoogleScholar"": ""https://scholar.google.com/citations?hl=en&authuser=1&user=sVLuMpMAAAAJ"", ""CurrentSchool"": ""University of Nebraska"", ""Position"": ""Assistant Professor"", ""PhDYear"": 2020, ""PhDSchool"": ""UC Berkeley"", ""Years"": 5, ""First"": ""Abigail"", ""Last"": ""Cochran""}}"
788,google_scholar,2026-03-01,285,9,,,,,"{""workbook_row"": {""Name"": ""Yunwoo Nam"", ""Year"": 2004, ""Cites2017"": 285, ""%Cites2017"": 0.25, ""%Rank"": 0.217, ""H-Index"": 9, ""%RankH"": 0.292, ""GoogleScholar"": ""https://scholar.google.com/citations?hl=en&user=3jYiZjgAAAAJ&inst=13410158990364976897"", ""CurrentSchool"": ""University of Nebraska"", ""Position"": ""Associate Professor"", ""PhDYear"": 2004, ""PhDSchool"": ""University of Pennsylvania"", ""Years"": 21, ""First"": ""Yunwoo"", ""Last"": ""Nam"", ""LinkedIn"": ""https://linkedin.com/in/yunwoo-nam-0107b48""}}"
789,google_scholar,2026-03-01,6635,43,,,,,"{""workbook_row"": {""Name"": ""Zhenghong Tang"", ""Year"": 2007, ""Cites2017"": 6635, ""%Cites2017"": 0.92, ""%Rank"": 0.816, ""H-Index"": 43, ""%RankH"": 0.945, ""GoogleScholar"": ""https://scholar.google.com/citations?hl=en&authuser=1&user=4wapXqYAAAAJ"", ""CurrentSchool"": ""University of Nebraska"", ""Position"": ""Professor"", ""PhDYear"": 2007, ""PhDSchool"": ""Texas A&M"", ""Years"": 18, ""First"": ""Zhenghong"", ""Last"": ""Tang"", ""ResearchGate"": ""https://researchgate.net/profile/Zhenghong_Tang"", ""LinkedIn"": ""https://linkedin.com/in/zhenghong-tang-90219a70""}}"
791,google_scholar,2026-03-01,212,5,,,,,"{""workbook_row"": {""Name"": ""Moises Gonzales"", ""Year"": 2011, ""Cites2017"": 212, ""%Cites2017"": 0.21, ""%Rank"": 0.162, ""H-Index"": 5, ""%RankH"": 0.129, ""GoogleScholar"": ""https://scholar.google.com/citations?user=9D84p4QAAAAJ&hl=en"", ""CurrentSchool"": ""University of New Mexico"", ""Position"": ""Associate Professor"", ""PhDYear"": 2011, ""PhDSchool"": ""University of Colorado, Denver"", ""Years"": 14, ""First"": ""Moises"", ""Last"": ""Gonzales"", ""Interests"": ""Urban Design, Urbanism of the Southwest, Design Visualization, Sustainable Urbanism"", ""LinkedIn"": ""https://linkedin.com/in/moises-gonzales-68a36046""}}"
796,google_scholar,2026-03-01,268,7,,,,,"{""workbook_row"": {""Name"": ""Jennifer Tucker"", ""Year"": 2016, ""Cites2017"": 268, ""%Cites2017"": 0.238, ""%Rank"": 0.471, ""H-Index"": 7, ""%RankH"": 0.218, ""GoogleScholar"": ""https://scholar.google.com/citations?hl=en&user=4TDh378AAAAJ&inst=13410158990364976897"", ""CurrentSchool"": ""University of New Mexico"", ""Position"": ""Assistant Professor"", ""PhDYear"": 2016, ""PhDSchool"": ""UC Berkeley"", ""Years"": 9, ""First"": ""Jennifer"", ""Last"": ""Tucker""}}"
799,google_scholar,2026-03-01,515,8,,,,,"{""workbook_row"": {""Name"": ""John Kiefer"", ""Year"": 2001, ""Cites2017"": 515, ""%Cites2017"": 0.356, ""%Rank"": 0.163, ""H-Index"": 8, ""%RankH"": 0.261, ""GoogleScholar"": ""https://scholar.google.com/citations?hl=en&user=IXPeZWUAAAAJ"", ""CurrentSchool"": ""University of New Orleans"", ""Position"": ""Professor"", ""PhDYear"": 2001, ""PhDSchool"": ""Old Dominion University"", ""Years"": 24, ""First"": ""John"", ""Last"": ""Kiefer""}}"
800,google_scholar,2026-03-01,979,15,,,,,"{""workbook_row"": {""Name"": ""Marla Nelson"", ""Year"": 2003, ""Cites2017"": 979, ""%Cites2017"": 0.503, ""%Rank"": 0.272, ""H-Index"": 15, ""%RankH"": 0.516, ""GoogleScholar"": ""https://scholar.google.com/citations?user=IDlEWUIAAAAJ&hl=en"", ""CurrentSchool"": ""University of New Orleans"", ""Position"": ""Professor"", ""PhDYear"": 2003, ""PhDSchool"": ""University of Massachusetts, Amherst"", ""Years"": 22, ""First"": ""Marla"", ""Middle"": ""K."", ""Last"": ""Nelson"", ""Interests"": ""Metropolitan Development Patterns, Planning Policy Analysis, Public Facilities Planning and Finance, Land Development impact Assessment, Public-private Partnerships for Real Estate Development, Applied Demographic and Economic Analysis, Projecting development Trends and Needs."", ""ResearchGate"": ""https://researchgate.net/profile/Marla_Nelson/"", ""LinkedIn"": ""https://linkedin.com/in/marla-nelson-aa097b1b""}}"
801,google_scholar,2026-03-01,355,9,,,,,"{""workbook_row"": {""Name"": ""Bethany Stich"", ""Year"": 2006, ""Cites2017"": 355, ""%Cites2017"": 0.284, ""%Rank"": 0.136, ""H-Index"": 9, ""%RankH"": 0.292, ""GoogleScholar"": ""https://scholar.google.com/citations?hl=en&authuser=1&user=kpqbdqAAAAAJ&inst=13410158990364976897"", ""CurrentSchool"": ""University of New Orleans"", ""Position"": ""Professor"", ""PhDYear"": 2006, ""PhDSchool"": ""Virginia Tech"", ""Years"": 19, ""First"": ""Bethany"", ""Middle"": ""M."", ""Last"": ""Stich"", ""Interests"": ""Transportation Policy, Economic Development, Maritime and Rail Transportation Planning."", ""ResearchGate"": ""https://researchgate.net/profile/Bethany_Stich"", ""LinkedIn"": ""https://linkedin.com/in/bethany-stich-b14a9477""}}"
802,google_scholar,2026-03-01,2358,22,,,,,"{""workbook_row"": {""Name"": ""Guang Tian"", ""Year"": 2016, ""Cites2017"": 2358, ""%Cites2017"": 0.712, ""%Rank"": 0.921, ""H-Index"": 22, ""%RankH"": 0.722, ""GoogleScholar"": ""https://scholar.google.com/citations?hl=en&user=1hU4dd8AAAAJ"", ""CurrentSchool"": ""University of Utah"", ""Position"": ""Assistant Professor"", ""PhDYear"": 2016, ""PhDSchool"": ""University of Utah"", ""Years"": 9, ""First"": ""Guang"", ""Last"": ""Tian""}}"
803,google_scholar,2026-03-01,65,4,,,,,"{""workbook_row"": {""Name"": ""Tara Lynne Clapp"", ""Year"": 2003, ""Cites2017"": 65, ""%Cites2017"": 0.081, ""%Rank"": 0.087, ""H-Index"": 4, ""%RankH"": 0.09, ""GoogleScholar"": ""https://scholar.google.com/citations?hl=en&user=dd2JyDIAAAAJ"", ""CurrentSchool"": ""University of Northern British Columbia"", ""Position"": ""Associate Professor"", ""PhDYear"": 2003, ""PhDSchool"": ""USC"", ""First"": ""Tara"", ""Last"": ""Clapp""}}"
804,google_scholar,2026-03-01,93,7,,,,,"{""workbook_row"": {""Name"": ""Rylan Graham"", ""Year"": 2019, ""Cites2017"": 93, ""%Cites2017"": 0.109, ""%Rank"": 0.214, ""H-Index"": 7, ""%RankH"": 0.218, ""GoogleScholar"": ""https://scholar.google.com/citations?hl=en&user=bVXpJCYAAAAJ"", ""CurrentSchool"": ""University of Northern British Columbia"", ""Position"": ""Assistant Professor"", ""PhDYear"": 2019, ""PhDSchool"": ""University of Calgary"", ""First"": ""Rylan"", ""Last"": ""Graham""}}"
805,google_scholar,2026-03-01,1445,19,,,,,"{""workbook_row"": {""Name"": ""Mark Groulx"", ""Year"": 2015, ""Cites2017"": 1445, ""%Cites2017"": 0.591, ""%Rank"": 0.85, ""H-Index"": 19, ""%RankH"": 0.631, ""GoogleScholar"": ""https://scholar.google.com/citations?user=6Ya0ym4AAAAJ&hl=en"", ""CurrentSchool"": ""University of Northern British Columbia"", ""Position"": ""Assistant Professor"", ""PhDYear"": 2015, ""PhDSchool"": ""University of Waterloo"", ""Years"": 10, ""First"": ""Mark"", ""Last"": ""Groulx""}}"
807,google_scholar,2026-03-01,221,8,,,,,"{""workbook_row"": {""Name"": ""John Harris"", ""Year"": 2012, ""Cites2017"": 221, ""%Cites2017"": 0.216, ""%Rank"": 0.17, ""H-Index"": 8, ""%RankH"": 0.261, ""GoogleScholar"": ""https://scholar.google.com/citations?hl=en&user=sQhmYNwAAAAJ"", ""CurrentSchool"": ""University of Oklahoma"", ""Position"": ""Associate Professor"", ""PhDYear"": 2012, ""PhDSchool"": ""Florida State University"", ""Years"": 13, ""First"": ""John"", ""Middle"": ""C."", ""Last"": ""Harris"", ""Interests"": ""Community Development, International Planning, and Urban Economics.""}}"
808,google_scholar,2026-03-01,380,9,,,,,"{""workbook_row"": {""Name"": ""Bryce Lowery"", ""Year"": 2014, ""Cites2017"": 380, ""%Cites2017"": 0.295, ""%Rank"": 0.258, ""H-Index"": 9, ""%RankH"": 0.292, ""GoogleScholar"": ""https://scholar.google.com/citations?user=qDjmiRoAAAAJ&hl=en"", ""CurrentSchool"": ""University of Oklahoma"", ""Position"": ""Associate Professor"", ""PhDYear"": 2014, ""PhDSchool"": ""USC"", ""Years"": 11, ""First"": ""Bryce"", ""Last"": ""Lowery"", ""Interests"": ""Environmental Planning, Geo-Design, Public Health, Spatial Inequality"", ""ResearchGate"": ""https://researchgate.net/profile/Bryce_Lowery"", ""LinkedIn"": ""https://linkedin.com/in/bryce-lowery-09b26814""}}"
810,google_scholar,2026-03-01,2822,29,,,,,"{""workbook_row"": {""Name"": ""Anne Brown"", ""Year"": 2018, ""Cites2017"": 2822, ""%Cites2017"": 0.771, ""%Rank"": 0.939, ""H-Index"": 29, ""%RankH"": 0.84, ""GoogleScholar"": ""https://scholar.google.com/citations?hl=en&user=X4Hp8ykAAAAJ"", ""CurrentSchool"": ""University of Oregon"", ""Position"": ""Assistant Professor"", ""PhDYear"": 2018, ""PhDSchool"": ""UCLA"", ""Years"": 7, ""First"": ""Anne"", ""Last"": ""Brown""}}"
811,google_scholar,2026-03-01,1407,17,,,,,"{""workbook_row"": {""Name"": ""Ben Clark"", ""Year"": 2009, ""Cites2017"": 1407, ""%Cites2017"": 0.582, ""%Rank"": 0.64, ""H-Index"": 17, ""%RankH"": 0.572, ""GoogleScholar"": ""https://scholar.google.com/citations?user=y-101_oAAAAJ&hl=en"", ""CurrentSchool"": ""University of Oregon"", ""Position"": ""Associate Professor"", ""PhDYear"": 2009, ""PhDSchool"": ""University of Georgia"", ""Years"": 16, ""First"": ""Ben"", ""Last"": ""Clark""}}"
814,google_scholar,2026-03-01,3748,12,,,,,"{""workbook_row"": {""Name"": ""Renee Irvin"", ""Year"": 1998, ""Cites2017"": 3748, ""%Cites2017"": 0.824, ""%Rank"": 0.641, ""H-Index"": 12, ""%RankH"": 0.409, ""GoogleScholar"": ""https://scholar.google.com/citations?user=65RhKbUAAAAJ&hl"", ""CurrentSchool"": ""University of Oregon"", ""Position"": ""Professor"", ""PhDYear"": 1998, ""PhDSchool"": ""University of Washington"", ""Years"": 27, ""First"": ""Renee"", ""Last"": ""Irvin""}}"
816,google_scholar,2026-03-01,2452,19,,,,,"{""workbook_row"": {""Name"": ""Laura Leete"", ""Year"": 1992, ""Cites2017"": 2452, ""%Cites2017"": 0.732, ""%Rank"": 0.84, ""H-Index"": 19, ""%RankH"": 0.631, ""GoogleScholar"": ""https://scholar.google.com/citations?hl=en&user=Lq2d16sAAAAJ"", ""CurrentSchool"": ""University of Oregon"", ""Position"": ""Associate Professor"", ""PhDYear"": 1992, ""PhDSchool"": ""Harvard University"", ""Years"": 33, ""First"": ""Laura"", ""Last"": ""Leete""}}"
817,google_scholar,2026-03-01,629,11,,,,,"{""workbook_row"": {""Name"": ""Rebecca Lewis"", ""Year"": 2011, ""Cites2017"": 629, ""%Cites2017"": 0.399, ""%Rank"": 0.401, ""H-Index"": 11, ""%RankH"": 0.374, ""GoogleScholar"": ""https://scholar.google.com/citations?user=DwCrbKMAAAAJ&hl=en"", ""CurrentSchool"": ""University of Oregon"", ""Position"": ""Associate Professor"", ""PhDYear"": 2011, ""PhDSchool"": ""University of Maryland"", ""Years"": 14, ""First"": ""Rebecca"", ""Middle"": ""C."", ""Last"": ""Lewis"", ""Interests"": ""Land Use Policy, Sustainable Development, State and Local Finance."", ""LinkedIn"": ""https://linkedin.com/in/rebecca-lewis-6205934""}}"
818,google_scholar,2026-03-01,4136,23,,,,,"{""workbook_row"": {""Name"": ""Richard Margerum"", ""Year"": 1995, ""Cites2017"": 4136, ""%Cites2017"": 0.843, ""%Rank"": 0.675, ""H-Index"": 23, ""%RankH"": 0.744, ""GoogleScholar"": ""https://scholar.google.com/citations?hl=en&authuser=1&user=1Vu9j3oAAAAJ&inst=13410158990364976897"", ""CurrentSchool"": ""University of Oregon"", ""Position"": ""Professor"", ""PhDYear"": 1995, ""PhDSchool"": ""University of Wisconsin, Madison"", ""Years"": 30, ""First"": ""Richard"", ""Middle"": ""D."", ""Last"": ""Margerum"", ""Interests"": ""Environmental Planning and Management, Planning Processes, Collaborative Planning."", ""ResearchGate"": ""https://researchgate.net/profile/Richard_Margerum""}}"
819,google_scholar,2026-03-01,955,18,,,,,"{""workbook_row"": {""Name"": ""Dyana Mason"", ""Year"": 2014, ""Cites2017"": 955, ""%Cites2017"": 0.5, ""%Rank"": 0.543, ""H-Index"": 18, ""%RankH"": 0.604, ""GoogleScholar"": ""https://scholar.google.com/citations?user=NuvqUNQAAAAJ&hl=en"", ""CurrentSchool"": ""University of Oregon"", ""Position"": ""Associate Professor"", ""PhDYear"": 2014, ""PhDSchool"": ""USC"", ""Years"": 11, ""First"": ""Dyana"", ""Last"": ""Mason""}}"
820,google_scholar,2026-03-01,208,8,,,,,"{""workbook_row"": {""Name"": ""Jose Melendez"", ""Year"": 2016, ""Cites2017"": 208, ""%Cites2017"": 0.206, ""%Rank"": 0.425, ""H-Index"": 8, ""%RankH"": 0.261, ""GoogleScholar"": ""https://scholar.google.com/citations?hl=en&user=O6FnPuEAAAAJ"", ""CurrentSchool"": ""University of Oregon"", ""Position"": ""Assistant Professor"", ""PhDYear"": 2016, ""PhDSchool"": ""University of Illinois, Chicago"", ""Years"": 9, ""First"": ""Jose"", ""Last"": ""Melendez""}}"
821,google_scholar,2026-03-01,1013,13,,,,,"{""workbook_row"": {""Name"": ""Nicole Ngo"", ""Year"": 2013, ""Cites2017"": 1013, ""%Cites2017"": 0.508, ""%Rank"": 0.552, ""H-Index"": 13, ""%RankH"": 0.45, ""GoogleScholar"": ""https://scholar.google.com/citations?user=bsLcmGkAAAAJ&hl"", ""CurrentSchool"": ""University of Oregon"", ""Position"": ""Associate Professor"", ""PhDYear"": 2013, ""PhDSchool"": ""Columbia University"", ""Years"": 12, ""First"": ""Nicole"", ""Last"": ""Ngo""}}"
822,google_scholar,2026-03-01,756,15,,,,,"{""workbook_row"": {""Name"": ""Eleonora Redaelli"", ""Year"": 2008, ""Cites2017"": 756, ""%Cites2017"": 0.443, ""%Rank"": 0.222, ""H-Index"": 15, ""%RankH"": 0.516, ""GoogleScholar"": ""https://scholar.google.com/citations?hl=en&authuser=1&user=WLKF3cAAAAAJ&inst=13410158990364976897"", ""CurrentSchool"": ""University of Oregon"", ""Position"": ""Professor"", ""PhDYear"": 2008, ""PhDSchool"": ""Ohio State University"", ""Years"": 17, ""First"": ""Eleonora"", ""Last"": ""Redaelli""}}"
824,google_scholar,2026-03-01,2983,16,,,,,"{""workbook_row"": {""Name"": ""Marc Schlossberg"", ""Year"": 2001, ""Cites2017"": 2983, ""%Cites2017"": 0.778, ""%Rank"": 0.566, ""H-Index"": 16, ""%RankH"": 0.548, ""GoogleScholar"": ""https://scholar.google.com.ph/citations?user=QS8xUxoAAAAJ&hl=en"", ""CurrentSchool"": ""University of Oregon"", ""Position"": ""Professor"", ""PhDYear"": 2001, ""PhDSchool"": ""University of Michigan"", ""Years"": 24, ""First"": ""Marc"", ""Last"": ""Schlossberg"", ""Interests"": ""Geographic Information Systems, Social Planning, Transportation Planning"", ""ResearchGate"": ""https://researchgate.net/profile/Marc_Schlossberg"", ""LinkedIn"": ""https://linkedin.com/in/marc-schlossberg-1148715""}}"
826,google_scholar,2026-03-01,227,5,,,,,"{""workbook_row"": {""Name"": ""Francesca Ammon"", ""Year"": 2012, ""Cites2017"": 227, ""%Cites2017"": 0.22, ""%Rank"": 0.175, ""H-Index"": 5, ""%RankH"": 0.129, ""GoogleScholar"": ""https://scholar.google.com/citations?user=ouQGyL8AAAAJ&hl=en"", ""CurrentSchool"": ""University of Pennsylvania"", ""Position"": ""Associate Professor"", ""PhDYear"": 2012, ""PhDSchool"": ""Yale University"", ""Years"": 13, ""First"": ""Francesca"", ""Last"": ""Ammon"", ""Interests"": ""Urban History, Built Forms.""}}"
827,google_scholar,2026-03-01,3515,31,,,,,"{""workbook_row"": {""Name"": ""Eugenie Birch"", ""Year"": 1975, ""Cites2017"": 3515, ""%Cites2017"": 0.81, ""%Rank"": 0.621, ""H-Index"": 31, ""%RankH"": 0.862, ""GoogleScholar"": ""https://scholar.google.com.ph/citations?user=VD8Apj4AAAAJ&hl=en"", ""CurrentSchool"": ""University of Pennsylvania"", ""Position"": ""Professor"", ""PhDYear"": 1975, ""PhDSchool"": ""Columbia University"", ""Years"": 50, ""First"": ""Eugenie"", ""Middle"": ""L."", ""Last"": ""Birch"", ""Interests"": ""Planning History, Anchor Insitutions, Urban Development"", ""ResearchGate"": ""https://researchgate.net/profile/Eugenie_Birch"", ""LinkedIn"": ""https://linkedin.com/in/eugenie-birch-08ba1710""}}"
828,google_scholar,2026-03-01,10840,47,,,,,"{""workbook_row"": {""Name"": ""Sanya Carley"", ""Year"": 2010, ""Cites2017"": 10840, ""%Cites2017"": 0.96, ""%Rank"": 0.903, ""H-Index"": 47, ""%RankH"": 0.961, ""GoogleScholar"": ""https://scholar.google.com/citations?hl=en&user=62WhEF0AAAAJ"", ""CurrentSchool"": ""University of Pennsylvania"", ""Position"": ""Professor"", ""PhDYear"": 2010, ""PhDSchool"": ""UNC"", ""Years"": 15, ""First"": ""Sanya"", ""Last"": ""Carley""}}"
829,google_scholar,2026-03-01,2115,20,,,,,"{""workbook_row"": {""Name"": ""Thomas Daniels"", ""Year"": 1984, ""Cites2017"": 2115, ""%Cites2017"": 0.684, ""%Rank"": 0.452, ""H-Index"": 20, ""%RankH"": 0.664, ""GoogleScholar"": ""https://scholar.google.com/citations?hl=en&user=f-lnktAAAAAJ"", ""CurrentSchool"": ""University of Pennsylvania"", ""Position"": ""Professor"", ""PhDYear"": 1984, ""PhDSchool"": ""Oregon State University"", ""Years"": 41, ""First"": ""Thomas"", ""Middle"": ""L."", ""Last"": ""Daniels"", ""Interests"": ""Environmental Planning, Land Use Planning, Land Preservation"", ""ResearchGate"": ""https://researchgate.net/profile/Thomas_Daniels5"", ""LinkedIn"": ""https://linkedin.com/in/tom-daniels-772b844""}}"
830,google_scholar,2026-03-01,3066,29,,,,,"{""workbook_row"": {""Name"": ""Elizabeth Delmelle"", ""Year"": 2012, ""Cites2017"": 3066, ""%Cites2017"": 0.782, ""%Rank"": 0.892, ""H-Index"": 29, ""%RankH"": 0.84, ""GoogleScholar"": ""https://scholar.google.com/citations?user=BjewFecAAAAJ&hl=en&oi=ao"", ""CurrentSchool"": ""University of Pennsylvania"", ""Position"": ""Associate Professor"", ""PhDYear"": 2012, ""PhDSchool"": ""UNC, Charlotte"", ""Years"": 13, ""First"": ""Elizabeth"", ""Last"": ""Delmelle""}}"
831,google_scholar,2026-03-01,538,10,,,,,"{""workbook_row"": {""Name"": ""Xiaoxia Dong"", ""Year"": 2020, ""Cites2017"": 538, ""%Cites2017"": 0.368, ""%Rank"": 0.667, ""H-Index"": 10, ""%RankH"": 0.335, ""GoogleScholar"": ""https://scholar.google.com/citations?user=7oHYQMwAAAAJ&hl=en&oi=ao"", ""CurrentSchool"": ""University of Pennsylvania"", ""Position"": ""Assistant Professor"", ""PhDYear"": 2020, ""PhDSchool"": ""University of Pennsylvania"", ""Years"": 5, ""First"": ""Xiaoxia"", ""Last"": ""Dong""}}"
832,google_scholar,2026-03-01,190,6,,,,,"{""workbook_row"": {""Name"": ""Akira Drake Rodriguez"", ""Year"": 2014, ""Cites2017"": 190, ""%Cites2017"": 0.194, ""%Rank"": 0.389, ""H-Index"": 6, ""%RankH"": 0.173, ""GoogleScholar"": ""https://scholar.google.com/citations?hl=en&authuser=1&user=SmnQ2pAAAAAJ"", ""CurrentSchool"": ""University of Pennsylvania"", ""Position"": ""Assistant Professor"", ""PhDYear"": 2014, ""PhDSchool"": ""Rutgers University"", ""Years"": 11, ""First"": ""Akira"", ""Last"": ""Drake-Rodriguez""}}"
833,google_scholar,2026-03-01,8139,33,,,,,"{""workbook_row"": {""Name"": ""Lance Freeman"", ""Year"": 1997, ""Cites2017"": 8139, ""%Cites2017"": 0.933, ""%Rank"": 0.844, ""H-Index"": 33, ""%RankH"": 0.886, ""GoogleScholar"": ""https://scholar.google.com.ph/citations?user=KBd7ttQAAAAJ&hl=en"", ""CurrentSchool"": ""University of Pennsylvania"", ""Position"": ""Professor"", ""PhDYear"": 1997, ""PhDSchool"": ""UNC"", ""Years"": 28, ""First"": ""Lance"", ""Last"": ""Freeman"", ""Interests"": ""Housing, Affordable Housing, Gentrification, Neighbhorhood Revitalization"", ""ResearchGate"": ""https://researchgate.net/profile/Lance_Freeman"", ""LinkedIn"": ""https://linkedin.com/in/lance-freeman-16a0246""}}"
834,google_scholar,2026-03-01,524,5,,,,,"{""workbook_row"": {""Name"": ""Jamaal Green"", ""Year"": 2019, ""Cites2017"": 524, ""%Cites2017"": 0.359, ""%Rank"": 0.657, ""H-Index"": 5, ""%RankH"": 0.129, ""GoogleScholar"": ""https://scholar.google.com/citations?hl=en&user=wFdKXXkAAAAJ"", ""CurrentSchool"": ""University of Pennsylvania"", ""Position"": ""Assistant Professor"", ""PhDYear"": 2019, ""PhDSchool"": ""Portland State University"", ""Years"": 6, ""First"": ""Jamaal"", ""Last"": ""Green""}}"
835,google_scholar,2026-03-01,4583,28,,,,,"{""workbook_row"": {""Name"": ""Erick Guerra"", ""Year"": 2013, ""Cites2017"": 4583, ""%Cites2017"": 0.86, ""%Rank"": 0.947, ""H-Index"": 28, ""%RankH"": 0.832, ""GoogleScholar"": ""https://scholar.google.com.ph/citations?user=tLJUoA0AAAAJ&hl=en"", ""CurrentSchool"": ""University of Pennsylvania"", ""Position"": ""Associate Professor"", ""PhDYear"": 2013, ""PhDSchool"": ""UC Berkeley"", ""Years"": 12, ""First"": ""Erick"", ""Last"": ""Guerra"", ""Interests"": ""Transportation Planning, International Transportation."", ""LinkedIn"": ""https://linkedin.com/in/erick-guerra-8522406""}}"
836,google_scholar,2026-03-01,31,8,,,,,"{""workbook_row"": {""Name"": ""Allison Lassiter"", ""Year"": 2015, ""Cites2017"": 31, ""%Cites2017"": 0.055, ""%Rank"": 0.11, ""H-Index"": 8, ""%RankH"": 0.261, ""GoogleScholar"": ""https://scholar.google.com/citations?user=F_dlC5AAAAAJ&hl=en"", ""CurrentSchool"": ""University of Pennsylvania"", ""Position"": ""Assistant Professor"", ""PhDYear"": 2015, ""PhDSchool"": ""UC Berkeley"", ""Years"": 10, ""First"": ""Allison"", ""Last"": ""Lassiter""}}"
837,google_scholar,2026-03-01,5299,32,,,,,"{""workbook_row"": {""Name"": ""Xiaojiang Li"", ""Year"": 2016, ""Cites2017"": 5299, ""%Cites2017"": 0.886, ""%Rank"": 0.989, ""H-Index"": 32, ""%RankH"": 0.874, ""GoogleScholar"": ""https://scholar.google.com/citations?user=DmlvbiMAAAAJ&hl=en&oi=ao"", ""CurrentSchool"": ""University of Pennsylvania"", ""Position"": ""Assistant Professor"", ""PhDYear"": 2016, ""PhDSchool"": ""University of Connecticut"", ""Years"": 9, ""First"": ""Xiaojiang"", ""Last"": ""Li""}}"
838,google_scholar,2026-03-01,777,12,,,,,"{""workbook_row"": {""Name"": ""Zhongjie Lin"", ""Year"": 2005, ""Cites2017"": 777, ""%Cites2017"": 0.458, ""%Rank"": 0.48, ""H-Index"": 12, ""%RankH"": 0.409, ""GoogleScholar"": ""https://scholar.google.com/citations?hl=en&user=QiFgTZkAAAAJ"", ""CurrentSchool"": ""University of Pennsylvania"", ""Position"": ""Associate Professor"", ""PhDYear"": 2005, ""PhDSchool"": ""University of Pennsylvania"", ""Years"": 20, ""First"": ""Zhongjie"", ""Last"": ""Lin""}}"
840,google_scholar,2026-03-01,4013,23,,,,,"{""workbook_row"": {""Name"": ""Randall Mason"", ""Year"": 2000, ""Cites2017"": 4013, ""%Cites2017"": 0.839, ""%Rank"": 0.668, ""H-Index"": 23, ""%RankH"": 0.744, ""GoogleScholar"": ""https://scholar.google.com/citations?hl=en&authuser=2&user=itZCVfIAAAAJ&inst=13410158990364976897"", ""CurrentSchool"": ""University of Pennsylvania"", ""Position"": ""Professor"", ""PhDYear"": 2000, ""PhDSchool"": ""Columbia University"", ""Years"": 25, ""First"": ""Randall"", ""Last"": ""Mason""}}"
841,google_scholar,2026-03-01,1267,20,,,,,"{""workbook_row"": {""Name"": ""Vincent Reina"", ""Year"": 2016, ""Cites2017"": 1267, ""%Cites2017"": 0.553, ""%Rank"": 0.601, ""H-Index"": 20, ""%RankH"": 0.664, ""GoogleScholar"": ""https://scholar.google.com/citations?user=eC15r2EAAAAJ&hl=en"", ""CurrentSchool"": ""University of Pennsylvania"", ""Position"": ""Associate Professor"", ""PhDYear"": 2016, ""PhDSchool"": ""USC"", ""Years"": 9, ""First"": ""Vincent"", ""Last"": ""Reina"", ""Interests"": ""Urban Economics, Housing Policy, Mobility, Community and Economic Development""}}"
842,google_scholar,2026-03-01,2360,26,,,,,"{""workbook_row"": {""Name"": ""Megan Ryerson"", ""Year"": 2010, ""Cites2017"": 2360, ""%Cites2017"": 0.714, ""%Rank"": 0.81, ""H-Index"": 26, ""%RankH"": 0.813, ""GoogleScholar"": ""https://scholar.google.com.ph/citations?user=JL54S94AAAAJ&hl=en"", ""CurrentSchool"": ""University of Pennsylvania"", ""Position"": ""Associate Professor"", ""PhDYear"": 2010, ""PhDSchool"": ""UC Berkeley"", ""Years"": 15, ""First"": ""Megan"", ""Last"": ""Ryerson"", ""Interests"": ""Transportation Planning, Freight and Air Planning."", ""LinkedIn"": ""https://linkedin.com/in/megan-s-ryerson-031b721""}}"
843,google_scholar,2026-03-01,5582,29,,,,,"{""workbook_row"": {""Name"": ""Lisa Servon"", ""Year"": 1995, ""Cites2017"": 5582, ""%Cites2017"": 0.896, ""%Rank"": 0.767, ""H-Index"": 29, ""%RankH"": 0.84, ""GoogleScholar"": ""https://scholar.google.com/citations?hl=en&user=eVinatUAAAAJ"", ""CurrentSchool"": ""University of Pennsylvania"", ""Position"": ""Professor"", ""PhDYear"": 1995, ""PhDSchool"": ""UC Berkeley"", ""Years"": 30, ""First"": ""Lisa"", ""Last"": ""Servon""}}"
844,google_scholar,2026-03-01,1286,18,,,,,"{""workbook_row"": {""Name"": ""Domenic Vitiello"", ""Year"": 2004, ""Cites2017"": 1286, ""%Cites2017"": 0.559, ""%Rank"": 0.615, ""H-Index"": 18, ""%RankH"": 0.604, ""GoogleScholar"": ""https://scholar.google.com/citations?hl=en&user=Fyr_MT0AAAAJ"", ""CurrentSchool"": ""University of Pennsylvania"", ""Position"": ""Associate Professor"", ""PhDYear"": 2004, ""PhDSchool"": ""University of Pennsylvania"", ""Years"": 21, ""First"": ""Domenic"", ""Last"": ""Vitiello"", ""Interests"": ""Community and Economic Development, Immigration, Urban Agriculture"", ""ResearchGate"": ""https://researchgate.net/profile/D_Vitiello""}}"
845,google_scholar,2026-03-01,369,4,,,,,"{""workbook_row"": {""Name"": ""Angeliz Encarnacion Burgos"", ""Year"": 2016, ""Cites2017"": 369, ""%Cites2017"": 0.29, ""%Rank"": 0.553, ""H-Index"": 4, ""%RankH"": 0.09, ""GoogleScholar"": ""https://scholar.google.com/citations?hl=en&user=CncYjd8AAAAJ"", ""CurrentSchool"": ""University of Puerto Rico"", ""Position"": ""Assistant Professor"", ""PhDYear"": 2016, ""PhDSchool"": ""University of Texas, Austin"", ""Years"": 9, ""First"": ""Angeliz"", ""Middle"": ""Encarnación"", ""Last"": ""Burgos""}}"
849,google_scholar,2026-03-01,11,2,,,,,"{""workbook_row"": {""Name"": ""Norma Peña-Rivera"", ""Year"": 2006, ""Cites2017"": 11, ""%Cites2017"": 0.028, ""%Rank"": 0.03, ""H-Index"": 2, ""%RankH"": 0.024, ""GoogleScholar"": ""https://scholar.google.com/citations?hl=en&user=GhNpICQAAAAJ"", ""CurrentSchool"": ""University of Puerto Rico"", ""Position"": ""Associate Professor"", ""PhDYear"": 2006, ""PhDSchool"": ""University of Illinois, Chicago"", ""Years"": 19, ""First"": ""Norma"", ""Middle"": ""I."", ""Last"": ""Peña-Rivera""}}"
850,google_scholar,2026-03-01,537,12,,,,,"{""workbook_row"": {""Name"": ""Raul Santiago-Bartolomei"", ""Year"": 2019, ""Cites2017"": 537, ""%Cites2017"": 0.367, ""%Rank"": 0.664, ""H-Index"": 12, ""%RankH"": 0.409, ""GoogleScholar"": ""https://scholar.google.com/citations?hl=en&user=gQsk-F0AAAAJ"", ""CurrentSchool"": ""University of Puerto Rico"", ""Position"": ""Assistant Professor"", ""PhDYear"": 2019, ""PhDSchool"": ""USC"", ""Years"": 6, ""First"": ""Raul"", ""Last"": ""Santiago-Bartolomei""}}"
851,google_scholar,2026-03-01,21,3,,,,,"{""workbook_row"": {""Name"": ""Ariam Torres-Cordero"", ""Year"": 2022, ""Cites2017"": 21, ""%Cites2017"": 0.04, ""%Rank"": 0.092, ""H-Index"": 3, ""%RankH"": 0.051, ""GoogleScholar"": ""https://scholar.google.com/citations?hl=en&user=iHXEXv0AAAAJ"", ""CurrentSchool"": ""University of Puerto Rico"", ""Position"": ""Assistant Professor"", ""PhDYear"": 2022, ""PhDSchool"": ""University of Illinois, Urbana-Champaign"", ""Years"": 3, ""First"": ""Ariam"", ""Last"": ""Torres-Cordero""}}"
852,google_scholar,2026-03-01,309,10,,,,,"{""workbook_row"": {""Name"": ""Priscilla Ananian"", ""Year"": 2010, ""Cites2017"": 309, ""%Cites2017"": 0.263, ""%Rank"": 0.116, ""H-Index"": 10, ""%RankH"": 0.335, ""GoogleScholar"": ""https://scholar.google.com/citations?hl=en&user=3em5Jf0AAAAJ"", ""CurrentSchool"": ""University of Quebec in Montreal"", ""Position"": ""Professor"", ""PhDYear"": 2010, ""PhDSchool"": ""Catholic University of Louvain"", ""Years"": 15, ""First"": ""Priscilla"", ""Last"": ""Ananian""}}"
853,google_scholar,2026-03-01,381,10,,,,,"{""workbook_row"": {""Name"": ""Hélène Bélanger"", ""Year"": 2005, ""Cites2017"": 381, ""%Cites2017"": 0.296, ""%Rank"": 0.141, ""H-Index"": 10, ""%RankH"": 0.335, ""GoogleScholar"": ""https://scholar.google.com/citations?hl=en&user=Kl1hf6oAAAAJ"", ""CurrentSchool"": ""University of Quebec in Montreal"", ""Position"": ""Professor"", ""PhDYear"": 2005, ""PhDSchool"": ""INRS - Urbanisation, Culture et Societe (Institute National de la recherche scientifique)"", ""Years"": 20, ""First"": ""Hélène"", ""Last"": ""Bélanger""}}"
854,google_scholar,2026-03-01,112,7,,,,,"{""workbook_row"": {""Name"": ""Guillaume Éthier"", ""Year"": 2012, ""Cites2017"": 112, ""%Cites2017"": 0.135, ""%Rank"": 0.054, ""H-Index"": 7, ""%RankH"": 0.218, ""GoogleScholar"": ""https://scholar.google.com/citations?hl=en&user=3aYAtfcAAAAJ"", ""CurrentSchool"": ""University of Quebec in Montreal"", ""Position"": ""Professor"", ""PhDYear"": 2012, ""PhDSchool"": ""University of Quebec in Montreal"", ""Years"": 13, ""First"": ""Guillaume"", ""Last"": ""Éthier""}}"
857,google_scholar,2026-03-01,2322,23,,,,,"{""workbook_row"": {""Name"": ""Ugo Lachapelle"", ""Year"": 2010, ""Cites2017"": 2322, ""%Cites2017"": 0.708, ""%Rank"": 0.477, ""H-Index"": 23, ""%RankH"": 0.744, ""GoogleScholar"": ""https://scholar.google.com/citations?hl=en&user=HipFEskAAAAJ"", ""CurrentSchool"": ""University of Quebec in Montreal"", ""Position"": ""Professor"", ""PhDYear"": 2010, ""PhDSchool"": ""University of British Columbia"", ""Years"": 15, ""First"": ""Ugo"", ""Last"": ""Lachapelle""}}"
858,google_scholar,2026-03-01,1253,17,,,,,"{""workbook_row"": {""Name"": ""Lucie K.Morisset"", ""Year"": 1996, ""Cites2017"": 1253, ""%Cites2017"": 0.551, ""%Rank"": 0.319, ""H-Index"": 17, ""%RankH"": 0.572, ""GoogleScholar"": ""https://scholar.google.com/citations?hl=en&user=NW23feAAAAAJ"", ""CurrentSchool"": ""University of Quebec in Montreal"", ""Position"": ""Professor"", ""PhDYear"": 1996, ""PhDSchool"": ""University of Bretagne Occidentale"", ""Years"": 29, ""First"": ""Lucie"", ""Middle"": ""K."", ""Last"": ""Morisset""}}"
859,google_scholar,2026-03-01,1184,17,,,,,"{""workbook_row"": {""Name"": ""Luc Noppen"", ""Year"": 2001, ""Cites2017"": 1184, ""%Cites2017"": 0.535, ""%Rank"": 0.299, ""H-Index"": 17, ""%RankH"": 0.572, ""GoogleScholar"": ""https://scholar.google.com/citations?hl=en&user=aaDVBREAAAAJ"", ""CurrentSchool"": ""University of Quebec in Montreal"", ""Position"": ""Professor"", ""PhDYear"": 2001, ""PhDSchool"": ""University of Quebec in Montreal"", ""Years"": 24, ""First"": ""Luc"", ""Last"": ""Noppen""}}"
860,google_scholar,2026-03-01,202,5,,,,,"{""workbook_row"": {""Name"": ""Sophie Paquin"", ""Year"": 2006, ""Cites2017"": 202, ""%Cites2017"": 0.203, ""%Rank"": 0.096, ""H-Index"": 5, ""%RankH"": 0.129, ""GoogleScholar"": ""https://scholar.google.com/citations?hl=en&user=Q9I0Mo8AAAAJ"", ""CurrentSchool"": ""University of Quebec in Montreal"", ""Position"": ""Professor"", ""PhDYear"": 2006, ""PhDSchool"": ""University of Quebec in Montreal"", ""Years"": 19, ""First"": ""Sophie"", ""Last"": ""Paquin""}}"
863,google_scholar,2026-03-01,1438,18,,,,,"{""workbook_row"": {""Name"": ""Thi Thanh Hiên Pham"", ""Year"": 2009, ""Cites2017"": 1438, ""%Cites2017"": 0.59, ""%Rank"": 0.353, ""H-Index"": 18, ""%RankH"": 0.604, ""GoogleScholar"": ""https://scholar.google.com/citations?hl=en&user=P_RYmLkAAAAJ"", ""CurrentSchool"": ""University of Quebec in Montreal"", ""Position"": ""Professor"", ""PhDYear"": 2009, ""PhDSchool"": ""University of Sherbrooke"", ""Years"": 16, ""First"": ""Thi"", ""Middle"": ""Thanh Hiên"", ""Last"": ""Pham""}}"
865,google_scholar,2026-03-01,1721,13,,,,,"{""workbook_row"": {""Name"": ""Juste Rajaonson"", ""Year"": 2017, ""Cites2017"": 1721, ""%Cites2017"": 0.633, ""%Rank"": 0.4, ""H-Index"": 13, ""%RankH"": 0.45, ""GoogleScholar"": ""https://scholar.google.com/citations?hl=en&user=ZZE6WDwAAAAJ"", ""CurrentSchool"": ""University of Quebec in Montreal"", ""Position"": ""Professor"", ""PhDYear"": 2017, ""PhDSchool"": ""University of Quebec in Montreal"", ""Years"": 8, ""First"": ""Juste"", ""Last"": ""Rajaonson""}}"
867,google_scholar,2026-03-01,2695,19,,,,,"{""workbook_row"": {""Name"": ""Georges A.Tanguay"", ""Year"": 1998, ""Cites2017"": 2695, ""%Cites2017"": 0.759, ""%Rank"": 0.542, ""H-Index"": 19, ""%RankH"": 0.631, ""GoogleScholar"": ""https://scholar.google.com/citations?hl=en&user=X300o5YAAAAJ"", ""CurrentSchool"": ""University of Quebec in Montreal"", ""Position"": ""Professor"", ""PhDYear"": 1998, ""PhDSchool"": ""University of Laval"", ""Years"": 27, ""First"": ""Georges"", ""Middle"": ""A."", ""Last"": ""Tanguay""}}"
868,google_scholar,2026-03-01,1966,20,,,,,"{""workbook_row"": {""Name"": ""Jill Blakley"", ""Year"": 2009, ""Cites2017"": 1966, ""%Cites2017"": 0.67, ""%Rank"": 0.435, ""H-Index"": 20, ""%RankH"": 0.664, ""GoogleScholar"": ""https://scholar.google.com/citations?hl=en&authuser=1&user=nnfQsFAAAAAJ"", ""CurrentSchool"": ""University of Saskatchewan"", ""Position"": ""Professor"", ""PhDYear"": 2009, ""PhDSchool"": ""University of Saskatchewan"", ""Years"": 16, ""First"": ""Jill"", ""Middle"": ""A.E."", ""Last"": ""Blakley""}}"
869,google_scholar,2026-03-01,2252,23,,,,,"{""workbook_row"": {""Name"": ""Ehab Diab"", ""Year"": 2015, ""Cites2017"": 2252, ""%Cites2017"": 0.701, ""%Rank"": 0.917, ""H-Index"": 23, ""%RankH"": 0.744, ""GoogleScholar"": ""https://scholar.google.com/citations?user=GT_aYVEAAAAJ"", ""CurrentSchool"": ""University of Saskatchewan"", ""Position"": ""Assistant Professor"", ""PhDYear"": 2015, ""PhDSchool"": ""McGill University"", ""Years"": 10, ""First"": ""Ehab"", ""Last"": ""Diab""}}"
872,google_scholar,2026-03-01,2740,23,,,,,"{""workbook_row"": {""Name"": ""Peng Chen"", ""Year"": 2016, ""Cites2017"": 2740, ""%Cites2017"": 0.764, ""%Rank"": 0.873, ""H-Index"": 23, ""%RankH"": 0.744, ""GoogleScholar"": ""https://scholar.google.com/citations?user=rKagxSUAAAAJ&hl=en"", ""CurrentSchool"": ""University of South Florida"", ""Position"": ""Associate Professor"", ""PhDYear"": 2016, ""PhDSchool"": ""University of Washington"", ""Years"": 9, ""First"": ""Peng"", ""Last"": ""Chen""}}"
873,google_scholar,2026-03-01,1241,18,,,,,"{""workbook_row"": {""Name"": ""Robin Ersing"", ""Year"": 2000, ""Cites2017"": 1241, ""%Cites2017"": 0.55, ""%Rank"": 0.316, ""H-Index"": 18, ""%RankH"": 0.604, ""GoogleScholar"": ""https://scholar.google.com/citations?hl=en&authuser=1&user=cBkIw6wAAAAJ&inst=13410158990364976897"", ""CurrentSchool"": ""University of South Florida"", ""Position"": ""Professor"", ""PhDYear"": 2000, ""PhDSchool"": ""University of New York, Buffalo"", ""Years"": 25, ""First"": ""Robin"", ""Last"": ""Ersing"", ""ResearchGate"": ""https://researchgate.net/profile/Robin_Ersing"", ""LinkedIn"": ""https://linkedin.com/in/robin-ersing-8b616047""}}"
874,google_scholar,2026-03-01,379,10,,,,,"{""workbook_row"": {""Name"": ""Youjung Kim"", ""Year"": 2019, ""Cites2017"": 379, ""%Cites2017"": 0.294, ""%Rank"": 0.564, ""H-Index"": 10, ""%RankH"": 0.335, ""GoogleScholar"": ""https://scholar.google.com/citations?hl=en&user=t73xROEAAAAJ"", ""CurrentSchool"": ""University of South Florida"", ""Position"": ""Assistant Professor"", ""PhDYear"": 2019, ""PhDSchool"": ""Texas A&M"", ""Years"": 6, ""First"": ""Youjung"", ""Last"": ""Kim""}}"
875,google_scholar,2026-03-01,252,7,,,,,"{""workbook_row"": {""Name"": ""Evangeline Linkous"", ""Year"": 2012, ""Cites2017"": 252, ""%Cites2017"": 0.233, ""%Rank"": 0.192, ""H-Index"": 7, ""%RankH"": 0.218, ""GoogleScholar"": ""https://scholar.google.com/citations?hl=en&authuser=1&user=1UOH1jEAAAAJ"", ""CurrentSchool"": ""University of South Florida"", ""Position"": ""Associate Professor"", ""PhDYear"": 2012, ""PhDSchool"": ""University of Pennsylvania"", ""Years"": 13, ""First"": ""Evangeline"", ""Last"": ""Linkous""}}"
876,google_scholar,2026-03-01,2335,20,,,,,"{""workbook_row"": {""Name"": ""Elizabeth Strom"", ""Year"": 1996, ""Cites2017"": 2335, ""%Cites2017"": 0.71, ""%Rank"": 0.807, ""H-Index"": 20, ""%RankH"": 0.664, ""GoogleScholar"": ""https://scholar.google.com/citations?hl=en&user=c_4ip-gAAAAJ"", ""CurrentSchool"": ""University of South Florida"", ""Position"": ""Associate Professor"", ""PhDYear"": 1996, ""PhDSchool"": ""CUNY"", ""Years"": 29, ""First"": ""Elizabeth"", ""Last"": ""Strom""}}"
877,google_scholar,2026-03-01,1139,6,,,,,"{""workbook_row"": {""Name"": ""Carolyn Ball"", ""Year"": 1990, ""Cites2017"": 1139, ""%Cites2017"": 0.529, ""%Rank"": 0.582, ""H-Index"": 6, ""%RankH"": 0.173, ""GoogleScholar"": ""https://scholar.google.com/citations?user=NDDMft0AAAAJ&hl=en"", ""CurrentSchool"": ""University of Southern Maine"", ""Position"": ""Associate Professor"", ""PhDYear"": 1990, ""PhDSchool"": ""Purdue University"", ""Years"": 35, ""First"": ""Carolyn"", ""Last"": ""Ball""}}"
880,google_scholar,2026-03-01,1765,18,,,,,"{""workbook_row"": {""Name"": ""Qisheng Pan"", ""Year"": 2003, ""Cites2017"": 1765, ""%Cites2017"": 0.643, ""%Rank"": 0.413, ""H-Index"": 18, ""%RankH"": 0.604, ""GoogleScholar"": ""https://scholar.google.com/citations?hl=en&user=LkPJJDAAAAAJ"", ""CurrentSchool"": ""University of Texas, Arlington"", ""Position"": ""Professor"", ""PhDYear"": 2003, ""PhDSchool"": ""USC"", ""Years"": 22, ""First"": ""Qisheng"", ""Last"": ""Pan""}}"
881,google_scholar,2026-03-01,251,8,,,,,"{""workbook_row"": {""Name"": ""Julene Paul"", ""Year"": 2023, ""Cites2017"": 251, ""%Cites2017"": 0.232, ""%Rank"": 0.467, ""H-Index"": 8, ""%RankH"": 0.261, ""GoogleScholar"": ""https://scholar.google.com/citations?hl=en&user=CzdEhGEAAAAJ"", ""CurrentSchool"": ""University of Texas, Arlington"", ""Position"": ""Assistant Professor"", ""PhDYear"": 2023, ""PhDSchool"": ""UCLA"", ""Years"": 2, ""First"": ""Julene"", ""Last"": ""Paul""}}"
883,google_scholar,2026-03-01,229,9,,,,,"{""workbook_row"": {""Name"": ""Malini Roy"", ""Year"": 2023, ""Cites2017"": 229, ""%Cites2017"": 0.22, ""%Rank"": 0.45, ""H-Index"": 9, ""%RankH"": 0.292, ""GoogleScholar"": ""https://scholar.google.com/citations?user=araqOKEAAAAJ&hl=en"", ""CurrentSchool"": ""University of Texas, Arlington"", ""Position"": ""Assistant Professor"", ""PhDYear"": 2023, ""PhDSchool"": ""Texas A&M"", ""Years"": 2, ""First"": ""Malini"", ""Last"": ""Roy""}}"
884,google_scholar,2026-03-01,1799,22,,,,,"{""workbook_row"": {""Name"": ""Deden Rukmana"", ""Year"": 2006, ""Cites2017"": 1799, ""%Cites2017"": 0.649, ""%Rank"": 0.42, ""H-Index"": 22, ""%RankH"": 0.722, ""GoogleScholar"": ""https://scholar.google.com.ph/citations?user=mZYV-z0AAAAJ&hl=en"", ""CurrentSchool"": ""University of Texas, Arlington"", ""Position"": ""Professor"", ""PhDYear"": 2006, ""PhDSchool"": ""Florida State University"", ""Years"": 19, ""First"": ""Deden"", ""Last"": ""Rukmana"", ""Interests"": ""Housing and Community Development, Urban Planning, International Development and Planning, Homelessness and Poverty and Quantitative Methods."", ""ResearchGate"": ""https://researchgate.net/profile/Deden_Rukmana"", ""LinkedIn"": ""https://linkedin.com/in/dedenrukmana""}}"
885,google_scholar,2026-03-01,1724,23,,,,,"{""workbook_row"": {""Name"": ""Wei Zhai"", ""Year"": 2021, ""Cites2017"": 1724, ""%Cites2017"": 0.635, ""%Rank"": 0.867, ""H-Index"": 23, ""%RankH"": 0.744, ""GoogleScholar"": ""https://scholar.google.com/citations?user=Vz8kG8IAAAAJ&hl=en&oi=ao&inst=13410158990364976897"", ""CurrentSchool"": ""University of Texas, Arlington"", ""Position"": ""Assistant Professor"", ""PhDYear"": 2021, ""PhDSchool"": ""University of Florida"", ""Years"": 4, ""First"": ""Wei"", ""Last"": ""Zhai""}}"
886,google_scholar,2026-03-01,5888,38,,,,,"{""workbook_row"": {""Name"": ""Junfeng Jiao"", ""Year"": 2010, ""Cites2017"": 5888, ""%Cites2017"": 0.906, ""%Rank"": 0.972, ""H-Index"": 38, ""%RankH"": 0.924, ""GoogleScholar"": ""https://scholar.google.com/citations?user=7vjmZsIAAAAJ&hl=en"", ""CurrentSchool"": ""University of Texas, Austin"", ""Position"": ""Associate Professor"", ""PhDYear"": 2010, ""PhDSchool"": ""University of Washington"", ""Years"": 15, ""First"": ""Junfeng"", ""Last"": ""Jiao"", ""Interests"": ""urban informatics, transit/food deserts, shared mobility, and public health"", ""LinkedIn"": ""https://linkedin.com/in/junfeng-jiao-6386b122""}}"
887,google_scholar,2026-03-01,4017,29,,,,,"{""workbook_row"": {""Name"": ""Alex Karner"", ""Year"": 2012, ""Cites2017"": 4017, ""%Cites2017"": 0.84, ""%Rank"": 0.931, ""H-Index"": 29, ""%RankH"": 0.84, ""GoogleScholar"": ""https://scholar.google.com/citations?user=YC_-mUAAAAAJ&hl=en&authuser=1"", ""CurrentSchool"": ""University of Texas, Austin"", ""Position"": ""Associate Professor"", ""PhDYear"": 2012, ""PhDSchool"": ""University of California, Davis"", ""Years"": 13, ""First"": ""Alex"", ""Last"": ""Karner""}}"
888,google_scholar,2026-03-01,829,15,,,,,"{""workbook_row"": {""Name"": ""Katherine Lieberknecht"", ""Year"": 2007, ""Cites2017"": 829, ""%Cites2017"": 0.469, ""%Rank"": 0.76, ""H-Index"": 15, ""%RankH"": 0.516, ""GoogleScholar"": ""https://scholar.google.com/citations?hl=en&authuser=1&user=mF3IsbsAAAAJ&inst=13410158990364976897"", ""CurrentSchool"": ""University of Texas, Austin"", ""Position"": ""Assistant Professor"", ""PhDYear"": 2007, ""PhDSchool"": ""Cornell University"", ""Years"": 18, ""First"": ""Katherine"", ""Last"": ""Lieberknecht""}}"
889,google_scholar,2026-03-01,1091,17,,,,,"{""workbook_row"": {""Name"": ""Elizabeth Mueller"", ""Year"": 1992, ""Cites2017"": 1091, ""%Cites2017"": 0.521, ""%Rank"": 0.571, ""H-Index"": 17, ""%RankH"": 0.572, ""GoogleScholar"": ""https://scholar.google.com/citations?user=dRX7LuEAAAAJ&hl=en"", ""CurrentSchool"": ""University of Texas, Austin"", ""Position"": ""Associate Professor"", ""PhDYear"": 1992, ""PhDSchool"": ""UC Berkeley"", ""Years"": 33, ""First"": ""Elizabeth"", ""Middle"": ""J."", ""Last"": ""Mueller"", ""Interests"": ""Community Development, Housing & Poverty, Urban Politics, Qualitative Methods."", ""ResearchGate"": ""https://researchgate.net/profile/Elizabeth_Mueller2"", ""LinkedIn"": ""https://linkedin.com/in/elizabeth-mueller-37834a8""}}"
891,google_scholar,2026-03-01,1075,14,,,,,"{""workbook_row"": {""Name"": ""Robert Paterson"", ""Year"": 2001, ""Cites2017"": 1075, ""%Cites2017"": 0.519, ""%Rank"": 0.287, ""H-Index"": 14, ""%RankH"": 0.485, ""GoogleScholar"": ""https://scholar.google.com/citations?user=-v4CggQAAAAJ&hl=en&oe=ASCII"", ""CurrentSchool"": ""University of Texas, Austin"", ""Position"": ""Professor"", ""PhDYear"": 2001, ""PhDSchool"": ""UNC"", ""Years"": 24, ""First"": ""Robert"", ""Middle"": ""G."", ""Last"": ""Paterson"", ""Interests"": ""Environmental Planning, Growth Management, Sustainable Community Development, Public Policy Dispute Resolution, Community Consensus Building""}}"
892,google_scholar,2026-03-01,786,14,,,,,"{""workbook_row"": {""Name"": ""Gian Claudia Sciara"", ""Year"": 2009, ""Cites2017"": 786, ""%Cites2017"": 0.46, ""%Rank"": 0.75, ""H-Index"": 14, ""%RankH"": 0.485, ""GoogleScholar"": ""https://scholar.google.com/citations?hl=en&authuser=1&user=61a8w9EAAAAJ"", ""CurrentSchool"": ""University of Texas, Austin"", ""Position"": ""Assistant Professor"", ""PhDYear"": 2009, ""PhDSchool"": ""UC Berkeley"", ""Years"": 16, ""First"": ""Gian Claudia"", ""Last"": ""Sciara""}}"
894,google_scholar,2026-03-01,114,5,,,,,"{""workbook_row"": {""Name"": ""Miriam Solis"", ""Year"": 2018, ""Cites2017"": 114, ""%Cites2017"": 0.137, ""%Rank"": 0.264, ""H-Index"": 5, ""%RankH"": 0.129, ""GoogleScholar"": ""https://scholar.google.com/citations?hl=en&user=Q2Ck504AAAAJ"", ""CurrentSchool"": ""University of Texas, Austin"", ""Position"": ""Assistant Professor"", ""PhDYear"": 2018, ""PhDSchool"": ""UC Berkeley"", ""Years"": 7, ""First"": ""Miriam"", ""Last"": ""Solis"", ""LinkedIn"": ""https://www.linkedin.com/in/solism/""}}"
895,google_scholar,2026-03-01,1492,20,,,,,"{""workbook_row"": {""Name"": ""Jake Wegmann"", ""Year"": 2014, ""Cites2017"": 1492, ""%Cites2017"": 0.599, ""%Rank"": 0.664, ""H-Index"": 20, ""%RankH"": 0.664, ""GoogleScholar"": ""https://scholar.google.com/citations?user=BG5iIkoAAAAJ&hl=en"", ""CurrentSchool"": ""University of Texas, Austin"", ""Position"": ""Associate Professor"", ""PhDYear"": 2014, ""PhDSchool"": ""UC Berkeley"", ""Years"": 11, ""First"": ""Jake"", ""Last"": ""Wegmann"", ""LinkedIn"": ""https://linkedin.com/in/jake-wegmann-b325aa3""}}"
896,google_scholar,2026-03-01,4783,32,,,,,"{""workbook_row"": {""Name"": ""Ming Zhang"", ""Year"": 2002, ""Cites2017"": 4783, ""%Cites2017"": 0.869, ""%Rank"": 0.72, ""H-Index"": 32, ""%RankH"": 0.874, ""GoogleScholar"": ""https://scholar.google.com/citations?user=YKHNB98AAAAJ&hl=en"", ""CurrentSchool"": ""University of Texas, Austin"", ""Position"": ""Professor"", ""PhDYear"": 2002, ""PhDSchool"": ""MIT"", ""Years"": 23, ""First"": ""Ming"", ""Last"": ""Zhang"", ""Interests"": ""Urban Transportation Planning, Urban Form and Travel Behavior, GIS Applications in Planning, International Planning"", ""ResearchGate"": ""https://researchgate.net/profile/Ming_Zhang34"", ""LinkedIn"": ""https://linkedin.com/in/mingzhang-yin-724ab8103""}}"
897,google_scholar,2026-03-01,853,15,,,,,"{""workbook_row"": {""Name"": ""Ryun Jung Lee"", ""Year"": 2018, ""Cites2017"": 853, ""%Cites2017"": 0.475, ""%Rank"": 0.764, ""H-Index"": 15, ""%RankH"": 0.516, ""GoogleScholar"": ""https://scholar.google.com/citations?user=A4CMrP0AAAAJ&hl=en&oi=ao&inst=13410158990364976897"", ""CurrentSchool"": ""University of Texas, San Antonio"", ""Position"": ""Assistant Professor"", ""PhDYear"": 2018, ""PhDSchool"": ""Texas A&M"", ""Years"": 7, ""First"": ""Ryun"", ""Middle"": ""Jung"", ""Last"": ""Lee""}}"
898,google_scholar,2026-03-01,271,8,,,,,"{""workbook_row"": {""Name"": ""Esteban López Ochoa"", ""Year"": 2016, ""Cites2017"": 271, ""%Cites2017"": 0.24, ""%Rank"": 0.478, ""H-Index"": 8, ""%RankH"": 0.261, ""GoogleScholar"": ""https://scholar.google.com/citations?user=JW1waTwAAAAJ&hl=en&oi=sra&inst=13410158990364976897"", ""CurrentSchool"": ""University of Texas, San Antonio"", ""Position"": ""Assistant Professor"", ""PhDYear"": 2016, ""PhDSchool"": ""University of Illinois, Urbana-Champaign"", ""Years"": 9, ""First"": ""Esteban"", ""Middle"": ""López"", ""Last"": ""Ochoa""}}"
900,google_scholar,2026-03-01,3744,27,,,,,"{""workbook_row"": {""Name"": ""Kevin Czajkowski"", ""Year"": 1995, ""Cites2017"": 3744, ""%Cites2017"": 0.823, ""%Rank"": 0.638, ""H-Index"": 27, ""%RankH"": 0.822, ""GoogleScholar"": ""https://scholar.google.com/citations?user=QArBWJkAAAAJ&hl=en"", ""CurrentSchool"": ""University of Toledo"", ""Position"": ""Professor"", ""PhDYear"": 1995, ""PhDSchool"": ""University of Michigan"", ""Years"": 30, ""First"": ""Kevin"", ""Middle"": ""P."", ""Last"": ""Czajkowski"", ""Interests"": ""Remote Sensing, Computer Applications, Environmental Planning, GIS, Systems & Natural Resource Planning"", ""ResearchGate"": ""https://researchgate.net/profile/Kevin_Czajkowski"", ""LinkedIn"": ""https://linkedin.com/in/czajkowski-kevin-6313a412""}}"
901,google_scholar,2026-03-01,3688,20,,,,,"{""workbook_row"": {""Name"": ""Daniel Hammel"", ""Year"": 1994, ""Cites2017"": 3688, ""%Cites2017"": 0.82, ""%Rank"": 0.631, ""H-Index"": 20, ""%RankH"": 0.664, ""GoogleScholar"": ""https://scholar.google.com/citations?hl=en&authuser=1&user=bP5JjE0AAAAJ"", ""CurrentSchool"": ""University of Toledo"", ""Position"": ""Professor"", ""PhDYear"": 1994, ""PhDSchool"": ""University of Minnesota"", ""Years"": 31, ""First"": ""Daniel"", ""Middle"": ""J."", ""Last"": ""Hammel"", ""Interests"": ""Community and Economic Development Planning, Urban and Regional Economics, Housing"", ""LinkedIn"": ""https://linkedin.com/in/dan-hammel-452054ba""}}"
903,google_scholar,2026-03-01,410,12,,,,,"{""workbook_row"": {""Name"": ""David Nemeth"", ""Year"": 1984, ""Cites2017"": 410, ""%Cites2017"": 0.305, ""%Rank"": 0.146, ""H-Index"": 12, ""%RankH"": 0.409, ""GoogleScholar"": ""https://scholar.google.com/citations?user=JNNCh48AAAAJ&hl=en&authuser=1"", ""CurrentSchool"": ""University of Toledo"", ""Position"": ""Professor"", ""PhDYear"": 1984, ""PhDSchool"": ""UCLA"", ""Years"": 41, ""First"": ""David"", ""Middle"": ""J."", ""Last"": ""Nemeth"", ""Interests"": ""Historic Preservation, Natural Resource Planning, Physical Planning, Urban Design"", ""ResearchGate"": ""https://researchgate.net/profile/David_Nemeth"", ""LinkedIn"": ""https://linkedin.com/in/nemeth-david-11385624""}}"
904,google_scholar,2026-03-01,3528,32,,,,,"{""workbook_row"": {""Name"": ""Neil Reid"", ""Year"": 1991, ""Cites2017"": 3528, ""%Cites2017"": 0.812, ""%Rank"": 0.623, ""H-Index"": 32, ""%RankH"": 0.874, ""GoogleScholar"": ""https://scholar.google.com/citations?user=Lp0BZI0AAAAJ&hl"", ""CurrentSchool"": ""University of Toledo"", ""Position"": ""Professor"", ""PhDYear"": 1991, ""PhDSchool"": ""Arizona State University"", ""Years"": 34, ""First"": ""Neil"", ""Last"": ""Reid"", ""Interests"": ""Demography & Economic Development Planning"", ""ResearchGate"": ""https://researchgate.net/profile/Neil_Reid2"", ""LinkedIn"": ""https://linkedin.com/in/neil-reid-b9188a10""}}"
907,google_scholar,2026-03-01,2608,24,,,,,"{""workbook_row"": {""Name"": ""Yanqing Xu"", ""Year"": 2014, ""Cites2017"": 2608, ""%Cites2017"": 0.745, ""%Rank"": 0.932, ""H-Index"": 24, ""%RankH"": 0.774, ""GoogleScholar"": ""https://scholar.google.com/citations?user=M13ND-0AAAAJ&hl=en&oe=ASCII"", ""CurrentSchool"": ""University of Toledo"", ""Position"": ""Assistant Professor"", ""PhDYear"": 2014, ""PhDSchool"": ""Louisiana State University"", ""Years"": 11, ""First"": ""Yanqing"", ""Last"": ""Xu""}}"
908,google_scholar,2026-03-01,5280,34,,,,,"{""workbook_row"": {""Name"": ""Karen Chapple"", ""Year"": 2000, ""Cites2017"": 5280, ""%Cites2017"": 0.885, ""%Rank"": 0.75, ""H-Index"": 34, ""%RankH"": 0.895, ""GoogleScholar"": ""https://scholar.google.com/citations?user=To-IxBoAAAAJ&hl=en&inst=13410158990364976897"", ""CurrentSchool"": ""University of Toronto"", ""Position"": ""Professor"", ""PhDYear"": 2000, ""PhDSchool"": ""UC Berkeley"", ""Years"": 25, ""First"": ""Karen"", ""Last"": ""Chapple"", ""Interests"": ""Local Economic Development, Poverty, Metropolitan Planning"", ""ResearchGate"": ""https://researchgate.net/profile/Karen_Chapple"", ""LinkedIn"": ""https://linkedin.com/in/karen-chapple-7128476""}}"
909,google_scholar,2026-03-01,2502,23,,,,,"{""workbook_row"": {""Name"": ""Kanishka Goonewardena"", ""Year"": 1998, ""Cites2017"": 2502, ""%Cites2017"": 0.736, ""%Rank"": 0.502, ""H-Index"": 23, ""%RankH"": 0.744, ""GoogleScholar"": ""https://scholar.google.com/citations?user=ovfmgh8AAAAJ&hl=en"", ""CurrentSchool"": ""University of Toronto"", ""Position"": ""Professor"", ""PhDYear"": 1998, ""PhDSchool"": ""Cornell University"", ""Years"": 27, ""First"": ""Kanishka"", ""Last"": ""Goonewardena"", ""Interests"": ""Cultural Studies, Urban Planning Theory, Globalization"", ""ResearchGate"": ""https://researchgate.net/profile/Kanishka_Goonewardena"", ""LinkedIn"": ""https://linkedin.com/in/kanishka-goonewardena-0aa127a""}}"
910,google_scholar,2026-03-01,5658,25,,,,,"{""workbook_row"": {""Name"": ""Paul Hess"", ""Year"": 2001, ""Cites2017"": 5658, ""%Cites2017"": 0.9, ""%Rank"": 0.777, ""H-Index"": 25, ""%RankH"": 0.793, ""GoogleScholar"": ""https://scholar.google.com.ph/citations?user=BE-kCpcAAAAJ&hl=en"", ""CurrentSchool"": ""University of Toronto"", ""Position"": ""Professor"", ""PhDYear"": 2001, ""PhDSchool"": ""University of Washington"", ""Years"": 24, ""First"": ""Paul"", ""Last"": ""Hess"", ""Interests"": ""History of Planning, Travel Behavior, Urban Form Analysis"", ""ResearchGate"": ""https://researchgate.net/profile/Paul_Hess4"", ""LinkedIn"": ""https://linkedin.com/in/paul-hess-743a578""}}"
912,google_scholar,2026-03-01,21,2,,,,,"{""workbook_row"": {""Name"": ""Tyeshia Redden"", ""Year"": 2017, ""Cites2017"": 21, ""%Cites2017"": 0.04, ""%Rank"": 0.092, ""H-Index"": 2, ""%RankH"": 0.024, ""GoogleScholar"": ""https://scholar.google.com/citations?hl=en&user=sllHqKQAAAAJ"", ""CurrentSchool"": ""University of Toronto"", ""Position"": ""Assistant Professor"", ""PhDYear"": 2017, ""PhDSchool"": ""University of Florida"", ""Years"": 8, ""First"": ""Tyeshia"", ""Last"": ""Redden""}}"
915,google_scholar,2026-03-01,141,7,,,,,"{""workbook_row"": {""Name"": ""Nidhi Subramanyam"", ""Year"": 2021, ""Cites2017"": 141, ""%Cites2017"": 0.162, ""%Rank"": 0.317, ""H-Index"": 7, ""%RankH"": 0.218, ""GoogleScholar"": ""https://scholar.google.com/citations?hl=en&authuser=1&user=B3QA-u4AAAAJ"", ""CurrentSchool"": ""University of Toronto"", ""Position"": ""Assistant Professor"", ""PhDYear"": 2021, ""PhDSchool"": ""Cornell University"", ""Years"": 4, ""First"": ""Nidhi"", ""Last"": ""Subramanyam""}}"
916,google_scholar,2026-03-01,4650,34,,,,,"{""workbook_row"": {""Name"": ""Michael Widener"", ""Year"": 2012, ""Cites2017"": 4650, ""%Cites2017"": 0.861, ""%Rank"": 0.707, ""H-Index"": 34, ""%RankH"": 0.895, ""GoogleScholar"": ""https://scholar.google.com/citations?user=EIjB7f0AAAAJ&hl=en"", ""CurrentSchool"": ""University of Toronto"", ""Position"": ""Professor"", ""PhDYear"": 2012, ""PhDSchool"": ""University at Buffalo, The State University of New York"", ""Years"": 13, ""First"": ""Michael"", ""Last"": ""Widener""}}"
917,google_scholar,2026-03-01,2998,19,,,,,"{""workbook_row"": {""Name"": ""Keith Bartholomew"", ""Year"": 1987, ""Cites2017"": 2998, ""%Cites2017"": 0.779, ""%Rank"": 0.569, ""H-Index"": 19, ""%RankH"": 0.631, ""GoogleScholar"": ""https://scholar.google.com/citations?user=3QSbxggAAAAJ&hl=en"", ""CurrentSchool"": ""University of Utah"", ""Position"": ""Professor"", ""PhDYear"": 1987, ""PhDSchool"": ""University of Oregon"", ""Years"": 38, ""First"": ""Keith"", ""Last"": ""Bartholomew"", ""Interests"": ""Environmental Planning, Land Use/Growth Management, Planning Law, Metropolitan/ Regional Planning"", ""LinkedIn"": ""https://linkedin.com/in/keith-bartholomew-a8a3b46""}}"
919,google_scholar,2026-03-01,536,11,,,,,"{""workbook_row"": {""Name"": ""Divya Chandrasekhar"", ""Year"": 2010, ""Cites2017"": 536, ""%Cites2017"": 0.366, ""%Rank"": 0.354, ""H-Index"": 11, ""%RankH"": 0.374, ""GoogleScholar"": ""https://scholar.google.com.ph/citations?user=QeE2MP0AAAAJ&hl=en"", ""CurrentSchool"": ""University of Utah"", ""Position"": ""Associate Professor"", ""PhDYear"": 2010, ""PhDSchool"": ""University of Illinois, Urbana-Champaign"", ""Years"": 15, ""First"": ""Divya"", ""Last"": ""Chandrasekhar"", ""Interests"": ""Emergency Management Planning, Coastal Environmental Emergency Assessment & Modeling""}}"
920,google_scholar,2026-03-01,48797,81,,,,,"{""workbook_row"": {""Name"": ""Reid Ewing"", ""Year"": 1978, ""Cites2017"": 48797, ""%Cites2017"": 0.998, ""%Rank"": 0.995, ""H-Index"": 81, ""%RankH"": 0.997, ""GoogleScholar"": ""https://scholar.google.com.ph/citations?user=dyhRzZgAAAAJ&hl=en"", ""CurrentSchool"": ""University of Utah"", ""Position"": ""Professor"", ""PhDYear"": 1978, ""PhDSchool"": ""MIT"", ""Years"": 47, ""First"": ""Reid"", ""Last"": ""Ewing"", ""LinkedIn"": ""https://linkedin.com/in/reid-ewing-3aa78a30""}}"
921,google_scholar,2026-03-01,3969,22,,,,,"{""workbook_row"": {""Name"": ""Stacy Harwood"", ""Year"": 2001, ""Cites2017"": 3969, ""%Cites2017"": 0.834, ""%Rank"": 0.655, ""H-Index"": 22, ""%RankH"": 0.722, ""GoogleScholar"": ""https://scholar.google.com.ph/citations?user=M7WLlCkAAAAJ&hl=en"", ""CurrentSchool"": ""University of Utah"", ""Position"": ""Professor"", ""PhDYear"": 2001, ""PhDSchool"": ""USC"", ""Years"": 24, ""First"": ""Stacy"", ""Last"": ""Harwood"", ""Interests"": ""Neighborhood Planning, Community Development in Immigrant Communities, Qualitative Methods, Social Inequality and Social Planning"", ""LinkedIn"": ""https://linkedin.com/in/stacy-harwood-13531365""}}"
922,google_scholar,2026-03-01,1947,24,,,,,"{""workbook_row"": {""Name"": ""Andy Hong"", ""Year"": 2016, ""Cites2017"": 1947, ""%Cites2017"": 0.666, ""%Rank"": 0.892, ""H-Index"": 24, ""%RankH"": 0.774, ""GoogleScholar"": ""https://scholar.google.com/citations?hl=en&authuser=1&user=RzWxizkAAAAJ"", ""CurrentSchool"": ""University of Utah"", ""Position"": ""Assistant Professor"", ""PhDYear"": 2016, ""PhDSchool"": ""USC"", ""Years"": 9, ""First"": ""Andy"", ""Last"": ""Hong""}}"
923,google_scholar,2026-03-01,427,11,,,,,"{""workbook_row"": {""Name"": ""Aujean Lee"", ""Year"": 2018, ""Cites2017"": 427, ""%Cites2017"": 0.314, ""%Rank"": 0.589, ""H-Index"": 11, ""%RankH"": 0.374, ""GoogleScholar"": ""https://scholar.google.com/citations?hl=en&user=1zQsUjsAAAAJ"", ""CurrentSchool"": ""University of Utah"", ""Position"": ""Assistant Professor"", ""PhDYear"": 2018, ""PhDSchool"": ""UCLA"", ""Years"": 7, ""First"": ""Aujean"", ""Last"": ""Lee""}}"
924,google_scholar,2026-03-01,1493,22,,,,,"{""workbook_row"": {""Name"": ""Alexandra Ponette-González"", ""Year"": 2009, ""Cites2017"": 1493, ""%Cites2017"": 0.6, ""%Rank"": 0.667, ""H-Index"": 22, ""%RankH"": 0.722, ""GoogleScholar"": ""https://scholar.google.com/citations?hl=en&user=saYhPjYAAAAJ&inst=13410158990364976897"", ""CurrentSchool"": ""University of Utah"", ""Position"": ""Associate Professor"", ""PhDYear"": 2009, ""PhDSchool"": ""Yale University"", ""Years"": 16, ""First"": ""Alexandra"", ""Last"": ""Ponette-González""}}"
925,google_scholar,2026-03-01,9715,41,,,,,"{""workbook_row"": {""Name"": ""Alessandro Rigolon"", ""Year"": 2015, ""Cites2017"": 9715, ""%Cites2017"": 0.95, ""%Rank"": 0.989, ""H-Index"": 41, ""%RankH"": 0.938, ""GoogleScholar"": ""https://scholar.google.com/citations?user=NTTlUnoAAAAJ&hl=en"", ""CurrentSchool"": ""University of Utah"", ""Position"": ""Associate Professor"", ""PhDYear"": 2015, ""PhDSchool"": ""University of Colorado Denver"", ""Years"": 10, ""First"": ""Alessandro"", ""Last"": ""Rigolon""}}"
926,google_scholar,2026-03-01,15606,44,,,,,"{""workbook_row"": {""Name"": ""Timothy Beatley"", ""Year"": 1986, ""Cites2017"": 15606, ""%Cites2017"": 0.976, ""%Rank"": 0.94, ""H-Index"": 44, ""%RankH"": 0.951, ""GoogleScholar"": ""https://scholar.google.com/citations?user=jNU-JocAAAAJ&hl=en"", ""CurrentSchool"": ""University of Virginia"", ""Position"": ""Professor"", ""PhDYear"": 1986, ""PhDSchool"": ""UNC"", ""Years"": 39, ""First"": ""Timothy"", ""Last"": ""Beatley"", ""Interests"": ""Sustainability, Environmental Planning, Food Systems, Natural Resource Planning"", ""ResearchGate"": ""https://researchgate.net/profile/Tim_Beatley"", ""LinkedIn"": ""https://linkedin.com/in/tim-beatley-3b290010""}}"
927,google_scholar,2026-03-01,1436,19,,,,,"{""workbook_row"": {""Name"": ""Andrew Mondschein"", ""Year"": 2012, ""Cites2017"": 1436, ""%Cites2017"": 0.588, ""%Rank"": 0.651, ""H-Index"": 19, ""%RankH"": 0.631, ""GoogleScholar"": ""https://scholar.google.com.ph/citations?user=J1oqHDsAAAAJ&hl=en"", ""CurrentSchool"": ""University of Virginia"", ""Position"": ""Associate Professor"", ""PhDYear"": 2012, ""PhDSchool"": ""UCLA"", ""Years"": 13, ""First"": ""Andrew"", ""Last"": ""Mondschein"", ""ResearchGate"": ""https://researchgate.net/profile/Andrew_Mondschein"", ""LinkedIn"": ""https://linkedin.com/in/andrew-mondschein-77ab2493""}}"
929,google_scholar,2026-03-01,538,15,,,,,"{""workbook_row"": {""Name"": ""Andrea Roberts"", ""Year"": 2016, ""Cites2017"": 538, ""%Cites2017"": 0.368, ""%Rank"": 0.357, ""H-Index"": 15, ""%RankH"": 0.516, ""GoogleScholar"": ""https://scholar.google.com/citations?user=arxHS-YAAAAJ&hl=en"", ""CurrentSchool"": ""University of Virginia"", ""Position"": ""Associate Professor"", ""PhDYear"": 2016, ""PhDSchool"": ""University of Texas, Austin"", ""Years"": 9, ""First"": ""Andrea"", ""Last"": ""Roberts""}}"
930,google_scholar,2026-03-01,10639,35,,,,,"{""workbook_row"": {""Name"": ""Jennifer Roe"", ""Year"": 1995, ""Cites2017"": 10639, ""%Cites2017"": 0.958, ""%Rank"": 0.898, ""H-Index"": 35, ""%RankH"": 0.902, ""GoogleScholar"": ""https://scholar.google.com/citations?user=9hTL_nkAAAAJ&hl"", ""CurrentSchool"": ""University of Virginia"", ""Position"": ""Professor"", ""PhDYear"": 1995, ""PhDSchool"": ""Heriot Watt University"", ""Years"": 30, ""First"": ""Jennifer"", ""Last"": ""Roe""}}"
931,google_scholar,2026-03-01,1760,19,,,,,"{""workbook_row"": {""Name"": ""Bev Wilson"", ""Year"": 2009, ""Cites2017"": 1760, ""%Cites2017"": 0.642, ""%Rank"": 0.719, ""H-Index"": 19, ""%RankH"": 0.631, ""GoogleScholar"": ""https://scholar.google.com/citations?hl=en&authuser=1&user=-y4JRccAAAAJ"", ""CurrentSchool"": ""University of Virginia"", ""Position"": ""Associate Professor"", ""PhDYear"": 2009, ""PhDSchool"": ""UNC"", ""Years"": 16, ""First"": ""Bev"", ""Last"": ""Wilson"", ""Interests"": ""Land Use and Environmental Planning and Policy; Growth Management; Spatial Analysis; GIS, Sustainability; Urban Simulation Modeling"", ""ResearchGate"": ""https://researchgate.net/profile/Bev_Wilson"", ""LinkedIn"": ""https://linkedin.com/in/bev-wilson-aicp-0a00545""}}"
932,google_scholar,2026-03-01,351,9,,,,,"{""workbook_row"": {""Name"": ""Barbara Wilson"", ""Year"": 2010, ""Cites2017"": 351, ""%Cites2017"": 0.281, ""%Rank"": 0.247, ""H-Index"": 9, ""%RankH"": 0.292, ""GoogleScholar"": ""https://scholar.google.com/citations?user=u93hCkgAAAAJ&hl=en&oe=ASCII"", ""CurrentSchool"": ""University of Virginia"", ""Position"": ""Associate Professor"", ""PhDYear"": 2010, ""PhDSchool"": ""University of Texas, Austin"", ""Years"": 15, ""First"": ""Barbara"", ""Last"": ""Wilson""}}"
934,google_scholar,2026-03-01,24069,54,,,,,"{""workbook_row"": {""Name"": ""Marina Alberti"", ""Year"": 1992, ""Cites2017"": 24069, ""%Cites2017"": 0.992, ""%Rank"": 0.982, ""H-Index"": 54, ""%RankH"": 0.973, ""GoogleScholar"": ""https://scholar.google.com.ph/citations?user=sP0cHYgAAAAJ&hl=en"", ""CurrentSchool"": ""University of Washington"", ""Position"": ""Professor"", ""PhDYear"": 1992, ""PhDSchool"": ""MIT"", ""Years"": 33, ""First"": ""Marina"", ""Last"": ""Alberti"", ""Interests"": ""Urban Ecology, Environmental Planning"", ""ResearchGate"": ""https://researchgate.net/profile/Marina_Alberti"", ""LinkedIn"": ""https://linkedin.com/in/marina-alberti-b8111921""}}"
936,google_scholar,2026-03-01,428,9,,,,,"{""workbook_row"": {""Name"": ""Rachel Berney"", ""Year"": 2008, ""Cites2017"": 428, ""%Cites2017"": 0.316, ""%Rank"": 0.592, ""H-Index"": 9, ""%RankH"": 0.292, ""GoogleScholar"": ""https://scholar.google.com/citations?user=fNjo9pAAAAAJ&hl=en"", ""CurrentSchool"": ""University of Washington"", ""Position"": ""Assistant Professor"", ""PhDYear"": 2008, ""PhDSchool"": ""UC Berkeley"", ""Years"": 17, ""First"": ""Rachel"", ""Last"": ""Berney""}}"
937,google_scholar,2026-03-01,2371,9,,,,,"{""workbook_row"": {""Name"": ""Branden Born"", ""Year"": 2003, ""Cites2017"": 2371, ""%Cites2017"": 0.716, ""%Rank"": 0.813, ""H-Index"": 9, ""%RankH"": 0.292, ""GoogleScholar"": ""https://scholar.google.com/citations?hl=en&authuser=1&user=YgDubuQAAAAJ"", ""CurrentSchool"": ""University of Washington"", ""Position"": ""Associate Professor"", ""PhDYear"": 2003, ""PhDSchool"": ""University of Wisconsin"", ""Years"": 22, ""First"": ""Branden"", ""Last"": ""Born"", ""Interests"": ""Land Use, Food Systems Planning, Planning Process & Social Justice"", ""LinkedIn"": ""https://linkedin.com/in/branden-born-8b5b543""}}"
938,google_scholar,2026-03-01,4748,38,,,,,"{""workbook_row"": {""Name"": ""Karen Chen"", ""Year"": 2020, ""Cites2017"": 4748, ""%Cites2017"": 0.865, ""%Rank"": 0.978, ""H-Index"": 38, ""%RankH"": 0.924, ""GoogleScholar"": ""https://scholar.google.com/citations?hl=en&user=ALTsdGwAAAAJ"", ""CurrentSchool"": ""University of Washington"", ""Position"": ""Assistant Professor"", ""PhDYear"": 2020, ""PhDSchool"": ""Aarhus University"", ""Years"": 5, ""First"": ""Karen"", ""Last"": ""Chen"", ""LinkedIn"": ""https://www.linkedin.com/in/tzu-hsin-karen-chen/""}}"
940,google_scholar,2026-03-01,13534,36,,,,,"{""workbook_row"": {""Name"": ""Mark Purcell"", ""Year"": 1998, ""Cites2017"": 13534, ""%Cites2017"": 0.968, ""%Rank"": 0.923, ""H-Index"": 36, ""%RankH"": 0.908, ""GoogleScholar"": ""https://scholar.google.com.ph/citations?user=Zk5yIpsAAAAJ&hl=en"", ""CurrentSchool"": ""University of Washington"", ""Position"": ""Professor"", ""PhDYear"": 1998, ""PhDSchool"": ""UCLA"", ""Years"": 27, ""First"": ""Mark"", ""Last"": ""Purcell"", ""Interests"": ""Urban Democracy, Urban Social Movements"", ""LinkedIn"": ""https://linkedin.com/in/mark-purcell-a5b11520""}}"
941,google_scholar,2026-03-01,7737,41,,,,,"{""workbook_row"": {""Name"": ""Qing Shen"", ""Year"": 1993, ""Cites2017"": 7737, ""%Cites2017"": 0.93, ""%Rank"": 0.836, ""H-Index"": 41, ""%RankH"": 0.938, ""GoogleScholar"": ""https://scholar.google.com/citations?user=gPnD5gYAAAAJ&hl=en"", ""CurrentSchool"": ""University of Washington"", ""Position"": ""Professor"", ""PhDYear"": 1993, ""PhDSchool"": ""UC Berkeley"", ""Years"": 32, ""First"": ""Qing"", ""Last"": ""Shen"", ""Interests"": ""Urban Economics, Transportation Planning, Statistical Methods and Geographic Information Systems"", ""ResearchGate"": ""https://researchgate.net/profile/Qing_Shen9"", ""LinkedIn"": ""https://linkedin.com/in/qing-shen-6534025""}}"
942,google_scholar,2026-03-01,3,1,,,,,"{""workbook_row"": {""Name"": ""Dylan Stevenson"", ""Year"": 2023, ""Cites2017"": 3, ""%Cites2017"": 0.011, ""%Rank"": 0.021, ""H-Index"": 1, ""%RankH"": 0, ""GoogleScholar"": ""https://scholar.google.com/citations?hl=en&user=Jbuqs8IAAAAJ"", ""CurrentSchool"": ""University of Washington"", ""Position"": ""Assistant Professor"", ""PhDYear"": 2023, ""PhDSchool"": ""Cornell University"", ""Years"": 2, ""First"": ""Dylan"", ""Last"": ""Stevenson"", ""LinkedIn"": ""https://www.linkedin.com/in/dmstevenson/""}}"
943,google_scholar,2026-03-01,891,14,,,,,"{""workbook_row"": {""Name"": ""Jan Whittington"", ""Year"": 2008, ""Cites2017"": 891, ""%Cites2017"": 0.48, ""%Rank"": 0.508, ""H-Index"": 14, ""%RankH"": 0.485, ""GoogleScholar"": ""https://scholar.google.com/citations?user=K_llbN8AAAAJ&hl=en"", ""CurrentSchool"": ""University of Washington"", ""Position"": ""Associate Professor"", ""PhDYear"": 2008, ""PhDSchool"": ""UC Berkeley"", ""Years"": 17, ""First"": ""Jan"", ""Last"": ""Whittington"", ""Interests"": ""Infrastructure Development and Management, Transportation Project Delivery"", ""ResearchGate"": ""https://researchgate.net/profile/Jan_Whittington"", ""LinkedIn"": ""https://linkedin.com/in/jan-whittington-a6b68210""}}"
944,google_scholar,2026-03-01,2132,17,,,,,"{""workbook_row"": {""Name"": ""Martine August"", ""Year"": 2014, ""Cites2017"": 2132, ""%Cites2017"": 0.688, ""%Rank"": 0.903, ""H-Index"": 17, ""%RankH"": 0.572, ""GoogleScholar"": ""https://scholar.google.com/citations?user=JqcxamAAAAAJ&hl=en"", ""CurrentSchool"": ""University of Waterloo, Ontario"", ""Position"": ""Assistant Professor"", ""PhDYear"": 2014, ""PhDSchool"": ""University of Toronto"", ""Years"": 11, ""First"": ""Martine"", ""Last"": ""August""}}"
945,google_scholar,2026-03-01,1083,14,,,,,"{""workbook_row"": {""Name"": ""Janice Barry"", ""Year"": 2011, ""Cites2017"": 1083, ""%Cites2017"": 0.52, ""%Rank"": 0.792, ""H-Index"": 14, ""%RankH"": 0.485, ""GoogleScholar"": ""https://scholar.google.com/citations?hl=en&authuser=1&user=DwtbmIgAAAAJ"", ""CurrentSchool"": ""University of Waterloo, Ontario"", ""Position"": ""Assistant Professor"", ""PhDYear"": 2011, ""PhDSchool"": ""University of British Columbia"", ""Years"": 14, ""First"": ""Janice"", ""Last"": ""Barry""}}"
947,google_scholar,2026-03-01,2233,23,,,,,"{""workbook_row"": {""Name"": ""Jennifer Dean"", ""Year"": 2012, ""Cites2017"": 2233, ""%Cites2017"": 0.7, ""%Rank"": 0.796, ""H-Index"": 23, ""%RankH"": 0.744, ""GoogleScholar"": ""https://scholar.google.com/citations?user=CZ1SucoAAAAJ&hl=en"", ""CurrentSchool"": ""University of Waterloo, Ontario"", ""Position"": ""Associate Professor"", ""PhDYear"": 2012, ""PhDSchool"": ""McMaster University"", ""Years"": 13, ""First"": ""Jennifer"", ""Last"": ""Dean""}}"
948,google_scholar,2026-03-01,1429,19,,,,,"{""workbook_row"": {""Name"": ""Brian Doucet"", ""Year"": 2010, ""Cites2017"": 1429, ""%Cites2017"": 0.585, ""%Rank"": 0.645, ""H-Index"": 19, ""%RankH"": 0.631, ""GoogleScholar"": ""https://scholar.google.com/citations?user=VP_AYC4AAAAJ&hl=en"", ""CurrentSchool"": ""University of Waterloo, Ontario"", ""Position"": ""Associate Professor"", ""PhDYear"": 2010, ""PhDSchool"": ""Utrecth University"", ""Years"": 15, ""First"": ""Brian"", ""Last"": ""Doucet""}}"
949,google_scholar,2026-03-01,2689,23,,,,,"{""workbook_row"": {""Name"": ""Michael Drescher"", ""Year"": 2003, ""Cites2017"": 2689, ""%Cites2017"": 0.758, ""%Rank"": 0.865, ""H-Index"": 23, ""%RankH"": 0.744, ""GoogleScholar"": ""https://scholar.google.com.ph/citations?user=n3TldkEAAAAJ&hl=en"", ""CurrentSchool"": ""University of Waterloo, Ontario"", ""Position"": ""Associate Professor"", ""PhDYear"": 2003, ""PhDSchool"": ""Wageningen University"", ""Years"": 22, ""First"": ""Michael"", ""Last"": ""Drescher"", ""Interests"": ""forestry dynamics, environmental planning, simulation and forecasting, coupled human-natural systems in urbanizing regions"", ""LinkedIn"": ""https://linkedin.com/in/mdrescher""}}"
950,google_scholar,2026-03-01,1614,21,,,,,"{""workbook_row"": {""Name"": ""Robert Feick"", ""Year"": 2000, ""Cites2017"": 1614, ""%Cites2017"": 0.625, ""%Rank"": 0.7, ""H-Index"": 21, ""%RankH"": 0.696, ""GoogleScholar"": ""https://scholar.google.com/citations?user=LEkOcDoAAAAJ&hl"", ""CurrentSchool"": ""University of Waterloo, Ontario"", ""Position"": ""Associate Professor"", ""PhDYear"": 2000, ""PhDSchool"": ""University of Waterloo"", ""Years"": 25, ""First"": ""Robert"", ""Last"": ""Feick""}}"
951,google_scholar,2026-03-01,1867,20,,,,,"{""workbook_row"": {""Name"": ""Luna Khirfan"", ""Year"": 2007, ""Cites2017"": 1867, ""%Cites2017"": 0.656, ""%Rank"": 0.736, ""H-Index"": 20, ""%RankH"": 0.664, ""GoogleScholar"": ""https://scholar.google.com/citations?user=KiN6gZAAAAAJ&hl=en"", ""CurrentSchool"": ""University of Waterloo, Ontario"", ""Position"": ""Associate Professor"", ""PhDYear"": 2007, ""PhDSchool"": ""University of Michigan"", ""Years"": 18, ""First"": ""Luna"", ""Last"": ""Khirfan"", ""Interests"": ""Urban design and place making, International development and comparative planning, Participatory planning, Historic preservation and cultural resource management, Museum studies"", ""ResearchGate"": ""https://researchgate.net/profile/Luna_Khirfan"", ""LinkedIn"": ""https://linkedin.com/in/luna-khirfan-6779752b""}}"
952,google_scholar,2026-03-01,2095,25,,,,,"{""workbook_row"": {""Name"": ""Jane Law"", ""Year"": 2000, ""Cites2017"": 2095, ""%Cites2017"": 0.681, ""%Rank"": 0.777, ""H-Index"": 25, ""%RankH"": 0.793, ""GoogleScholar"": ""https://scholar.google.com/citations?hl=en&user=7a5DHmMAAAAJ"", ""CurrentSchool"": ""University of Waterloo, Ontario"", ""Position"": ""Associate Professor"", ""PhDYear"": 2000, ""PhDSchool"": ""University of New Brunswick"", ""Years"": 25, ""First"": ""Jane"", ""Last"": ""Law"", ""Interests"": ""GIS and Public Health; Spatial Demography; Bayesian Spatial Analysis; Hierarchical Spatial Modeling and Analysis; Disease Mapping; Crime Mapping; Spatial/Environmental Epidemiology; Environmental Criminology; Healthy communities and the built environment; Neighbourhood/community effect; Health Geomatics, Land Information Systems; Jointly appointed with Health Studies and Gerontology""}}"
954,google_scholar,2026-03-01,3388,34,,,,,"{""workbook_row"": {""Name"": ""Leia Minaker"", ""Year"": 2012, ""Cites2017"": 3388, ""%Cites2017"": 0.802, ""%Rank"": 0.957, ""H-Index"": 34, ""%RankH"": 0.895, ""GoogleScholar"": ""https://scholar.google.com/citations?hl=en&user=KpiNvAkAAAAJ"", ""CurrentSchool"": ""University of Waterloo, Ontario"", ""Position"": ""Assistant Professor"", ""PhDYear"": 2012, ""PhDSchool"": ""University of Alberta"", ""Years"": 13, ""First"": ""Leia"", ""Last"": ""Minaker""}}"
955,google_scholar,2026-03-01,1309,15,,,,,"{""workbook_row"": {""Name"": ""Carrie Mitchell"", ""Year"": 2008, ""Cites2017"": 1309, ""%Cites2017"": 0.562, ""%Rank"": 0.62, ""H-Index"": 15, ""%RankH"": 0.516, ""GoogleScholar"": ""https://scholar.google.com/citations?user=NZdIdD4AAAAJ&hl=en"", ""CurrentSchool"": ""University of Waterloo, Ontario"", ""Position"": ""Associate Professor"", ""PhDYear"": 2008, ""PhDSchool"": ""University of Toronto"", ""Years"": 17, ""First"": ""Carrie"", ""Last"": ""Mitchell""}}"
956,google_scholar,2026-03-01,2767,25,,,,,"{""workbook_row"": {""Name"": ""Markus Moos"", ""Year"": 2012, ""Cites2017"": 2767, ""%Cites2017"": 0.767, ""%Rank"": 0.881, ""H-Index"": 25, ""%RankH"": 0.793, ""GoogleScholar"": ""https://scholar.google.com.ph/citations?user=p5X4YggAAAAJ&hl=en"", ""CurrentSchool"": ""University of Waterloo, Ontario"", ""Position"": ""Associate Professor"", ""PhDYear"": 2012, ""PhDSchool"": ""University of British Columbia"", ""Years"": 13, ""First"": ""Markus"", ""Last"": ""Moos"", ""Interests"": ""housing markets, urban restructuring and sustainability, land use and real estate development"", ""ResearchGate"": ""https://researchgate.net/profile/Markus_Moos/""}}"
957,google_scholar,2026-03-01,9814,35,,,,,"{""workbook_row"": {""Name"": ""Dawn Parker"", ""Year"": 2000, ""Cites2017"": 9814, ""%Cites2017"": 0.951, ""%Rank"": 0.883, ""H-Index"": 35, ""%RankH"": 0.902, ""GoogleScholar"": ""https://scholar.google.com/citations?hl=en&authuser=1&user=eg8HiDIAAAAJ"", ""CurrentSchool"": ""University of Waterloo, Ontario"", ""Position"": ""Professor"", ""PhDYear"": 2000, ""PhDSchool"": ""UC Davis"", ""Years"": 25, ""First"": ""Dawn"", ""Middle"": ""C."", ""Last"": ""Parker"", ""LinkedIn"": ""https://linkedin.com/in/christinaparker1""}}"
958,google_scholar,2026-03-01,207,3,,,,,"{""workbook_row"": {""Name"": ""Katherine Perrott"", ""Year"": 2018, ""Cites2017"": 207, ""%Cites2017"": 0.205, ""%Rank"": 0.421, ""H-Index"": 3, ""%RankH"": 0.051, ""GoogleScholar"": ""https://scholar.google.com/citations?hl=en&user=I22I9DYAAAAJ"", ""CurrentSchool"": ""University of Waterloo, Ontario"", ""Position"": ""Assistant Professor"", ""PhDYear"": 2018, ""PhDSchool"": ""University of Toronto"", ""Years"": 7, ""First"": ""Katherine"", ""Last"": ""Perrott""}}"
959,google_scholar,2026-03-01,4679,31,,,,,"{""workbook_row"": {""Name"": ""Jeremy Pittman"", ""Year"": 2016, ""Cites2017"": 4679, ""%Cites2017"": 0.862, ""%Rank"": 0.971, ""H-Index"": 31, ""%RankH"": 0.862, ""GoogleScholar"": ""https://scholar.google.com/citations?user=eB55IYYAAAAJ&hl=en"", ""CurrentSchool"": ""University of Waterloo, Ontario"", ""Position"": ""Assistant Professor"", ""PhDYear"": 2016, ""PhDSchool"": ""University of Waterloo"", ""Years"": 9, ""First"": ""Jeremy"", ""Last"": ""Pittman""}}"
962,google_scholar,2026-03-01,1289,13,,,,,"{""workbook_row"": {""Name"": ""Clarence Woudsma"", ""Year"": 2005, ""Cites2017"": 1289, ""%Cites2017"": 0.56, ""%Rank"": 0.618, ""H-Index"": 13, ""%RankH"": 0.45, ""GoogleScholar"": ""https://scholar.google.com/citations?hl=en&authuser=1&user=ddWrU1MAAAAJ&inst=13410158990364976897"", ""CurrentSchool"": ""University of Waterloo, Ontario"", ""Position"": ""Associate Professor"", ""PhDYear"": 2005, ""PhDSchool"": ""McMaster University"", ""Years"": 20, ""First"": ""Clarence"", ""Last"": ""Woudsma"", ""Interests"": ""Freight transportation and logistics - policy and practice, urban transportation policy issues, climate change and transportation, regulation/deregulation of transportation provision, urban freight planning and city logistics"", ""LinkedIn"": ""https://linkedin.com/in/clarence-woudsma-208b3ab""}}"
964,google_scholar,2026-03-01,762,7,,,,,"{""workbook_row"": {""Name"": ""Wenwen Cheng"", ""Year"": 2020, ""Cites2017"": 762, ""%Cites2017"": 0.449, ""%Rank"": 0.742, ""H-Index"": 7, ""%RankH"": 0.218, ""GoogleScholar"": ""https://scholar.google.com/citations?user=wO1LpmkAAAAJ&hl=en&oi=ao"", ""CurrentSchool"": ""University of Wisconsin, Madison"", ""Position"": ""Assistant Professor"", ""PhDYear"": 2020, ""PhDSchool"": ""Texas A&M"", ""Years"": 5, ""First"": ""Wenwen"", ""Last"": ""Cheng"", ""Interests"": ""Landscape Architecture, microclimatic, design, thermal comfort, human health"", ""LinkedIn"": ""https://www.linkedin.com/in/wenwen-cheng-165609a3/""}}"
965,google_scholar,2026-03-01,1587,20,,,,,"{""workbook_row"": {""Name"": ""Kenneth Genskow"", ""Year"": 2001, ""Cites2017"": 1587, ""%Cites2017"": 0.619, ""%Rank"": 0.386, ""H-Index"": 20, ""%RankH"": 0.664, ""GoogleScholar"": ""https://scholar.google.com/citations?user=TBvz3IUAAAAJ&hl=en"", ""CurrentSchool"": ""University of Wisconsin, Madison"", ""Position"": ""Professor"", ""PhDYear"": 2001, ""PhDSchool"": ""University of Wisconsin, Madison"", ""Years"": 24, ""First"": ""Kenneth"", ""Middle"": ""D."", ""Last"": ""Genskow"", ""Interests"": ""Water Resources Policy, Watershed Planning, Collaborative Planning, Program Evaluation"", ""ResearchGate"": ""https://researchgate.net/profile/Kenneth_Genskow"", ""LinkedIn"": ""https://linkedin.com/in/ken-genskow-2a8a8711""}}"
966,google_scholar,2026-03-01,1519,14,,,,,"{""workbook_row"": {""Name"": ""James Lagro"", ""Year"": 1991, ""Cites2017"": 1519, ""%Cites2017"": 0.604, ""%Rank"": 0.368, ""H-Index"": 14, ""%RankH"": 0.485, ""GoogleScholar"": ""https://scholar.google.com.ph/citations?user=8GlQHMMAAAAJ&hl=en"", ""CurrentSchool"": ""University of Wisconsin, Madison"", ""Position"": ""Professor"", ""PhDYear"": 1991, ""PhDSchool"": ""Cornell University"", ""Years"": 34, ""First"": ""James"", ""Middle"": ""A."", ""Last"": ""Lagro"", ""Interests"": ""Sustainability of the Built Environment, Smart Growth Implementation, Climate Change Mitigation and Adaption, Urban Open Space Systems, Pedestrian Circulation Systems, Site Analysis and Planning, Landscape Ecology"", ""ResearchGate"": ""https://researchgate.net/profile/James_Lagro_Jr"", ""LinkedIn"": ""https://linkedin.com/in/james-lagro-jr-31528a10""}}"
967,google_scholar,2026-03-01,147,7,,,,,"{""workbook_row"": {""Name"": ""Edna Ledesma"", ""Year"": 2018, ""Cites2017"": 147, ""%Cites2017"": 0.169, ""%Rank"": 0.328, ""H-Index"": 7, ""%RankH"": 0.218, ""GoogleScholar"": ""https://scholar.google.com/citations?hl=en&authuser=1&user=70U7emgAAAAJ&inst=13410158990364976897"", ""CurrentSchool"": ""University of Wisconsin, Madison"", ""Position"": ""Assistant Professor"", ""PhDYear"": 2018, ""PhDSchool"": ""Texas A&M"", ""Years"": 7, ""First"": ""Edna"", ""Last"": ""Ledesma""}}"
968,google_scholar,2026-03-01,6354,37,,,,,"{""workbook_row"": {""Name"": ""David Marcouiller"", ""Year"": 1992, ""Cites2017"": 6354, ""%Cites2017"": 0.915, ""%Rank"": 0.804, ""H-Index"": 37, ""%RankH"": 0.918, ""GoogleScholar"": ""https://scholar.google.com.ph/citations?user=ydzOUwcAAAAJ&hl=en"", ""CurrentSchool"": ""University of Wisconsin, Madison"", ""Position"": ""Professor"", ""PhDYear"": 1992, ""PhDSchool"": ""Oklahoma State University"", ""Years"": 33, ""First"": ""David"", ""Middle"": ""W."", ""Last"": ""Marcouiller"", ""Interests"": ""Natural Amenity-Driven Development, Economics of Exurban Land Uses, Rural Resource Dependency, Integrative Tourism & Recreation Planning, Regional Science"", ""ResearchGate"": ""https://researchgate.net/profile/David_Marcouiller"", ""LinkedIn"": ""https://linkedin.com/in/david-marcouiller-14569a45""}}"
969,google_scholar,2026-03-01,767,16,,,,,"{""workbook_row"": {""Name"": ""Carolyn McAndrews"", ""Year"": 2006, ""Cites2017"": 767, ""%Cites2017"": 0.452, ""%Rank"": 0.227, ""H-Index"": 16, ""%RankH"": 0.548, ""GoogleScholar"": ""https://scholar.google.com/citations?user=-x9OGtsAAAAJ&hl=en"", ""CurrentSchool"": ""University of Wisconsin, Madison"", ""Position"": ""Professor"", ""PhDYear"": 2006, ""PhDSchool"": ""UC Berkeley"", ""Years"": 19, ""First"": ""Carolyn"", ""Last"": ""McAndrews"", ""Interests"": ""Transportation Planning, Policy, and Design, Comparative International Development and Transportation, Public Participation, Public Health, Safety, and the Social Determinants of Health.""}}"
970,google_scholar,2026-03-01,2422,22,,,,,"{""workbook_row"": {""Name"": ""Alfonso Morales"", ""Year"": 1993, ""Cites2017"": 2422, ""%Cites2017"": 0.724, ""%Rank"": 0.49, ""H-Index"": 22, ""%RankH"": 0.722, ""GoogleScholar"": ""https://scholar.google.com/citations?hl=en&user=_m9LetFspOUC"", ""CurrentSchool"": ""University of Wisconsin, Madison"", ""Position"": ""Professor"", ""PhDYear"": 1993, ""PhDSchool"": ""Northwestern University"", ""Years"": 32, ""First"": ""Alfonso"", ""Last"": ""Morales"", ""Interests"": ""Markets and Food Systems, Community Development, Social, Political and Economic Contexts of Planning Processes, Qualitative Methods"", ""LinkedIn"": ""https://linkedin.com/in/alfonso-morales-53aa289""}}"
972,google_scholar,2026-03-01,283,6,,,,,"{""workbook_row"": {""Name"": ""Revel Sims"", ""Year"": 2014, ""Cites2017"": 283, ""%Cites2017"": 0.247, ""%Rank"": 0.489, ""H-Index"": 6, ""%RankH"": 0.173, ""GoogleScholar"": ""https://scholar.google.com/citations?user=PVPzSb8AAAAJ&hl=en"", ""CurrentSchool"": ""University of Wisconsin, Madison"", ""Position"": ""Assistant Professor"", ""PhDYear"": 2014, ""PhDSchool"": ""UCLA"", ""Years"": 11, ""First"": ""Revel"", ""Last"": ""Sims""}}"
976,google_scholar,2026-03-01,23,3,,,,,"{""workbook_row"": {""Name"": ""Lauren Nolan"", ""Year"": 2025, ""Cites2017"": 23, ""%Cites2017"": 0.043, ""%Rank"": 0.1, ""H-Index"": 3, ""%RankH"": 0.051, ""GoogleScholar"": ""https://scholar.google.com/citations?user=WQ_yR-YAAAAJ&hl=en&oi=ao"", ""CurrentSchool"": ""University of Wisconsin, Milwaukee"", ""Position"": ""Assistant Professor"", ""PhDYear"": 2025, ""PhDSchool"": ""Rutgers University"", ""Years"": 0, ""First"": ""Lauren"", ""Last"": ""Nolan""}}"
977,google_scholar,2026-03-01,3978,36,,,,,"{""workbook_row"": {""Name"": ""Robert Schneider"", ""Year"": 2011, ""Cites2017"": 3978, ""%Cites2017"": 0.835, ""%Rank"": 0.658, ""H-Index"": 36, ""%RankH"": 0.908, ""GoogleScholar"": ""https://scholar.google.com/citations?user=IDOfbMYAAAAJ&hl=en&oe=ASCII"", ""CurrentSchool"": ""University of Wisconsin, Milwaukee"", ""Position"": ""Professor"", ""PhDYear"": 2011, ""PhDSchool"": ""UC Berkeley"", ""Years"": 14, ""First"": ""Robert"", ""Last"": ""Schneider"", ""ResearchGate"": ""https://researchgate.net/profile/Robert_Schneider22/"", ""LinkedIn"": ""https://linkedin.com/in/robertjschneider""}}"
978,google_scholar,2026-03-01,16631,54,,,,,"{""workbook_row"": {""Name"": ""Marlon Boarnet"", ""Year"": 1992, ""Cites2017"": 16631, ""%Cites2017"": 0.98, ""%Rank"": 0.95, ""H-Index"": 54, ""%RankH"": 0.973, ""GoogleScholar"": ""https://scholar.google.com.ph/citations?user=j0TAsZAAAAAJ&hl=en"", ""CurrentSchool"": ""USC"", ""Position"": ""Professor"", ""PhDYear"": 1992, ""PhDSchool"": ""Princeton University"", ""Years"": 33, ""First"": ""Marlon"", ""Last"": ""Boarnet"", ""Interests"": ""Transportation Planning, Economic Development, Urban Economics"", ""ResearchGate"": ""https://researchgate.net/profile/Marlon_Boarnet"", ""LinkedIn"": ""https://linkedin.com/in/marlon-boarnet-6875ba6""}}"
979,google_scholar,2026-03-01,7182,31,,,,,"{""workbook_row"": {""Name"": ""Geoff Boeing"", ""Year"": 2017, ""Cites2017"": 7182, ""%Cites2017"": 0.924, ""%Rank"": 0.996, ""H-Index"": 31, ""%RankH"": 0.862, ""GoogleScholar"": ""https://scholar.google.com/citations?user=xaKBPQQAAAAJ&hl=en"", ""CurrentSchool"": ""USC"", ""Position"": ""Assistant Professor"", ""PhDYear"": 2017, ""PhDSchool"": ""UC Berkeley"", ""Years"": 8, ""First"": ""Geoff"", ""Last"": ""Boeing""}}"
980,google_scholar,2026-03-01,808,13,,,,,"{""workbook_row"": {""Name"": ""Santina Contreras"", ""Year"": 2016, ""Cites2017"": 808, ""%Cites2017"": 0.468, ""%Rank"": 0.757, ""H-Index"": 13, ""%RankH"": 0.45, ""GoogleScholar"": ""https://scholar.google.com/citations?user=OozbhUgAAAAJ&hl=en&oi=ao"", ""CurrentSchool"": ""USC"", ""Position"": ""Assistant Professor"", ""PhDYear"": 2016, ""PhDSchool"": ""UC Irvine"", ""Years"": 9, ""First"": ""Santina"", ""Last"": ""Contreras"", ""Interests"": ""Urban Planning, International Development, Natural Hazards""}}"
981,google_scholar,2026-03-01,4101,25,,,,,"{""workbook_row"": {""Name"": ""Elizabeth Currid-Halkett"", ""Year"": 2006, ""Cites2017"": 4101, ""%Cites2017"": 0.842, ""%Rank"": 0.673, ""H-Index"": 25, ""%RankH"": 0.793, ""GoogleScholar"": ""https://scholar.google.com.ph/citations?user=E9il5l0AAAAJ&hl=en"", ""CurrentSchool"": ""USC"", ""Position"": ""Professor"", ""PhDYear"": 2006, ""PhDSchool"": ""Columbia University"", ""Years"": 19, ""First"": ""Elizabeth"", ""Last"": ""Currid-Halkett""}}"
982,google_scholar,2026-03-01,1875,13,,,,,"{""workbook_row"": {""Name"": ""Jorge de la Roca"", ""Year"": 2012, ""Cites2017"": 1875, ""%Cites2017"": 0.657, ""%Rank"": 0.885, ""H-Index"": 13, ""%RankH"": 0.45, ""GoogleScholar"": ""https://scholar.google.com/citations?user=6PhMbRIAAAAJ&hl=en"", ""CurrentSchool"": ""USC"", ""Position"": ""Assistant Professor"", ""PhDYear"": 2012, ""PhDSchool"": ""CEMFI"", ""Years"": 13, ""First"": ""Jorge"", ""Last"": ""De La Roca""}}"
983,google_scholar,2026-03-01,15661,53,,,,,"{""workbook_row"": {""Name"": ""Genevieve Giuliano"", ""Year"": 1980, ""Cites2017"": 15661, ""%Cites2017"": 0.977, ""%Rank"": 0.943, ""H-Index"": 53, ""%RankH"": 0.969, ""GoogleScholar"": ""https://scholar.google.com/citations?user=3g76V9YAAAAJ&hl=en"", ""CurrentSchool"": ""USC"", ""Position"": ""Professor"", ""PhDYear"": 1980, ""PhDSchool"": ""UC Irvine"", ""Years"": 45, ""First"": ""Genevieve"", ""Last"": ""Giuliano"", ""Interests"": ""Transportation Planning and Policy, Urban/Regional Economics, Land Use/Growth Management"", ""LinkedIn"": ""https://linkedin.com/in/genevieve-giuliano-853436a""}}"
984,google_scholar,2026-03-01,7342,33,,,,,"{""workbook_row"": {""Name"": ""Richard Green"", ""Year"": 1990, ""Cites2017"": 7342, ""%Cites2017"": 0.928, ""%Rank"": 0.834, ""H-Index"": 33, ""%RankH"": 0.886, ""GoogleScholar"": ""https://scholar.google.com/citations?hl=en&user=dzGevgIAAAAJ"", ""CurrentSchool"": ""USC"", ""Position"": ""Professor"", ""PhDYear"": 1990, ""PhDSchool"": ""University of Wisconsin, Madison"", ""Years"": 35, ""First"": ""Richard"", ""Last"": ""Green""}}"
985,google_scholar,2026-03-01,1877,21,,,,,"{""workbook_row"": {""Name"": ""Eric Heikkila"", ""Year"": 1986, ""Cites2017"": 1877, ""%Cites2017"": 0.658, ""%Rank"": 0.428, ""H-Index"": 21, ""%RankH"": 0.696, ""GoogleScholar"": ""https://scholar.google.com/citations?user=UiKzYNMAAAAJ&hl=en&authuser=1"", ""CurrentSchool"": ""USC"", ""Position"": ""Professor"", ""PhDYear"": 1986, ""PhDSchool"": ""University of British Columbia"", ""Years"": 39, ""First"": ""Eric"", ""Middle"": ""J."", ""Last"": ""Heikkila"", ""Interests"": ""International Development and Planning, Urban and Regional Economics, Metropolitan/Regional Planning"", ""ResearchGate"": ""https://researchgate.net/profile/Eric_Heikkila""}}"
986,google_scholar,2026-03-01,1451,17,,,,,"{""workbook_row"": {""Name"": ""Annette Kim"", ""Year"": 2002, ""Cites2017"": 1451, ""%Cites2017"": 0.592, ""%Rank"": 0.656, ""H-Index"": 17, ""%RankH"": 0.572, ""GoogleScholar"": ""https://scholar.google.com/citations?user=fWC-YFcAAAAJ&hl=en"", ""CurrentSchool"": ""USC"", ""Position"": ""Associate Professor"", ""PhDYear"": 2002, ""PhDSchool"": ""UC Berkeley"", ""Years"": 23, ""First"": ""Annette"", ""Middle"": ""M."", ""Last"": ""Kim""}}"
987,google_scholar,2026-03-01,7782,43,,,,,"{""workbook_row"": {""Name"": ""Dowell Myers"", ""Year"": 1981, ""Cites2017"": 7782, ""%Cites2017"": 0.931, ""%Rank"": 0.839, ""H-Index"": 43, ""%RankH"": 0.945, ""GoogleScholar"": ""https://scholar.google.com.ph/citations?user=sD5jAUAAAAAJ&hl=en"", ""CurrentSchool"": ""USC"", ""Position"": ""Professor"", ""PhDYear"": 1981, ""PhDSchool"": ""MIT"", ""Years"": 44, ""First"": ""Dowell"", ""Last"": ""Myers"", ""Interests"": ""Demography, Housing, Planning Theory, Race/Ethnicity and Planning, Land Use/Growth Management"", ""ResearchGate"": ""https://researchgate.net/profile/Dowell_Myers"", ""LinkedIn"": ""https://linkedin.com/in/dowell-myers-35084014""}}"
988,google_scholar,2026-03-01,5475,38,,,,,"{""workbook_row"": {""Name"": ""Gary Painter"", ""Year"": 1996, ""Cites2017"": 5475, ""%Cites2017"": 0.892, ""%Rank"": 0.759, ""H-Index"": 38, ""%RankH"": 0.924, ""GoogleScholar"": ""https://scholar.google.com/citations?user=Cb-z1MwAAAAJ&hl=en"", ""CurrentSchool"": ""USC"", ""Position"": ""Professor"", ""PhDYear"": 1996, ""PhDSchool"": ""UC Berkeley"", ""Years"": 29, ""First"": ""Gary"", ""Middle"": ""Dean"", ""Last"": ""Painter""}}"
989,google_scholar,2026-03-01,2330,17,,,,,"{""workbook_row"": {""Name"": ""Christian Redfearn"", ""Year"": 2000, ""Cites2017"": 2330, ""%Cites2017"": 0.709, ""%Rank"": 0.804, ""H-Index"": 17, ""%RankH"": 0.572, ""GoogleScholar"": ""https://scholar.google.com/citations?user=vmdRIzYAAAAJ&hl=en"", ""CurrentSchool"": ""USC"", ""Position"": ""Associate Professor"", ""PhDYear"": 2000, ""PhDSchool"": ""UC Berkeley"", ""Years"": 25, ""First"": ""Christian"", ""Middle"": ""L."", ""Last"": ""Redfearn"", ""ResearchGate"": ""https://researchgate.net/profile/Christian_Redfearn"", ""LinkedIn"": ""https://linkedin.com/in/christian-redfearn-2127a097""}}"
990,google_scholar,2026-03-01,2669,26,,,,,"{""workbook_row"": {""Name"": ""Lisa Schweitzer"", ""Year"": 2004, ""Cites2017"": 2669, ""%Cites2017"": 0.756, ""%Rank"": 0.862, ""H-Index"": 26, ""%RankH"": 0.813, ""GoogleScholar"": ""https://scholar.google.com.ph/citations?user=7DARvqwAAAAJ&hl=en"", ""CurrentSchool"": ""USC"", ""Position"": ""Associate Professor"", ""PhDYear"": 2004, ""PhDSchool"": ""UCLA"", ""Years"": 21, ""First"": ""Lisa"", ""Last"": ""Schweitzer"", ""Interests"": ""Transportation Planning and Policy, Environmental Planning"", ""ResearchGate"": ""https://researchgate.net/profile/Lisa_Schweitzer"", ""LinkedIn"": ""https://linkedin.com/in/lisa-schweitzer-987b0614""}}"
991,google_scholar,2026-03-01,3215,24,,,,,"{""workbook_row"": {""Name"": ""David Sloane"", ""Year"": 1984, ""Cites2017"": 3215, ""%Cites2017"": 0.79, ""%Rank"": 0.581, ""H-Index"": 24, ""%RankH"": 0.774, ""GoogleScholar"": ""https://scholar.google.com/citations?user=Cmsrsv8AAAAJ&hl=en&authuser=1"", ""CurrentSchool"": ""USC"", ""Position"": ""Professor"", ""PhDYear"": 1984, ""PhDSchool"": ""Syracuse University"", ""Years"": 41, ""First"": ""David"", ""Middle"": ""C."", ""Last"": ""Sloane"", ""ResearchGate"": ""https://researchgate.net/profile/David_Sloane2"", ""LinkedIn"": ""https://linkedin.com/in/david-sloane-23606a34""}}"
992,google_scholar,2026-03-01,4574,34,,,,,"{""workbook_row"": {""Name"": ""Lois Takahashi"", ""Year"": 1992, ""Cites2017"": 4574, ""%Cites2017"": 0.859, ""%Rank"": 0.705, ""H-Index"": 34, ""%RankH"": 0.895, ""GoogleScholar"": ""https://scholar.google.com/citations?hl=en&user=7uu9O28AAAAJ"", ""CurrentSchool"": ""USC"", ""Position"": ""Professor"", ""PhDYear"": 1992, ""PhDSchool"": ""USC"", ""Years"": 33, ""First"": ""Lois"", ""Last"": ""Takahashi""}}"
994,google_scholar,2026-03-01,526,13,,,,,"{""workbook_row"": {""Name"": ""Xueming Chen"", ""Year"": 1991, ""Cites2017"": 526, ""%Cites2017"": 0.36, ""%Rank"": 0.168, ""H-Index"": 13, ""%RankH"": 0.45, ""GoogleScholar"": ""https://scholar.google.com/citations?user=4MFlCpQAAAAJ&hl=en&oe=ASCII"", ""CurrentSchool"": ""Virginia Commonwealth University"", ""Position"": ""Professor"", ""PhDYear"": 1991, ""PhDSchool"": ""USC"", ""Years"": 34, ""First"": ""Xueming"", ""Last"": ""Chen""}}"
995,google_scholar,2026-03-01,772,12,,,,,"{""workbook_row"": {""Name"": ""Meghan Gough"", ""Year"": 2008, ""Cites2017"": 772, ""%Cites2017"": 0.456, ""%Rank"": 0.475, ""H-Index"": 12, ""%RankH"": 0.409, ""GoogleScholar"": ""https://scholar.google.com.ph/citations?user=FwdCDX0AAAAJ&hl=en"", ""CurrentSchool"": ""Virginia Commonwealth University"", ""Position"": ""Associate Professor"", ""PhDYear"": 2008, ""PhDSchool"": ""Ohio State University"", ""Years"": 17, ""First"": ""Meghan"", ""Last"": ""Gough"", ""Interests"": ""Planning Theory and Processes, Citizen Participation, Sustainable Development, Regional Cooperation"", ""LinkedIn"": ""https://linkedin.com/in/meghanzgough""}}"
996,google_scholar,2026-03-01,656,10,,,,,"{""workbook_row"": {""Name"": ""Elsie Harper-Anderson"", ""Year"": 2002, ""Cites2017"": 656, ""%Cites2017"": 0.407, ""%Rank"": 0.417, ""H-Index"": 10, ""%RankH"": 0.335, ""GoogleScholar"": ""https://scholar.google.com.ph/citations?user=FCIgaFcAAAAJ&hl=en"", ""CurrentSchool"": ""Virginia Commonwealth University"", ""Position"": ""Associate Professor"", ""PhDYear"": 2002, ""PhDSchool"": ""UC Berkeley"", ""Years"": 23, ""First"": ""Elsie"", ""Last"": ""Harper-Anderson"", ""Interests"": ""Workforce Development, Economic Development, and Social Program Evaluation"", ""ResearchGate"": ""https://researchgate.net/profile/Elsie_Harper-Anderson"", ""LinkedIn"": ""https://linkedin.com/in/drelsieharperanderson""}}"
997,google_scholar,2026-03-01,549,13,,,,,"{""workbook_row"": {""Name"": ""Damian Pitt"", ""Year"": 2009, ""Cites2017"": 549, ""%Cites2017"": 0.372, ""%Rank"": 0.359, ""H-Index"": 13, ""%RankH"": 0.45, ""GoogleScholar"": ""https://scholar.google.com.ph/citations?user=1hIl3F4AAAAJ&hl=en"", ""CurrentSchool"": ""Virginia Commonwealth University"", ""Position"": ""Associate Professor"", ""PhDYear"": 2009, ""PhDSchool"": ""Virginia Tech"", ""Years"": 16, ""First"": ""Damian"", ""Last"": ""Pitt"", ""Interests"": ""Land Use and Environmental Planning; Sustainable Urban Development, Energy and Climate Policy"", ""LinkedIn"": ""https://linkedin.com/in/damian-pitt-53a9267""}}"
998,google_scholar,2026-03-01,605,14,,,,,"{""workbook_row"": {""Name"": ""Sarah Raskin"", ""Year"": 2015, ""Cites2017"": 605, ""%Cites2017"": 0.39, ""%Rank"": 0.384, ""H-Index"": 14, ""%RankH"": 0.485, ""GoogleScholar"": ""https://scholar.google.com/citations?hl=en&user=Ok_y4wcAAAAJ"", ""CurrentSchool"": ""Virginia Commonwealth University"", ""Position"": ""Associate Professor"", ""PhDYear"": 2015, ""PhDSchool"": ""University of Arizona"", ""Years"": 10, ""First"": ""Sarah"", ""Last"": ""Raskin""}}"
1000,google_scholar,2026-03-01,95,4,,,,,"{""workbook_row"": {""Name"": ""Shruti Syal"", ""Year"": 2019, ""Cites2017"": 95, ""%Cites2017"": 0.113, ""%Rank"": 0.217, ""H-Index"": 4, ""%RankH"": 0.09, ""GoogleScholar"": ""https://scholar.google.com/citations?hl=en&authuser=1&user=5yFqkpIAAAAJ&inst=13410158990364976897"", ""CurrentSchool"": ""Virginia Commonwealth University"", ""Position"": ""Assistant Professor"", ""PhDYear"": 2019, ""PhDSchool"": ""Universirty of Illinois at Urbana Champaign"", ""Years"": 6, ""First"": ""Shruti"", ""Last"": ""Syal""}}"
1003,google_scholar,2026-03-01,497,13,,,,,"{""workbook_row"": {""Name"": ""David Bieri"", ""Year"": 2010, ""Cites2017"": 497, ""%Cites2017"": 0.348, ""%Rank"": 0.326, ""H-Index"": 13, ""%RankH"": 0.45, ""GoogleScholar"": ""https://scholar.google.com/citations?user=l_KyksEAAAAJ&hl=en"", ""CurrentSchool"": ""Virginia Tech"", ""Position"": ""Associate Professor"", ""PhDYear"": 2010, ""PhDSchool"": ""Virginia Tech"", ""Years"": 15, ""First"": ""David"", ""Last"": ""Bieri"", ""Interests"": ""Real Estate Finance, Urban Economics"", ""LinkedIn"": ""https://linkedin.com/in/david-bieri-a586262""}}"
1004,google_scholar,2026-03-01,20594,60,,,,,"{""workbook_row"": {""Name"": ""Ralph Buehler"", ""Year"": 2008, ""Cites2017"": 20594, ""%Cites2017"": 0.987, ""%Rank"": 0.97, ""H-Index"": 60, ""%RankH"": 0.983, ""GoogleScholar"": ""https://scholar.google.com.ph/citations?user=woKkxz0AAAAJ&hl=en"", ""CurrentSchool"": ""Virginia Tech"", ""Position"": ""Professor"", ""PhDYear"": 2008, ""PhDSchool"": ""Rutgers University"", ""Years"": 17, ""First"": ""Ralph"", ""Last"": ""Buehler"", ""Interests"": ""Transportation Policy and Planning, Land Use, Energy, and Regional Governance"", ""LinkedIn"": ""https://linkedin.com/in/ralph-buehler-94959061""}}"
1005,google_scholar,2026-03-01,2141,10,,,,,"{""workbook_row"": {""Name"": ""Maggie Cowell"", ""Year"": 2010, ""Cites2017"": 2141, ""%Cites2017"": 0.691, ""%Rank"": 0.782, ""H-Index"": 10, ""%RankH"": 0.335, ""GoogleScholar"": ""https://scholar.google.com/citations?user=2_RsG9IAAAAJ&hl=en"", ""CurrentSchool"": ""Virginia Tech"", ""Position"": ""Associate Professor"", ""PhDYear"": 2010, ""PhDSchool"": ""Cornell University"", ""Years"": 15, ""First"": ""Maggie"", ""Last"": ""Cowell""}}"
1006,google_scholar,2026-03-01,2596,23,,,,,"{""workbook_row"": {""Name"": ""Ralph Hall"", ""Year"": 2006, ""Cites2017"": 2596, ""%Cites2017"": 0.744, ""%Rank"": 0.514, ""H-Index"": 23, ""%RankH"": 0.744, ""GoogleScholar"": ""https://scholar.google.com/citations?user=aydS2XsAAAAJ&hl=en"", ""CurrentSchool"": ""Virginia Tech"", ""Position"": ""Professor"", ""PhDYear"": 2006, ""PhDSchool"": ""MIT"", ""Years"": 19, ""First"": ""Ralph"", ""Middle"": ""P."", ""Last"": ""Hall"", ""ResearchGate"": ""https://researchgate.net/profile/Ralph_Hall4"", ""LinkedIn"": ""https://linkedin.com/in/ralphphall""}}"
1007,google_scholar,2026-03-01,3635,33,,,,,"{""workbook_row"": {""Name"": ""Steve Hankey"", ""Year"": 2014, ""Cites2017"": 3635, ""%Cites2017"": 0.818, ""%Rank"": 0.917, ""H-Index"": 33, ""%RankH"": 0.886, ""GoogleScholar"": ""https://scholar.google.com/citations?user=HLK7uAkAAAAJ&hl=en"", ""CurrentSchool"": ""Virginia Tech"", ""Position"": ""Associate Professor"", ""PhDYear"": 2014, ""PhDSchool"": ""University of Minnesota"", ""Years"": 11, ""First"": ""Steve"", ""Middle"": ""C."", ""Last"": ""Hankey"", ""Interests"": ""Transportation, Air Pollution, Climate Change, Environment and Health"", ""LinkedIn"": ""https://linkedin.com/in/shankey""}}"
1008,google_scholar,2026-03-01,3277,19,,,,,"{""workbook_row"": {""Name"": ""Shalini Misra"", ""Year"": 2010, ""Cites2017"": 3277, ""%Cites2017"": 0.797, ""%Rank"": 0.901, ""H-Index"": 19, ""%RankH"": 0.631, ""GoogleScholar"": ""https://scholar.google.com.ph/citations?user=ayTL4a0AAAAJ&hl=en"", ""CurrentSchool"": ""Virginia Tech"", ""Position"": ""Associate Professor"", ""PhDYear"": 2010, ""PhDSchool"": ""UC Irvine"", ""Years"": 15, ""First"": ""Shalini"", ""Last"": ""Misra"", ""LinkedIn"": ""https://linkedin.com/in/shalini-misra-6b807a9a""}}"
1009,google_scholar,2026-03-01,2434,17,,,,,"{""workbook_row"": {""Name"": ""Todd Schenk"", ""Year"": 2015, ""Cites2017"": 2434, ""%Cites2017"": 0.728, ""%Rank"": 0.837, ""H-Index"": 17, ""%RankH"": 0.572, ""GoogleScholar"": ""https://scholar.google.com/citations?user=1-CwLYIAAAAJ&hl=en"", ""CurrentSchool"": ""Virginia Tech"", ""Position"": ""Associate Professor"", ""PhDYear"": 2015, ""PhDSchool"": ""MIT"", ""Years"": 10, ""First"": ""Todd"", ""Last"": ""Schenk""}}"
1010,google_scholar,2026-03-01,2058,20,,,,,"{""workbook_row"": {""Name"": ""Max Stephenson"", ""Year"": 1985, ""Cites2017"": 2058, ""%Cites2017"": 0.676, ""%Rank"": 0.44, ""H-Index"": 20, ""%RankH"": 0.664, ""GoogleScholar"": ""https://scholar.google.com/citations?hl=en&user=Pbk2fbEAAAAJ"", ""CurrentSchool"": ""Virginia Tech"", ""Position"": ""Professor"", ""PhDYear"": 1985, ""PhDSchool"": ""University of Virginia"", ""Years"": 40, ""First"": ""Max"", ""Middle"": ""O."", ""Last"": ""Stephenson"", ""Interests"": ""Public Administration, Policy Implementation, Nonprofit Organizations & Management"", ""ResearchGate"": ""https://researchgate.net/profile/Max_Stephenson/""}}"
1011,google_scholar,2026-03-01,78,4,,,,,"{""workbook_row"": {""Name"": ""Paroma Wagle"", ""Year"": 2020, ""Cites2017"": 78, ""%Cites2017"": 0.096, ""%Rank"": 0.189, ""H-Index"": 4, ""%RankH"": 0.09, ""GoogleScholar"": ""https://scholar.google.com/citations?hl=en&user=Qfm-WKEAAAAJ"", ""CurrentSchool"": ""Virginia Tech"", ""Position"": ""Assistant Professor"", ""PhDYear"": 2020, ""PhDSchool"": ""UC Irvine"", ""Years"": 5, ""First"": ""Paroma"", ""Last"": ""Wagle""}}"
1012,google_scholar,2026-03-01,908,18,,,,,"{""workbook_row"": {""Name"": ""Dara Wald"", ""Year"": 2012, ""Cites2017"": 908, ""%Cites2017"": 0.484, ""%Rank"": 0.513, ""H-Index"": 18, ""%RankH"": 0.604, ""GoogleScholar"": ""https://scholar.google.com/citations?hl=en&user=ZCofoaAAAAAJ&view_"", ""CurrentSchool"": ""Virginia Tech"", ""Position"": ""Associate Professor"", ""PhDYear"": 2012, ""PhDSchool"": ""University of Florida"", ""Years"": 13, ""First"": ""Dara"", ""Last"": ""Wald""}}"
1016,google_scholar,2026-03-01,67,4,,,,,"{""workbook_row"": {""Name"": ""Patrick Cooper-McCann"", ""Year"": 2019, ""Cites2017"": 67, ""%Cites2017"": 0.085, ""%Rank"": 0.16, ""H-Index"": 4, ""%RankH"": 0.09, ""GoogleScholar"": ""https://scholar.google.com/citations?hl=en&authuser=1&user=5Wm29jgAAAAJ"", ""CurrentSchool"": ""Wayne State University"", ""Position"": ""Assistant Professor"", ""PhDYear"": 2019, ""PhDSchool"": ""University of Michigan"", ""Years"": 6, ""First"": ""Patrick"", ""Last"": ""Cooper-McCann""}}"
1017,google_scholar,2026-03-01,621,11,,,,,"{""workbook_row"": {""Name"": ""Andrew Guinn"", ""Year"": 2019, ""Cites2017"": 621, ""%Cites2017"": 0.394, ""%Rank"": 0.685, ""H-Index"": 11, ""%RankH"": 0.374, ""GoogleScholar"": ""https://scholar.google.com/citations?hl=en&user=-jw3EdQAAAAJ"", ""CurrentSchool"": ""Wayne State University"", ""Position"": ""Assistant Professor"", ""PhDYear"": 2019, ""PhDSchool"": ""UNC"", ""Years"": 6, ""First"": ""Andrew"", ""Last"": ""Guinn""}}"
1018,google_scholar,2026-03-01,795,15,,,,,"{""workbook_row"": {""Name"": ""Carolyn Loh"", ""Year"": 2008, ""Cites2017"": 795, ""%Cites2017"": 0.464, ""%Rank"": 0.245, ""H-Index"": 15, ""%RankH"": 0.516, ""GoogleScholar"": ""https://scholar.google.com/citations?user=RjhjeEEAAAAJ&hl=en"", ""CurrentSchool"": ""Wayne State University"", ""Position"": ""Professor"", ""PhDYear"": 2008, ""PhDSchool"": ""University of Michigan"", ""Years"": 17, ""First"": ""Carolyn"", ""Middle"": ""G."", ""Last"": ""Loh"", ""Interests"": ""Land Use, Growth Management, Planning Methods, GIS"", ""LinkedIn"": ""https://linkedin.com/in/carolyn-loh-5a812343""}}"
1020,google_scholar,2026-03-01,3423,17,,,,,"{""workbook_row"": {""Name"": ""Kami Pothukuchi"", ""Year"": 1995, ""Cites2017"": 3423, ""%Cites2017"": 0.806, ""%Rank"": 0.611, ""H-Index"": 17, ""%RankH"": 0.572, ""GoogleScholar"": ""https://scholar.google.com/citations?user=5nx_sdAAAAAJ&hl"", ""CurrentSchool"": ""Wayne State University"", ""Position"": ""Professor"", ""PhDYear"": 1995, ""PhDSchool"": ""University of Michigan"", ""Years"": 30, ""First"": ""Kami"", ""Last"": ""Pothukuchi""}}"
1022,google_scholar,2026-03-01,102,5,,,,,"{""workbook_row"": {""Name"": ""Dorothy Dewey"", ""Year"": 1997, ""Cites2017"": 102, ""%Cites2017"": 0.122, ""%Rank"": 0.049, ""H-Index"": 5, ""%RankH"": 0.129, ""GoogleScholar"": ""https://scholar.google.com/citations?user=ybNYWkgAAAAJ&hl=en"", ""CurrentSchool"": ""West Chester University"", ""Position"": ""Professor"", ""PhDYear"": 1997, ""PhDSchool"": ""University of Pennsylvania"", ""Years"": 28, ""First"": ""Dorothy"", ""Middle"": ""Ives"", ""Last"": ""Dewey"", ""Interests"": ""Land Use Planning, GIS"", ""LinkedIn"": ""https://linkedin.com/in/dorothy-ives-dewey-a202012""}}"
1023,google_scholar,2026-03-01,83,4,,,,,"{""workbook_row"": {""Name"": ""Joy Fritschle"", ""Year"": 2007, ""Cites2017"": 83, ""%Cites2017"": 0.102, ""%Rank"": 0.027, ""H-Index"": 4, ""%RankH"": 0.09, ""GoogleScholar"": ""https://scholar.google.com/citations?user=pC7ynw8AAAAJ&hl=en"", ""CurrentSchool"": ""West Chester University"", ""Position"": ""Professor"", ""PhDYear"": 2007, ""PhDSchool"": ""University of Wisconsin, Madison"", ""Years"": 18, ""First"": ""Joy"", ""Middle"": ""A."", ""Last"": ""Fritschle"", ""Interests"": ""Biogeography, Environmental Planning, GIS"", ""LinkedIn"": ""https://linkedin.com/in/joyfritschle""}}"
1024,google_scholar,2026-03-01,1029,13,,,,,"{""workbook_row"": {""Name"": ""Megan Heckert"", ""Year"": 2012, ""Cites2017"": 1029, ""%Cites2017"": 0.51, ""%Rank"": 0.557, ""H-Index"": 13, ""%RankH"": 0.45, ""GoogleScholar"": ""https://scholar.google.com/citations?user=AnI_WTkAAAAJ&hl=en"", ""CurrentSchool"": ""West Chester University"", ""Position"": ""Associate Professor"", ""PhDYear"": 2012, ""PhDSchool"": ""Temple University"", ""Years"": 13, ""First"": ""Megan"", ""Middle"": ""L."", ""Last"": ""Heckert""}}"
1025,google_scholar,2026-03-01,255,7,,,,,"{""workbook_row"": {""Name"": ""Matin Katirai"", ""Year"": 2009, ""Cites2017"": 255, ""%Cites2017"": 0.234, ""%Rank"": 0.106, ""H-Index"": 7, ""%RankH"": 0.218, ""GoogleScholar"": ""https://scholar.google.com.ph/citations?user=iKgl46QAAAAJ&hl=en"", ""CurrentSchool"": ""West Chester University"", ""Position"": ""Professor"", ""PhDYear"": 2009, ""PhDSchool"": ""University of Louisville"", ""Years"": 16, ""First"": ""Matin"", ""Last"": ""Katirai"", ""Interests"": ""Urban Planning, Business GIS, Public Health, Transportation"", ""LinkedIn"": ""https://linkedin.com/in/matin-katirai-phd-mph-gisp-994672106""}}"
1031,google_scholar,2026-03-01,704,14,,,,,"{""workbook_row"": {""Name"": ""Paul Stangl"", ""Year"": 2001, ""Cites2017"": 704, ""%Cites2017"": 0.426, ""%Rank"": 0.447, ""H-Index"": 14, ""%RankH"": 0.485, ""GoogleScholar"": ""https://scholar.google.com/citations?hl=en&authuser=1&user=ra5uAdYAAAAJ"", ""CurrentSchool"": ""Western Washington University"", ""Position"": ""Associate Professor"", ""PhDYear"": 2001, ""PhDSchool"": ""University of Texas, Austin"", ""Years"": 24, ""First"": ""Paul"", ""Last"": ""Stangl""}}"
1032,google_scholar,2026-03-01,231,7,,,,,"{""workbook_row"": {""Name"": ""Nicholas Zaferatos"", ""Year"": 1996, ""Cites2017"": 231, ""%Cites2017"": 0.222, ""%Rank"": 0.101, ""H-Index"": 7, ""%RankH"": 0.218, ""GoogleScholar"": ""https://scholar.google.com/citations?hl=en&authuser=1&user=Amz2TKIAAAAJ"", ""CurrentSchool"": ""Western Washington University"", ""Position"": ""Professor"", ""PhDYear"": 1996, ""PhDSchool"": ""University of Washington"", ""Years"": 29, ""First"": ""Nicholas"", ""Last"": ""Zaferatos""}}"
1036,google_scholar,2026-03-01,424,7,,,,,"{""workbook_row"": {""Name"": ""Timothy LeDoux"", ""Year"": 2013, ""Cites2017"": 424, ""%Cites2017"": 0.31, ""%Rank"": 0.28, ""H-Index"": 7, ""%RankH"": 0.218, ""GoogleScholar"": ""https://scholar.google.com/citations?user=vJiwFDMAAAAJ&hl=en"", ""CurrentSchool"": ""Westfield State University"", ""Position"": ""Associate Professor"", ""PhDYear"": 2013, ""PhDSchool"": ""Michigan State University"", ""Years"": 12, ""First"": ""Timothy"", ""Last"": ""LeDoux"", ""ResearchGate"": ""https://researchgate.net/profile/Timothy_Ledoux2""}}"
1039,google_scholar,2026-03-01,1528,19,,,,,"{""workbook_row"": {""Name"": ""Martin Bunch"", ""Year"": 2000, ""Cites2017"": 1528, ""%Cites2017"": 0.606, ""%Rank"": 0.373, ""H-Index"": 19, ""%RankH"": 0.631, ""GoogleScholar"": ""https://scholar.google.com/citations?user=rYlme9cAAAAJ&hl=en"", ""CurrentSchool"": ""York University"", ""Position"": ""Professor"", ""PhDYear"": 2000, ""PhDSchool"": ""University of Waterloo"", ""Years"": 25, ""First"": ""Martin"", ""Last"": ""Bunch""}}"
1040,google_scholar,2026-03-01,506,10,,,,,"{""workbook_row"": {""Name"": ""Jennifer Foster"", ""Year"": 2006, ""Cites2017"": 506, ""%Cites2017"": 0.352, ""%Rank"": 0.337, ""H-Index"": 10, ""%RankH"": 0.335, ""GoogleScholar"": ""https://scholar.google.com/citations?hl=en&user=EfIEhvkAAAAJ"", ""CurrentSchool"": ""York University"", ""Position"": ""Associate Professor"", ""PhDYear"": 2006, ""PhDSchool"": ""York University"", ""Years"": 19, ""First"": ""Jennifer"", ""Middle"": ""J."", ""Last"": ""Foster""}}"
1041,google_scholar,2026-03-01,132,5,,,,,"{""workbook_row"": {""Name"": ""Mahtot Gebresselassie"", ""Year"": 2022, ""Cites2017"": 132, ""%Cites2017"": 0.155, ""%Rank"": 0.3, ""H-Index"": 5, ""%RankH"": 0.129, ""GoogleScholar"": ""https://scholar.google.com/citations?hl=en&user=AZa4JiYAAAAJ"", ""CurrentSchool"": ""York University"", ""Position"": ""Assistant Professor"", ""PhDYear"": 2022, ""PhDSchool"": ""Virginia Tech"", ""Years"": 3, ""First"": ""Mahtot"", ""Last"": ""Gebresselassie""}}"
1042,google_scholar,2026-03-01,1375,17,,,,,"{""workbook_row"": {""Name"": ""Liette Gilbert"", ""Year"": 1999, ""Cites2017"": 1375, ""%Cites2017"": 0.578, ""%Rank"": 0.341, ""H-Index"": 17, ""%RankH"": 0.572, ""GoogleScholar"": ""https://scholar.google.com/citations?hl=en&authuser=1&user=SqrsKgQAAAAJ&inst=13410158990364976897"", ""CurrentSchool"": ""York University"", ""Position"": ""Professor"", ""PhDYear"": 1999, ""PhDSchool"": ""UCLA"", ""Years"": 26, ""First"": ""Liette"", ""Last"": ""Gilbert""}}"
1043,google_scholar,2026-03-01,15106,63,,,,,"{""workbook_row"": {""Name"": ""Roger Keil"", ""Year"": 1992, ""Cites2017"": 15106, ""%Cites2017"": 0.975, ""%Rank"": 0.938, ""H-Index"": 63, ""%RankH"": 0.987, ""GoogleScholar"": ""https://scholar.google.com/citations?user=t6bK08gAAAAJ&hl"", ""CurrentSchool"": ""York University"", ""Position"": ""Professor"", ""PhDYear"": 1992, ""PhDSchool"": ""Goethe University Frankfurt"", ""Years"": 33, ""First"": ""Roger"", ""Middle"": ""H."", ""Last"": ""Keil""}}"
1045,google_scholar,2026-03-01,1551,16,,,,,"{""workbook_row"": {""Name"": ""Ute Lehrer"", ""Year"": 2002, ""Cites2017"": 1551, ""%Cites2017"": 0.608, ""%Rank"": 0.376, ""H-Index"": 16, ""%RankH"": 0.548, ""GoogleScholar"": ""https://scholar.google.com/citations?user=GDyHr80AAAAJ&hl=en&authuser=1"", ""CurrentSchool"": ""York University"", ""Position"": ""Professor"", ""PhDYear"": 2002, ""PhDSchool"": ""UCLA"", ""Years"": 23, ""First"": ""Ute"", ""Middle"": ""A."", ""Last"": ""Lehrer""}}"
1047,google_scholar,2026-03-01,512,11,,,,,"{""workbook_row"": {""Name"": ""Luisa Sotomayor"", ""Year"": 2014, ""Cites2017"": 512, ""%Cites2017"": 0.355, ""%Rank"": 0.65, ""H-Index"": 11, ""%RankH"": 0.374, ""GoogleScholar"": ""https://scholar.google.com/citations?hl=en&authuser=1&user=iU6GPuEAAAAJ"", ""CurrentSchool"": ""York University"", ""Position"": ""Assistant Professor"", ""PhDYear"": 2014, ""PhDSchool"": ""University of Toronto"", ""Years"": 11, ""First"": ""Luisa"", ""Last"": ""Sotomayor""}}"
1048,google_scholar,2026-03-01,708,10,,,,,"{""workbook_row"": {""Name"": ""Laura Taylor"", ""Year"": 2007, ""Cites2017"": 708, ""%Cites2017"": 0.427, ""%Rank"": 0.45, ""H-Index"": 10, ""%RankH"": 0.335, ""GoogleScholar"": ""https://scholar.google.com/citations?user=3yiEgloAAAAJ&hl=en"", ""CurrentSchool"": ""York University"", ""Position"": ""Associate Professor"", ""PhDYear"": 2007, ""PhDSchool"": ""University of Toronto"", ""Years"": 18, ""First"": ""Laura"", ""Middle"": ""E."", ""Last"": ""Taylor""}}"
1049,google_scholar,2026-03-01,1221,19,,,,,"{""workbook_row"": {""Name"": ""Mark Winfield"", ""Year"": 1992, ""Cites2017"": 1221, ""%Cites2017"": 0.545, ""%Rank"": 0.311, ""H-Index"": 19, ""%RankH"": 0.631, ""GoogleScholar"": ""https://scholar.google.com/citations?hl=en&user=VRqom1AAAAAJ"", ""CurrentSchool"": ""York University"", ""Position"": ""Professor"", ""PhDYear"": 1992, ""PhDSchool"": ""University of Toronto"", ""Years"": 33, ""First"": ""Mark"", ""Middle"": ""S."", ""Last"": ""Winfield""}}"
