person_id,source,collected_at,total_citations,h_index,i10_index,citations_5yr,h_index_5yr,works_count,raw_json
1,google_scholar,2026-09-15,160,6,5,102,5,,"{""scholar_id"": ""TdEfQoUAAAAJ"", ""name"": ""Florina Dutt"", ""affiliation"": ""Alabama A & M University, Georgia Institute of Technology, University of Pennsylvania,"", ""email_domain"": ""@aamu.edu"", ""interests"": [""Urban Informatics"", ""Urban Planning"", ""Urban Design"", ""Design Computation""], ""homepage"": null, ""citedby"": 160, ""citedby5y"": 102, ""hindex"": 6, ""hindex5y"": 5, ""i10index"": 5, ""i10index5y"": 4, ""cites_per_year"": {""2013"": 1, ""2014"": 2, ""2016"": 1, ""2017"": 1, ""2018"": 9, ""2019"": 21, ""2020"": 19, ""2021"": 16, ""2022"": 17, ""2023"": 22, ""2024"": 24, ""2025"": 18, ""2026"": 4}}"
3,google_scholar,2026-09-15,2456,11,12,730,8,,"{""scholar_id"": ""J16Ac4kAAAAJ"", ""name"": ""JACOB OLUWOYE"", ""affiliation"": ""Professor of transportation, Alabama A&M UNIVERSITY"", ""email_domain"": ""@aamu.edu"", ""interests"": [""Transportation and Environmental Health""], ""homepage"": null, ""citedby"": 2456, ""citedby5y"": 730, ""hindex"": 11, ""hindex5y"": 8, ""i10index"": 12, ""i10index5y"": 6, ""cites_per_year"": {""1999"": 7, ""2000"": 14, ""2001"": 16, ""2002"": 8, ""2003"": 10, ""2004"": 19, ""2005"": 15, ""2006"": 29, ""2007"": 31, ""2008"": 33, ""2009"": 34, ""2010"": 59, ""2011"": 70, ""2012"": 73, ""2013"": 84, ""2014"": 132, ""2015"": 165, ""2016"": 160, ""2017"": 202, ""2018"": 192, ""2019"": 160, ""2020"": 151, ""2021"": 163, ""2022"": 147, ""2023"": 116, ""2024"": 131, ""2025"": 107, ""2026"": 66}}"
4,google_scholar,2026-09-15,407,8,7,224,6,,"{""scholar_id"": ""OL3It70AAAAJ"", ""name"": ""Ahmed Ouf"", ""affiliation"": ""professor of urban design, cairo university"", ""email_domain"": ""@urbanedge.net"", ""interests"": [""urban design"", ""architecture"", ""heritage""], ""homepage"": ""http://www.urban-edge.net/"", ""citedby"": 407, ""citedby5y"": 224, ""hindex"": 8, ""hindex5y"": 6, ""i10index"": 7, ""i10index5y"": 5, ""cites_per_year"": {""2001"": 6, ""2002"": 1, ""2003"": 2, ""2005"": 4, ""2006"": 3, ""2007"": 3, ""2008"": 7, ""2009"": 4, ""2010"": 5, ""2011"": 8, ""2012"": 8, ""2013"": 13, ""2014"": 15, ""2015"": 20, ""2016"": 17, ""2017"": 15, ""2018"": 22, ""2019"": 12, ""2020"": 11, ""2021"": 16, ""2022"": 22, ""2023"": 39, ""2024"": 48, ""2025"": 63, ""2026"": 35}}"
6,google_scholar,2026-09-15,339,5,3,48,3,,"{""scholar_id"": ""2dsmPtcAAAAJ"", ""name"": ""Jordan S. Yin"", ""affiliation"": ""Alabama A&M University, Department of Community and Regional Planning"", ""email_domain"": ""@aamu.edu"", ""interests"": [""Urban Planning"", ""Community Development"", ""Cities""], ""homepage"": ""http://www.ask-a-planner.com/"", ""citedby"": 339, ""citedby5y"": 48, ""hindex"": 5, ""hindex5y"": 3, ""i10index"": 3, ""i10index5y"": 2, ""cites_per_year"": {""1997"": 3, ""1998"": 11, ""1999"": 12, ""2000"": 13, ""2001"": 19, ""2002"": 5, ""2003"": 19, ""2004"": 14, ""2005"": 9, ""2006"": 9, ""2007"": 14, ""2008"": 12, ""2009"": 15, ""2010"": 5, ""2011"": 11, ""2012"": 11, ""2013"": 12, ""2014"": 13, ""2015"": 11, ""2016"": 7, ""2017"": 11, ""2018"": 15, ""2019"": 9, ""2020"": 17, ""2021"": 15, ""2022"": 10, ""2023"": 8, ""2024"": 5, ""2025"": 6, ""2026"": 4}}"
120,google_scholar,2026-09-15,3738,30,46,2462,28,,"{""scholar_id"": ""hAkNdIYAAAAJ"", ""name"": ""Gulsah Akar"", ""affiliation"": ""Professor of City and Regional Planning, Georgia Institute of Technology"", ""email_domain"": ""@gatech.edu"", ""interests"": [""Transportation Planning"", ""Sustainable Mobility"", ""Transportation and Health"", ""Land-use and Transportation"", ""New Mobility Technologies""], ""homepage"": null, ""citedby"": 3738, ""citedby5y"": 2462, ""hindex"": 30, ""hindex5y"": 28, ""i10index"": 46, ""i10index5y"": 42, ""cites_per_year"": {""2010"": 12, ""2011"": 25, ""2012"": 42, ""2013"": 46, ""2014"": 82, ""2015"": 104, ""2016"": 127, ""2017"": 125, ""2018"": 159, ""2019"": 233, ""2020"": 272, ""2021"": 344, ""2022"": 435, ""2023"": 487, ""2024"": 451, ""2025"": 469, ""2026"": 271}}"
121,google_scholar,2026-09-15,2960,24,34,1660,21,,"{""scholar_id"": ""D9jCEIkAAAAJ"", ""name"": ""Clio Andris"", ""affiliation"": ""Associate Professor @ Georgia Tech"", ""email_domain"": ""@gatech.edu"", ""interests"": [""Geographic Information Science"", ""Urban Planning"", ""Social Networks"", ""Info Vis""], ""homepage"": ""http://friendlycities.gatech.edu/"", ""citedby"": 2960, ""citedby5y"": 1660, ""hindex"": 24, ""hindex5y"": 21, ""i10index"": 34, ""i10index5y"": 26, ""cites_per_year"": {""2011"": 35, ""2012"": 58, ""2013"": 66, ""2014"": 89, ""2015"": 114, ""2016"": 118, ""2017"": 185, ""2018"": 184, ""2019"": 187, ""2020"": 232, ""2021"": 281, ""2022"": 259, ""2023"": 269, ""2024"": 256, ""2025"": 334, ""2026"": 256}}"
123,google_scholar,2026-09-15,1812,19,28,734,15,,"{""scholar_id"": ""_fEEqz8AAAAJ"", ""name"": ""Ellen Bassett"", ""affiliation"": ""Dean and John Portman Chair, College of Design, Georgia Institute of Technology"", ""email_domain"": ""@design.gatech.edu"", ""interests"": [""urban planning"", ""land tenure"", ""Africa"", ""resilience"", ""climate change""], ""homepage"": ""https://www.ellenmbassett.com/"", ""citedby"": 1812, ""citedby5y"": 734, ""hindex"": 19, ""hindex5y"": 15, ""i10index"": 28, ""i10index5y"": 17, ""cites_per_year"": {""2005"": 12, ""2006"": 8, ""2007"": 11, ""2008"": 11, ""2009"": 10, ""2010"": 30, ""2011"": 37, ""2012"": 60, ""2013"": 76, ""2014"": 91, ""2015"": 73, ""2016"": 108, ""2017"": 87, ""2018"": 136, ""2019"": 116, ""2020"": 166, ""2021"": 154, ""2022"": 132, ""2023"": 159, ""2024"": 101, ""2025"": 117, ""2026"": 71}}"
124,google_scholar,2026-09-15,1765,23,34,1595,22,,"{""scholar_id"": ""Zx4Sk7YAAAAJ"", ""name"": ""Rounaq Basu"", ""affiliation"": ""Georgia Institute of Technology"", ""email_domain"": ""@gatech.edu"", ""interests"": [""Urban Analytics"", ""Sustainable Cities"", ""Land Use & Transport"", ""Travel Behavior"", ""Housing""], ""homepage"": ""https://planning.gatech.edu/people/rounaq-basu"", ""citedby"": 1765, ""citedby5y"": 1595, ""hindex"": 23, ""hindex5y"": 22, ""i10index"": 34, ""i10index5y"": 31, ""cites_per_year"": {""2017"": 8, ""2018"": 19, ""2019"": 39, ""2020"": 91, ""2021"": 124, ""2022"": 194, ""2023"": 292, ""2024"": 299, ""2025"": 358, ""2026"": 304}}"
125,google_scholar,2026-09-15,798,11,11,685,10,,"{""scholar_id"": ""PoDA8vUAAAAJ"", ""name"": ""Paige Clayton, PhD"", ""affiliation"": ""Georgia Institute of Technology"", ""email_domain"": ""@gatech.edu"", ""interests"": [""Innovation"", ""Entrepreneurship"", ""Economic Development"", ""Science & Tech Policy""], ""homepage"": ""http://www.paigeaclayton.com/"", ""citedby"": 798, ""citedby5y"": 685, ""hindex"": 11, ""hindex5y"": 10, ""i10index"": 11, ""i10index5y"": 11, ""cites_per_year"": {""2018"": 6, ""2019"": 45, ""2020"": 54, ""2021"": 72, ""2022"": 101, ""2023"": 106, ""2024"": 132, ""2025"": 157, ""2026"": 116}}"
127,google_scholar,2026-09-15,353,6,5,261,5,,"{""scholar_id"": ""H4iL3V0AAAAJ"", ""name"": ""Alberto Fuentes"", ""affiliation"": ""Georgia Tech"", ""email_domain"": ""@inta.gatech.edu"", ""interests"": [""Political Economy of Development"", ""International Business"", ""Organizational Studies""], ""homepage"": ""http://fuentes.inta.gatech.edu/"", ""citedby"": 353, ""citedby5y"": 261, ""hindex"": 6, ""hindex5y"": 5, ""i10index"": 5, ""i10index5y"": 2, ""cites_per_year"": {""2009"": 1, ""2010"": 2, ""2011"": 3, ""2013"": 1, ""2014"": 2, ""2015"": 4, ""2016"": 4, ""2017"": 12, ""2018"": 6, ""2019"": 25, ""2020"": 30, ""2021"": 31, ""2022"": 43, ""2023"": 43, ""2024"": 35, ""2025"": 50, ""2026"": 59}}"
128,google_scholar,2026-09-15,8866,47,137,2764,27,,"{""scholar_id"": ""LRMzl7IAAAAJ"", ""name"": ""Randall Guensler"", ""affiliation"": ""Professor of Civil and Environmental Engineering, Georgia Tech"", ""email_domain"": ""@ce.gatech.edu"", ""interests"": [""Sustainable Transportation"", ""Environmental Impact Assessment"", ""Energy and Air Quality"", ""Travel Behavior"", ""Pedestrians""], ""homepage"": null, ""citedby"": 8866, ""citedby5y"": 2764, ""hindex"": 47, ""hindex5y"": 27, ""i10index"": 137, ""i10index5y"": 58, ""cites_per_year"": {""1994"": 39, ""1995"": 14, ""1996"": 17, ""1997"": 28, ""1998"": 35, ""1999"": 55, ""2000"": 63, ""2001"": 59, ""2002"": 83, ""2003"": 64, ""2004"": 76, ""2005"": 160, ""2006"": 148, ""2007"": 179, ""2008"": 183, ""2009"": 232, ""2010"": 282, ""2011"": 298, ""2012"": 262, ""2013"": 389, ""2014"": 443, ""2015"": 420, ""2016"": 438, ""2017"": 462, ""2018"": 528, ""2019"": 534, ""2020"": 484, ""2021"": 483, ""2022"": 493, ""2023"": 483, ""2024"": 562, ""2025"": 449, ""2026"": 291}}"
129,google_scholar,2026-09-15,6725,36,68,3682,24,,"{""scholar_id"": ""q6VQWEUAAAAJ"", ""name"": ""Subhrajit Guhathakurta"", ""affiliation"": ""Harry West Chair Professor of City and Regional Planning, Georgia Institute of Technology"", ""email_domain"": ""@gatech.edu"", ""interests"": [""Urban planning"", ""spatial analysis"", ""urban data science"", ""urban energy"", ""urban climate""], ""homepage"": null, ""citedby"": 6725, ""citedby5y"": 3682, ""hindex"": 36, ""hindex5y"": 24, ""i10index"": 68, ""i10index5y"": 44, ""cites_per_year"": {""2002"": 34, ""2003"": 22, ""2004"": 35, ""2005"": 37, ""2006"": 34, ""2007"": 54, ""2008"": 64, ""2009"": 67, ""2010"": 67, ""2011"": 101, ""2012"": 91, ""2013"": 115, ""2014"": 151, ""2015"": 180, ""2016"": 211, ""2017"": 230, ""2018"": 331, ""2019"": 505, ""2020"": 554, ""2021"": 619, ""2022"": 602, ""2023"": 619, ""2024"": 655, ""2025"": 730, ""2026"": 449}}"
130,google_scholar,2026-09-15,377,10,11,360,10,,"{""scholar_id"": ""xoUOI-wAAAAJ"", ""name"": ""Yiyi He"", ""affiliation"": ""Assistant Professor at Georgia Tech"", ""email_domain"": ""@design.gatech.edu"", ""interests"": [""GIScience"", ""Network Science"", ""Environmental Planning"", ""Machine Learning""], ""homepage"": null, ""citedby"": 377, ""citedby5y"": 360, ""hindex"": 10, ""hindex5y"": 10, ""i10index"": 11, ""i10index5y"": 10, ""cites_per_year"": {""2018"": 3, ""2019"": 5, ""2020"": 6, ""2021"": 19, ""2022"": 40, ""2023"": 44, ""2024"": 70, ""2025"": 102, ""2026"": 79}}"
131,google_scholar,2026-09-15,447,8,7,405,6,,"{""scholar_id"": ""LzsZrdgAAAAJ"", ""name"": ""Gregory F. Randolph"", ""affiliation"": ""Georgia Institute of Technology"", ""email_domain"": ""@design.gatech.edu"", ""interests"": [""Urbanization"", ""labor"", ""migration"", ""community and economic development"", ""sustainability and climate""], ""homepage"": ""http://gregoryrandolph.net/"", ""citedby"": 447, ""citedby5y"": 405, ""hindex"": 8, ""hindex5y"": 6, ""i10index"": 7, ""i10index5y"": 5, ""cites_per_year"": {""2016"": 2, ""2017"": 9, ""2018"": 5, ""2019"": 12, ""2020"": 10, ""2021"": 10, ""2022"": 28, ""2023"": 50, ""2024"": 90, ""2025"": 113, ""2026"": 96}}"
132,google_scholar,2026-09-15,919,13,13,802,13,,"{""scholar_id"": ""15wl6EoAAAAJ"", ""name"": ""Seumalu Elora Lee Raymond"", ""affiliation"": ""University of Canterbury"", ""email_domain"": ""@canterbury.ac.nz"", ""interests"": [""financialization"", ""property"", ""Pacific studies"", ""housing"", ""land""], ""homepage"": null, ""citedby"": 919, ""citedby5y"": 802, ""hindex"": 13, ""hindex5y"": 13, ""i10index"": 13, ""i10index5y"": 13, ""cites_per_year"": {""2016"": 6, ""2017"": 11, ""2018"": 26, ""2019"": 26, ""2020"": 32, ""2021"": 76, ""2022"": 74, ""2023"": 124, ""2024"": 166, ""2025"": 189, ""2026"": 171}}"
133,google_scholar,2026-09-15,7880,38,45,3816,32,,"{""scholar_id"": ""C6lK4ZQAAAAJ"", ""name"": ""Brian Stone"", ""affiliation"": ""Georgia Institute of Technology"", ""email_domain"": ""@gatech.edu"", ""interests"": [""Environmental planning""], ""homepage"": null, ""citedby"": 7880, ""citedby5y"": 3816, ""hindex"": 38, ""hindex5y"": 32, ""i10index"": 45, ""i10index5y"": 40, ""cites_per_year"": {""2005"": 31, ""2006"": 37, ""2007"": 46, ""2008"": 65, ""2009"": 109, ""2010"": 117, ""2011"": 151, ""2012"": 182, ""2013"": 278, ""2014"": 324, ""2015"": 373, ""2016"": 361, ""2017"": 445, ""2018"": 445, ""2019"": 463, ""2020"": 471, ""2021"": 549, ""2022"": 642, ""2023"": 649, ""2024"": 684, ""2025"": 752, ""2026"": 539}}"
134,google_scholar,2026-09-15,2240,22,46,1226,19,,"{""scholar_id"": ""xgr9J9MAAAAJ"", ""name"": ""Perry Yang"", ""affiliation"": ""Georgia Institute of Technology"", ""email_domain"": ""@design.gatech.edu"", ""interests"": [""urban design"", ""urban energy"", ""Asian cities"", ""3D GIS"", ""urban models""], ""homepage"": ""https://planning.gatech.edu/perry-yang"", ""citedby"": 2240, ""citedby5y"": 1226, ""hindex"": 22, ""hindex5y"": 19, ""i10index"": 46, ""i10index5y"": 31, ""cites_per_year"": {""2005"": 11, ""2006"": 12, ""2007"": 13, ""2008"": 26, ""2009"": 25, ""2010"": 31, ""2011"": 50, ""2012"": 27, ""2013"": 48, ""2014"": 31, ""2015"": 43, ""2016"": 82, ""2017"": 97, ""2018"": 107, ""2019"": 157, ""2020"": 219, ""2021"": 214, ""2022"": 212, ""2023"": 205, ""2024"": 232, ""2025"": 217, ""2026"": 145}}"
135,google_scholar,2026-09-15,5970,37,92,1682,23,,"{""scholar_id"": ""S0y4lCAAAAAJ"", ""name"": ""Diane Davis"", ""affiliation"": ""Professor of Regional Planning and Urbanism, Harvard University"", ""email_domain"": ""@gsd.harvard.edu"", ""interests"": [], ""homepage"": null, ""citedby"": 5970, ""citedby5y"": 1682, ""hindex"": 37, ""hindex5y"": 23, ""i10index"": 92, ""i10index5y"": 40, ""cites_per_year"": {""1992"": 18, ""1993"": 21, ""1994"": 34, ""1995"": 23, ""1996"": 31, ""1997"": 49, ""1998"": 46, ""1999"": 46, ""2000"": 44, ""2001"": 50, ""2002"": 41, ""2003"": 56, ""2004"": 72, ""2005"": 65, ""2006"": 100, ""2007"": 127, ""2008"": 134, ""2009"": 155, ""2010"": 161, ""2011"": 169, ""2012"": 248, ""2013"": 288, ""2014"": 235, ""2015"": 286, ""2016"": 319, ""2017"": 304, ""2018"": 293, ""2019"": 318, ""2020"": 325, ""2021"": 301, ""2022"": 324, ""2023"": 291, ""2024"": 310, ""2025"": 272, ""2026"": 179}}"
136,google_scholar,2026-09-15,14542,55,121,5452,37,,"{""scholar_id"": ""TCt3q_AAAAAJ"", ""name"": ""Ann Forsyth"", ""affiliation"": ""Research Professor of Urban Planning, Harvard University; Halloran Professor, Sydney University"", ""email_domain"": ""@gsd.harvard.edu"", ""interests"": [""Urban Planning"", ""Health and Place"", ""Suburbia"", ""New Towns"", ""Urban Design""], ""homepage"": ""http://annforsyth.net/"", ""citedby"": 14542, ""citedby5y"": 5452, ""hindex"": 55, ""hindex5y"": 37, ""i10index"": 121, ""i10index5y"": 84, ""cites_per_year"": {""2001"": 41, ""2002"": 34, ""2003"": 44, ""2004"": 52, ""2005"": 89, ""2006"": 96, ""2007"": 118, ""2008"": 151, ""2009"": 229, ""2010"": 332, ""2011"": 448, ""2012"": 564, ""2013"": 653, ""2014"": 774, ""2015"": 782, ""2016"": 784, ""2017"": 860, ""2018"": 765, ""2019"": 897, ""2020"": 951, ""2021"": 1002, ""2022"": 984, ""2023"": 953, ""2024"": 1007, ""2025"": 903, ""2026"": 596}}"
138,google_scholar,2026-09-15,115,5,3,108,5,,"{""scholar_id"": ""GQYlya0AAAAJ"", ""name"": ""Magda Maaoui, PhD"", ""affiliation"": ""Assistant Professor at Harvard Graduate School of Design, Harvard Joint Center for Housing Studies"", ""email_domain"": ""@gsd.harvard.edu"", ""interests"": [""Housing"", ""Land Use Studies"", ""Planning & Design"", ""Public & Environmental Health""], ""homepage"": ""http://www.magdamaaoui.com/"", ""citedby"": 115, ""citedby5y"": 108, ""hindex"": 5, ""hindex5y"": 5, ""i10index"": 3, ""i10index5y"": 3, ""cites_per_year"": {""2019"": 2, ""2020"": 3, ""2021"": 10, ""2022"": 8, ""2023"": 12, ""2024"": 10, ""2025"": 37, ""2026"": 31}}"
140,google_scholar,2026-09-15,2141,21,26,1259,16,,"{""scholar_id"": ""aXJNIvMAAAAJ"", ""name"": ""Rachel Meltzer"", ""affiliation"": ""Urban Planning, Graduate School of Design, Harvard University"", ""email_domain"": ""@gsd.harvard.edu"", ""interests"": [""Urban economics"", ""neighborhoods"", ""housing and land use policy"", ""local public finance""], ""homepage"": ""https://www.gsd.harvard.edu/person/rachel-meltzer/"", ""citedby"": 2141, ""citedby5y"": 1259, ""hindex"": 21, ""hindex5y"": 16, ""i10index"": 26, ""i10index5y"": 21, ""cites_per_year"": {""2009"": 18, ""2010"": 11, ""2011"": 19, ""2012"": 19, ""2013"": 34, ""2014"": 61, ""2015"": 63, ""2016"": 81, ""2017"": 104, ""2018"": 133, ""2019"": 153, ""2020"": 151, ""2021"": 173, ""2022"": 224, ""2023"": 221, ""2024"": 204, ""2025"": 241, ""2026"": 194}}"
143,google_scholar,2026-09-15,1248,8,8,977,8,,"{""scholar_id"": ""TQXBGWsAAAAJ"", ""name"": ""Hannah M. Teicher"", ""affiliation"": ""Assistant Professor, Harvard University Graduate School of Design"", ""email_domain"": ""@gsd.harvard.edu"", ""interests"": [""climate change"", ""adaptation"", ""built environment"", ""urban governance""], ""homepage"": ""https://hannahteicher.net/"", ""citedby"": 1248, ""citedby5y"": 977, ""hindex"": 8, ""hindex5y"": 8, ""i10index"": 8, ""i10index5y"": 8, ""cites_per_year"": {""2016"": 8, ""2017"": 25, ""2018"": 51, ""2019"": 70, ""2020"": 91, ""2021"": 142, ""2022"": 142, ""2023"": 164, ""2024"": 159, ""2025"": 194, ""2026"": 173}}"
144,google_scholar,2026-09-15,818,15,21,586,14,,"{""scholar_id"": ""BmzXltMAAAAJ"", ""name"": ""Carole Turley Voulgaris"", ""affiliation"": ""Associate Professor, Urban Planning and Design, Harvard University"", ""email_domain"": ""@gsd.harvard.edu"", ""interests"": [""Transportation Planning""], ""homepage"": ""https://scholar.harvard.edu/voulgaris"", ""citedby"": 818, ""citedby5y"": 586, ""hindex"": 15, ""hindex5y"": 14, ""i10index"": 21, ""i10index5y"": 16, ""cites_per_year"": {""2016"": 12, ""2017"": 41, ""2018"": 52, ""2019"": 41, ""2020"": 66, ""2021"": 63, ""2022"": 94, ""2023"": 106, ""2024"": 113, ""2025"": 110, ""2026"": 99}}"
145,google_scholar,2026-09-15,5012,32,52,2138,23,,"{""scholar_id"": ""-nMertYAAAAJ"", ""name"": ""Rachel N Weber"", ""affiliation"": ""Department of Urban Planning and Policy, University of Illinois at Chicago"", ""email_domain"": ""@uic.edu"", ""interests"": [""real estate"", ""urban development and governance"", ""public finance""], ""homepage"": ""https://cuppa.uic.edu/profiles/weber-rachel/"", ""citedby"": 5012, ""citedby5y"": 2138, ""hindex"": 32, ""hindex5y"": 23, ""i10index"": 52, ""i10index5y"": 36, ""cites_per_year"": {""2004"": 34, ""2005"": 31, ""2006"": 40, ""2007"": 73, ""2008"": 76, ""2009"": 106, ""2010"": 108, ""2011"": 105, ""2012"": 114, ""2013"": 155, ""2014"": 185, ""2015"": 233, ""2016"": 229, ""2017"": 228, ""2018"": 292, ""2019"": 364, ""2020"": 337, ""2021"": 354, ""2022"": 406, ""2023"": 365, ""2024"": 370, ""2025"": 347, ""2026"": 293}}"
146,google_scholar,2026-09-15,793,12,12,529,9,,"{""scholar_id"": ""IrrSGOYAAAAJ"", ""name"": ""Stefan Al"", ""affiliation"": ""Hunter College of the City University of New York"", ""email_domain"": ""@hunter.cuny.edu"", ""interests"": [""sustainable urbanism"", ""urban resilience"", ""transit-oriented development"", ""green buildings"", ""high-rise""], ""homepage"": ""https://www.stefanal.com/books"", ""citedby"": 793, ""citedby5y"": 529, ""hindex"": 12, ""hindex5y"": 9, ""i10index"": 12, ""i10index5y"": 7, ""cites_per_year"": {""2012"": 4, ""2013"": 3, ""2014"": 6, ""2015"": 15, ""2016"": 18, ""2017"": 26, ""2018"": 46, ""2019"": 51, ""2020"": 72, ""2021"": 76, ""2022"": 105, ""2023"": 81, ""2024"": 102, ""2025"": 103, ""2026"": 62}}"
148,google_scholar,2026-09-15,872,18,24,242,9,,"{""scholar_id"": ""gV7SKuUAAAAJ"", ""name"": ""John J. Chin"", ""affiliation"": ""Professor of Urban Policy and Planning, Hunter College, City University of New York"", ""email_domain"": ""@hunter.cuny.edu"", ""interests"": [], ""homepage"": ""http://www.johnchin.net/"", ""citedby"": 872, ""citedby5y"": 242, ""hindex"": 18, ""hindex5y"": 9, ""i10index"": 24, ""i10index5y"": 8, ""cites_per_year"": {""2002"": 8, ""2003"": 2, ""2004"": 11, ""2005"": 17, ""2006"": 14, ""2007"": 19, ""2008"": 23, ""2009"": 14, ""2010"": 15, ""2011"": 41, ""2012"": 45, ""2013"": 38, ""2014"": 39, ""2015"": 48, ""2016"": 56, ""2017"": 69, ""2018"": 55, ""2019"": 44, ""2020"": 56, ""2021"": 40, ""2022"": 43, ""2023"": 56, ""2024"": 39, ""2025"": 34, ""2026"": 29}}"
149,google_scholar,2026-09-15,303,3,2,64,2,,"{""scholar_id"": ""P9xC7acAAAAJ"", ""name"": ""Owen Gutfreund"", ""affiliation"": ""Associate Professor of Urban Policy and Planning, Hunter College, City University of New York"", ""email_domain"": ""@hunter.cuny.edu"", ""interests"": [""Urban Planning"", ""Urban History"", ""Transportation Policy""], ""homepage"": null, ""citedby"": 303, ""citedby5y"": 64, ""hindex"": 3, ""hindex5y"": 2, ""i10index"": 2, ""i10index5y"": 2, ""cites_per_year"": {""2004"": 4, ""2005"": 9, ""2006"": 7, ""2007"": 9, ""2008"": 7, ""2009"": 20, ""2010"": 18, ""2011"": 13, ""2012"": 17, ""2013"": 19, ""2014"": 25, ""2015"": 18, ""2016"": 16, ""2017"": 17, ""2018"": 7, ""2019"": 14, ""2020"": 9, ""2021"": 11, ""2022"": 11, ""2023"": 17, ""2024"": 8, ""2025"": 9, ""2026"": 8}}"
150,google_scholar,2026-09-15,2118,13,15,1963,12,,"{""scholar_id"": ""JO0Whw8AAAAJ"", ""name"": ""Mehdi Pourpeikari Heris"", ""affiliation"": ""Hunter College City University of New York"", ""email_domain"": ""@hunter.cuny.edu"", ""interests"": [""Urban Planning and Design"", ""Urban Data Analytics"", ""Urban Heat"", ""Urban Microclimate & Ecosystem""], ""homepage"": null, ""citedby"": 2118, ""citedby5y"": 1963, ""hindex"": 13, ""hindex5y"": 12, ""i10index"": 15, ""i10index5y"": 13, ""cites_per_year"": {""2015"": 10, ""2016"": 20, ""2017"": 24, ""2018"": 28, ""2019"": 22, ""2020"": 35, ""2021"": 42, ""2022"": 130, ""2023"": 276, ""2024"": 469, ""2025"": 603, ""2026"": 425}}"
151,google_scholar,2026-09-15,2900,31,63,702,14,,"{""scholar_id"": ""NlgFyD4AAAAJ"", ""name"": ""Edwin Melendez"", ""affiliation"": ""Professor Hunter College, CUNY"", ""email_domain"": ""@hunter.cuny.edu"", ""interests"": [], ""homepage"": null, ""citedby"": 2900, ""citedby5y"": 702, ""hindex"": 31, ""hindex5y"": 14, ""i10index"": 63, ""i10index5y"": 21, ""cites_per_year"": {""1992"": 18, ""1993"": 24, ""1994"": 54, ""1995"": 52, ""1996"": 52, ""1997"": 45, ""1998"": 43, ""1999"": 42, ""2000"": 78, ""2001"": 52, ""2002"": 53, ""2003"": 64, ""2004"": 88, ""2005"": 69, ""2006"": 61, ""2007"": 68, ""2008"": 57, ""2009"": 77, ""2010"": 74, ""2011"": 86, ""2012"": 79, ""2013"": 72, ""2014"": 81, ""2015"": 100, ""2016"": 87, ""2017"": 130, ""2018"": 137, ""2019"": 132, ""2020"": 153, ""2021"": 155, ""2022"": 147, ""2023"": 116, ""2024"": 127, ""2025"": 85, ""2026"": 72}}"
152,google_scholar,2026-09-15,142,6,4,109,5,,"{""scholar_id"": ""5k0u8OUAAAAJ"", ""name"": ""Lily Baum Pollans"", ""affiliation"": ""Hunter College"", ""email_domain"": ""@hunter.cuny.edu"", ""interests"": [""sustainability"", ""urban planning"", ""public participation"", ""municipal solid waste""], ""homepage"": null, ""citedby"": 142, ""citedby5y"": 109, ""hindex"": 6, ""hindex5y"": 5, ""i10index"": 4, ""i10index5y"": 4, ""cites_per_year"": {""2017"": 3, ""2018"": 6, ""2019"": 16, ""2020"": 8, ""2021"": 12, ""2022"": 24, ""2023"": 17, ""2024"": 18, ""2025"": 19, ""2026"": 17}}"
154,google_scholar,2026-09-15,1487,19,26,723,13,,"{""scholar_id"": ""HpXFwjkAAAAJ"", ""name"": ""Laura Wolf-Powers"", ""affiliation"": ""Professor, Urban Policy and Planning, Hunter College CUNY"", ""email_domain"": ""@wolfpowers.com"", ""interests"": [""economic development"", ""community development"", ""real estate"", ""political economy"", ""land value capture""], ""homepage"": ""http://works.bepress.com/laura_wolf_powers/"", ""citedby"": 1487, ""citedby5y"": 723, ""hindex"": 19, ""hindex5y"": 13, ""i10index"": 26, ""i10index5y"": 17, ""cites_per_year"": {""2003"": 5, ""2004"": 7, ""2005"": 9, ""2006"": 4, ""2007"": 9, ""2008"": 5, ""2009"": 9, ""2010"": 11, ""2011"": 26, ""2012"": 26, ""2013"": 27, ""2014"": 34, ""2015"": 71, ""2016"": 41, ""2017"": 83, ""2018"": 84, ""2019"": 120, ""2020"": 159, ""2021"": 135, ""2022"": 117, ""2023"": 119, ""2024"": 110, ""2025"": 129, ""2026"": 111}}"
156,google_scholar,2026-09-15,624,14,16,288,10,,"{""scholar_id"": ""kzHi8cQAAAAJ"", ""name"": ""Sudeshna Ghosh"", ""affiliation"": ""IIT Kanpur"", ""email_domain"": ""@iitk.ac.in"", ""interests"": [""Chemistry"", ""Biochemistry"", ""Molecular Biology"", ""Protein Purification"", ""Crystallography""], ""homepage"": ""https://sites.google.com/view/sudeshnag85/"", ""citedby"": 624, ""citedby5y"": 288, ""hindex"": 14, ""hindex5y"": 10, ""i10index"": 16, ""i10index5y"": 11, ""cites_per_year"": {""2011"": 3, ""2012"": 4, ""2013"": 17, ""2014"": 27, ""2015"": 42, ""2016"": 50, ""2017"": 63, ""2018"": 27, ""2019"": 44, ""2020"": 53, ""2021"": 47, ""2022"": 32, ""2023"": 44, ""2024"": 64, ""2025"": 61, ""2026"": 39}}"
159,google_scholar,2026-09-15,404,8,8,194,6,,"{""scholar_id"": ""i-VJ0sIAAAAJ"", ""name"": ""Carlton Wade Basmajian"", ""affiliation"": ""Associate Professor of Regional Planning and Urban Design, Iowa State University"", ""email_domain"": ""@iastate.edu"", ""interests"": [""Regional Planning"", ""Planning History"", ""Politics of Sprawl"", ""Cities of the Dead""], ""homepage"": ""http://www.design.iastate.edu/FACULTY/carlton.php"", ""citedby"": 404, ""citedby5y"": 194, ""hindex"": 8, ""hindex5y"": 6, ""i10index"": 8, ""i10index5y"": 5, ""cites_per_year"": {""2011"": 9, ""2012"": 8, ""2013"": 18, ""2014"": 18, ""2015"": 22, ""2016"": 15, ""2017"": 17, ""2018"": 32, ""2019"": 33, ""2020"": 33, ""2021"": 32, ""2022"": 41, ""2023"": 45, ""2024"": 29, ""2025"": 25, ""2026"": 22}}"
161,google_scholar,2026-09-15,319,8,6,161,5,,"{""scholar_id"": ""rxa2w2oAAAAJ"", ""name"": ""Biswa Das"", ""affiliation"": ""Associate Professor Iowa State University"", ""email_domain"": ""@iastate.edu"", ""interests"": [""Economics"", ""Public Finance"", ""Economic Development"", ""Natural Resource Economics""], ""homepage"": null, ""citedby"": 319, ""citedby5y"": 161, ""hindex"": 8, ""hindex5y"": 5, ""i10index"": 6, ""i10index5y"": 3, ""cites_per_year"": {""2005"": 2, ""2006"": 3, ""2007"": 1, ""2008"": 9, ""2009"": 1, ""2010"": 3, ""2011"": 14, ""2012"": 18, ""2013"": 8, ""2014"": 12, ""2015"": 12, ""2016"": 16, ""2017"": 11, ""2018"": 12, ""2019"": 18, ""2020"": 11, ""2021"": 20, ""2022"": 7, ""2023"": 79, ""2024"": 18, ""2025"": 24, ""2026"": 12}}"
162,google_scholar,2026-09-15,365,11,13,324,11,,"{""scholar_id"": ""nF_4y2oAAAAJ"", ""name"": ""Jiwnath Ghimire"", ""affiliation"": ""Iowa State University"", ""email_domain"": ""@iastate.edu"", ""interests"": [""Disaster recovery"", ""climate action planning"", ""environmental justice"", ""science-policy interface"", ""Asia""], ""homepage"": ""https://www.design.iastate.edu/profiles/jghimire/"", ""citedby"": 365, ""citedby5y"": 324, ""hindex"": 11, ""hindex5y"": 11, ""i10index"": 13, ""i10index5y"": 11, ""cites_per_year"": {""2015"": 1, ""2016"": 2, ""2017"": 6, ""2018"": 7, ""2019"": 7, ""2020"": 14, ""2021"": 17, ""2022"": 29, ""2023"": 41, ""2024"": 65, ""2025"": 98, ""2026"": 71}}"
163,google_scholar,2026-09-15,64,4,2,55,4,,"{""scholar_id"": ""giSAkYEAAAAJ"", ""name"": ""Ted Grevstad-Nordbrock"", ""affiliation"": ""Assistant Professor of Historic Preservation, Iowa State University"", ""email_domain"": ""@iastate.edu"", ""interests"": [""historic preservation"", ""heritage"", ""planning"", ""public policy""], ""homepage"": ""https://www.design.iastate.edu/community-and-regional-planning/faculty/tedgn/"", ""citedby"": 64, ""citedby5y"": 55, ""hindex"": 4, ""hindex5y"": 4, ""i10index"": 2, ""i10index5y"": 2, ""cites_per_year"": {""2018"": 2, ""2020"": 5, ""2021"": 5, ""2022"": 7, ""2024"": 7, ""2025"": 21, ""2026"": 15}}"
164,google_scholar,2026-09-15,683,12,17,335,9,,"{""scholar_id"": ""BZCjLCUAAAAJ"", ""name"": ""Monica A. Haddad"", ""affiliation"": ""Professor of Planning, Iowa State University"", ""email_domain"": ""@iastate.edu"", ""interests"": [""environmental justice"", ""social justice"", ""climate justice"", ""GIS applications""], ""homepage"": ""http://www.monicahaddad.net/"", ""citedby"": 683, ""citedby5y"": 335, ""hindex"": 12, ""hindex5y"": 9, ""i10index"": 17, ""i10index5y"": 8, ""cites_per_year"": {""2008"": 7, ""2009"": 11, ""2010"": 15, ""2011"": 20, ""2012"": 24, ""2013"": 13, ""2014"": 26, ""2015"": 27, ""2016"": 27, ""2017"": 32, ""2018"": 41, ""2019"": 52, ""2020"": 41, ""2021"": 49, ""2022"": 69, ""2023"": 61, ""2024"": 42, ""2025"": 69, ""2026"": 44}}"
165,google_scholar,2026-09-15,1907,20,31,654,13,,"{""scholar_id"": ""1UvO8dcAAAAJ"", ""name"": ""Francis Owusu"", ""affiliation"": ""Associate Dean for Global Engagement, & Director of CSRL, Iowa State University"", ""email_domain"": ""@iastate.edu"", ""interests"": [""Development Policy"", ""Public Sector Reform"", ""Urban Livelihood Strategies"", ""Africa""], ""homepage"": ""https://www.cals.iastate.edu/people/francis-owusu"", ""citedby"": 1907, ""citedby5y"": 654, ""hindex"": 20, ""hindex5y"": 13, ""i10index"": 31, ""i10index5y"": 20, ""cites_per_year"": {""2004"": 17, ""2005"": 18, ""2006"": 27, ""2007"": 38, ""2008"": 42, ""2009"": 42, ""2010"": 49, ""2011"": 60, ""2012"": 83, ""2013"": 92, ""2014"": 104, ""2015"": 83, ""2016"": 105, ""2017"": 108, ""2018"": 89, ""2019"": 139, ""2020"": 118, ""2021"": 139, ""2022"": 101, ""2023"": 86, ""2024"": 115, ""2025"": 133, ""2026"": 78}}"
166,google_scholar,2026-09-15,2586,25,53,1006,15,,"{""scholar_id"": ""hfAW1i8AAAAJ"", ""name"": ""Alenka Krek Poplin"", ""affiliation"": ""Iowa State University"", ""email_domain"": ""@iastate.edu"", ""interests"": [""Digital Geogames"", ""Geogames for Civic Engagement"", ""Evocative Places""], ""homepage"": null, ""citedby"": 2586, ""citedby5y"": 1006, ""hindex"": 25, ""hindex5y"": 15, ""i10index"": 53, ""i10index5y"": 22, ""cites_per_year"": {""2001"": 8, ""2002"": 7, ""2003"": 18, ""2004"": 28, ""2005"": 28, ""2006"": 36, ""2007"": 50, ""2008"": 43, ""2009"": 55, ""2010"": 84, ""2011"": 49, ""2012"": 65, ""2013"": 67, ""2014"": 84, ""2015"": 97, ""2016"": 129, ""2017"": 165, ""2018"": 121, ""2019"": 188, ""2020"": 204, ""2021"": 190, ""2022"": 178, ""2023"": 139, ""2024"": 116, ""2025"": 212, ""2026"": 170}}"
167,google_scholar,2026-09-15,707,12,16,392,9,,"{""scholar_id"": ""MKWAzCUAAAAJ"", ""name"": ""Jane Rongerude"", ""affiliation"": ""Professor of Urban and Regional Planning, Iowa State University"", ""email_domain"": ""@iastate.edu"", ""interests"": [""rental housing"", ""affordable housing"", ""urban poverty"", ""public engagement"", ""social justice""], ""homepage"": ""https://www.design.iastate.edu/profiles/jrong/"", ""citedby"": 707, ""citedby5y"": 392, ""hindex"": 12, ""hindex5y"": 9, ""i10index"": 16, ""i10index5y"": 9, ""cites_per_year"": {""2006"": 2, ""2007"": 3, ""2008"": 7, ""2009"": 12, ""2010"": 20, ""2011"": 17, ""2012"": 16, ""2013"": 25, ""2014"": 20, ""2015"": 25, ""2016"": 20, ""2017"": 34, ""2018"": 28, ""2019"": 29, ""2020"": 47, ""2021"": 77, ""2022"": 50, ""2023"": 58, ""2024"": 66, ""2025"": 70, ""2026"": 67}}"
168,google_scholar,2026-09-15,366,11,13,63,5,,"{""scholar_id"": ""YpkooCgAAAAJ"", ""name"": ""Gary D. Taylor"", ""affiliation"": ""Iowa State University"", ""email_domain"": ""@iastate.edu"", ""interests"": [""land use law"", ""zoning""], ""homepage"": null, ""citedby"": 366, ""citedby5y"": 63, ""hindex"": 11, ""hindex5y"": 5, ""i10index"": 13, ""i10index5y"": 1, ""cites_per_year"": {""1995"": 3, ""1996"": 3, ""1999"": 1, ""2001"": 3, ""2002"": 1, ""2003"": 7, ""2004"": 4, ""2005"": 3, ""2006"": 5, ""2007"": 8, ""2008"": 12, ""2009"": 7, ""2010"": 6, ""2011"": 22, ""2012"": 34, ""2013"": 26, ""2014"": 19, ""2015"": 19, ""2016"": 16, ""2017"": 25, ""2018"": 25, ""2019"": 20, ""2020"": 17, ""2021"": 17, ""2022"": 10, ""2023"": 11, ""2024"": 9, ""2025"": 12, ""2026"": 4}}"
170,google_scholar,2026-09-15,43,4,1,28,4,,"{""scholar_id"": ""wFI7_EAAAAAJ"", ""name"": ""Berneece S. Herbert"", ""affiliation"": ""Jackson State University"", ""email_domain"": ""@jsums.edu"", ""interests"": [""food security"", ""climate change"", ""energy"", ""green infrastructure"", ""tourism""], ""homepage"": null, ""citedby"": 43, ""citedby5y"": 28, ""hindex"": 4, ""hindex5y"": 4, ""i10index"": 1, ""i10index5y"": 0, ""cites_per_year"": {""2014"": 1, ""2015"": 1, ""2016"": 1, ""2017"": 1, ""2018"": 5, ""2019"": 3, ""2020"": 3, ""2021"": 4, ""2022"": 2, ""2023"": 9, ""2024"": 3, ""2025"": 3, ""2026"": 7}}"
171,google_scholar,2026-09-15,2777,17,22,1012,14,,"{""scholar_id"": ""zdTB77IAAAAJ"", ""name"": ""Mukesh Kumar"", ""affiliation"": ""Professor, College of Business Administration, University of Bahrain (UoB)"", ""email_domain"": null, ""interests"": [""Data Envelopment Analysis"", ""Efficiency"", ""Productivity"", ""Service Quality Gap Analysis""], ""homepage"": null, ""citedby"": 2777, ""citedby5y"": 1012, ""hindex"": 17, ""hindex5y"": 14, ""i10index"": 22, ""i10index5y"": 16, ""cites_per_year"": {""2009"": 8, ""2010"": 26, ""2011"": 48, ""2012"": 77, ""2013"": 81, ""2014"": 130, ""2015"": 186, ""2016"": 202, ""2017"": 216, ""2018"": 251, ""2019"": 239, ""2020"": 242, ""2021"": 240, ""2022"": 186, ""2023"": 174, ""2024"": 166, ""2025"": 150, ""2026"": 96}}"
176,google_scholar,2026-09-15,443,10,11,307,9,,"{""scholar_id"": ""duB_ExwAAAAJ"", ""name"": ""Shakil Bin Kashem"", ""affiliation"": ""Associate Professor, Kansas State University"", ""email_domain"": ""@ksu.edu"", ""interests"": [""Climate adaptation"", ""Housing policy"", ""Urban food system"", ""Geospatial Analysis""], ""homepage"": null, ""citedby"": 443, ""citedby5y"": 307, ""hindex"": 10, ""hindex5y"": 9, ""i10index"": 11, ""i10index5y"": 9, ""cites_per_year"": {""2011"": 2, ""2012"": 4, ""2013"": 6, ""2014"": 4, ""2015"": 5, ""2016"": 18, ""2017"": 12, ""2018"": 28, ""2019"": 21, ""2020"": 29, ""2021"": 33, ""2022"": 56, ""2023"": 65, ""2024"": 57, ""2025"": 59, ""2026"": 36}}"
177,google_scholar,2026-09-15,200,5,4,176,5,,"{""scholar_id"": ""y_6AbfcAAAAJ"", ""name"": ""Clemens Pilgram"", ""affiliation"": ""Kansas State University"", ""email_domain"": ""@ksu.edu"", ""interests"": [""Urban Development"", ""Housing Policy"", ""Land Use and Transportation""], ""homepage"": null, ""citedby"": 200, ""citedby5y"": 176, ""hindex"": 5, ""hindex5y"": 5, ""i10index"": 4, ""i10index5y"": 4, ""cites_per_year"": {""2018"": 5, ""2019"": 6, ""2020"": 11, ""2021"": 15, ""2022"": 11, ""2023"": 20, ""2024"": 39, ""2025"": 43, ""2026"": 46}}"
178,google_scholar,2026-09-15,131,4,3,97,3,,"{""scholar_id"": ""JnJ0ewoAAAAJ"", ""name"": ""Susmita Rishi"", ""affiliation"": ""Associate Professor of Regional and Community Planning, Kansas State University"", ""email_domain"": ""@ksu.edu"", ""interests"": [""Critical Urban Studies"", ""Informal Settlements"", ""global South cities"", ""value and space"", ""decolonizing""], ""homepage"": ""http://apdesign.k-state.edu/about/faculty-staff/rishi/index.html"", ""citedby"": 131, ""citedby5y"": 97, ""hindex"": 4, ""hindex5y"": 3, ""i10index"": 3, ""i10index5y"": 2, ""cites_per_year"": {""2016"": 1, ""2018"": 5, ""2019"": 12, ""2020"": 15, ""2021"": 12, ""2022"": 15, ""2023"": 15, ""2024"": 22, ""2025"": 24, ""2026"": 9}}"
180,google_scholar,2026-09-15,3477,25,35,2086,18,,"{""scholar_id"": ""Y4LlGqYAAAAJ"", ""name"": ""Madhav G. Badami"", ""affiliation"": ""School of Urban Planning and Bieler School of Environment, McGill University"", ""email_domain"": ""@mcgill.ca"", ""interests"": [""Environmental policy and planning"", ""Urban infrastructure and services"", ""Urban transport"", ""Alternative""], ""homepage"": ""https://www.mcgill.ca/urbanplanning/people/badami"", ""citedby"": 3477, ""citedby5y"": 2086, ""hindex"": 25, ""hindex5y"": 18, ""i10index"": 35, ""i10index5y"": 26, ""cites_per_year"": {""2007"": 22, ""2008"": 15, ""2009"": 23, ""2010"": 23, ""2011"": 39, ""2012"": 42, ""2013"": 38, ""2014"": 53, ""2015"": 72, ""2016"": 120, ""2017"": 160, ""2018"": 190, ""2019"": 217, ""2020"": 293, ""2021"": 309, ""2022"": 321, ""2023"": 382, ""2024"": 399, ""2025"": 372, ""2026"": 299}}"
182,google_scholar,2026-09-15,23655,82,222,13750,64,,"{""scholar_id"": ""xyV9lRMAAAAJ"", ""name"": ""Ahmed El-Geneidy"", ""affiliation"": ""Professor, School of Urban Planning, McGill University"", ""email_domain"": ""@mcgill.ca"", ""interests"": [""land use and transport"", ""public transit planning and operations"", ""cycling"", ""equity"", ""urban planning""], ""homepage"": ""http://tram.mcgill.ca/"", ""citedby"": 23655, ""citedby5y"": 13750, ""hindex"": 82, ""hindex5y"": 64, ""i10index"": 222, ""i10index5y"": 190, ""cites_per_year"": {""2009"": 75, ""2010"": 128, ""2011"": 228, ""2012"": 283, ""2013"": 395, ""2014"": 558, ""2015"": 755, ""2016"": 894, ""2017"": 1120, ""2018"": 1490, ""2019"": 1796, ""2020"": 1788, ""2021"": 2059, ""2022"": 2064, ""2023"": 2242, ""2024"": 2431, ""2025"": 2720, ""2026"": 2207}}"
185,google_scholar,2026-09-15,11840,58,137,4090,35,,"{""scholar_id"": ""39owLE0AAAAJ"", ""name"": ""Richard Shearmur"", ""affiliation"": ""School of Urban Planning, McGill University, Montreal"", ""email_domain"": ""@mcgill.ca"", ""interests"": [""Urban geography"", ""Multi-location of economic activity"", ""The geography of innovation""], ""homepage"": ""https://www.mcgill.ca/urbanplanning/richard-g-shearmur"", ""citedby"": 11840, ""citedby5y"": 4090, ""hindex"": 58, ""hindex5y"": 35, ""i10index"": 137, ""i10index5y"": 89, ""cites_per_year"": {""2001"": 39, ""2002"": 63, ""2003"": 83, ""2004"": 124, ""2005"": 140, ""2006"": 149, ""2007"": 253, ""2008"": 258, ""2009"": 243, ""2010"": 351, ""2011"": 324, ""2012"": 521, ""2013"": 519, ""2014"": 531, ""2015"": 522, ""2016"": 661, ""2017"": 563, ""2018"": 598, ""2019"": 743, ""2020"": 782, ""2021"": 768, ""2022"": 676, ""2023"": 678, ""2024"": 725, ""2025"": 704, ""2026"": 536}}"
186,google_scholar,2026-09-15,6942,26,37,4498,22,,"{""scholar_id"": ""qg1e5xsAAAAJ"", ""name"": ""David Wachsmuth"", ""affiliation"": ""Canada Research Chair in Urban Governance, Associate Professor of Urban Planning, McGill University"", ""email_domain"": ""@mcgill.ca"", ""interests"": [""Urban governance"", ""housing markets"", ""political economy"", ""urban sustainability"", ""short-term rentals""], ""homepage"": ""http://upgo.lab.mcgill.ca/"", ""citedby"": 6942, ""citedby5y"": 4498, ""hindex"": 26, ""hindex5y"": 22, ""i10index"": 37, ""i10index5y"": 29, ""cites_per_year"": {""2012"": 19, ""2013"": 52, ""2014"": 108, ""2015"": 156, ""2016"": 227, ""2017"": 261, ""2018"": 382, ""2019"": 448, ""2020"": 615, ""2021"": 763, ""2022"": 778, ""2023"": 751, ""2024"": 781, ""2025"": 733, ""2026"": 690}}"
189,google_scholar,2026-09-15,876,18,21,371,10,,"{""scholar_id"": ""Uc4F40cAAAAJ"", ""name"": ""David L Prytherch"", ""affiliation"": ""Miami University"", ""email_domain"": ""@miamioh.edu"", ""interests"": [""urban geography"", ""transport geography"", ""mobilities"", ""planning"", ""mobility justice""], ""homepage"": null, ""citedby"": 876, ""citedby5y"": 371, ""hindex"": 18, ""hindex5y"": 10, ""i10index"": 21, ""i10index5y"": 10, ""cites_per_year"": {""2004"": 4, ""2005"": 1, ""2006"": 5, ""2007"": 10, ""2008"": 8, ""2009"": 19, ""2010"": 8, ""2011"": 20, ""2012"": 22, ""2013"": 39, ""2014"": 41, ""2015"": 33, ""2016"": 41, ""2017"": 62, ""2018"": 41, ""2019"": 58, ""2020"": 65, ""2021"": 69, ""2022"": 65, ""2023"": 65, ""2024"": 63, ""2025"": 61, ""2026"": 48}}"
190,google_scholar,2026-09-15,39,4,1,18,3,,"{""scholar_id"": ""q48wRmAAAAAJ"", ""name"": ""Damon Scott"", ""affiliation"": ""Associate Professor, Geography and American Studies, Miami University"", ""email_domain"": ""@miamioh.edu"", ""interests"": [], ""homepage"": null, ""citedby"": 39, ""citedby5y"": 18, ""hindex"": 4, ""hindex5y"": 3, ""i10index"": 1, ""i10index5y"": 0, ""cites_per_year"": {""1997"": 1, ""1999"": 1, ""2000"": 1, ""2002"": 2, ""2005"": 1, ""2007"": 3, ""2010"": 1, ""2011"": 1, ""2012"": 1, ""2013"": 1, ""2014"": 1, ""2015"": 2, ""2016"": 2, ""2019"": 1, ""2020"": 2, ""2021"": 5, ""2024"": 2, ""2025"": 6, ""2026"": 5}}"
192,google_scholar,2026-09-15,1080,16,28,840,16,,"{""scholar_id"": ""1E6fpHgAAAAJ"", ""name"": ""Noah J. Durst"", ""affiliation"": ""Michigan State University"", ""email_domain"": ""@msu.edu"", ""interests"": [""Housing"", ""urban informality"", ""municipal annexation"", ""land use regulation""], ""homepage"": null, ""citedby"": 1080, ""citedby5y"": 840, ""hindex"": 16, ""hindex5y"": 16, ""i10index"": 28, ""i10index5y"": 25, ""cites_per_year"": {""2014"": 9, ""2015"": 17, ""2016"": 24, ""2017"": 20, ""2018"": 31, ""2019"": 66, ""2020"": 68, ""2021"": 116, ""2022"": 126, ""2023"": 127, ""2024"": 134, ""2025"": 163, ""2026"": 172}}"
193,google_scholar,2026-09-15,850,15,24,341,9,,"{""scholar_id"": ""P508SQkAAAAJ"", ""name"": ""Zenia Kotval"", ""affiliation"": ""Professor Michigan State University"", ""email_domain"": ""@msu.edu"", ""interests"": [""Community Development""], ""homepage"": null, ""citedby"": 850, ""citedby5y"": 341, ""hindex"": 15, ""hindex5y"": 9, ""i10index"": 24, ""i10index5y"": 8, ""cites_per_year"": {""1999"": 3, ""2000"": 3, ""2001"": 3, ""2002"": 5, ""2003"": 10, ""2004"": 7, ""2005"": 18, ""2006"": 11, ""2007"": 16, ""2008"": 14, ""2009"": 25, ""2010"": 19, ""2011"": 12, ""2012"": 34, ""2013"": 19, ""2014"": 41, ""2015"": 29, ""2016"": 44, ""2017"": 35, ""2018"": 45, ""2019"": 48, ""2020"": 43, ""2021"": 52, ""2022"": 31, ""2023"": 47, ""2024"": 60, ""2025"": 79, ""2026"": 70}}"
195,google_scholar,2026-09-15,191,7,6,106,6,,"{""scholar_id"": ""6NKqhUIAAAAJ"", ""name"": ""Jesus J. Lara, PhD"", ""affiliation"": ""Professor of Urban and Regional Planning at Michigan State University"", ""email_domain"": ""@msu.edu"", ""interests"": [""Urban Design"", ""Sustainable Urbanism"", ""Urban Revitalization"", ""Latino Urbanism"", ""Placemaking""], ""homepage"": ""https://www.canr.msu.edu/people/jesus-lara?roleURL=jesus-lara&language_id="", ""citedby"": 191, ""citedby5y"": 106, ""hindex"": 7, ""hindex5y"": 6, ""i10index"": 6, ""i10index5y"": 3, ""cites_per_year"": {""2013"": 2, ""2014"": 5, ""2015"": 10, ""2016"": 6, ""2017"": 18, ""2018"": 12, ""2019"": 8, ""2020"": 19, ""2021"": 18, ""2022"": 16, ""2023"": 20, ""2024"": 19, ""2025"": 17, ""2026"": 16}}"
196,google_scholar,2026-09-15,1307,12,15,422,8,,"{""scholar_id"": ""K-c6LREAAAAJ"", ""name"": ""Patricia Machemer"", ""affiliation"": ""Michigan State University"", ""email_domain"": null, ""interests"": [""Land use planning"", ""participatory planning""], ""homepage"": null, ""citedby"": 1307, ""citedby5y"": 422, ""hindex"": 12, ""hindex5y"": 8, ""i10index"": 15, ""i10index5y"": 7, ""cites_per_year"": {""2004"": 4, ""2005"": 11, ""2006"": 6, ""2007"": 14, ""2008"": 24, ""2009"": 30, ""2010"": 37, ""2011"": 48, ""2012"": 42, ""2013"": 64, ""2014"": 54, ""2015"": 79, ""2016"": 79, ""2017"": 68, ""2018"": 100, ""2019"": 75, ""2020"": 123, ""2021"": 90, ""2022"": 74, ""2023"": 73, ""2024"": 80, ""2025"": 64, ""2026"": 41}}"
197,google_scholar,2026-09-15,256,9,8,242,9,,"{""scholar_id"": ""GxvkeLcAAAAJ"", ""name"": ""Deyanira Nevárez Martínez"", ""affiliation"": ""Urban and Regional Planning, Michigan State University"", ""email_domain"": ""@msu.edu"", ""interests"": [""Housing"", ""Homelessness"", ""Informality"", ""Street-Level Bureaucracy"", ""Criminalization of Poverty""], ""homepage"": ""http://www.dnmartinez.com/"", ""citedby"": 256, ""citedby5y"": 242, ""hindex"": 9, ""hindex5y"": 9, ""i10index"": 8, ""i10index5y"": 8, ""cites_per_year"": {""2020"": 9, ""2021"": 21, ""2022"": 30, ""2023"": 27, ""2024"": 53, ""2025"": 66, ""2026"": 45}}"
198,google_scholar,2026-09-15,817,14,19,496,12,,"{""scholar_id"": ""uR6_4DUAAAAJ"", ""name"": ""Victoria Morckel"", ""affiliation"": ""Assistant Professor, Michigan State University"", ""email_domain"": ""@msu.edu"", ""interests"": [""urban decline"", ""legacy cities"", ""shrinking cities"", ""neighborhood change""], ""homepage"": null, ""citedby"": 817, ""citedby5y"": 496, ""hindex"": 14, ""hindex5y"": 12, ""i10index"": 19, ""i10index5y"": 14, ""cites_per_year"": {""2014"": 13, ""2015"": 16, ""2016"": 30, ""2017"": 38, ""2018"": 56, ""2019"": 75, ""2020"": 81, ""2021"": 105, ""2022"": 106, ""2023"": 79, ""2024"": 76, ""2025"": 71, ""2026"": 59}}"
199,google_scholar,2026-09-15,1607,19,31,761,12,,"{""scholar_id"": ""3Ptw1dwAAAAJ"", ""name"": ""Mark I Wilson"", ""affiliation"": ""Michigan State University"", ""email_domain"": ""@msu.edu"", ""interests"": [""urban planning"", ""autonomous technology"", ""mega-events""], ""homepage"": null, ""citedby"": 1607, ""citedby5y"": 761, ""hindex"": 19, ""hindex5y"": 12, ""i10index"": 31, ""i10index5y"": 16, ""cites_per_year"": {""1995"": 8, ""1996"": 8, ""1997"": 4, ""1999"": 5, ""2000"": 6, ""2001"": 14, ""2002"": 28, ""2003"": 24, ""2004"": 28, ""2005"": 24, ""2006"": 34, ""2007"": 37, ""2008"": 45, ""2009"": 25, ""2010"": 46, ""2011"": 32, ""2012"": 40, ""2013"": 31, ""2014"": 45, ""2015"": 38, ""2016"": 39, ""2017"": 48, ""2018"": 30, ""2019"": 69, ""2020"": 99, ""2021"": 125, ""2022"": 142, ""2023"": 124, ""2024"": 154, ""2025"": 126, ""2026"": 89}}"
200,google_scholar,2026-09-15,810,13,13,353,10,,"{""scholar_id"": ""Yfw_SakAAAAJ"", ""name"": ""Raymond Asomani-Boateng"", ""affiliation"": ""Professor of Urban Planning, Minnesota State University, Mankato"", ""email_domain"": null, ""interests"": [""sustainable urban development"", ""urban agriculture"", ""waste management"", ""indigenous African urban forms"", ""wetland management and plann""], ""homepage"": null, ""citedby"": 810, ""citedby5y"": 353, ""hindex"": 13, ""hindex5y"": 10, ""i10index"": 13, ""i10index5y"": 10, ""cites_per_year"": {""2001"": 6, ""2002"": 5, ""2003"": 6, ""2004"": 3, ""2005"": 4, ""2006"": 20, ""2007"": 14, ""2008"": 15, ""2009"": 23, ""2010"": 25, ""2011"": 22, ""2012"": 25, ""2013"": 25, ""2014"": 17, ""2015"": 32, ""2016"": 34, ""2017"": 26, ""2018"": 40, ""2019"": 43, ""2020"": 57, ""2021"": 59, ""2022"": 74, ""2023"": 79, ""2024"": 59, ""2025"": 51, ""2026"": 31}}"
202,google_scholar,2026-09-15,127,5,4,44,4,,"{""scholar_id"": ""eBb1xIsAAAAJ"", ""name"": ""Scott Granberg-Rademacker"", ""affiliation"": ""Minnesota State University, Mankato"", ""email_domain"": ""@mnsu.edu"", ""interests"": [""Public Administration"", ""Public Policy"", ""Urban and Regional Studies"", ""Political Methodology"", ""Artificial Intelligence""], ""homepage"": ""https://sbs.mnsu.edu/academics/political-science/faculty-and-staff/scott-granberg-rademacker/"", ""citedby"": 127, ""citedby5y"": 44, ""hindex"": 5, ""hindex5y"": 4, ""i10index"": 4, ""i10index5y"": 1, ""cites_per_year"": {""2004"": 1, ""2005"": 2, ""2006"": 2, ""2007"": 2, ""2009"": 1, ""2010"": 2, ""2011"": 6, ""2012"": 5, ""2013"": 4, ""2014"": 7, ""2015"": 5, ""2016"": 10, ""2017"": 6, ""2018"": 12, ""2019"": 9, ""2020"": 6, ""2021"": 6, ""2022"": 12, ""2023"": 13, ""2024"": 6, ""2025"": 6, ""2026"": 1}}"
206,google_scholar,2026-09-15,344,9,8,299,9,,"{""scholar_id"": ""MIP_NUwAAAAJ"", ""name"": ""Krista Evans"", ""affiliation"": ""Assistant Professor of Human Geog and Planning, Missouri State University"", ""email_domain"": ""@missouristate.edu"", ""interests"": [""Rural geography and planning"", ""historic preservation"", ""tiny house movement""], ""homepage"": null, ""citedby"": 344, ""citedby5y"": 299, ""hindex"": 9, ""hindex5y"": 9, ""i10index"": 8, ""i10index5y"": 8, ""cites_per_year"": {""2018"": 9, ""2019"": 13, ""2020"": 20, ""2021"": 20, ""2022"": 48, ""2023"": 49, ""2024"": 49, ""2025"": 69, ""2026"": 61}}"
207,google_scholar,2026-09-15,404,10,10,361,10,,"{""scholar_id"": ""-irSXwwAAAAJ"", ""name"": ""Evan Iacobucci"", ""affiliation"": ""Missouri State University"", ""email_domain"": ""@missouristate.edu"", ""interests"": [""transportation"", ""behavioral change"", ""perception"", ""attitudes"", ""urban freight""], ""homepage"": ""https://evaniacobucci.github.io/"", ""citedby"": 404, ""citedby5y"": 361, ""hindex"": 10, ""hindex5y"": 10, ""i10index"": 10, ""i10index5y"": 10, ""cites_per_year"": {""2017"": 1, ""2018"": 1, ""2019"": 10, ""2020"": 25, ""2021"": 31, ""2022"": 35, ""2023"": 65, ""2024"": 69, ""2025"": 109, ""2026"": 51}}"
208,google_scholar,2026-09-15,546,11,11,237,7,,"{""scholar_id"": ""_vKaB3IAAAAJ"", ""name"": ""Ron Malega"", ""affiliation"": ""Missouri State University"", ""email_domain"": ""@missouristate.edu"", ""interests"": [""Urban Social Geography"", ""Urban Affairs & Planning"", ""Segregation"", ""Policing""], ""homepage"": null, ""citedby"": 546, ""citedby5y"": 237, ""hindex"": 11, ""hindex5y"": 7, ""i10index"": 11, ""i10index5y"": 7, ""cites_per_year"": {""2004"": 5, ""2005"": 5, ""2006"": 3, ""2007"": 9, ""2008"": 9, ""2009"": 12, ""2010"": 11, ""2011"": 14, ""2012"": 17, ""2013"": 17, ""2014"": 24, ""2015"": 22, ""2016"": 27, ""2017"": 20, ""2018"": 17, ""2019"": 42, ""2020"": 44, ""2021"": 45, ""2022"": 54, ""2023"": 37, ""2024"": 24, ""2025"": 38, ""2026"": 39}}"
210,google_scholar,2026-09-15,6062,38,71,4625,34,,"{""scholar_id"": ""t-7_VOkAAAAJ"", ""name"": ""Mariana Clair Arcaya"", ""affiliation"": ""Department of Urban Studies and Planning, MIT"", ""email_domain"": ""@mit.edu"", ""interests"": [""urban planning"", ""social epidemiology""], ""homepage"": ""http://dusp.mit.edu/faculty/mariana-arcaya"", ""citedby"": 6062, ""citedby5y"": 4625, ""hindex"": 38, ""hindex5y"": 34, ""i10index"": 71, ""i10index5y"": 67, ""cites_per_year"": {""2014"": 36, ""2015"": 76, ""2016"": 139, ""2017"": 143, ""2018"": 198, ""2019"": 311, ""2020"": 433, ""2021"": 573, ""2022"": 747, ""2023"": 810, ""2024"": 862, ""2025"": 957, ""2026"": 671}}"
211,google_scholar,2026-09-15,9967,32,54,2547,21,,"{""scholar_id"": ""Tj1Zk98AAAAJ"", ""name"": ""Eran Ben-Joseph"", ""affiliation"": ""Professor, Department of Urban Studies and Planning, MIT"", ""email_domain"": ""@mit.edu"", ""interests"": [""Urban Design"", ""Urban Planning"", ""Landscape Architecture"", ""Regulations"", ""Codes""], ""homepage"": ""https://dusp.mit.edu/people/eran-ben-joseph"", ""citedby"": 9967, ""citedby5y"": 2547, ""hindex"": 32, ""hindex5y"": 21, ""i10index"": 54, ""i10index5y"": 31, ""cites_per_year"": {""2000"": 52, ""2001"": 92, ""2002"": 117, ""2003"": 197, ""2004"": 175, ""2005"": 206, ""2006"": 275, ""2007"": 260, ""2008"": 311, ""2009"": 336, ""2010"": 396, ""2011"": 328, ""2012"": 401, ""2013"": 436, ""2014"": 490, ""2015"": 481, ""2016"": 527, ""2017"": 525, ""2018"": 503, ""2019"": 547, ""2020"": 475, ""2021"": 515, ""2022"": 463, ""2023"": 453, ""2024"": 428, ""2025"": 415, ""2026"": 266}}"
213,google_scholar,2026-09-15,512,10,10,362,10,,"{""scholar_id"": ""YwkatPgAAAAJ"", ""name"": ""devin michelle bunten"", ""affiliation"": ""Department of Urban Studies and Planning, MIT"", ""email_domain"": ""@mit.edu"", ""interests"": [""urban studies"", ""racial capitalism"", ""housing""], ""homepage"": ""http://www.devinbunten.com/"", ""citedby"": 512, ""citedby5y"": 362, ""hindex"": 10, ""hindex5y"": 10, ""i10index"": 10, ""i10index5y"": 10, ""cites_per_year"": {""2014"": 3, ""2015"": 7, ""2016"": 10, ""2017"": 18, ""2018"": 19, ""2019"": 37, ""2020"": 48, ""2021"": 36, ""2022"": 60, ""2023"": 50, ""2024"": 75, ""2025"": 76, ""2026"": 62}}"
214,google_scholar,2026-09-15,1529,11,13,327,9,,"{""scholar_id"": ""5wsSlFwAAAAJ"", ""name"": ""Gabriella Y. Carolini"", ""affiliation"": ""Associate Professor of Urban Planning and International Development"", ""email_domain"": ""@mit.edu"", ""interests"": [""Urban Infrastructure"", ""Governance"", ""South-South Cooperation"", ""Urban Planning"", ""Water and Sanitation""], ""homepage"": ""https://carolini.mit.edu/"", ""citedby"": 1529, ""citedby5y"": 327, ""hindex"": 11, ""hindex5y"": 9, ""i10index"": 13, ""i10index5y"": 9, ""cites_per_year"": {""2005"": 65, ""2006"": 68, ""2007"": 82, ""2008"": 88, ""2009"": 70, ""2010"": 75, ""2011"": 71, ""2012"": 71, ""2013"": 67, ""2014"": 82, ""2015"": 70, ""2016"": 86, ""2017"": 59, ""2018"": 66, ""2019"": 83, ""2020"": 61, ""2021"": 62, ""2022"": 58, ""2023"": 57, ""2024"": 71, ""2025"": 38, ""2026"": 41}}"
216,google_scholar,2026-09-15,8804,33,58,7832,31,,"{""scholar_id"": ""yHJdpokAAAAJ"", ""name"": ""Catherine D'Ignazio"", ""affiliation"": ""Associate Professor of Urban Science and Planning at MIT Dept of Urban Studies and Planning"", ""email_domain"": ""@mit.edu"", ""interests"": [""Data feminism"", ""Data Literacy"", ""Feminist Tech"", ""Reproductive Justice"", ""Civic Engagement""], ""homepage"": ""http://www.kanarinka.com/"", ""citedby"": 8804, ""citedby5y"": 7832, ""hindex"": 33, ""hindex5y"": 31, ""i10index"": 58, ""i10index5y"": 56, ""cites_per_year"": {""2016"": 23, ""2017"": 54, ""2018"": 92, ""2019"": 174, ""2020"": 389, ""2021"": 664, ""2022"": 1022, ""2023"": 1280, ""2024"": 1399, ""2025"": 1909, ""2026"": 1543}}"
217,google_scholar,2026-09-15,7626,37,102,3769,28,,"{""scholar_id"": ""zlSPLp8AAAAJ"", ""name"": ""Joseph Ferreira"", ""affiliation"": ""Professor, MIT"", ""email_domain"": ""@mit.edu"", ""interests"": [""urban analytics"", ""GIS"", ""land use and transportation models"", ""spatial analysis"", ""risk assessment""], ""homepage"": null, ""citedby"": 7626, ""citedby5y"": 3769, ""hindex"": 37, ""hindex5y"": 28, ""i10index"": 102, ""i10index5y"": 48, ""cites_per_year"": {""2001"": 23, ""2002"": 24, ""2003"": 15, ""2004"": 25, ""2005"": 42, ""2006"": 24, ""2007"": 43, ""2008"": 41, ""2009"": 50, ""2010"": 69, ""2011"": 94, ""2012"": 109, ""2013"": 178, ""2014"": 188, ""2015"": 271, ""2016"": 329, ""2017"": 423, ""2018"": 496, ""2019"": 492, ""2020"": 584, ""2021"": 732, ""2022"": 688, ""2023"": 662, ""2024"": 629, ""2025"": 631, ""2026"": 406}}"
219,google_scholar,2026-09-15,9165,45,81,2235,22,,"{""scholar_id"": ""5S2bRsUAAAAJ"", ""name"": ""David Geltner"", ""affiliation"": ""Professor of Real Estate Finance, Massachusetts Institute of Technology"", ""email_domain"": ""@mit.edu"", ""interests"": [""Real Estate Investments"", ""Urban Economics"", ""Real Estate Finance"", ""Price Indexes""], ""homepage"": null, ""citedby"": 9165, ""citedby5y"": 2235, ""hindex"": 45, ""hindex5y"": 22, ""i10index"": 81, ""i10index5y"": 48, ""cites_per_year"": {""1992"": 43, ""1993"": 22, ""1994"": 44, ""1995"": 77, ""1996"": 84, ""1997"": 118, ""1998"": 89, ""1999"": 106, ""2000"": 116, ""2001"": 121, ""2002"": 127, ""2003"": 200, ""2004"": 241, ""2005"": 210, ""2006"": 200, ""2007"": 223, ""2008"": 259, ""2009"": 260, ""2010"": 300, ""2011"": 378, ""2012"": 409, ""2013"": 389, ""2014"": 371, ""2015"": 413, ""2016"": 376, ""2017"": 379, ""2018"": 386, ""2019"": 391, ""2020"": 414, ""2021"": 385, ""2022"": 397, ""2023"": 329, ""2024"": 363, ""2025"": 447, ""2026"": 314}}"
220,google_scholar,2026-09-15,8069,48,90,2063,22,,"{""scholar_id"": ""HO7_3i8AAAAJ"", ""name"": ""Amy K. Glasmeier, Amy Glasmeier, A.K. Glasmeier, Amy Glasmeier"", ""affiliation"": ""Department of Urban Studies and Planning, MIT"", ""email_domain"": ""@mit.edu"", ""interests"": [""income security"", ""poverty alleviation"", ""regional development"", ""industrial policy""], ""homepage"": ""http://livingwage.mit.edu/"", ""citedby"": 8069, ""citedby5y"": 2063, ""hindex"": 48, ""hindex5y"": 22, ""i10index"": 90, ""i10index5y"": 37, ""cites_per_year"": {""1987"": 40, ""1988"": 55, ""1989"": 95, ""1990"": 72, ""1991"": 107, ""1992"": 114, ""1993"": 92, ""1994"": 97, ""1995"": 110, ""1996"": 128, ""1997"": 117, ""1998"": 127, ""1999"": 137, ""2000"": 151, ""2001"": 188, ""2002"": 182, ""2003"": 216, ""2004"": 191, ""2005"": 156, ""2006"": 207, ""2007"": 196, ""2008"": 194, ""2009"": 188, ""2010"": 158, ""2011"": 181, ""2012"": 196, ""2013"": 191, ""2014"": 163, ""2015"": 256, ""2016"": 229, ""2017"": 248, ""2018"": 316, ""2019"": 341, ""2020"": 346, ""2021"": 357, ""2022"": 379, ""2023"": 330, ""2024"": 374, ""2025"": 372, ""2026"": 244}}"
221,google_scholar,2026-09-15,1455,18,20,981,16,,"{""scholar_id"": ""bZ98GoIAAAAJ"", ""name"": ""David Hsu"", ""affiliation"": ""Department of Urban Studies and Planning, MIT"", ""email_domain"": ""@mit.edu"", ""interests"": [""urban planning"", ""decarbonization"", ""buildings"", ""green infrastructure""], ""homepage"": ""https://dusp.mit.edu/user/19"", ""citedby"": 1455, ""citedby5y"": 981, ""hindex"": 18, ""hindex5y"": 16, ""i10index"": 20, ""i10index5y"": 18, ""cites_per_year"": {""2014"": 9, ""2015"": 26, ""2016"": 46, ""2017"": 53, ""2018"": 90, ""2019"": 113, ""2020"": 118, ""2021"": 132, ""2022"": 146, ""2023"": 167, ""2024"": 173, ""2025"": 188, ""2026"": 171}}"
222,google_scholar,2026-09-15,89,5,2,75,4,,"{""scholar_id"": ""orC6GycAAAAJ"", ""name"": ""Jason Jackson"", ""affiliation"": ""Associate Professor of Political Economy"", ""email_domain"": ""@mit.edu"", ""interests"": [""Political Economy"", ""International Development"", ""Industrial Policy""], ""homepage"": ""https://www.politicaleconomylab.mit.edu/"", ""citedby"": 89, ""citedby5y"": 75, ""hindex"": 5, ""hindex5y"": 4, ""i10index"": 2, ""i10index5y"": 1, ""cites_per_year"": {""2007"": 2, ""2014"": 1, ""2015"": 3, ""2016"": 2, ""2017"": 1, ""2018"": 1, ""2019"": 2, ""2020"": 2, ""2021"": 8, ""2022"": 13, ""2023"": 19, ""2024"": 14, ""2025"": 9, ""2026"": 12}}"
223,google_scholar,2026-09-15,983,10,11,292,7,,"{""scholar_id"": ""EKnh-r0AAAAJ"", ""name"": ""Erica Caple James"", ""affiliation"": ""MIT"", ""email_domain"": null, ""interests"": [""medical anthropology"", ""health and human rights"", ""race and historic preservation"", ""Haiti""], ""homepage"": ""https://dusp.mit.edu/people/erica-caple-james"", ""citedby"": 983, ""citedby5y"": 292, ""hindex"": 10, ""hindex5y"": 7, ""i10index"": 11, ""i10index5y"": 6, ""cites_per_year"": {""2007"": 3, ""2008"": 9, ""2009"": 9, ""2010"": 20, ""2011"": 29, ""2012"": 66, ""2013"": 47, ""2014"": 73, ""2015"": 88, ""2016"": 77, ""2017"": 61, ""2018"": 51, ""2019"": 65, ""2020"": 66, ""2021"": 62, ""2022"": 59, ""2023"": 46, ""2024"": 61, ""2025"": 43, ""2026"": 21}}"
224,google_scholar,2026-09-15,2086,24,32,1020,18,,"{""scholar_id"": ""0ls-w1wAAAAJ"", ""name"": ""Janelle Knox-Hayes"", ""affiliation"": ""Associate Professor, Department of Urban Studies and Planning, MIT"", ""email_domain"": null, ""interests"": [], ""homepage"": null, ""citedby"": 2086, ""citedby5y"": 1020, ""hindex"": 24, ""hindex5y"": 18, ""i10index"": 32, ""i10index5y"": 27, ""cites_per_year"": {""2009"": 22, ""2010"": 27, ""2011"": 49, ""2012"": 39, ""2013"": 45, ""2014"": 94, ""2015"": 96, ""2016"": 114, ""2017"": 139, ""2018"": 143, ""2019"": 138, ""2020"": 134, ""2021"": 150, ""2022"": 161, ""2023"": 155, ""2024"": 202, ""2025"": 204, ""2026"": 147}}"
226,google_scholar,2026-09-15,4818,23,38,1315,14,,"{""scholar_id"": ""dJwLfrQAAAAJ"", ""name"": ""Balakrishnan Rajagopal"", ""affiliation"": ""Professor of Law and Development, MIT"", ""email_domain"": ""@mit.edu"", ""interests"": [""International law"", ""human rights"", ""development"", ""social movements""], ""homepage"": null, ""citedby"": 4818, ""citedby5y"": 1315, ""hindex"": 23, ""hindex5y"": 14, ""i10index"": 38, ""i10index5y"": 23, ""cites_per_year"": {""2000"": 12, ""2001"": 13, ""2002"": 14, ""2003"": 23, ""2004"": 43, ""2005"": 69, ""2006"": 81, ""2007"": 96, ""2008"": 116, ""2009"": 166, ""2010"": 158, ""2011"": 198, ""2012"": 235, ""2013"": 233, ""2014"": 194, ""2015"": 281, ""2016"": 277, ""2017"": 291, ""2018"": 264, ""2019"": 278, ""2020"": 265, ""2021"": 282, ""2022"": 245, ""2023"": 195, ""2024"": 250, ""2025"": 202, ""2026"": 138}}"
227,google_scholar,2026-09-15,52753,117,427,29982,88,,"{""scholar_id"": ""UF2gBtMAAAAJ"", ""name"": ""Carlo Ratti"", ""affiliation"": ""Professor and Director Senseable City Lab, MIT and Politecnico di Milano"", ""email_domain"": ""@mit.edu"", ""interests"": [""Urban Studies"", ""Cities"", ""Urban Mobility"", ""Urban Computing"", ""Urban design""], ""homepage"": null, ""citedby"": 52753, ""citedby5y"": 29982, ""hindex"": 117, ""hindex5y"": 88, ""i10index"": 427, ""i10index5y"": 328, ""cites_per_year"": {""2007"": 165, ""2008"": 251, ""2009"": 388, ""2010"": 530, ""2011"": 692, ""2012"": 969, ""2013"": 1283, ""2014"": 1511, ""2015"": 1966, ""2016"": 2096, ""2017"": 2510, ""2018"": 2706, ""2019"": 3210, ""2020"": 3410, ""2021"": 4328, ""2022"": 4426, ""2023"": 4838, ""2024"": 5261, ""2025"": 6261, ""2026"": 4797}}"
228,google_scholar,2026-09-15,1441,16,23,676,14,,"{""scholar_id"": ""IYZUu40AAAAJ"", ""name"": ""Brent D. Ryan"", ""affiliation"": ""Professor of Urban Design and Public Policy, MIT"", ""email_domain"": ""@mit.edu"", ""interests"": [""Urban Design"", ""Public Policy"", ""Shrinking Cities"", ""Planning Theory""], ""homepage"": ""http://dusp.mit.edu/faculty/brent-d-ryan"", ""citedby"": 1441, ""citedby5y"": 676, ""hindex"": 16, ""hindex5y"": 14, ""i10index"": 23, ""i10index5y"": 18, ""cites_per_year"": {""2007"": 5, ""2008"": 9, ""2009"": 9, ""2010"": 12, ""2011"": 12, ""2012"": 28, ""2013"": 63, ""2014"": 57, ""2015"": 65, ""2016"": 77, ""2017"": 90, ""2018"": 91, ""2019"": 111, ""2020"": 108, ""2021"": 100, ""2022"": 96, ""2023"": 115, ""2024"": 110, ""2025"": 144, ""2026"": 108}}"
229,google_scholar,2026-09-15,15495,29,41,6091,22,,"{""scholar_id"": ""sy06iWUAAAAJ"", ""name"": ""Albert Saiz"", ""affiliation"": ""Department of Urban Studies and Planning, MIT"", ""email_domain"": ""@mit.edu"", ""interests"": [""Urban Economics"", ""Real Estate"", ""Labor Economics"", ""Housing""], ""homepage"": ""https://urbaneconomics.mit.edu/people/albert-saiz"", ""citedby"": 15495, ""citedby5y"": 6091, ""hindex"": 29, ""hindex5y"": 22, ""i10index"": 41, ""i10index5y"": 32, ""cites_per_year"": {""2004"": 73, ""2005"": 111, ""2006"": 148, ""2007"": 185, ""2008"": 259, ""2009"": 347, ""2010"": 431, ""2011"": 452, ""2012"": 532, ""2013"": 640, ""2014"": 665, ""2015"": 756, ""2016"": 816, ""2017"": 837, ""2018"": 938, ""2019"": 890, ""2020"": 979, ""2021"": 956, ""2022"": 917, ""2023"": 997, ""2024"": 1071, ""2025"": 1226, ""2026"": 920}}"
230,google_scholar,2026-09-15,3505,28,51,551,12,,"{""scholar_id"": ""IpR0_88Q5r8C"", ""name"": ""Bishwapriya (Bish) Sanyal"", ""affiliation"": ""Department of Urban Studies and Planning, MIT"", ""email_domain"": ""@mit.edu"", ""interests"": [""planning education"", ""planning theory"", ""housing and informal economy"", ""international development""], ""homepage"": ""https://dusp.mit.edu/faculty/bish-sanyal"", ""citedby"": 3505, ""citedby5y"": 551, ""hindex"": 28, ""hindex5y"": 12, ""i10index"": 51, ""i10index5y"": 16, ""cites_per_year"": {""1987"": 10, ""1988"": 8, ""1989"": 24, ""1990"": 21, ""1991"": 22, ""1992"": 29, ""1993"": 43, ""1994"": 38, ""1995"": 43, ""1996"": 32, ""1997"": 42, ""1998"": 54, ""1999"": 38, ""2000"": 73, ""2001"": 91, ""2002"": 98, ""2003"": 99, ""2004"": 101, ""2005"": 104, ""2006"": 104, ""2007"": 113, ""2008"": 99, ""2009"": 106, ""2010"": 116, ""2011"": 88, ""2012"": 139, ""2013"": 131, ""2014"": 130, ""2015"": 99, ""2016"": 150, ""2017"": 152, ""2018"": 170, ""2019"": 128, ""2020"": 146, ""2021"": 128, ""2022"": 98, ""2023"": 99, ""2024"": 89, ""2025"": 71, ""2026"": 66}}"
231,google_scholar,2026-09-15,4364,32,48,2535,27,,"{""scholar_id"": ""2tjH9nEAAAAJ"", ""name"": ""Andres Sevtsuk"", ""affiliation"": ""Associate Professor of Urban Science and Planning, MIT."", ""email_domain"": ""@mit.edu"", ""interests"": [""urban planning"", ""urban analytics"", ""urban design"", ""city form"", ""computing""], ""homepage"": ""http://cityform.mit.edu/"", ""citedby"": 4364, ""citedby5y"": 2535, ""hindex"": 32, ""hindex5y"": 27, ""i10index"": 48, ""i10index5y"": 40, ""cites_per_year"": {""2007"": 22, ""2008"": 29, ""2009"": 52, ""2010"": 61, ""2011"": 61, ""2012"": 91, ""2013"": 129, ""2014"": 137, ""2015"": 147, ""2016"": 165, ""2017"": 208, ""2018"": 205, ""2019"": 237, ""2020"": 223, ""2021"": 286, ""2022"": 362, ""2023"": 375, ""2024"": 411, ""2025"": 609, ""2026"": 470}}"
232,google_scholar,2026-09-15,5211,20,34,1169,13,,"{""scholar_id"": ""nvhhXUsAAAAJ"", ""name"": ""Anne Whiston Spirn"", ""affiliation"": ""Professor of Landcape Architecture and Planning, MIT"", ""email_domain"": ""@mit.edu"", ""interests"": [""ecological urbanism"", ""landscape architecture"", ""planning"", ""photography"", ""history and theory""], ""homepage"": ""http://www.annewhistonspirn.com/"", ""citedby"": 5211, ""citedby5y"": 1169, ""hindex"": 20, ""hindex5y"": 13, ""i10index"": 34, ""i10index5y"": 15, ""cites_per_year"": {""1991"": 19, ""1992"": 12, ""1993"": 26, ""1994"": 22, ""1995"": 27, ""1996"": 28, ""1997"": 43, ""1998"": 21, ""1999"": 41, ""2000"": 52, ""2001"": 63, ""2002"": 75, ""2003"": 115, ""2004"": 98, ""2005"": 120, ""2006"": 113, ""2007"": 126, ""2008"": 134, ""2009"": 167, ""2010"": 164, ""2011"": 183, ""2012"": 244, ""2013"": 242, ""2014"": 225, ""2015"": 209, ""2016"": 269, ""2017"": 253, ""2018"": 259, ""2019"": 279, ""2020"": 181, ""2021"": 188, ""2022"": 237, ""2023"": 206, ""2024"": 181, ""2025"": 221, ""2026"": 136}}"
233,google_scholar,2026-09-15,3047,27,41,2066,23,,"{""scholar_id"": ""0evtZSYAAAAJ"", ""name"": ""Justin Peter Steil"", ""affiliation"": ""Department of Urban Studies and Planning, MIT"", ""email_domain"": ""@mit.edu"", ""interests"": [""Urban Planning"", ""Spatial Inequality"", ""Land Use"", ""Housing Policy"", ""Environmental Justice""], ""homepage"": ""https://steil.mit.edu/"", ""citedby"": 3047, ""citedby5y"": 2066, ""hindex"": 27, ""hindex5y"": 23, ""i10index"": 41, ""i10index5y"": 35, ""cites_per_year"": {""2010"": 10, ""2011"": 14, ""2012"": 34, ""2013"": 52, ""2014"": 67, ""2015"": 89, ""2016"": 101, ""2017"": 94, ""2018"": 105, ""2019"": 150, ""2020"": 201, ""2021"": 272, ""2022"": 304, ""2023"": 330, ""2024"": 388, ""2025"": 416, ""2026"": 346}}"
234,google_scholar,2026-09-15,16259,54,160,3577,25,,"{""scholar_id"": ""80PRsgsAAAAJ"", ""name"": ""Lawrence Susskind"", ""affiliation"": ""Professor of Urban and Environmental Planning, Department of Urban Studies and Planning, MIT"", ""email_domain"": ""@mit.edu"", ""interests"": [""Mediation/negotiation"", ""cybersecurity"", ""environmental policy"", ""urban planning"", ""water diplomacy""], ""homepage"": ""http://lawrencesusskind.mit.edu/"", ""citedby"": 16259, ""citedby5y"": 3577, ""hindex"": 54, ""hindex5y"": 25, ""i10index"": 160, ""i10index5y"": 60, ""cites_per_year"": {""1987"": 74, ""1988"": 94, ""1989"": 97, ""1990"": 89, ""1991"": 112, ""1992"": 130, ""1993"": 166, ""1994"": 121, ""1995"": 159, ""1996"": 244, ""1997"": 218, ""1998"": 239, ""1999"": 252, ""2000"": 290, ""2001"": 290, ""2002"": 304, ""2003"": 416, ""2004"": 385, ""2005"": 313, ""2006"": 442, ""2007"": 339, ""2008"": 442, ""2009"": 405, ""2010"": 461, ""2011"": 483, ""2012"": 584, ""2013"": 642, ""2014"": 519, ""2015"": 567, ""2016"": 624, ""2017"": 668, ""2018"": 653, ""2019"": 602, ""2020"": 641, ""2021"": 594, ""2022"": 544, ""2023"": 651, ""2024"": 614, ""2025"": 696, ""2026"": 473}}"
236,google_scholar,2026-09-15,7399,32,63,2767,21,,"{""scholar_id"": ""wJatmOgAAAAJ"", ""name"": ""Lawrence Vale"", ""affiliation"": ""Department of Urban Studies and Planning, MIT"", ""email_domain"": ""@mit.edu"", ""interests"": [""Urban Planning"", ""Urban Design Politics"", ""Housing"", ""Resilience"", ""Disaster Recovery""], ""homepage"": null, ""citedby"": 7399, ""citedby5y"": 2767, ""hindex"": 32, ""hindex5y"": 21, ""i10index"": 63, ""i10index5y"": 38, ""cites_per_year"": {""1995"": 23, ""1996"": 28, ""1997"": 28, ""1998"": 41, ""1999"": 31, ""2000"": 36, ""2001"": 45, ""2002"": 52, ""2003"": 55, ""2004"": 59, ""2005"": 77, ""2006"": 101, ""2007"": 131, ""2008"": 143, ""2009"": 124, ""2010"": 167, ""2011"": 185, ""2012"": 220, ""2013"": 264, ""2014"": 297, ""2015"": 316, ""2016"": 388, ""2017"": 425, ""2018"": 416, ""2019"": 387, ""2020"": 420, ""2021"": 440, ""2022"": 495, ""2023"": 423, ""2024"": 402, ""2025"": 529, ""2026"": 472}}"
237,google_scholar,2026-09-15,70,5,3,48,5,,"{""scholar_id"": ""c0T-MBoAAAAJ"", ""name"": ""Delia Duong Ba Wendel"", ""affiliation"": ""Massachusetts Institute of Technology"", ""email_domain"": ""@mit.edu"", ""interests"": [""Politics and Space"", ""Peacebuilding"", ""Conflict""], ""homepage"": ""http://www.deliawendel.com/"", ""citedby"": 70, ""citedby5y"": 48, ""hindex"": 5, ""hindex5y"": 5, ""i10index"": 3, ""i10index5y"": 1, ""cites_per_year"": {""2012"": 2, ""2013"": 2, ""2014"": 3, ""2015"": 1, ""2016"": 3, ""2017"": 2, ""2018"": 1, ""2019"": 2, ""2020"": 6, ""2021"": 13, ""2022"": 3, ""2023"": 6, ""2024"": 5, ""2025"": 14, ""2026"": 6}}"
238,google_scholar,2026-09-15,3724,19,29,1972,17,,"{""scholar_id"": ""90NR720AAAAJ"", ""name"": ""Sarah Williams"", ""affiliation"": ""Massachusetts Institute of Technology"", ""email_domain"": ""@mit.edu"", ""interests"": [""Urban Computing"", ""Data Visualization"", ""Urban Planning"", ""AI"", ""Public Space""], ""homepage"": ""http://civicdatadesignlab.mit.edu/"", ""citedby"": 3724, ""citedby5y"": 1972, ""hindex"": 19, ""hindex5y"": 17, ""i10index"": 29, ""i10index5y"": 22, ""cites_per_year"": {""2007"": 18, ""2008"": 27, ""2009"": 38, ""2010"": 53, ""2011"": 63, ""2012"": 79, ""2013"": 101, ""2014"": 142, ""2015"": 136, ""2016"": 172, ""2017"": 197, ""2018"": 185, ""2019"": 225, ""2020"": 265, ""2021"": 339, ""2022"": 344, ""2023"": 366, ""2024"": 311, ""2025"": 360, ""2026"": 249}}"
239,google_scholar,2026-09-15,5497,40,100,2586,27,,"{""scholar_id"": ""3OQUG7IAAAAJ"", ""name"": ""Chris Zegras"", ""affiliation"": ""Professor of Mobility and Urban Planning, Department of Urban Studies and Planning, MIT"", ""email_domain"": ""@mit.edu"", ""interests"": [""metropolitan mobility"", ""urban planning""], ""homepage"": ""http://czegras.scripts.mit.edu/web/"", ""citedby"": 5497, ""citedby5y"": 2586, ""hindex"": 40, ""hindex5y"": 27, ""i10index"": 100, ""i10index5y"": 63, ""cites_per_year"": {""2004"": 25, ""2005"": 19, ""2006"": 25, ""2007"": 46, ""2008"": 36, ""2009"": 57, ""2010"": 61, ""2011"": 82, ""2012"": 105, ""2013"": 154, ""2014"": 163, ""2015"": 244, ""2016"": 266, ""2017"": 286, ""2018"": 361, ""2019"": 398, ""2020"": 416, ""2021"": 487, ""2022"": 448, ""2023"": 413, ""2024"": 466, ""2025"": 464, ""2026"": 305}}"
240,google_scholar,2026-09-15,12053,57,180,9805,52,,"{""scholar_id"": ""bC0BOGoAAAAJ"", ""name"": ""Jinhua Zhao"", ""affiliation"": ""Professor of Cities and Transportation, Massachusetts Institute of Technology"", ""email_domain"": ""@mit.edu"", ""interests"": [""Urban Mobility"", ""Travel Behavior"", ""Transportation Policy"", ""Public Transit"", ""Urban Science""], ""homepage"": ""https://zhaojinhua.com/"", ""citedby"": 12053, ""citedby5y"": 9805, ""hindex"": 57, ""hindex5y"": 52, ""i10index"": 180, ""i10index5y"": 157, ""cites_per_year"": {""2012"": 30, ""2013"": 57, ""2014"": 68, ""2015"": 98, ""2016"": 128, ""2017"": 177, ""2018"": 298, ""2019"": 453, ""2020"": 756, ""2021"": 1184, ""2022"": 1357, ""2023"": 1438, ""2024"": 1724, ""2025"": 2195, ""2026"": 1881}}"
241,google_scholar,2026-09-15,15296,62,199,9006,51,,"{""scholar_id"": ""xdGRNpwAAAAJ"", ""name"": ""Siqi Zheng"", ""affiliation"": ""MIT Center for Real Estate, and Sustainable Urbanization Lab"", ""email_domain"": ""@mit.edu"", ""interests"": [""Urban and Environmental Economics""], ""homepage"": ""http://www.siqizheng.com/"", ""citedby"": 15296, ""citedby5y"": 9006, ""hindex"": 62, ""hindex5y"": 51, ""i10index"": 199, ""i10index5y"": 119, ""cites_per_year"": {""2007"": 41, ""2008"": 79, ""2009"": 104, ""2010"": 185, ""2011"": 269, ""2012"": 354, ""2013"": 412, ""2014"": 541, ""2015"": 571, ""2016"": 556, ""2017"": 511, ""2018"": 634, ""2019"": 895, ""2020"": 927, ""2021"": 1242, ""2022"": 1547, ""2023"": 1505, ""2024"": 1647, ""2025"": 1777, ""2026"": 1267}}"
242,google_scholar,2026-09-15,501,9,9,177,8,,"{""scholar_id"": ""uWPCdKQAAAAJ"", ""name"": ""Daniel Campo"", ""affiliation"": ""Associate Professor, School of Architecture and Planning, Morgan State University"", ""email_domain"": ""@morgan.edu"", ""interests"": [""architecture"", ""urban design"", ""urbanism"", ""city planning"", ""geography""], ""homepage"": ""https://www.morgan.edu/school_of_architecture_and_planning/faculty/staff/daniel_campo.html"", ""citedby"": 501, ""citedby5y"": 177, ""hindex"": 9, ""hindex5y"": 8, ""i10index"": 9, ""i10index5y"": 8, ""cites_per_year"": {""2004"": 3, ""2006"": 4, ""2007"": 3, ""2008"": 6, ""2009"": 6, ""2010"": 6, ""2011"": 5, ""2012"": 10, ""2013"": 26, ""2014"": 28, ""2015"": 25, ""2016"": 29, ""2017"": 37, ""2018"": 37, ""2019"": 43, ""2020"": 44, ""2021"": 29, ""2022"": 26, ""2023"": 28, ""2024"": 27, ""2025"": 44, ""2026"": 23}}"
243,google_scholar,2026-09-15,518,11,13,322,9,,"{""scholar_id"": ""-Ws1rSEAAAAJ"", ""name"": ""Gregory L. Newmark"", ""affiliation"": ""Morgan State University"", ""email_domain"": ""@morgan.edu"", ""interests"": [""Sustainable Transport""], ""homepage"": null, ""citedby"": 518, ""citedby5y"": 322, ""hindex"": 11, ""hindex5y"": 9, ""i10index"": 13, ""i10index5y"": 8, ""cites_per_year"": {""2005"": 3, ""2006"": 1, ""2007"": 3, ""2008"": 3, ""2010"": 7, ""2011"": 8, ""2012"": 3, ""2013"": 10, ""2014"": 16, ""2015"": 9, ""2016"": 11, ""2017"": 23, ""2018"": 28, ""2019"": 25, ""2020"": 35, ""2021"": 50, ""2022"": 62, ""2023"": 42, ""2024"": 69, ""2025"": 59, ""2026"": 39}}"
249,google_scholar,2026-09-15,676,7,6,338,5,,"{""scholar_id"": ""2ygYangAAAAJ"", ""name"": ""Jesse LeCavalier"", ""affiliation"": ""Cornell University College of Architecture, Art, and Planning"", ""email_domain"": ""@cornell.edu"", ""interests"": [""architecture"", ""logistics"", ""infrastructure""], ""homepage"": ""http://jesse-lecavalier.com/"", ""citedby"": 676, ""citedby5y"": 338, ""hindex"": 7, ""hindex5y"": 5, ""i10index"": 6, ""i10index5y"": 4, ""cites_per_year"": {""2013"": 6, ""2014"": 7, ""2015"": 20, ""2016"": 21, ""2017"": 43, ""2018"": 67, ""2019"": 71, ""2020"": 81, ""2021"": 74, ""2022"": 54, ""2023"": 52, ""2024"": 50, ""2025"": 79, ""2026"": 29}}"
250,google_scholar,2026-09-15,273,10,10,158,7,,"{""scholar_id"": ""RRVZtWgAAAAJ"", ""name"": ""Taro Narahara"", ""affiliation"": ""New Jersey Institute of Technology"", ""email_domain"": ""@njit.edu"", ""interests"": [""Architecture"", ""Computer Science"", ""Computer Graphics"", ""Digital Design"", ""HCI""], ""homepage"": ""https://www.narahara.net/"", ""citedby"": 273, ""citedby5y"": 158, ""hindex"": 10, ""hindex5y"": 7, ""i10index"": 10, ""i10index5y"": 4, ""cites_per_year"": {""2009"": 3, ""2010"": 5, ""2011"": 6, ""2012"": 1, ""2013"": 12, ""2014"": 9, ""2015"": 11, ""2016"": 12, ""2017"": 6, ""2018"": 13, ""2019"": 12, ""2020"": 15, ""2021"": 22, ""2022"": 22, ""2023"": 21, ""2024"": 36, ""2025"": 37, ""2026"": 20}}"
251,google_scholar,2026-09-15,41,3,3,18,2,,"{""scholar_id"": ""M-uLFi8AAAAJ"", ""name"": ""Darius Sollohub"", ""affiliation"": ""New Jersey Institute of Technology"", ""email_domain"": ""@njit.edu"", ""interests"": [""Architecture"", ""Design Pedagogy"", ""Affordable Housing"", ""Transit-Oriented Development"", ""Parking""], ""homepage"": null, ""citedby"": 41, ""citedby5y"": 18, ""hindex"": 3, ""hindex5y"": 2, ""i10index"": 3, ""i10index5y"": 1, ""cites_per_year"": {""2007"": 1, ""2011"": 4, ""2012"": 1, ""2013"": 2, ""2015"": 1, ""2017"": 1, ""2018"": 3, ""2019"": 3, ""2020"": 7, ""2021"": 5, ""2022"": 5, ""2023"": 4, ""2024"": 3, ""2025"": 1}}"
252,google_scholar,2026-09-15,108,4,2,42,3,,"{""scholar_id"": ""33nLt00AAAAJ"", ""name"": ""Georgeen Theodore"", ""affiliation"": ""Interboro Partners; New Jersey Institute of Technology"", ""email_domain"": ""@interboropartners.com"", ""interests"": [""Architecture"", ""Urban Design"", ""Urbanism"", ""Visualization"", ""Participatory Processes""], ""homepage"": ""https://www.interboropartners.com/"", ""citedby"": 108, ""citedby5y"": 42, ""hindex"": 4, ""hindex5y"": 3, ""i10index"": 2, ""i10index5y"": 1, ""cites_per_year"": {""2008"": 1, ""2009"": 1, ""2010"": 6, ""2011"": 1, ""2012"": 6, ""2013"": 1, ""2014"": 6, ""2015"": 6, ""2016"": 8, ""2017"": 4, ""2018"": 6, ""2019"": 10, ""2020"": 9, ""2021"": 6, ""2022"": 6, ""2023"": 10, ""2024"": 7, ""2025"": 5, ""2026"": 5}}"
253,google_scholar,2026-09-15,303,9,9,165,6,,"{""scholar_id"": ""3flRpM4AAAAJ"", ""name"": ""Andrzej Zarzycki"", ""affiliation"": ""Associate Professor of Architecture and Digital Design, New Jersey Institute of Technology"", ""email_domain"": ""@njit.edu"", ""interests"": [""smart buildings"", ""smart cities"", ""adaptive designs"", ""autonomous designs""], ""homepage"": null, ""citedby"": 303, ""citedby5y"": 165, ""hindex"": 9, ""hindex5y"": 6, ""i10index"": 9, ""i10index5y"": 3, ""cites_per_year"": {""2010"": 1, ""2011"": 4, ""2013"": 10, ""2014"": 6, ""2015"": 10, ""2016"": 13, ""2017"": 10, ""2018"": 26, ""2019"": 25, ""2020"": 23, ""2021"": 29, ""2022"": 38, ""2023"": 26, ""2024"": 25, ""2025"": 31, ""2026"": 16}}"
254,google_scholar,2026-09-15,759,12,14,288,10,,"{""scholar_id"": ""08z7YHAAAAAJ"", ""name"": ""Salo Coslovsky"", ""affiliation"": ""Associate Professor, New York University"", ""email_domain"": ""@nyu.edu"", ""interests"": [""International Development"", ""Brazil""], ""homepage"": ""https://wagner.nyu.edu/community/faculty/salo-vinocur-coslovsky"", ""citedby"": 759, ""citedby5y"": 288, ""hindex"": 12, ""hindex5y"": 10, ""i10index"": 14, ""i10index5y"": 10, ""cites_per_year"": {""2008"": 11, ""2009"": 10, ""2010"": 4, ""2011"": 27, ""2012"": 13, ""2013"": 41, ""2014"": 48, ""2015"": 39, ""2016"": 52, ""2017"": 51, ""2018"": 58, ""2019"": 52, ""2020"": 43, ""2021"": 75, ""2022"": 40, ""2023"": 44, ""2024"": 44, ""2025"": 52, ""2026"": 33}}"
255,google_scholar,2026-09-15,12888,57,134,5213,41,,"{""scholar_id"": ""8k2NhngAAAAJ"", ""name"": ""Ingrid Gould Ellen"", ""affiliation"": ""NYU Wagner"", ""email_domain"": ""@nyu.edu"", ""interests"": [""housing policy"", ""urban economics"", ""segregation""], ""homepage"": null, ""citedby"": 12888, ""citedby5y"": 5213, ""hindex"": 57, ""hindex5y"": 41, ""i10index"": 134, ""i10index5y"": 94, ""cites_per_year"": {""2000"": 41, ""2001"": 51, ""2002"": 80, ""2003"": 114, ""2004"": 128, ""2005"": 149, ""2006"": 187, ""2007"": 245, ""2008"": 264, ""2009"": 270, ""2010"": 338, ""2011"": 337, ""2012"": 394, ""2013"": 417, ""2014"": 442, ""2015"": 566, ""2016"": 640, ""2017"": 632, ""2018"": 656, ""2019"": 728, ""2020"": 708, ""2021"": 816, ""2022"": 821, ""2023"": 942, ""2024"": 929, ""2025"": 1010, ""2026"": 685}}"
256,google_scholar,2026-09-15,3588,23,32,1607,21,,"{""scholar_id"": ""0AzBJXMAAAAJ"", ""name"": ""Zhan Guo"", ""affiliation"": ""New York University"", ""email_domain"": ""@nyu.edu"", ""interests"": [""transportation"", ""urban planning"", ""parking"", ""public transit"", ""pedestrians""], ""homepage"": ""http://wagner.nyu.edu/guo"", ""citedby"": 3588, ""citedby5y"": 1607, ""hindex"": 23, ""hindex5y"": 21, ""i10index"": 32, ""i10index5y"": 25, ""cites_per_year"": {""2009"": 13, ""2010"": 23, ""2011"": 42, ""2012"": 59, ""2013"": 104, ""2014"": 152, ""2015"": 201, ""2016"": 224, ""2017"": 247, ""2018"": 243, ""2019"": 283, ""2020"": 335, ""2021"": 303, ""2022"": 289, ""2023"": 274, ""2024"": 272, ""2025"": 273, ""2026"": 195}}"
257,google_scholar,2026-09-15,1147,16,22,498,11,,"{""scholar_id"": ""doce54QAAAAJ"", ""name"": ""Natasha Iskander"", ""affiliation"": ""New York University"", ""email_domain"": ""@nyu.edu"", ""interests"": [""Migration"", ""Economic Development"", ""Skill"", ""Labor"", ""Innovation""], ""homepage"": ""http://wagner.nyu.edu/iskander"", ""citedby"": 1147, ""citedby5y"": 498, ""hindex"": 16, ""hindex5y"": 11, ""i10index"": 22, ""i10index5y"": 11, ""cites_per_year"": {""2006"": 12, ""2007"": 9, ""2008"": 18, ""2009"": 13, ""2010"": 22, ""2011"": 36, ""2012"": 52, ""2013"": 51, ""2014"": 56, ""2015"": 59, ""2016"": 61, ""2017"": 52, ""2018"": 50, ""2019"": 69, ""2020"": 63, ""2021"": 63, ""2022"": 54, ""2023"": 74, ""2024"": 105, ""2025"": 111, ""2026"": 90}}"
258,google_scholar,2026-09-15,2688,26,52,265,11,,"{""scholar_id"": ""7_aWvEQAAAAJ"", ""name"": ""Mitchell L. Moss"", ""affiliation"": ""Professor of Urban Policy and Planning, NYU"", ""email_domain"": ""@nyu.edu"", ""interests"": [""cities"", ""urban government"", ""technology"", ""economic development""], ""homepage"": null, ""citedby"": 2688, ""citedby5y"": 265, ""hindex"": 26, ""hindex5y"": 11, ""i10index"": 52, ""i10index5y"": 11, ""cites_per_year"": {""1987"": 22, ""1988"": 19, ""1989"": 44, ""1990"": 30, ""1991"": 43, ""1992"": 41, ""1993"": 40, ""1994"": 31, ""1995"": 45, ""1996"": 54, ""1997"": 41, ""1998"": 58, ""1999"": 57, ""2000"": 76, ""2001"": 112, ""2002"": 120, ""2003"": 114, ""2004"": 104, ""2005"": 90, ""2006"": 105, ""2007"": 71, ""2008"": 62, ""2009"": 61, ""2010"": 78, ""2011"": 69, ""2012"": 85, ""2013"": 86, ""2014"": 81, ""2015"": 70, ""2016"": 74, ""2017"": 78, ""2018"": 79, ""2019"": 72, ""2020"": 75, ""2021"": 57, ""2022"": 43, ""2023"": 54, ""2024"": 40, ""2025"": 43, ""2026"": 28}}"
259,google_scholar,2026-09-15,4379,33,50,1735,21,,"{""scholar_id"": ""XIOc-p8AAAAJ"", ""name"": ""Katherine O'Regan"", ""affiliation"": ""Professor of Public Policy, NYU Wagner Graduate School and Furman Center"", ""email_domain"": ""@nyu.edu"", ""interests"": [""Housing"", ""urban policy"", ""spatial segregation""], ""homepage"": ""https://wagner.nyu.edu/community/faculty/katherine-m-oregan"", ""citedby"": 4379, ""citedby5y"": 1735, ""hindex"": 33, ""hindex5y"": 21, ""i10index"": 50, ""i10index5y"": 31, ""cites_per_year"": {""1996"": 18, ""1997"": 19, ""1998"": 40, ""1999"": 56, ""2000"": 47, ""2001"": 42, ""2002"": 48, ""2003"": 47, ""2004"": 66, ""2005"": 68, ""2006"": 64, ""2007"": 66, ""2008"": 83, ""2009"": 84, ""2010"": 87, ""2011"": 89, ""2012"": 111, ""2013"": 149, ""2014"": 124, ""2015"": 192, ""2016"": 184, ""2017"": 208, ""2018"": 201, ""2019"": 229, ""2020"": 224, ""2021"": 248, ""2022"": 245, ""2023"": 298, ""2024"": 322, ""2025"": 366, ""2026"": 251}}"
260,google_scholar,2026-09-15,5931,27,62,1754,17,,"{""scholar_id"": ""RYM94sIAAAAJ"", ""name"": ""Paul Smoke"", ""affiliation"": ""New York University"", ""email_domain"": ""@nyu.edu"", ""interests"": [""public finance"", ""public sector reform"", ""decentralization""], ""homepage"": null, ""citedby"": 5931, ""citedby5y"": 1754, ""hindex"": 27, ""hindex5y"": 17, ""i10index"": 62, ""i10index5y"": 25, ""cites_per_year"": {""1998"": 26, ""1999"": 28, ""2000"": 67, ""2001"": 75, ""2002"": 81, ""2003"": 122, ""2004"": 133, ""2005"": 100, ""2006"": 146, ""2007"": 187, ""2008"": 195, ""2009"": 178, ""2010"": 182, ""2011"": 184, ""2012"": 202, ""2013"": 237, ""2014"": 281, ""2015"": 267, ""2016"": 256, ""2017"": 320, ""2018"": 255, ""2019"": 242, ""2020"": 272, ""2021"": 234, ""2022"": 296, ""2023"": 245, ""2024"": 245, ""2025"": 379, ""2026"": 355}}"
261,google_scholar,2026-09-15,2498,23,33,488,9,,"{""scholar_id"": ""jIxt_PUAAAAJ"", ""name"": ""Christopher Bosso"", ""affiliation"": ""Professor of Public Policy and Politics, Northeastern University"", ""email_domain"": ""@neu.edu"", ""interests"": [""Food Systems and Policy"", ""Environmental Policy"", ""Science"", ""Technology"", ""and Public Policy""], ""homepage"": ""https://cssh.northeastern.edu/people/faculty/christopher-bosso/"", ""citedby"": 2498, ""citedby5y"": 488, ""hindex"": 23, ""hindex5y"": 9, ""i10index"": 33, ""i10index5y"": 9, ""cites_per_year"": {""1990"": 12, ""1991"": 17, ""1992"": 24, ""1993"": 27, ""1994"": 26, ""1995"": 31, ""1996"": 36, ""1997"": 48, ""1998"": 48, ""1999"": 45, ""2000"": 55, ""2001"": 58, ""2002"": 54, ""2003"": 65, ""2004"": 45, ""2005"": 47, ""2006"": 75, ""2007"": 87, ""2008"": 63, ""2009"": 76, ""2010"": 91, ""2011"": 70, ""2012"": 103, ""2013"": 106, ""2014"": 84, ""2015"": 79, ""2016"": 93, ""2017"": 106, ""2018"": 92, ""2019"": 91, ""2020"": 94, ""2021"": 82, ""2022"": 81, ""2023"": 90, ""2024"": 95, ""2025"": 83, ""2026"": 57}}"
262,google_scholar,2026-09-15,2262,21,34,997,13,,"{""scholar_id"": ""_bXYlvoAAAAJ"", ""name"": ""Joan Fitzgerald"", ""affiliation"": ""Unknown affiliation"", ""email_domain"": ""@northeastern.edu"", ""interests"": [], ""homepage"": null, ""citedby"": 2262, ""citedby5y"": 997, ""hindex"": 21, ""hindex5y"": 13, ""i10index"": 34, ""i10index5y"": 16, ""cites_per_year"": {""1987"": 11, ""1988"": 3, ""1989"": 5, ""1990"": 12, ""1991"": 9, ""1992"": 6, ""1993"": 17, ""1994"": 7, ""1995"": 9, ""1996"": 10, ""1997"": 18, ""1998"": 34, ""1999"": 17, ""2000"": 28, ""2001"": 21, ""2002"": 27, ""2003"": 36, ""2004"": 48, ""2005"": 21, ""2006"": 28, ""2007"": 48, ""2008"": 42, ""2009"": 47, ""2010"": 65, ""2011"": 57, ""2012"": 61, ""2013"": 65, ""2014"": 63, ""2015"": 63, ""2016"": 55, ""2017"": 65, ""2018"": 74, ""2019"": 63, ""2020"": 76, ""2021"": 109, ""2022"": 133, ""2023"": 179, ""2024"": 189, ""2025"": 228, ""2026"": 154}}"
265,google_scholar,2026-09-15,2921,29,46,1741,24,,"{""scholar_id"": ""935Cc7wAAAAJ"", ""name"": ""Daniel T. O'Brien"", ""affiliation"": ""Northeastern University"", ""email_domain"": ""@neu.edu"", ""interests"": [""urban informatics"", ""neighborhoods"", ""local policy"", ""computational social science"", ""technology & society""], ""homepage"": ""https://cssh.northeastern.edu/faculty/daniel-t-obrien/"", ""citedby"": 2921, ""citedby5y"": 1741, ""hindex"": 29, ""hindex5y"": 24, ""i10index"": 46, ""i10index5y"": 38, ""cites_per_year"": {""2010"": 12, ""2011"": 41, ""2012"": 59, ""2013"": 55, ""2014"": 140, ""2015"": 94, ""2016"": 110, ""2017"": 108, ""2018"": 144, ""2019"": 159, ""2020"": 193, ""2021"": 220, ""2022"": 268, ""2023"": 280, ""2024"": 341, ""2025"": 340, ""2026"": 288}}"
266,google_scholar,2026-09-15,2311,19,31,1488,17,,"{""scholar_id"": ""QD-QMp4AAAAJ"", ""name"": ""Alicia Sasser Modestino"", ""affiliation"": ""Associate Professor of Economics and Public Policy"", ""email_domain"": ""@northeastern.edu"", ""interests"": [""Labor economics""], ""homepage"": ""https://cssh.northeastern.edu/faculty/alicia-sasser-modestino/"", ""citedby"": 2311, ""citedby5y"": 1488, ""hindex"": 19, ""hindex5y"": 17, ""i10index"": 31, ""i10index5y"": 23, ""cites_per_year"": {""2006"": 13, ""2007"": 24, ""2008"": 30, ""2009"": 34, ""2010"": 35, ""2011"": 34, ""2012"": 40, ""2013"": 59, ""2014"": 44, ""2015"": 57, ""2016"": 70, ""2017"": 65, ""2018"": 64, ""2019"": 106, ""2020"": 111, ""2021"": 192, ""2022"": 230, ""2023"": 302, ""2024"": 268, ""2025"": 291, ""2026"": 192}}"
267,google_scholar,2026-09-15,3419,24,30,1444,20,,"{""scholar_id"": ""fo2N4SAAAAAJ"", ""name"": ""Gavin Shatkin"", ""affiliation"": ""Professor of Public Policy and Urban Affairs, Northeastern University"", ""email_domain"": ""@neu.edu"", ""interests"": [""Asian cities"", ""urban development"", ""housing and community development""], ""homepage"": null, ""citedby"": 3419, ""citedby5y"": 1444, ""hindex"": 24, ""hindex5y"": 20, ""i10index"": 30, ""i10index5y"": 25, ""cites_per_year"": {""2003"": 12, ""2004"": 8, ""2005"": 12, ""2006"": 17, ""2007"": 31, ""2008"": 44, ""2009"": 52, ""2010"": 50, ""2011"": 69, ""2012"": 95, ""2013"": 94, ""2014"": 122, ""2015"": 180, ""2016"": 197, ""2017"": 184, ""2018"": 193, ""2019"": 267, ""2020"": 273, ""2021"": 270, ""2022"": 266, ""2023"": 249, ""2024"": 233, ""2025"": 236, ""2026"": 187}}"
268,google_scholar,2026-09-15,527,10,10,368,9,,"{""scholar_id"": ""0qk7s30AAAAJ"", ""name"": ""Lily Song"", ""affiliation"": ""Assistant Professor"", ""email_domain"": ""@northeastern.edu"", ""interests"": [""Race and Social justice in the Built Environment""], ""homepage"": null, ""citedby"": 527, ""citedby5y"": 368, ""hindex"": 10, ""hindex5y"": 9, ""i10index"": 10, ""i10index5y"": 6, ""cites_per_year"": {""2009"": 2, ""2010"": 3, ""2011"": 2, ""2012"": 2, ""2013"": 4, ""2014"": 4, ""2015"": 5, ""2016"": 10, ""2017"": 12, ""2018"": 15, ""2019"": 28, ""2020"": 52, ""2021"": 59, ""2022"": 58, ""2023"": 67, ""2024"": 70, ""2025"": 67, ""2026"": 47}}"
269,google_scholar,2026-09-15,1594,19,22,577,17,,"{""scholar_id"": ""I7RwuMgAAAAJ"", ""name"": ""Thomas J. Vicino"", ""affiliation"": ""Dean and Professor, Georgia State University"", ""email_domain"": ""@gsu.edu"", ""interests"": [""Public Policy"", ""Globalization"", ""Urban Planning"", ""Urban Policy""], ""homepage"": ""https://aysps.gsu.edu/profile/thomas-vicino/"", ""citedby"": 1594, ""citedby5y"": 577, ""hindex"": 19, ""hindex5y"": 17, ""i10index"": 22, ""i10index5y"": 18, ""cites_per_year"": {""2007"": 13, ""2008"": 39, ""2009"": 23, ""2010"": 38, ""2011"": 64, ""2012"": 55, ""2013"": 99, ""2014"": 75, ""2015"": 87, ""2016"": 78, ""2017"": 84, ""2018"": 107, ""2019"": 106, ""2020"": 122, ""2021"": 98, ""2022"": 93, ""2023"": 114, ""2024"": 111, ""2025"": 95, ""2026"": 65}}"
270,google_scholar,2026-09-15,4708,32,57,2614,24,,"{""scholar_id"": ""D60rc7gAAAAJ"", ""name"": ""Moira Zellner"", ""affiliation"": ""Professor in Public Policy and Public Affairs, Director of Participatory Modeling and Data Science"", ""email_domain"": ""@northeastern.edu"", ""interests"": [""environmental planning and policy"", ""participatory modeling"", ""complex systems modeling"", ""coupled human-natural systems modeling""], ""homepage"": ""https://cssh.northeastern.edu/faculty/moira-zellner/"", ""citedby"": 4708, ""citedby5y"": 2614, ""hindex"": 32, ""hindex5y"": 24, ""i10index"": 57, ""i10index5y"": 40, ""cites_per_year"": {""2005"": 21, ""2006"": 26, ""2007"": 38, ""2008"": 47, ""2009"": 47, ""2010"": 84, ""2011"": 104, ""2012"": 99, ""2013"": 93, ""2014"": 118, ""2015"": 152, ""2016"": 147, ""2017"": 174, ""2018"": 201, ""2019"": 271, ""2020"": 349, ""2021"": 439, ""2022"": 474, ""2023"": 393, ""2024"": 501, ""2025"": 483, ""2026"": 322}}"
271,google_scholar,2026-09-15,325,10,10,322,10,,"{""scholar_id"": ""eAgMSOMAAAAJ"", ""name"": ""Seung Jun Choi"", ""affiliation"": ""Assistant Professor, Incheon National University"", ""email_domain"": ""@inu.ac.kr"", ""interests"": [""Urban Informatics"", ""Urban AI"", ""Urban System"", ""Smart City"", ""Sustainable Land Use""], ""homepage"": ""https://choisjun94.github.io/"", ""citedby"": 325, ""citedby5y"": 322, ""hindex"": 10, ""hindex5y"": 10, ""i10index"": 10, ""i10index5y"": 10, ""cites_per_year"": {""2021"": 1, ""2022"": 13, ""2023"": 42, ""2024"": 66, ""2025"": 99, ""2026"": 99}}"
272,google_scholar,2026-09-15,1715,15,19,1211,13,,"{""scholar_id"": ""6Vb5yE4AAAAJ"", ""name"": ""David C. Folch"", ""affiliation"": ""Associate Professor, Northern Arizona University"", ""email_domain"": ""@nau.edu"", ""interests"": [""spatial analysis"", ""urban geography"", ""GIS""], ""homepage"": ""http://davidfolch.org/"", ""citedby"": 1715, ""citedby5y"": 1211, ""hindex"": 15, ""hindex5y"": 13, ""i10index"": 19, ""i10index5y"": 16, ""cites_per_year"": {""2013"": 5, ""2014"": 16, ""2015"": 29, ""2016"": 46, ""2017"": 55, ""2018"": 69, ""2019"": 111, ""2020"": 135, ""2021"": 142, ""2022"": 211, ""2023"": 208, ""2024"": 244, ""2025"": 232, ""2026"": 174}}"
273,google_scholar,2026-09-15,1580,23,31,1266,21,,"{""scholar_id"": ""xQqnkVgAAAAJ"", ""name"": ""Steven R. Gehrke"", ""affiliation"": ""Northern Arizona University"", ""email_domain"": ""@nau.edu"", ""interests"": [""Sustainable Transportation"", ""Travel Behavior"", ""Urban Mobility"", ""Urban Planning""], ""homepage"": ""https://stevenrgehrke.com/"", ""citedby"": 1580, ""citedby5y"": 1266, ""hindex"": 23, ""hindex5y"": 21, ""i10index"": 31, ""i10index5y"": 27, ""cites_per_year"": {""2014"": 5, ""2015"": 5, ""2016"": 10, ""2017"": 25, ""2018"": 54, ""2019"": 79, ""2020"": 126, ""2021"": 224, ""2022"": 223, ""2023"": 218, ""2024"": 226, ""2025"": 212, ""2026"": 160}}"
275,google_scholar,2026-09-15,721,13,14,320,8,,"{""scholar_id"": ""L-y59HgAAAAJ"", ""name"": ""Ruihong Huang"", ""affiliation"": ""Northern Arizona University"", ""email_domain"": ""@nau.edu"", ""interests"": [""GIS"", ""public transportation"", ""job accessibility"", ""spatial modeling""], ""homepage"": null, ""citedby"": 721, ""citedby5y"": 320, ""hindex"": 13, ""hindex5y"": 8, ""i10index"": 14, ""i10index5y"": 7, ""cites_per_year"": {""2001"": 2, ""2002"": 15, ""2003"": 12, ""2004"": 16, ""2005"": 15, ""2006"": 5, ""2007"": 23, ""2008"": 28, ""2009"": 28, ""2010"": 31, ""2011"": 29, ""2012"": 27, ""2013"": 30, ""2014"": 18, ""2015"": 10, ""2016"": 19, ""2017"": 16, ""2018"": 11, ""2019"": 22, ""2020"": 29, ""2021"": 36, ""2022"": 41, ""2023"": 57, ""2024"": 56, ""2025"": 78, ""2026"": 52}}"
276,google_scholar,2026-09-15,2159,22,29,1362,17,,"{""scholar_id"": ""-rON9VEAAAAJ"", ""name"": ""Brian Petersen"", ""affiliation"": ""Assistant Professor Geography, Planning and Recreation, Northern Arizona University"", ""email_domain"": ""@nau.edu"", ""interests"": [""Climate change adaptation"", ""conservation policy and management""], ""homepage"": null, ""citedby"": 2159, ""citedby5y"": 1362, ""hindex"": 22, ""hindex5y"": 17, ""i10index"": 29, ""i10index5y"": 26, ""cites_per_year"": {""2010"": 10, ""2011"": 18, ""2012"": 31, ""2013"": 37, ""2014"": 53, ""2015"": 64, ""2016"": 71, ""2017"": 90, ""2018"": 105, ""2019"": 116, ""2020"": 160, ""2021"": 196, ""2022"": 251, ""2023"": 248, ""2024"": 256, ""2025"": 246, ""2026"": 164}}"
277,google_scholar,2026-09-15,648,14,17,640,14,,"{""scholar_id"": ""isMyIb4AAAAJ"", ""name"": ""Kelsea Best"", ""affiliation"": ""The Ohio State University"", ""email_domain"": ""@osu.edu"", ""interests"": [""climate change"", ""coupled human-natural systems"", ""agent-based modeling""], ""homepage"": ""https://www.kelseabestresearch.com/"", ""citedby"": 648, ""citedby5y"": 640, ""hindex"": 14, ""hindex5y"": 14, ""i10index"": 17, ""i10index5y"": 17, ""cites_per_year"": {""2020"": 3, ""2021"": 17, ""2022"": 44, ""2023"": 87, ""2024"": 119, ""2025"": 202, ""2026"": 162}}"
278,google_scholar,2026-09-15,197,7,6,100,6,,"{""scholar_id"": ""Tcifuz4AAAAJ"", ""name"": ""Ricardo Cardoso"", ""affiliation"": ""The Ohio State University"", ""email_domain"": ""@osu.edu"", ""interests"": [], ""homepage"": null, ""citedby"": 197, ""citedby5y"": 100, ""hindex"": 7, ""hindex5y"": 6, ""i10index"": 6, ""i10index5y"": 4, ""cites_per_year"": {""2008"": 5, ""2009"": 3, ""2010"": 3, ""2011"": 3, ""2012"": 8, ""2013"": 4, ""2014"": 4, ""2015"": 9, ""2016"": 11, ""2017"": 10, ""2018"": 4, ""2019"": 5, ""2020"": 27, ""2021"": 15, ""2022"": 14, ""2023"": 22, ""2024"": 15, ""2025"": 24, ""2026"": 10}}"
279,google_scholar,2026-09-15,2094,22,28,1405,17,,"{""scholar_id"": ""a7um54AAAAAJ"", ""name"": ""Andre L. Carrel"", ""affiliation"": ""Associate Professor, the Ohio State University"", ""email_domain"": ""@osu.edu"", ""interests"": [""Travel Behavior"", ""Urban Mobility"", ""Sustainable Transportation"", ""Choice Modeling"", ""Transportation""], ""homepage"": ""https://u.osu.edu/carrel/"", ""citedby"": 2094, ""citedby5y"": 1405, ""hindex"": 22, ""hindex5y"": 17, ""i10index"": 28, ""i10index5y"": 21, ""cites_per_year"": {""2011"": 7, ""2012"": 8, ""2013"": 20, ""2014"": 34, ""2015"": 60, ""2016"": 85, ""2017"": 93, ""2018"": 121, ""2019"": 120, ""2020"": 111, ""2021"": 140, ""2022"": 150, ""2023"": 239, ""2024"": 307, ""2025"": 341, ""2026"": 224}}"
280,google_scholar,2026-09-15,5350,43,76,4312,36,,"{""scholar_id"": ""ghp3SkwAAAAJ"", ""name"": ""Zhenhua Chen"", ""affiliation"": ""Associate Professor of City and Regional Planning, The Ohio State University"", ""email_domain"": ""@osu.edu"", ""interests"": [""Urban Planning"", ""Regional Science"", ""Economic Resilience"", ""Transportation Policy""], ""homepage"": ""https://u.osu.edu/zchen/home/"", ""citedby"": 5350, ""citedby5y"": 4312, ""hindex"": 43, ""hindex5y"": 36, ""i10index"": 76, ""i10index5y"": 72, ""cites_per_year"": {""2014"": 30, ""2015"": 42, ""2016"": 68, ""2017"": 110, ""2018"": 145, ""2019"": 233, ""2020"": 339, ""2021"": 500, ""2022"": 635, ""2023"": 690, ""2024"": 797, ""2025"": 997, ""2026"": 681}}"
281,google_scholar,2026-09-15,4501,24,33,1858,17,,"{""scholar_id"": ""6pQQuqEAAAAJ"", ""name"": ""Jennifer Clark"", ""affiliation"": ""Distinguished Professor of City and Regional Planning, The Ohio State University"", ""email_domain"": ""@osu.edu"", ""interests"": [""Urban and regional planning"", ""Economic geography"", ""Regional economic development"", ""Regional studies"", ""City planning""], ""homepage"": ""https://works.bepress.com/jennifer_j_clark/"", ""citedby"": 4501, ""citedby5y"": 1858, ""hindex"": 24, ""hindex5y"": 17, ""i10index"": 33, ""i10index5y"": 24, ""cites_per_year"": {""1993"": 18, ""1994"": 15, ""1995"": 18, ""1996"": 14, ""1997"": 20, ""1998"": 22, ""1999"": 31, ""2000"": 24, ""2001"": 44, ""2002"": 44, ""2003"": 35, ""2004"": 43, ""2005"": 56, ""2006"": 49, ""2007"": 41, ""2008"": 65, ""2009"": 69, ""2010"": 116, ""2011"": 111, ""2012"": 117, ""2013"": 156, ""2014"": 160, ""2015"": 199, ""2016"": 155, ""2017"": 195, ""2018"": 206, ""2019"": 201, ""2020"": 265, ""2021"": 298, ""2022"": 339, ""2023"": 316, ""2024"": 299, ""2025"": 381, ""2026"": 223}}"
282,google_scholar,2026-09-15,2688,16,22,686,12,,"{""scholar_id"": ""1gka4DcAAAAJ"", ""name"": ""Maria Manta Conroy"", ""affiliation"": ""Professor, City and Regional Planning, The Ohio State University"", ""email_domain"": ""@osu.edu"", ""interests"": [""Sustainable development"", ""public participation"", ""watershed planning"", ""sensitive and protected lands""], ""homepage"": ""https://knowlton.osu.edu/people/conroy.36"", ""citedby"": 2688, ""citedby5y"": 686, ""hindex"": 16, ""hindex5y"": 12, ""i10index"": 22, ""i10index5y"": 15, ""cites_per_year"": {""2001"": 9, ""2002"": 19, ""2003"": 21, ""2004"": 27, ""2005"": 42, ""2006"": 53, ""2007"": 37, ""2008"": 62, ""2009"": 121, ""2010"": 102, ""2011"": 130, ""2012"": 123, ""2013"": 144, ""2014"": 145, ""2015"": 135, ""2016"": 149, ""2017"": 154, ""2018"": 178, ""2019"": 158, ""2020"": 150, ""2021"": 142, ""2022"": 130, ""2023"": 117, ""2024"": 122, ""2025"": 103, ""2026"": 69}}"
284,google_scholar,2026-09-15,1832,17,20,614,15,,"{""scholar_id"": ""jC0i14kAAAAJ"", ""name"": ""Bernadette Hanlon"", ""affiliation"": ""Associate Professor of City and Regional Planning, Ohio State University"", ""email_domain"": ""@osu.edu"", ""interests"": [""Suburbs"", ""Housing"", ""Urban Planning""], ""homepage"": ""https://knowlton.osu.edu/people/hanlon.42"", ""citedby"": 1832, ""citedby5y"": 614, ""hindex"": 17, ""hindex5y"": 15, ""i10index"": 20, ""i10index5y"": 18, ""cites_per_year"": {""2007"": 12, ""2008"": 32, ""2009"": 21, ""2010"": 31, ""2011"": 68, ""2012"": 74, ""2013"": 121, ""2014"": 101, ""2015"": 109, ""2016"": 98, ""2017"": 100, ""2018"": 133, ""2019"": 143, ""2020"": 147, ""2021"": 122, ""2022"": 101, ""2023"": 127, ""2024"": 100, ""2025"": 87, ""2026"": 77}}"
285,google_scholar,2026-09-15,2490,24,29,665,16,,"{""scholar_id"": ""dPSTEEcAAAAJ"", ""name"": ""Rachel Garshick Kleit"", ""affiliation"": ""The Ohio State University"", ""email_domain"": ""@osu.edu"", ""interests"": [""Affordable housing policy"", ""poverty alleviation"", ""segregation"", ""race/ethnicity"", ""social networks""], ""homepage"": ""https://people.engineering.osu.edu/people/kleit.1"", ""citedby"": 2490, ""citedby5y"": 665, ""hindex"": 24, ""hindex5y"": 16, ""i10index"": 29, ""i10index5y"": 18, ""cites_per_year"": {""2002"": 13, ""2003"": 28, ""2004"": 41, ""2005"": 32, ""2006"": 41, ""2007"": 30, ""2008"": 66, ""2009"": 64, ""2010"": 115, ""2011"": 94, ""2012"": 95, ""2013"": 158, ""2014"": 113, ""2015"": 108, ""2016"": 158, ""2017"": 151, ""2018"": 159, ""2019"": 157, ""2020"": 144, ""2021"": 119, ""2022"": 111, ""2023"": 114, ""2024"": 119, ""2025"": 124, ""2026"": 78}}"
286,google_scholar,2026-09-15,2756,22,42,1143,16,,"{""scholar_id"": ""gm5AlOoAAAAJ"", ""name"": ""Yasuyuki Motoyama"", ""affiliation"": ""Ohio State University"", ""email_domain"": ""@osu.edu"", ""interests"": [], ""homepage"": ""https://knowlton.osu.edu/people/motoyama.1"", ""citedby"": 2756, ""citedby5y"": 1143, ""hindex"": 22, ""hindex5y"": 16, ""i10index"": 42, ""i10index5y"": 24, ""cites_per_year"": {""2003"": 16, ""2004"": 33, ""2005"": 34, ""2006"": 41, ""2007"": 34, ""2008"": 38, ""2009"": 55, ""2010"": 56, ""2011"": 72, ""2012"": 76, ""2013"": 85, ""2014"": 118, ""2015"": 111, ""2016"": 135, ""2017"": 140, ""2018"": 146, ""2019"": 181, ""2020"": 187, ""2021"": 193, ""2022"": 207, ""2023"": 226, ""2024"": 196, ""2025"": 208, ""2026"": 113}}"
287,google_scholar,2026-09-15,431,8,6,355,6,,"{""scholar_id"": ""mEaBWLQAAAAJ"", ""name"": ""Manuel A Santana Palacios"", ""affiliation"": ""The Ohio State University"", ""email_domain"": ""@osu.edu"", ""interests"": [""Social Dimensions of Urban Transportation""], ""homepage"": null, ""citedby"": 431, ""citedby5y"": 355, ""hindex"": 8, ""hindex5y"": 6, ""i10index"": 6, ""i10index5y"": 5, ""cites_per_year"": {""2014"": 6, ""2015"": 3, ""2016"": 10, ""2017"": 13, ""2018"": 11, ""2019"": 8, ""2020"": 17, ""2021"": 19, ""2022"": 22, ""2023"": 44, ""2024"": 63, ""2025"": 114, ""2026"": 90}}"
288,google_scholar,2026-09-15,1868,17,27,1460,13,,"{""scholar_id"": ""mwhaXroAAAAJ"", ""name"": ""Jason Reece"", ""affiliation"": ""City & Regional Planning Section, Knowlton School, The Ohio State University"", ""email_domain"": ""@osu.edu"", ""interests"": [""housing and health"", ""community development"", ""equity planning"", ""fair housing"", ""health and place""], ""homepage"": ""https://knowlton.osu.edu/people/reece"", ""citedby"": 1868, ""citedby5y"": 1460, ""hindex"": 17, ""hindex5y"": 13, ""i10index"": 27, ""i10index5y"": 19, ""cites_per_year"": {""2008"": 5, ""2009"": 7, ""2010"": 9, ""2011"": 10, ""2012"": 6, ""2013"": 14, ""2014"": 21, ""2015"": 15, ""2016"": 34, ""2017"": 58, ""2018"": 42, ""2019"": 60, ""2020"": 94, ""2021"": 150, ""2022"": 175, ""2023"": 238, ""2024"": 297, ""2025"": 345, ""2026"": 251}}"
289,google_scholar,2026-09-15,248,9,9,183,9,,"{""scholar_id"": ""BQE_nsYAAAAJ"", ""name"": ""Kareem M. Usher"", ""affiliation"": ""Associate Professor of City and Regional Planning, The Ohio State University"", ""email_domain"": ""@osu.edu"", ""interests"": [""urban food systems planning"", ""food access"", ""social justice"", ""equity planning"", ""community development""], ""homepage"": ""https://knowlton.osu.edu/people/usher"", ""citedby"": 248, ""citedby5y"": 183, ""hindex"": 9, ""hindex5y"": 9, ""i10index"": 9, ""i10index5y"": 7, ""cites_per_year"": {""2009"": 1, ""2010"": 1, ""2012"": 2, ""2013"": 1, ""2015"": 1, ""2016"": 3, ""2017"": 11, ""2018"": 11, ""2019"": 13, ""2020"": 16, ""2021"": 30, ""2022"": 28, ""2023"": 33, ""2024"": 32, ""2025"": 39, ""2026"": 20}}"
290,google_scholar,2026-09-15,81,5,3,54,4,,"{""scholar_id"": ""nwnBOYMAAAAJ"", ""name"": ""Mattijs van Maasakkers"", ""affiliation"": ""Ohio State University"", ""email_domain"": ""@osu.edu"", ""interests"": [""City and Regional Planning"", ""STS""], ""homepage"": ""http://knowlton.osu.edu/people/van-maasakkers"", ""citedby"": 81, ""citedby5y"": 54, ""hindex"": 5, ""hindex5y"": 4, ""i10index"": 3, ""i10index5y"": 3, ""cites_per_year"": {""2013"": 11, ""2015"": 3, ""2016"": 1, ""2018"": 2, ""2019"": 3, ""2020"": 7, ""2021"": 6, ""2022"": 5, ""2023"": 13, ""2024"": 12, ""2025"": 11, ""2026"": 7}}"
292,google_scholar,2026-09-15,14968,50,93,6186,36,,"{""scholar_id"": ""GNyEzcMAAAAJ"", ""name"": ""Jennifer Dill"", ""affiliation"": ""Professor of Urban Studies & Planning, Portland State University"", ""email_domain"": ""@pdx.edu"", ""interests"": [""Transportation"", ""Travel Behavior"", ""Bicycling"", ""Non-motorized Transportation""], ""homepage"": ""http://jenniferdill.net/"", ""citedby"": 14968, ""citedby5y"": 6186, ""hindex"": 50, ""hindex5y"": 36, ""i10index"": 93, ""i10index5y"": 63, ""cites_per_year"": {""2005"": 38, ""2006"": 40, ""2007"": 70, ""2008"": 70, ""2009"": 121, ""2010"": 240, ""2011"": 292, ""2012"": 457, ""2013"": 571, ""2014"": 695, ""2015"": 742, ""2016"": 937, ""2017"": 1016, ""2018"": 1043, ""2019"": 1135, ""2020"": 1026, ""2021"": 1178, ""2022"": 1238, ""2023"": 1009, ""2024"": 1070, ""2025"": 1043, ""2026"": 645}}"
293,google_scholar,2026-09-15,1359,12,14,580,10,,"{""scholar_id"": ""NQc4iR0AAAAJ"", ""name"": ""Yiping Fang"", ""affiliation"": ""Assistant Professor of Urban Studies and Planning, Portland State University"", ""email_domain"": ""@pdx.edu"", ""interests"": [""Urbanization"", ""housing"", ""and migration""], ""homepage"": null, ""citedby"": 1359, ""citedby5y"": 580, ""hindex"": 12, ""hindex5y"": 10, ""i10index"": 14, ""i10index5y"": 10, ""cites_per_year"": {""2009"": 16, ""2010"": 19, ""2011"": 20, ""2012"": 40, ""2013"": 47, ""2014"": 81, ""2015"": 73, ""2016"": 77, ""2017"": 63, ""2018"": 92, ""2019"": 77, ""2020"": 125, ""2021"": 99, ""2022"": 124, ""2023"": 98, ""2024"": 89, ""2025"": 91, ""2026"": 79}}"
295,google_scholar,2026-09-15,5313,33,50,2900,27,,"{""scholar_id"": ""wKT8TeMAAAAJ"", ""name"": ""Aaron Golub"", ""affiliation"": ""Professor of Urban Planning, Portland State University"", ""email_domain"": ""@pdx.edu"", ""interests"": [""Urban Planning"", ""Transportation Planning"", ""Sustainability"", ""Environmental Justice"", ""Equity""], ""homepage"": ""https://www.pdx.edu/profile/aaron-golub"", ""citedby"": 5313, ""citedby5y"": 2900, ""hindex"": 33, ""hindex5y"": 27, ""i10index"": 50, ""i10index5y"": 36, ""cites_per_year"": {""2009"": 20, ""2010"": 34, ""2011"": 53, ""2012"": 73, ""2013"": 106, ""2014"": 139, ""2015"": 166, ""2016"": 249, ""2017"": 283, ""2018"": 329, ""2019"": 372, ""2020"": 478, ""2021"": 539, ""2022"": 465, ""2023"": 475, ""2024"": 495, ""2025"": 543, ""2026"": 382}}"
296,google_scholar,2026-09-15,6,1,0,3,1,,"{""scholar_id"": ""oirhrhsAAAAJ"", ""name"": ""Jenny Liu"", ""affiliation"": ""University of Guelph"", ""email_domain"": ""@uoguelph.ca"", ""interests"": [""entomology"", ""food security"", ""sustainable agriculture""], ""homepage"": null, ""citedby"": 6, ""citedby5y"": 3, ""hindex"": 1, ""hindex5y"": 1, ""i10index"": 0, ""i10index5y"": 0, ""cites_per_year"": {""2020"": 3, ""2021"": 1, ""2026"": 2}}"
297,google_scholar,2026-09-15,2497,19,29,832,15,,"{""scholar_id"": ""2YfHTPIAAAAJ"", ""name"": ""Greg Schrock"", ""affiliation"": ""Associate Professor, Urban Studies and Planning, Portland State University"", ""email_domain"": ""@pdx.edu"", ""interests"": [""regional economic development"", ""labor markets"", ""workforce development"", ""equity planning""], ""homepage"": ""http://web.pdx.edu/~gschrock/"", ""citedby"": 2497, ""citedby5y"": 832, ""hindex"": 19, ""hindex5y"": 15, ""i10index"": 29, ""i10index5y"": 19, ""cites_per_year"": {""2002"": 8, ""2003"": 20, ""2004"": 18, ""2005"": 21, ""2006"": 43, ""2007"": 58, ""2008"": 61, ""2009"": 73, ""2010"": 110, ""2011"": 81, ""2012"": 97, ""2013"": 101, ""2014"": 107, ""2015"": 101, ""2016"": 124, ""2017"": 114, ""2018"": 126, ""2019"": 173, ""2020"": 169, ""2021"": 151, ""2022"": 141, ""2023"": 162, ""2024"": 139, ""2025"": 140, ""2026"": 98}}"
298,google_scholar,2026-09-15,266,8,6,250,7,,"{""scholar_id"": ""wHwKAK4AAAAJ"", ""name"": ""Ozcan Tunalilar"", ""affiliation"": ""Associate Professor, Portland State University"", ""email_domain"": ""@pdx.edu"", ""interests"": [""assisted living"", ""quantitative methods"", ""nursing homes"", ""long-term care""], ""homepage"": ""https://www.pdx.edu/profile/ozcan-tunalilar"", ""citedby"": 266, ""citedby5y"": 250, ""hindex"": 8, ""hindex5y"": 7, ""i10index"": 6, ""i10index5y"": 6, ""cites_per_year"": {""2018"": 2, ""2019"": 3, ""2020"": 7, ""2021"": 17, ""2022"": 46, ""2023"": 45, ""2024"": 40, ""2025"": 44, ""2026"": 58}}"
299,google_scholar,2026-09-15,1516,19,21,624,13,,"{""scholar_id"": ""jgcEZPgAAAAJ"", ""name"": ""Liming Wang"", ""affiliation"": ""Associate Professor, Portland State University"", ""email_domain"": ""@pdx.edu"", ""interests"": [], ""homepage"": null, ""citedby"": 1516, ""citedby5y"": 624, ""hindex"": 19, ""hindex5y"": 13, ""i10index"": 21, ""i10index5y"": 15, ""cites_per_year"": {""2005"": 4, ""2006"": 6, ""2007"": 12, ""2008"": 15, ""2009"": 28, ""2010"": 51, ""2011"": 63, ""2012"": 81, ""2013"": 81, ""2014"": 90, ""2015"": 100, ""2016"": 48, ""2017"": 51, ""2018"": 79, ""2019"": 82, ""2020"": 84, ""2021"": 86, ""2022"": 99, ""2023"": 98, ""2024"": 138, ""2025"": 121, ""2026"": 82}}"
300,google_scholar,2026-09-15,9226,21,31,8052,20,,"{""scholar_id"": ""nDF5G30AAAAJ"", ""name"": ""Yu Xiao"", ""affiliation"": ""Associate Professor, Urban Studies and Planning, Portland State University"", ""email_domain"": ""@pdx.edu"", ""interests"": [""Community Resiliency"", ""Disaster Impact"", ""Business Impact"", ""Economic Resiliency""], ""homepage"": null, ""citedby"": 9226, ""citedby5y"": 8052, ""hindex"": 21, ""hindex5y"": 20, ""i10index"": 31, ""i10index5y"": 28, ""cites_per_year"": {""2013"": 39, ""2014"": 40, ""2015"": 51, ""2016"": 62, ""2017"": 99, ""2018"": 137, ""2019"": 232, ""2020"": 350, ""2021"": 620, ""2022"": 1108, ""2023"": 1471, ""2024"": 1517, ""2025"": 1698, ""2026"": 1636}}"
301,google_scholar,2026-09-15,820,13,13,418,8,,"{""scholar_id"": ""-P2oJ9sAAAAJ"", ""name"": ""Marisa Zapata"", ""affiliation"": ""Portland State University"", ""email_domain"": ""@pdx.edu"", ""interests"": [], ""homepage"": null, ""citedby"": 820, ""citedby5y"": 418, ""hindex"": 13, ""hindex5y"": 8, ""i10index"": 13, ""i10index5y"": 6, ""cites_per_year"": {""2007"": 4, ""2008"": 8, ""2009"": 20, ""2010"": 20, ""2011"": 16, ""2012"": 22, ""2013"": 25, ""2014"": 12, ""2015"": 33, ""2016"": 35, ""2017"": 36, ""2018"": 43, ""2019"": 49, ""2020"": 60, ""2021"": 58, ""2022"": 70, ""2023"": 83, ""2024"": 73, ""2025"": 66, ""2026"": 67}}"
303,google_scholar,2026-09-15,121,5,4,102,5,,"{""scholar_id"": ""E1msbDkAAAAJ"", ""name"": ""Courtney E. Knapp"", ""affiliation"": ""Associate Professor, Graduate Center for Planning and the Environment, Pratt Institute"", ""email_domain"": ""@pratt.edu"", ""interests"": [], ""homepage"": null, ""citedby"": 121, ""citedby5y"": 102, ""hindex"": 5, ""hindex5y"": 5, ""i10index"": 4, ""i10index5y"": 4, ""cites_per_year"": {""2012"": 1, ""2013"": 1, ""2016"": 1, ""2017"": 2, ""2018"": 2, ""2019"": 5, ""2020"": 4, ""2021"": 9, ""2022"": 9, ""2023"": 17, ""2024"": 19, ""2025"": 27, ""2026"": 21}}"
305,google_scholar,2026-09-15,284,6,6,207,6,,"{""scholar_id"": ""xK7aVxYAAAAJ"", ""name"": ""Juan Camilo Osorio Botero"", ""affiliation"": ""Pratt Institute, Graduate Center for Planning and Environment (GCPE)"", ""email_domain"": ""@mit.edu"", ""interests"": [""political economy"", ""environmentl equity & conflict"", ""environmental & climate justice""], ""homepage"": null, ""citedby"": 284, ""citedby5y"": 207, ""hindex"": 6, ""hindex5y"": 6, ""i10index"": 6, ""i10index5y"": 6, ""cites_per_year"": {""2015"": 1, ""2016"": 1, ""2017"": 8, ""2018"": 12, ""2019"": 21, ""2020"": 20, ""2021"": 15, ""2022"": 35, ""2023"": 38, ""2024"": 43, ""2025"": 39, ""2026"": 37}}"
307,google_scholar,2026-09-15,1477,12,13,412,8,,"{""scholar_id"": ""AOP2DRQAAAAJ"", ""name"": ""Ajay Agarwal"", ""affiliation"": ""Associate Professor, Queen's University"", ""email_domain"": ""@queensu.ca"", ""interests"": [""Urban Transportation"", ""Travel Behavior"", ""Urban Spatial Structure"", ""Public Transit""], ""homepage"": ""http://www.queensu.ca/geographyandplanning/people/faculty/ajay-agarwal"", ""citedby"": 1477, ""citedby5y"": 412, ""hindex"": 12, ""hindex5y"": 8, ""i10index"": 13, ""i10index5y"": 7, ""cites_per_year"": {""1995"": 9, ""1996"": 6, ""1997"": 7, ""1998"": 7, ""1999"": 12, ""2000"": 6, ""2001"": 13, ""2002"": 10, ""2003"": 15, ""2004"": 11, ""2005"": 20, ""2006"": 18, ""2007"": 32, ""2008"": 26, ""2009"": 32, ""2010"": 49, ""2011"": 49, ""2012"": 63, ""2013"": 68, ""2014"": 61, ""2015"": 82, ""2016"": 79, ""2017"": 87, ""2018"": 98, ""2019"": 85, ""2020"": 78, ""2021"": 91, ""2022"": 77, ""2023"": 68, ""2024"": 83, ""2025"": 57, ""2026"": 36}}"
308,google_scholar,2026-09-15,1637,20,29,657,14,,"{""scholar_id"": ""VeNqwrEAAAAJ"", ""name"": ""Patricia A. Collins"", ""affiliation"": ""Queen's University"", ""email_domain"": ""@queensu.ca"", ""interests"": [""healthy community planning"", ""social and environmental determinants of health"", ""health inequities""], ""homepage"": ""http://healthycityprof.com/"", ""citedby"": 1637, ""citedby5y"": 657, ""hindex"": 20, ""hindex5y"": 14, ""i10index"": 29, ""i10index5y"": 18, ""cites_per_year"": {""2002"": 6, ""2003"": 4, ""2004"": 6, ""2005"": 9, ""2006"": 10, ""2007"": 22, ""2008"": 29, ""2009"": 29, ""2010"": 46, ""2011"": 66, ""2012"": 35, ""2013"": 58, ""2014"": 60, ""2015"": 91, ""2016"": 94, ""2017"": 104, ""2018"": 99, ""2019"": 96, ""2020"": 91, ""2021"": 91, ""2022"": 99, ""2023"": 106, ""2024"": 118, ""2025"": 131, ""2026"": 111}}"
309,google_scholar,2026-09-15,2407,22,29,689,12,,"{""scholar_id"": ""byrLx34AAAAJ"", ""name"": ""Betsy Donald"", ""affiliation"": ""Professor, Queen's University"", ""email_domain"": ""@queensu.ca"", ""interests"": [""economic geography"", ""urban geography"", ""sustainable food systems""], ""homepage"": null, ""citedby"": 2407, ""citedby5y"": 689, ""hindex"": 22, ""hindex5y"": 12, ""i10index"": 29, ""i10index5y"": 14, ""cites_per_year"": {""2003"": 11, ""2004"": 14, ""2005"": 26, ""2006"": 28, ""2007"": 34, ""2008"": 44, ""2009"": 61, ""2010"": 94, ""2011"": 69, ""2012"": 105, ""2013"": 111, ""2014"": 122, ""2015"": 128, ""2016"": 168, ""2017"": 170, ""2018"": 165, ""2019"": 146, ""2020"": 170, ""2021"": 159, ""2022"": 116, ""2023"": 108, ""2024"": 123, ""2025"": 98, ""2026"": 85}}"
310,google_scholar,2026-09-15,2731,23,37,616,13,,"{""scholar_id"": ""VkCclDUAAAAJ"", ""name"": ""David L. A. Gordon"", ""affiliation"": ""School of Urban and Regional Planning, Department of Geography and Planning, Queen's University"", ""email_domain"": ""@queensu.ca"", ""interests"": [""urban planning"", ""suburbs"", ""waterfronts"", ""capital cities"", ""planning history""], ""homepage"": ""http://www.queensu.ca/geographyandplanning/people/faculty/david-gordon"", ""citedby"": 2731, ""citedby5y"": 616, ""hindex"": 23, ""hindex5y"": 13, ""i10index"": 37, ""i10index5y"": 15, ""cites_per_year"": {""1991"": 18, ""1992"": 15, ""1993"": 8, ""1994"": 15, ""1995"": 14, ""1996"": 11, ""1997"": 24, ""1998"": 12, ""1999"": 41, ""2000"": 29, ""2001"": 46, ""2002"": 54, ""2003"": 40, ""2004"": 43, ""2005"": 61, ""2006"": 81, ""2007"": 79, ""2008"": 86, ""2009"": 76, ""2010"": 99, ""2011"": 85, ""2012"": 94, ""2013"": 134, ""2014"": 141, ""2015"": 105, ""2016"": 139, ""2017"": 144, ""2018"": 135, ""2019"": 119, ""2020"": 90, ""2021"": 103, ""2022"": 130, ""2023"": 105, ""2024"": 114, ""2025"": 103, ""2026"": 61}}"
311,google_scholar,2026-09-15,2123,22,35,1891,22,,"{""scholar_id"": ""yGHXP6kAAAAJ"", ""name"": ""Maxwell Hartt"", ""affiliation"": ""Queen's University"", ""email_domain"": ""@queensu.ca"", ""interests"": [""Urban Planning"", ""Shrinking Cities"", ""Aging"", ""Demographic Change"", ""Economic Decline""], ""homepage"": ""https://www.queensu.ca/geographyandplanning/people/hartt-maxwell"", ""citedby"": 2123, ""citedby5y"": 1891, ""hindex"": 22, ""hindex5y"": 22, ""i10index"": 35, ""i10index5y"": 33, ""cites_per_year"": {""2017"": 8, ""2018"": 20, ""2019"": 69, ""2020"": 92, ""2021"": 161, ""2022"": 200, ""2023"": 354, ""2024"": 384, ""2025"": 458, ""2026"": 329}}"
314,google_scholar,2026-09-15,1281,21,28,715,14,,"{""scholar_id"": ""2B6CoLQAAAAJ"", ""name"": ""Zachary Christman"", ""affiliation"": ""Professor and Chair, Geography, Planning, and Sustainability, Rowan University"", ""email_domain"": ""@rowan.edu"", ""interests"": [""Land Change"", ""Remote Sensing"", ""Geographic Information Systems and Science"", ""Health & Human Well-being"", ""Spatial Analysis""], ""homepage"": null, ""citedby"": 1281, ""citedby5y"": 715, ""hindex"": 21, ""hindex5y"": 14, ""i10index"": 28, ""i10index5y"": 23, ""cites_per_year"": {""2012"": 13, ""2013"": 33, ""2014"": 60, ""2015"": 40, ""2016"": 50, ""2017"": 63, ""2018"": 81, ""2019"": 70, ""2020"": 114, ""2021"": 123, ""2022"": 142, ""2023"": 128, ""2024"": 127, ""2025"": 130, ""2026"": 64}}"
316,google_scholar,2026-09-15,501,10,10,485,10,,"{""scholar_id"": ""Voq-KhIAAAAJ"", ""name"": ""Qian He"", ""affiliation"": ""Assistant Professor of Urban and Regional Planning, Rowan University"", ""email_domain"": ""@rowan.edu"", ""interests"": [""community resilience"", ""climate adaptation"", ""infrastructure justice"", ""health disparity""], ""homepage"": ""https://sites.google.com/view/qianheplanning"", ""citedby"": 501, ""citedby5y"": 485, ""hindex"": 10, ""hindex5y"": 10, ""i10index"": 10, ""i10index5y"": 10, ""cites_per_year"": {""2019"": 3, ""2020"": 8, ""2021"": 18, ""2022"": 42, ""2023"": 77, ""2024"": 108, ""2025"": 140, ""2026"": 97}}"
318,google_scholar,2026-09-15,317,8,7,241,7,,"{""scholar_id"": ""0cNt_VcAAAAJ"", ""name"": ""Jennifer Kitson"", ""affiliation"": ""Rowan University"", ""email_domain"": ""@rowan.edu"", ""interests"": [""Sensory Geographies"", ""Geohumanities"", ""Sustainable Urbanism"", ""Urban & Cultural Geography""], ""homepage"": null, ""citedby"": 317, ""citedby5y"": 241, ""hindex"": 8, ""hindex5y"": 7, ""i10index"": 7, ""i10index5y"": 6, ""cites_per_year"": {""2015"": 3, ""2016"": 7, ""2017"": 7, ""2018"": 11, ""2019"": 15, ""2020"": 24, ""2021"": 20, ""2022"": 25, ""2023"": 50, ""2024"": 38, ""2025"": 61, ""2026"": 47}}"
319,google_scholar,2026-09-15,2053,26,35,1509,25,,"{""scholar_id"": ""lJgw7TMAAAAJ"", ""name"": ""Mahbubur Meenar"", ""affiliation"": ""Rowan University"", ""email_domain"": ""@rowan.edu"", ""interests"": [""Urban planning"", ""green infrastructure"", ""community food systems"", ""sustainable development"", ""community""], ""homepage"": ""https://www.planviz.org/"", ""citedby"": 2053, ""citedby5y"": 1509, ""hindex"": 26, ""hindex5y"": 25, ""i10index"": 35, ""i10index5y"": 32, ""cites_per_year"": {""2012"": 12, ""2013"": 28, ""2014"": 32, ""2015"": 47, ""2016"": 44, ""2017"": 65, ""2018"": 70, ""2019"": 85, ""2020"": 109, ""2021"": 154, ""2022"": 250, ""2023"": 245, ""2024"": 292, ""2025"": 307, ""2026"": 257}}"
320,google_scholar,2026-09-15,1947,24,40,289,10,,"{""scholar_id"": ""c0_9n5gAAAAJ"", ""name"": ""Hooshang Amirahmadi"", ""affiliation"": ""Rutgers University"", ""email_domain"": null, ""interests"": [""Economic Development and Public policy""], ""homepage"": ""http://amirahmadi.com/"", ""citedby"": 1947, ""citedby5y"": 289, ""hindex"": 24, ""hindex5y"": 10, ""i10index"": 40, ""i10index5y"": 10, ""cites_per_year"": {""1987"": 5, ""1988"": 5, ""1989"": 22, ""1990"": 17, ""1991"": 10, ""1992"": 26, ""1993"": 34, ""1994"": 23, ""1995"": 32, ""1996"": 51, ""1997"": 42, ""1998"": 56, ""1999"": 31, ""2000"": 44, ""2001"": 36, ""2002"": 52, ""2003"": 45, ""2004"": 26, ""2005"": 47, ""2006"": 44, ""2007"": 68, ""2008"": 41, ""2009"": 44, ""2010"": 67, ""2011"": 57, ""2012"": 69, ""2013"": 67, ""2014"": 64, ""2015"": 62, ""2016"": 85, ""2017"": 85, ""2018"": 75, ""2019"": 95, ""2020"": 83, ""2021"": 70, ""2022"": 57, ""2023"": 59, ""2024"": 39, ""2025"": 42, ""2026"": 22}}"
321,google_scholar,2026-09-15,5038,37,90,1808,26,,"{""scholar_id"": ""aRLbkQcAAAAJ"", ""name"": ""Clinton J Andrews"", ""affiliation"": ""Professor of Urban Planning and Policy Development, Rutgers University"", ""email_domain"": ""@rutgers.edu"", ""interests"": [""Energy Policy"", ""Environmental Planning"", ""Industrial Ecology"", ""Green Buildings""], ""homepage"": ""http://bloustein.rutgers.edu/andrews"", ""citedby"": 5038, ""citedby5y"": 1808, ""hindex"": 37, ""hindex5y"": 26, ""i10index"": 90, ""i10index5y"": 49, ""cites_per_year"": {""1995"": 33, ""1996"": 38, ""1997"": 34, ""1998"": 34, ""1999"": 41, ""2000"": 79, ""2001"": 70, ""2002"": 70, ""2003"": 94, ""2004"": 100, ""2005"": 79, ""2006"": 79, ""2007"": 94, ""2008"": 106, ""2009"": 127, ""2010"": 121, ""2011"": 128, ""2012"": 156, ""2013"": 150, ""2014"": 153, ""2015"": 186, ""2016"": 196, ""2017"": 239, ""2018"": 236, ""2019"": 209, ""2020"": 234, ""2021"": 266, ""2022"": 286, ""2023"": 304, ""2024"": 366, ""2025"": 360, ""2026"": 222}}"
322,google_scholar,2026-09-15,126,6,3,107,6,,"{""scholar_id"": ""rP_BIkoAAAAJ"", ""name"": ""Bernadette Baird-Zars"", ""affiliation"": ""Assistant Professor of Urban Planning and Policy Development, Rutgers University"", ""email_domain"": ""@rutgers.edu"", ""interests"": [""land use planning"", ""zoning"", ""implementation"", ""institutional analysis"", ""co-production""], ""homepage"": ""https://bloustein.rutgers.edu/baird-zars/"", ""citedby"": 126, ""citedby5y"": 107, ""hindex"": 6, ""hindex5y"": 6, ""i10index"": 3, ""i10index5y"": 3, ""cites_per_year"": {""2016"": 4, ""2017"": 1, ""2018"": 1, ""2019"": 8, ""2020"": 5, ""2021"": 18, ""2022"": 8, ""2023"": 9, ""2024"": 16, ""2025"": 29, ""2026"": 26}}"
323,google_scholar,2026-09-15,6346,32,50,1769,21,,"{""scholar_id"": ""eZDymw0AAAAJ"", ""name"": ""James DeFilippis"", ""affiliation"": ""Rutgers University"", ""email_domain"": ""@rutgers.edu"", ""interests"": [""community development"", ""urban politics"", ""social movements"", ""community organizing"", ""immigration""], ""homepage"": null, ""citedby"": 6346, ""citedby5y"": 1769, ""hindex"": 32, ""hindex5y"": 21, ""i10index"": 50, ""i10index5y"": 33, ""cites_per_year"": {""2000"": 18, ""2001"": 19, ""2002"": 28, ""2003"": 61, ""2004"": 87, ""2005"": 90, ""2006"": 123, ""2007"": 118, ""2008"": 139, ""2009"": 166, ""2010"": 227, ""2011"": 279, ""2012"": 292, ""2013"": 318, ""2014"": 364, ""2015"": 357, ""2016"": 335, ""2017"": 339, ""2018"": 328, ""2019"": 367, ""2020"": 359, ""2021"": 330, ""2022"": 315, ""2023"": 301, ""2024"": 316, ""2025"": 291, ""2026"": 215}}"
325,google_scholar,2026-09-15,95,5,2,78,4,,"{""scholar_id"": ""g8Q6IToAAAAJ"", ""name"": ""Carmelo Ignaccolo"", ""affiliation"": ""E. J. Bloustein School of Planning and Public Policy - Rutgers University"", ""email_domain"": ""@mit.edu"", ""interests"": [""urban design"", ""urban planning"", ""urban science"", ""GIS"", ""urban analytics""], ""homepage"": ""https://dusp.mit.edu/people/carmelo-ignaccolo"", ""citedby"": 95, ""citedby5y"": 78, ""hindex"": 5, ""hindex5y"": 4, ""i10index"": 2, ""i10index5y"": 2, ""cites_per_year"": {""2019"": 1, ""2020"": 16, ""2021"": 14, ""2022"": 7, ""2023"": 7, ""2024"": 15, ""2025"": 17, ""2026"": 17}}"
326,google_scholar,2026-09-15,1372,20,31,418,11,,"{""scholar_id"": ""DDopjFkAAAAJ"", ""name"": ""Radha Jagannathan"", ""affiliation"": ""Professor of Statistics"", ""email_domain"": ""@rutgers.edu"", ""interests"": [""Youth development"", ""public education"", ""youth labor market"", ""school-to-work transition""], ""homepage"": ""https://bloustein.rutgers.edu/jagannathan/"", ""citedby"": 1372, ""citedby5y"": 418, ""hindex"": 20, ""hindex5y"": 11, ""i10index"": 31, ""i10index5y"": 13, ""cites_per_year"": {""1999"": 10, ""2000"": 18, ""2001"": 34, ""2002"": 19, ""2003"": 44, ""2004"": 61, ""2005"": 55, ""2006"": 41, ""2007"": 34, ""2008"": 39, ""2009"": 54, ""2010"": 34, ""2011"": 45, ""2012"": 48, ""2013"": 37, ""2014"": 27, ""2015"": 43, ""2016"": 38, ""2017"": 63, ""2018"": 61, ""2019"": 58, ""2020"": 65, ""2021"": 82, ""2022"": 70, ""2023"": 65, ""2024"": 80, ""2025"": 80, ""2026"": 40}}"
328,google_scholar,2026-09-15,3353,21,26,937,11,,"{""scholar_id"": ""a9NL4mwAAAAJ"", ""name"": ""Kathe Newman"", ""affiliation"": ""Rutgers University"", ""email_domain"": ""@rutgers.edu"", ""interests"": [""Urban theory"", ""housing finance"", ""financialization of the economy"", ""urban change"", ""community food security""], ""homepage"": ""https://rwv.rutgers.edu/"", ""citedby"": 3353, ""citedby5y"": 937, ""hindex"": 21, ""hindex5y"": 11, ""i10index"": 26, ""i10index5y"": 11, ""cites_per_year"": {""1999"": 9, ""2000"": 25, ""2001"": 17, ""2002"": 10, ""2003"": 16, ""2004"": 16, ""2005"": 19, ""2006"": 52, ""2007"": 54, ""2008"": 71, ""2009"": 89, ""2010"": 114, ""2011"": 147, ""2012"": 145, ""2013"": 151, ""2014"": 171, ""2015"": 185, ""2016"": 192, ""2017"": 218, ""2018"": 239, ""2019"": 202, ""2020"": 199, ""2021"": 177, ""2022"": 186, ""2023"": 163, ""2024"": 154, ""2025"": 161, ""2026"": 96}}"
329,google_scholar,2026-09-15,21608,72,170,7708,46,,"{""scholar_id"": ""QQOnlW8AAAAJ"", ""name"": ""Robert B. Noland"", ""affiliation"": ""Distinguished Professor, Bloustein School of Planning and Public Policy, Rutgers University"", ""email_domain"": ""@rutgers.edu"", ""interests"": [""transportation policy"", ""energy and climate policy"", ""travel behavior"", ""non-motorized travel"", ""transport""], ""homepage"": ""https://bloustein.rutgers.edu/people/noland/"", ""citedby"": 21608, ""citedby5y"": 7708, ""hindex"": 72, ""hindex5y"": 46, ""i10index"": 170, ""i10index5y"": 134, ""cites_per_year"": {""2002"": 111, ""2003"": 122, ""2004"": 149, ""2005"": 272, ""2006"": 277, ""2007"": 340, ""2008"": 418, ""2009"": 565, ""2010"": 664, ""2011"": 769, ""2012"": 883, ""2013"": 934, ""2014"": 1099, ""2015"": 1082, ""2016"": 1125, ""2017"": 1164, ""2018"": 1120, ""2019"": 1109, ""2020"": 1292, ""2021"": 1447, ""2022"": 1327, ""2023"": 1378, ""2024"": 1379, ""2025"": 1319, ""2026"": 849}}"
330,google_scholar,2026-09-15,338,8,8,259,8,,"{""scholar_id"": ""OkqzTFcAAAAJ"", ""name"": ""Will B. Payne"", ""affiliation"": ""Associate Professor, Bloustein School of Planning and Public Policy, Rutgers University"", ""email_domain"": ""@rutgers.edu"", ""interests"": [""Digital Geographies"", ""City and Regional Planning"", ""Urban Informatics"", ""Spatial Data Science"", ""Urban""], ""homepage"": ""https://willbpayne.com/"", ""citedby"": 338, ""citedby5y"": 259, ""hindex"": 8, ""hindex5y"": 8, ""i10index"": 8, ""i10index5y"": 7, ""cites_per_year"": {""2016"": 2, ""2017"": 7, ""2018"": 19, ""2019"": 15, ""2020"": 28, ""2021"": 32, ""2022"": 36, ""2023"": 42, ""2024"": 48, ""2025"": 57, ""2026"": 42}}"
331,google_scholar,2026-09-15,1663,21,30,1106,19,,"{""scholar_id"": ""1TPJPWwAAAAJ"", ""name"": ""Kelcie Ralph"", ""affiliation"": ""Rutgers, the State University of New Jersey"", ""email_domain"": ""@ejb.rutgers.edu"", ""interests"": [""Transportation"", ""framing"", ""equity"", ""behavioral change""], ""homepage"": ""http://kelcieralph.org/"", ""citedby"": 1663, ""citedby5y"": 1106, ""hindex"": 21, ""hindex5y"": 19, ""i10index"": 30, ""i10index5y"": 26, ""cites_per_year"": {""2014"": 14, ""2015"": 18, ""2016"": 28, ""2017"": 110, ""2018"": 109, ""2019"": 112, ""2020"": 134, ""2021"": 161, ""2022"": 164, ""2023"": 190, ""2024"": 224, ""2025"": 212, ""2026"": 154}}"
332,google_scholar,2026-09-15,126,4,2,126,4,,"{""scholar_id"": ""ws6Obu8AAAAJ"", ""name"": ""Andrea Restrepo-Mieth"", ""affiliation"": ""Assistant Professor, Rutgers University"", ""email_domain"": ""@cornell.edu"", ""interests"": [""environmental planning"", ""water politics"", ""institutions"", ""urban greenery"", ""climate change adaptation""], ""homepage"": ""https://www.andrearestrepo-mieth.com/"", ""citedby"": 126, ""citedby5y"": 126, ""hindex"": 4, ""hindex5y"": 4, ""i10index"": 2, ""i10index5y"": 2, ""cites_per_year"": {""2022"": 1, ""2023"": 8, ""2024"": 16, ""2025"": 45, ""2026"": 52}}"
334,google_scholar,2026-09-15,739,15,18,570,13,,"{""scholar_id"": ""2sca56AAAAAJ"", ""name"": ""Eric Seymour"", ""affiliation"": ""Associate Professor of Urban Planning, Rutgers University"", ""email_domain"": ""@rutgers.edu"", ""interests"": [""housing"", ""eviction"", ""urban decline""], ""homepage"": ""https://bloustein.rutgers.edu/seymour/"", ""citedby"": 739, ""citedby5y"": 570, ""hindex"": 15, ""hindex5y"": 13, ""i10index"": 18, ""i10index5y"": 17, ""cites_per_year"": {""2015"": 3, ""2016"": 11, ""2017"": 20, ""2018"": 30, ""2019"": 38, ""2020"": 58, ""2021"": 78, ""2022"": 59, ""2023"": 89, ""2024"": 115, ""2025"": 132, ""2026"": 97}}"
335,google_scholar,2026-09-15,380,10,10,232,9,,"{""scholar_id"": ""Yu63i0UAAAAJ"", ""name"": ""Mi Shih"", ""affiliation"": ""Bloustein School of Planning and Public Policy, Rutgers University"", ""email_domain"": ""@ejb.rutgers.edu"", ""interests"": [""International urbanization"", ""Land development"", ""Displacement"", ""Social protests"", ""Planning""], ""homepage"": ""https://bloustein.rutgers.edu/shih/"", ""citedby"": 380, ""citedby5y"": 232, ""hindex"": 10, ""hindex5y"": 9, ""i10index"": 10, ""i10index5y"": 9, ""cites_per_year"": {""2010"": 3, ""2011"": 3, ""2012"": 5, ""2013"": 3, ""2014"": 4, ""2015"": 13, ""2016"": 7, ""2017"": 12, ""2018"": 25, ""2019"": 37, ""2020"": 30, ""2021"": 24, ""2022"": 47, ""2023"": 31, ""2024"": 48, ""2025"": 40, ""2026"": 42}}"
336,google_scholar,2026-09-15,4394,36,53,2864,29,,"{""scholar_id"": ""pZuyPwYAAAAJ"", ""name"": ""Michael J Smart"", ""affiliation"": ""Professor, Rutgers University"", ""email_domain"": ""@ejb.rutgers.edu"", ""interests"": [""transportation"", ""demographic change"", ""social justice""], ""homepage"": ""http://bloustein.rutgers.edu/smart/"", ""citedby"": 4394, ""citedby5y"": 2864, ""hindex"": 36, ""hindex5y"": 29, ""i10index"": 53, ""i10index5y"": 43, ""cites_per_year"": {""2010"": 14, ""2011"": 41, ""2012"": 22, ""2013"": 45, ""2014"": 65, ""2015"": 75, ""2016"": 109, ""2017"": 180, ""2018"": 274, ""2019"": 278, ""2020"": 363, ""2021"": 494, ""2022"": 463, ""2023"": 532, ""2024"": 553, ""2025"": 495, ""2026"": 325}}"
338,google_scholar,2026-09-15,4053,26,40,3197,25,,"{""scholar_id"": ""FBjPT3wAAAAJ"", ""name"": ""Wenwen Zhang"", ""affiliation"": ""Associate Professor at Rutgers University"", ""email_domain"": ""@scarletmail.rutgers.edu"", ""interests"": [""City Planning"", ""Autonomous Vehicles"", ""Shared Mobility"", ""Energy"", ""Urban Informatics""], ""homepage"": ""http://www.wenwenz.com/"", ""citedby"": 4053, ""citedby5y"": 3197, ""hindex"": 26, ""hindex5y"": 25, ""i10index"": 40, ""i10index5y"": 37, ""cites_per_year"": {""2016"": 18, ""2017"": 51, ""2018"": 137, ""2019"": 271, ""2020"": 347, ""2021"": 474, ""2022"": 498, ""2023"": 587, ""2024"": 594, ""2025"": 628, ""2026"": 404}}"
339,google_scholar,2026-09-15,22,2,1,16,1,,"{""scholar_id"": ""9pl5xI8AAAAJ"", ""name"": ""Richard Alomar"", ""affiliation"": ""Unknown affiliation"", ""email_domain"": null, ""interests"": [], ""homepage"": null, ""citedby"": 22, ""citedby5y"": 16, ""hindex"": 2, ""hindex5y"": 1, ""i10index"": 1, ""i10index5y"": 1, ""cites_per_year"": {""2018"": 2, ""2019"": 1, ""2020"": 3, ""2021"": 3, ""2022"": 2, ""2023"": 2, ""2024"": 3, ""2025"": 2, ""2026"": 4}}"
340,google_scholar,2026-09-15,131,6,5,60,5,,"{""scholar_id"": ""B1-st0oAAAAJ"", ""name"": ""Anette Freytag"", ""affiliation"": ""Professor of Landscape Architecture at Rutgers University"", ""email_domain"": ""@rutgers.edu"", ""interests"": [""landscape architecture"", ""gardens"", ""landscape history and theory"", ""space and race""], ""homepage"": ""http://landarch.rutgers.edu/people.html"", ""citedby"": 131, ""citedby5y"": 60, ""hindex"": 6, ""hindex5y"": 5, ""i10index"": 5, ""i10index5y"": 1, ""cites_per_year"": {""2003"": 1, ""2004"": 1, ""2005"": 1, ""2007"": 1, ""2008"": 1, ""2009"": 4, ""2010"": 1, ""2011"": 2, ""2012"": 2, ""2014"": 7, ""2015"": 4, ""2016"": 6, ""2017"": 15, ""2018"": 5, ""2019"": 8, ""2020"": 6, ""2021"": 7, ""2022"": 13, ""2023"": 10, ""2024"": 15, ""2025"": 10, ""2026"": 5}}"
341,google_scholar,2026-09-15,1569,18,23,234,10,,"{""scholar_id"": ""thJhOCUAAAAJ"", ""name"": ""Jeanmarie Hartman"", ""affiliation"": ""Associate Professor, Landscape Architecture, Plant Biology, Rutgers University"", ""email_domain"": ""@sebs.rutgers.edu"", ""interests"": [""landscape architecture"", ""plant ecology"", ""ecological design"", ""wetlands""], ""homepage"": null, ""citedby"": 1569, ""citedby5y"": 234, ""hindex"": 18, ""hindex5y"": 10, ""i10index"": 23, ""i10index5y"": 10, ""cites_per_year"": {""1987"": 7, ""1988"": 6, ""1989"": 5, ""1990"": 12, ""1991"": 15, ""1992"": 27, ""1993"": 26, ""1994"": 31, ""1995"": 28, ""1996"": 24, ""1997"": 16, ""1998"": 16, ""1999"": 22, ""2000"": 34, ""2001"": 20, ""2002"": 22, ""2003"": 42, ""2004"": 43, ""2005"": 40, ""2006"": 64, ""2007"": 55, ""2008"": 61, ""2009"": 72, ""2010"": 68, ""2011"": 56, ""2012"": 65, ""2013"": 73, ""2014"": 89, ""2015"": 58, ""2016"": 50, ""2017"": 49, ""2018"": 40, ""2019"": 34, ""2020"": 46, ""2021"": 48, ""2022"": 52, ""2023"": 40, ""2024"": 52, ""2025"": 22, ""2026"": 20}}"
344,google_scholar,2026-09-15,2670,19,23,870,11,,"{""scholar_id"": ""_7calRUAAAAJ"", ""name"": ""Laura Lawson"", ""affiliation"": ""Professor of Landscape Architecture"", ""email_domain"": ""@sebs.rutgers.edu"", ""interests"": [""landscape architecture"", ""community design"", ""participatory design"", ""community garden"", ""urban agriculture""], ""homepage"": ""http://ljlawson.rutgers.edu/"", ""citedby"": 2670, ""citedby5y"": 870, ""hindex"": 19, ""hindex5y"": 11, ""i10index"": 23, ""i10index5y"": 13, ""cites_per_year"": {""2005"": 9, ""2006"": 9, ""2007"": 17, ""2008"": 21, ""2009"": 45, ""2010"": 61, ""2011"": 66, ""2012"": 106, ""2013"": 116, ""2014"": 140, ""2015"": 174, ""2016"": 185, ""2017"": 196, ""2018"": 231, ""2019"": 177, ""2020"": 171, ""2021"": 172, ""2022"": 181, ""2023"": 158, ""2024"": 168, ""2025"": 118, ""2026"": 73}}"
345,google_scholar,2026-09-15,2026,21,39,610,14,,"{""scholar_id"": ""lOLIQZ8AAAAJ"", ""name"": ""David Tulloch"", ""affiliation"": ""Chair and Professor of Landscape Architecture, Rutgers University"", ""email_domain"": ""@Rutgers.edu"", ""interests"": [""Geodesign"", ""GIS"", ""VGI"", ""landscape architecture"", ""Global surgery""], ""homepage"": ""http://www.crssa.rutgers.edu/people/dtulloch/geohealth/"", ""citedby"": 2026, ""citedby5y"": 610, ""hindex"": 21, ""hindex5y"": 14, ""i10index"": 39, ""i10index5y"": 17, ""cites_per_year"": {""1997"": 14, ""1998"": 6, ""1999"": 11, ""2000"": 7, ""2001"": 12, ""2002"": 20, ""2003"": 16, ""2004"": 22, ""2005"": 27, ""2006"": 27, ""2007"": 58, ""2008"": 68, ""2009"": 67, ""2010"": 76, ""2011"": 83, ""2012"": 94, ""2013"": 97, ""2014"": 82, ""2015"": 95, ""2016"": 105, ""2017"": 94, ""2018"": 86, ""2019"": 90, ""2020"": 106, ""2021"": 86, ""2022"": 112, ""2023"": 129, ""2024"": 110, ""2025"": 105, ""2026"": 68}}"
347,google_scholar,2026-09-15,2430,26,43,1218,19,,"{""scholar_id"": ""ghYGG94AAAAJ"", ""name"": ""Bruce Appleyard"", ""affiliation"": ""San Diego State University"", ""email_domain"": ""@mail.sdsu.edu"", ""interests"": [""City Planning"", ""Urban Design"", ""Transportation""], ""homepage"": ""http://bruceappleyard.com/"", ""citedby"": 2430, ""citedby5y"": 1218, ""hindex"": 26, ""hindex5y"": 19, ""i10index"": 43, ""i10index5y"": 31, ""cites_per_year"": {""1997"": 9, ""1998"": 8, ""1999"": 11, ""2000"": 12, ""2001"": 17, ""2002"": 40, ""2003"": 27, ""2004"": 27, ""2005"": 28, ""2006"": 25, ""2007"": 48, ""2008"": 50, ""2009"": 33, ""2010"": 46, ""2011"": 38, ""2012"": 41, ""2013"": 43, ""2014"": 47, ""2015"": 52, ""2016"": 70, ""2017"": 89, ""2018"": 83, ""2019"": 133, ""2020"": 174, ""2021"": 173, ""2022"": 218, ""2023"": 203, ""2024"": 215, ""2025"": 240, ""2026"": 168}}"
348,google_scholar,2026-09-15,17,3,0,16,3,,"{""scholar_id"": ""ohJqKaAAAAAJ"", ""name"": ""Jenna Dublin-Boc"", ""affiliation"": ""San Diego State University"", ""email_domain"": ""@sdsu.edu"", ""interests"": [""land use"", ""historic preservation"", ""community organizing""], ""homepage"": null, ""citedby"": 17, ""citedby5y"": 16, ""hindex"": 3, ""hindex5y"": 3, ""i10index"": 0, ""i10index5y"": 0, ""cites_per_year"": {""2021"": 1, ""2022"": 1, ""2023"": 6, ""2025"": 4, ""2026"": 4}}"
349,google_scholar,2026-09-15,640,14,15,446,12,,"{""scholar_id"": ""OaHXcpsAAAAJ"", ""name"": ""AJ Kim"", ""affiliation"": ""Associate Professor of City Planning | Faculty Fellow"", ""email_domain"": ""@stanford.edu"", ""interests"": [""health equity"", ""urban inequality"", ""informal economies"", ""immigration"", ""participatory mapping""], ""homepage"": ""https://www.unauthorizedcity.com/"", ""citedby"": 640, ""citedby5y"": 446, ""hindex"": 14, ""hindex5y"": 12, ""i10index"": 15, ""i10index5y"": 13, ""cites_per_year"": {""2012"": 6, ""2013"": 5, ""2014"": 5, ""2015"": 8, ""2016"": 16, ""2017"": 19, ""2018"": 25, ""2019"": 39, ""2020"": 58, ""2021"": 61, ""2022"": 63, ""2023"": 83, ""2024"": 88, ""2025"": 81, ""2026"": 70}}"
350,google_scholar,2026-09-15,88,5,2,77,5,,"{""scholar_id"": ""oMm6CBUAAAAJ"", ""name"": ""Valerie Stahl"", ""affiliation"": ""San Diego State University"", ""email_domain"": ""@sdsu.edu"", ""interests"": [""affordable and public housing"", ""community engagement and participation"", ""zoning and land-use""], ""homepage"": ""https://www.valeriestahl.com/"", ""citedby"": 88, ""citedby5y"": 77, ""hindex"": 5, ""hindex5y"": 5, ""i10index"": 2, ""i10index5y"": 2, ""cites_per_year"": {""2018"": 1, ""2019"": 6, ""2020"": 4, ""2021"": 14, ""2022"": 7, ""2023"": 6, ""2024"": 11, ""2025"": 17, ""2026"": 21}}"
351,google_scholar,2026-09-15,87,6,2,84,6,,"{""scholar_id"": ""o86m64IAAAAJ"", ""name"": ""Madison Swayne"", ""affiliation"": ""Assistant Professor, San Diego State University"", ""email_domain"": ""@sdsu.edu"", ""interests"": [], ""homepage"": ""https://spa.sdsu.edu/fac_staff/spa_profiles/madison-swayne"", ""citedby"": 87, ""citedby5y"": 84, ""hindex"": 6, ""hindex5y"": 6, ""i10index"": 2, ""i10index5y"": 2, ""cites_per_year"": {""2021"": 1, ""2022"": 6, ""2023"": 9, ""2024"": 13, ""2025"": 31, ""2026"": 24}}"
352,google_scholar,2026-09-15,2865,27,55,1273,18,,"{""scholar_id"": ""N0pt2mgAAAAJ"", ""name"": ""Asha Weinstein Agrawal"", ""affiliation"": ""San Jose State University / Mineta Transportation Institute"", ""email_domain"": ""@sjsu.edu"", ""interests"": [""transportation planning & policy"", ""transportaton taxes/fees"", ""travel behavior"", ""transportation history""], ""homepage"": ""https://transweb.sjsu.edu/Asha-Weinstein-Agrawal-PhD"", ""citedby"": 2865, ""citedby5y"": 1273, ""hindex"": 27, ""hindex5y"": 18, ""i10index"": 55, ""i10index5y"": 28, ""cites_per_year"": {""2001"": 11, ""2002"": 6, ""2003"": 7, ""2004"": 7, ""2005"": 6, ""2006"": 19, ""2007"": 17, ""2008"": 25, ""2009"": 52, ""2010"": 66, ""2011"": 72, ""2012"": 98, ""2013"": 111, ""2014"": 131, ""2015"": 126, ""2016"": 135, ""2017"": 174, ""2018"": 155, ""2019"": 161, ""2020"": 170, ""2021"": 233, ""2022"": 199, ""2023"": 220, ""2024"": 253, ""2025"": 223, ""2026"": 145}}"
353,google_scholar,2026-09-15,2550,27,40,981,16,,"{""scholar_id"": ""ObmDWOcAAAAJ"", ""name"": ""Vincent J Del Casino Jr"", ""affiliation"": ""San José State University"", ""email_domain"": ""@sjsu.edu"", ""interests"": [""Social Cultural and Health Geographies"", ""Sexuality Studies"", ""HIV/AIDS"", ""Maps Cartography and Tourism"", ""Geographic Methodologies""], ""homepage"": ""http://www.sjsu.edu/people/vincent.delcasino/index.html"", ""citedby"": 2550, ""citedby5y"": 981, ""hindex"": 27, ""hindex5y"": 16, ""i10index"": 40, ""i10index5y"": 18, ""cites_per_year"": {""2003"": 19, ""2004"": 31, ""2005"": 18, ""2006"": 56, ""2007"": 33, ""2008"": 56, ""2009"": 65, ""2010"": 81, ""2011"": 98, ""2012"": 105, ""2013"": 94, ""2014"": 106, ""2015"": 100, ""2016"": 113, ""2017"": 108, ""2018"": 136, ""2019"": 139, ""2020"": 136, ""2021"": 147, ""2022"": 173, ""2023"": 198, ""2024"": 183, ""2025"": 157, ""2026"": 120}}"
354,google_scholar,2026-09-15,928,12,13,509,10,,"{""scholar_id"": ""6U4EpNgAAAAJ"", ""name"": ""Gordon C. C. Douglas"", ""affiliation"": ""San José State University, New York University, University of Chicago"", ""email_domain"": ""@sjsu.edu"", ""interests"": [""Urban Studies"", ""Informal Urbanism"", ""Community Identity and Change"", ""Urban Political-Economy"", ""Resilience""], ""homepage"": ""http://www.diyurbandesign.com/"", ""citedby"": 928, ""citedby5y"": 509, ""hindex"": 12, ""hindex5y"": 10, ""i10index"": 13, ""i10index5y"": 10, ""cites_per_year"": {""2011"": 4, ""2012"": 3, ""2013"": 13, ""2014"": 28, ""2015"": 26, ""2016"": 44, ""2017"": 53, ""2018"": 65, ""2019"": 72, ""2020"": 94, ""2021"": 64, ""2022"": 84, ""2023"": 78, ""2024"": 87, ""2025"": 114, ""2026"": 81}}"
355,google_scholar,2026-09-15,136,7,6,115,6,,"{""scholar_id"": ""iv3ev14AAAAJ"", ""name"": ""Laureen D. Hom"", ""affiliation"": ""Associate Director, Asian American Research Center at Stanford University"", ""email_domain"": ""@stanford.edu"", ""interests"": [""Asian American Studies"", ""urban studies"", ""race"", ""community development"", ""neighborhoods""], ""homepage"": ""http://www.laureenhom.com/"", ""citedby"": 136, ""citedby5y"": 115, ""hindex"": 7, ""hindex5y"": 6, ""i10index"": 6, ""i10index5y"": 5, ""cites_per_year"": {""2012"": 1, ""2014"": 1, ""2015"": 1, ""2016"": 1, ""2018"": 2, ""2019"": 4, ""2020"": 8, ""2021"": 7, ""2022"": 14, ""2023"": 22, ""2024"": 19, ""2025"": 29, ""2026"": 22}}"
357,google_scholar,2026-09-15,85,4,3,85,4,,"{""scholar_id"": ""7NSAY8gAAAAJ"", ""name"": ""Ayda Kianmehr"", ""affiliation"": ""Assistant Professor, San Jose State University"", ""email_domain"": ""@sjsu.edu"", ""interests"": [""Environmental Planning"", ""Urban Climate"", ""Urban Resilience"", ""Climate Equity""], ""homepage"": null, ""citedby"": 85, ""citedby5y"": 85, ""hindex"": 4, ""hindex5y"": 4, ""i10index"": 3, ""i10index5y"": 3, ""cites_per_year"": {""2022"": 3, ""2023"": 11, ""2024"": 25, ""2025"": 20, ""2026"": 26}}"
359,google_scholar,2026-09-15,333,8,7,322,8,,"{""scholar_id"": ""GvdJ5eEAAAAJ"", ""name"": ""Marcel E. Moran, PhD"", ""affiliation"": ""Assistant Professor, San José State University"", ""email_domain"": ""@sjsu.edu"", ""interests"": [""city planning"", ""transportation"", ""cycling"", ""pedestrians"", ""transit""], ""homepage"": ""http://www.marcelmoran.com/"", ""citedby"": 333, ""citedby5y"": 322, ""hindex"": 8, ""hindex5y"": 8, ""i10index"": 7, ""i10index5y"": 7, ""cites_per_year"": {""2020"": 8, ""2021"": 42, ""2022"": 51, ""2023"": 45, ""2024"": 55, ""2025"": 77, ""2026"": 52}}"
361,google_scholar,2026-09-15,840,11,12,730,11,,"{""scholar_id"": ""Bg1_iWcAAAAJ"", ""name"": ""Ahoura Zandiatashbar"", ""affiliation"": ""Associate Professor of Urban & Regional Planning, San José State University"", ""email_domain"": ""@sjsu.edu"", ""interests"": [""Built Environment Outcomes"", ""Economic Development"", ""Urban Mobility""], ""homepage"": ""http://z-ahoura.com/"", ""citedby"": 840, ""citedby5y"": 730, ""hindex"": 11, ""hindex5y"": 11, ""i10index"": 12, ""i10index5y"": 11, ""cites_per_year"": {""2018"": 10, ""2019"": 45, ""2020"": 51, ""2021"": 104, ""2022"": 122, ""2023"": 137, ""2024"": 114, ""2025"": 122, ""2026"": 127}}"
363,google_scholar,2026-09-15,452,12,13,397,11,,"{""scholar_id"": ""KokNYC0AAAAJ"", ""name"": ""Clifford Gordon Atleo"", ""affiliation"": ""Associate Professor, School of Resource and Environmental Management, Simon Fraser University"", ""email_domain"": ""@sfu.ca"", ""interests"": [""Indigenous Governance"", ""Political Economy"", ""Resource Management""], ""homepage"": ""http://www.kamayaam.com/"", ""citedby"": 452, ""citedby5y"": 397, ""hindex"": 12, ""hindex5y"": 11, ""i10index"": 13, ""i10index5y"": 11, ""cites_per_year"": {""2012"": 2, ""2013"": 1, ""2014"": 2, ""2015"": 5, ""2016"": 2, ""2017"": 3, ""2018"": 13, ""2019"": 9, ""2020"": 14, ""2021"": 19, ""2022"": 21, ""2023"": 55, ""2024"": 90, ""2025"": 105, ""2026"": 103}}"
364,google_scholar,2026-09-15,282,6,5,270,6,,"{""scholar_id"": ""MUWeReEAAAAJ"", ""name"": ""Jonathan Boron"", ""affiliation"": ""PhD Candidate in REM, Simon Fraser University"", ""email_domain"": ""@sfu.ca"", ""interests"": [""Environmental Management"", ""Resource Governance"", ""Indigenous Self-determination""], ""homepage"": null, ""citedby"": 282, ""citedby5y"": 270, ""hindex"": 6, ""hindex5y"": 6, ""i10index"": 5, ""i10index5y"": 5, ""cites_per_year"": {""2019"": 2, ""2020"": 7, ""2021"": 8, ""2022"": 23, ""2023"": 45, ""2024"": 63, ""2025"": 67, ""2026"": 64}}"
365,google_scholar,2026-09-15,2252,17,23,2102,17,,"{""scholar_id"": ""hTFSt6kAAAAJ"", ""name"": ""Andreanne Doyon"", ""affiliation"": ""Simon Fraser University"", ""email_domain"": ""@sfu.ca"", ""interests"": [""Sustainability transitions"", ""sustainable housing"", ""urban planning"", ""governance"", ""justice.""], ""homepage"": ""https://www.sfu.ca/rem/about/people/doyon.html"", ""citedby"": 2252, ""citedby5y"": 2102, ""hindex"": 17, ""hindex5y"": 17, ""i10index"": 23, ""i10index5y"": 23, ""cites_per_year"": {""2019"": 21, ""2020"": 91, ""2021"": 211, ""2022"": 267, ""2023"": 341, ""2024"": 401, ""2025"": 496, ""2026"": 378}}"
367,google_scholar,2026-09-15,2393,24,39,941,19,,"{""scholar_id"": ""ErO8B9MAAAAJ"", ""name"": ""Meg Holden"", ""affiliation"": ""Simon Fraser University"", ""email_domain"": ""@sfu.ca"", ""interests"": [""urban sustainability"", ""social learning"", ""pragmatism"", ""convention theory"", ""urban environmental planning""], ""homepage"": null, ""citedby"": 2393, ""citedby5y"": 941, ""hindex"": 24, ""hindex5y"": 19, ""i10index"": 39, ""i10index5y"": 28, ""cites_per_year"": {""2004"": 11, ""2005"": 5, ""2006"": 8, ""2007"": 8, ""2008"": 26, ""2009"": 36, ""2010"": 65, ""2011"": 51, ""2012"": 98, ""2013"": 91, ""2014"": 99, ""2015"": 147, ""2016"": 139, ""2017"": 148, ""2018"": 146, ""2019"": 165, ""2020"": 161, ""2021"": 189, ""2022"": 157, ""2023"": 143, ""2024"": 170, ""2025"": 160, ""2026"": 120}}"
368,google_scholar,2026-09-15,3451,34,77,1515,20,,"{""scholar_id"": ""FoFnJMYAAAAJ"", ""name"": ""Sean Markey"", ""affiliation"": ""School of Resource and Environmental Management, Simon Fraser University"", ""email_domain"": ""@sfu.ca"", ""interests"": [""Rural development"", ""sustainable infrastructure"", ""community planning"", ""community economic development""], ""homepage"": ""https://www.sfu.ca/rem/people/profiles/markey.html"", ""citedby"": 3451, ""citedby5y"": 1515, ""hindex"": 34, ""hindex5y"": 20, ""i10index"": 77, ""i10index5y"": 55, ""cites_per_year"": {""2006"": 13, ""2007"": 14, ""2008"": 37, ""2009"": 35, ""2010"": 92, ""2011"": 51, ""2012"": 87, ""2013"": 111, ""2014"": 155, ""2015"": 187, ""2016"": 250, ""2017"": 166, ""2018"": 168, ""2019"": 247, ""2020"": 240, ""2021"": 242, ""2022"": 258, ""2023"": 281, ""2024"": 244, ""2025"": 270, ""2026"": 215}}"
369,google_scholar,2026-09-15,1831,21,29,1687,19,,"{""scholar_id"": ""T2Ljk-sAAAAJ"", ""name"": ""Dr. Tammara Soma"", ""affiliation"": ""Associate Professor"", ""email_domain"": ""@sfu.ca"", ""interests"": [""food waste"", ""food system planning"", ""consumption"", ""circular economy""], ""homepage"": null, ""citedby"": 1831, ""citedby5y"": 1687, ""hindex"": 21, ""hindex5y"": 19, ""i10index"": 29, ""i10index5y"": 28, ""cites_per_year"": {""2017"": 8, ""2018"": 23, ""2019"": 15, ""2020"": 76, ""2021"": 87, ""2022"": 189, ""2023"": 297, ""2024"": 375, ""2025"": 424, ""2026"": 304}}"
370,google_scholar,2026-09-15,802,13,17,337,9,,"{""scholar_id"": ""tJaShosAAAAJ"", ""name"": ""Shiguo Jiang"", ""affiliation"": ""Associate Professor, State University of New York at Albany"", ""email_domain"": ""@albany.edu"", ""interests"": [""Remote Sensing"", ""GIS"", ""Spatial Statistics""], ""homepage"": ""http://www.albany.edu/spatial"", ""citedby"": 802, ""citedby5y"": 337, ""hindex"": 13, ""hindex5y"": 9, ""i10index"": 17, ""i10index5y"": 9, ""cites_per_year"": {""2006"": 2, ""2007"": 9, ""2008"": 7, ""2009"": 7, ""2010"": 19, ""2011"": 24, ""2012"": 31, ""2013"": 31, ""2014"": 29, ""2015"": 46, ""2016"": 32, ""2017"": 31, ""2018"": 80, ""2019"": 64, ""2020"": 51, ""2021"": 59, ""2022"": 68, ""2023"": 69, ""2024"": 52, ""2025"": 65, ""2026"": 24}}"
371,google_scholar,2026-09-15,5085,24,34,1543,16,,"{""scholar_id"": ""MepaZWoAAAAJ"", ""name"": ""Catherine Lawson"", ""affiliation"": ""University at Albany SUNY"", ""email_domain"": ""@albany.edu"", ""interests"": [""data science"", ""freight"", ""transit"", ""physical activity""], ""homepage"": null, ""citedby"": 5085, ""citedby5y"": 1543, ""hindex"": 24, ""hindex5y"": 16, ""i10index"": 34, ""i10index5y"": 24, ""cites_per_year"": {""2006"": 13, ""2007"": 26, ""2008"": 58, ""2009"": 94, ""2010"": 150, ""2011"": 182, ""2012"": 231, ""2013"": 260, ""2014"": 357, ""2015"": 333, ""2016"": 346, ""2017"": 358, ""2018"": 373, ""2019"": 313, ""2020"": 319, ""2021"": 317, ""2022"": 267, ""2023"": 293, ""2024"": 257, ""2025"": 255, ""2026"": 151}}"
373,google_scholar,2026-09-15,1457,19,31,798,14,,"{""scholar_id"": ""Cei2NNEAAAAJ"", ""name"": ""Rui Li"", ""affiliation"": ""University at Albany, SUNY"", ""email_domain"": ""@albany.edu"", ""interests"": [""spatial cognition"", ""wayfinding"", ""spatial orientation"", ""navigation"", ""geographic information science""], ""homepage"": ""https://www.albany.edu/~rl214236/"", ""citedby"": 1457, ""citedby5y"": 798, ""hindex"": 19, ""hindex5y"": 14, ""i10index"": 31, ""i10index5y"": 19, ""cites_per_year"": {""2010"": 6, ""2011"": 19, ""2012"": 18, ""2013"": 36, ""2014"": 42, ""2015"": 58, ""2016"": 71, ""2017"": 82, ""2018"": 86, ""2019"": 122, ""2020"": 101, ""2021"": 120, ""2022"": 154, ""2023"": 158, ""2024"": 140, ""2025"": 130, ""2026"": 95}}"
376,google_scholar,2026-09-15,1172,14,15,447,9,,"{""scholar_id"": ""trL3_roAAAAJ"", ""name"": ""LYNN A MANDARANO"", ""affiliation"": ""Temple University"", ""email_domain"": ""@temple.edu"", ""interests"": [""collaborative planning"", ""community engagement"", ""social equity"", ""sustainable development""], ""homepage"": ""https://sites.temple.edu/mandarano/"", ""citedby"": 1172, ""citedby5y"": 447, ""hindex"": 14, ""hindex5y"": 9, ""i10index"": 15, ""i10index5y"": 9, ""cites_per_year"": {""2008"": 3, ""2009"": 10, ""2010"": 18, ""2011"": 34, ""2012"": 34, ""2013"": 53, ""2014"": 64, ""2015"": 78, ""2016"": 91, ""2017"": 87, ""2018"": 73, ""2019"": 79, ""2020"": 84, ""2021"": 86, ""2022"": 107, ""2023"": 66, ""2024"": 85, ""2025"": 57, ""2026"": 46}}"
377,google_scholar,2026-09-15,11093,57,128,6452,46,,"{""scholar_id"": ""uGmaJv4AAAAJ"", ""name"": ""Robert D Brown"", ""affiliation"": ""Texas A&M University"", ""email_domain"": ""@tamu.edu"", ""interests"": [""landscape architecture"", ""urban microclimate"", ""human thermal comfort"", ""outdoor thermal comfort"", ""microclimatic urban design""], ""homepage"": null, ""citedby"": 11093, ""citedby5y"": 6452, ""hindex"": 57, ""hindex5y"": 46, ""i10index"": 128, ""i10index5y"": 98, ""cites_per_year"": {""2000"": 40, ""2001"": 39, ""2002"": 42, ""2003"": 40, ""2004"": 83, ""2005"": 103, ""2006"": 108, ""2007"": 154, ""2008"": 165, ""2009"": 158, ""2010"": 176, ""2011"": 211, ""2012"": 234, ""2013"": 227, ""2014"": 283, ""2015"": 341, ""2016"": 338, ""2017"": 342, ""2018"": 416, ""2019"": 410, ""2020"": 479, ""2021"": 568, ""2022"": 857, ""2023"": 1072, ""2024"": 1286, ""2025"": 1556, ""2026"": 1091}}"
378,google_scholar,2026-09-15,1480,23,35,1214,23,,"{""scholar_id"": ""005MlWQAAAAJ"", ""name"": ""Xinyu Fu"", ""affiliation"": ""Texas A&M University"", ""email_domain"": ""@tamu.edu"", ""interests"": [""Environmental Planning"", ""Flooding"", ""Urban Analytics"", ""AI for Planning"", ""Climate Impacts""], ""homepage"": null, ""citedby"": 1480, ""citedby5y"": 1214, ""hindex"": 23, ""hindex5y"": 23, ""i10index"": 35, ""i10index5y"": 33, ""cites_per_year"": {""2013"": 9, ""2014"": 8, ""2015"": 17, ""2016"": 14, ""2017"": 36, ""2018"": 36, ""2019"": 62, ""2020"": 69, ""2021"": 101, ""2022"": 115, ""2023"": 156, ""2024"": 200, ""2025"": 312, ""2026"": 320}}"
379,google_scholar,2026-09-15,1680,23,47,1507,21,,"{""scholar_id"": ""x45RIOYAAAAJ"", ""name"": ""Ivis Garcia"", ""affiliation"": ""Landscape Architecture & Urban Planning"", ""email_domain"": ""@tamu.edu"", ""interests"": [""Housing"", ""Community Development"", ""Urban Planning"", ""Community Engagement""], ""homepage"": null, ""citedby"": 1680, ""citedby5y"": 1507, ""hindex"": 23, ""hindex5y"": 21, ""i10index"": 47, ""i10index5y"": 43, ""cites_per_year"": {""2018"": 17, ""2019"": 27, ""2020"": 84, ""2021"": 138, ""2022"": 180, ""2023"": 278, ""2024"": 311, ""2025"": 360, ""2026"": 231}}"
380,google_scholar,2026-09-15,2543,25,36,1805,22,,"{""scholar_id"": ""GfgKO2AAAAAJ"", ""name"": ""Lingqian 'Ivy' Hu"", ""affiliation"": ""Texas A&M University"", ""email_domain"": ""@tamu.edu"", ""interests"": [], ""homepage"": null, ""citedby"": 2543, ""citedby5y"": 1805, ""hindex"": 25, ""hindex5y"": 22, ""i10index"": 36, ""i10index5y"": 34, ""cites_per_year"": {""2012"": 13, ""2013"": 17, ""2014"": 20, ""2015"": 42, ""2016"": 37, ""2017"": 58, ""2018"": 122, ""2019"": 156, ""2020"": 238, ""2021"": 293, ""2022"": 335, ""2023"": 307, ""2024"": 321, ""2025"": 314, ""2026"": 235}}"
381,google_scholar,2026-09-15,981,18,20,900,17,,"{""scholar_id"": ""Mq-u-9MAAAAJ"", ""name"": ""Sungmin Lee"", ""affiliation"": ""Texas A&M University"", ""email_domain"": ""@tamu.edu"", ""interests"": [""Landscape Architecture"", ""Urban planning"", ""environmental justice"", ""Tree Canopy"", ""social determinants of health""], ""homepage"": null, ""citedby"": 981, ""citedby5y"": 900, ""hindex"": 18, ""hindex5y"": 17, ""i10index"": 20, ""i10index5y"": 20, ""cites_per_year"": {""2017"": 12, ""2018"": 20, ""2019"": 15, ""2020"": 27, ""2021"": 36, ""2022"": 69, ""2023"": 137, ""2024"": 199, ""2025"": 227, ""2026"": 220}}"
382,google_scholar,2026-09-15,11266,50,117,5630,42,,"{""scholar_id"": ""B-H2Wq0AAAAJ"", ""name"": ""Chanam Lee"", ""affiliation"": ""Texas A&M University"", ""email_domain"": ""@tamu.edu"", ""interests"": [""Active Living Research"", ""Landscape Architecture""], ""homepage"": ""http://research.arch.tamu.edu/activeliving"", ""citedby"": 11266, ""citedby5y"": 5630, ""hindex"": 50, ""hindex5y"": 42, ""i10index"": 117, ""i10index5y"": 101, ""cites_per_year"": {""2005"": 29, ""2006"": 67, ""2007"": 109, ""2008"": 172, ""2009"": 199, ""2010"": 246, ""2011"": 266, ""2012"": 369, ""2013"": 360, ""2014"": 396, ""2015"": 424, ""2016"": 515, ""2017"": 555, ""2018"": 535, ""2019"": 574, ""2020"": 668, ""2021"": 701, ""2022"": 836, ""2023"": 979, ""2024"": 1036, ""2025"": 1174, ""2026"": 875}}"
383,google_scholar,2026-09-15,5743,37,64,4932,35,,"{""scholar_id"": ""ccTwEaMAAAAJ"", ""name"": ""Dongying Li"", ""affiliation"": ""Associate Professor, Texas A&M University"", ""email_domain"": ""@arch.tamu.edu"", ""interests"": [""Nature and health"", ""Environmental psychology"", ""Environmental health"", ""Landscape architecture""], ""homepage"": null, ""citedby"": 5743, ""citedby5y"": 4932, ""hindex"": 37, ""hindex5y"": 35, ""i10index"": 64, ""i10index5y"": 62, ""cites_per_year"": {""2016"": 33, ""2017"": 56, ""2018"": 108, ""2019"": 221, ""2020"": 305, ""2021"": 431, ""2022"": 618, ""2023"": 804, ""2024"": 995, ""2025"": 1212, ""2026"": 860}}"
384,google_scholar,2026-09-15,2173,21,31,1549,20,,"{""scholar_id"": ""-1mV8HcAAAAJ"", ""name"": ""Wei Li"", ""affiliation"": ""Professor of Urban Planning, Texas A&M University"", ""email_domain"": ""@tamu.edu"", ""interests"": [""Autonomous Vehicles"", ""Smart and Connected Communities"", ""Sustainable Transportation""], ""homepage"": ""https://www.arch.tamu.edu/staff/wei-li/"", ""citedby"": 2173, ""citedby5y"": 1549, ""hindex"": 21, ""hindex5y"": 20, ""i10index"": 31, ""i10index5y"": 30, ""cites_per_year"": {""2013"": 12, ""2014"": 24, ""2015"": 32, ""2016"": 76, ""2017"": 72, ""2018"": 124, ""2019"": 108, ""2020"": 151, ""2021"": 198, ""2022"": 233, ""2023"": 254, ""2024"": 295, ""2025"": 349, ""2026"": 216}}"
385,google_scholar,2026-09-15,6532,26,43,4911,25,,"{""scholar_id"": ""tvPBT_MAAAAJ"", ""name"": ""Michelle Annette Meyer"", ""affiliation"": ""Hazard Reduction and Recovery Center, Texas A&M University"", ""email_domain"": ""@tamu.edu"", ""interests"": [""Environmental Sociology"", ""Disaster"", ""Emergency Management"", ""Social Capital""], ""homepage"": ""http://directory.arch.tamu.edu/people/27680"", ""citedby"": 6532, ""citedby5y"": 4911, ""hindex"": 26, ""hindex5y"": 25, ""i10index"": 43, ""i10index5y"": 41, ""cites_per_year"": {""2013"": 17, ""2014"": 21, ""2015"": 53, ""2016"": 117, ""2017"": 165, ""2018"": 293, ""2019"": 322, ""2020"": 527, ""2021"": 578, ""2022"": 678, ""2023"": 686, ""2024"": 893, ""2025"": 1115, ""2026"": 950}}"
386,google_scholar,2026-09-15,5215,40,104,4315,35,,"{""scholar_id"": ""NWRrbEoAAAAJ"", ""name"": ""Galen Newman"", ""affiliation"": ""Professor and Department Head, Texas A&M University"", ""email_domain"": ""@arch.tamu.edu"", ""interests"": [""landscape architecture"", ""flood mitigation"", ""geodesign"", ""landscape performance"", ""urban regeneration""], ""homepage"": ""https://www.researchgate.net/profile/Galen_Newman"", ""citedby"": 5215, ""citedby5y"": 4315, ""hindex"": 40, ""hindex5y"": 35, ""i10index"": 104, ""i10index5y"": 94, ""cites_per_year"": {""2016"": 39, ""2017"": 71, ""2018"": 169, ""2019"": 168, ""2020"": 329, ""2021"": 403, ""2022"": 599, ""2023"": 701, ""2024"": 828, ""2025"": 971, ""2026"": 790}}"
387,google_scholar,2026-09-15,155,6,3,139,6,,"{""scholar_id"": ""KbXwJTYAAAAJ"", ""name"": ""Youngre Noh"", ""affiliation"": ""Assistant Professor, Texas A&M University"", ""email_domain"": ""@tamu.edu"", ""interests"": [], ""homepage"": null, ""citedby"": 155, ""citedby5y"": 139, ""hindex"": 6, ""hindex5y"": 6, ""i10index"": 3, ""i10index5y"": 3, ""cites_per_year"": {""2017"": 1, ""2019"": 6, ""2020"": 7, ""2021"": 17, ""2022"": 9, ""2023"": 17, ""2024"": 22, ""2025"": 42, ""2026"": 31}}"
388,google_scholar,2026-09-15,10346,45,69,3936,32,,"{""scholar_id"": ""5Jjuc0gAAAAJ"", ""name"": ""Walter Gillis Peacock"", ""affiliation"": ""Landscape Architecture and Urban Planning, Texas A&M University and U.S. Census Bureau"", ""email_domain"": ""@tamu.edu"", ""interests"": [""Urban Planning"", ""Disaster Recovery"", ""Social Vulnerability"", ""Hazard Mitigation"", ""Evacuation""], ""homepage"": ""http://hrrc.tamu.edu/"", ""citedby"": 10346, ""citedby5y"": 3936, ""hindex"": 45, ""hindex5y"": 32, ""i10index"": 69, ""i10index5y"": 53, ""cites_per_year"": {""1996"": 39, ""1997"": 30, ""1998"": 15, ""1999"": 42, ""2000"": 33, ""2001"": 36, ""2002"": 58, ""2003"": 64, ""2004"": 66, ""2005"": 73, ""2006"": 144, ""2007"": 177, ""2008"": 199, ""2009"": 210, ""2010"": 231, ""2011"": 258, ""2012"": 398, ""2013"": 430, ""2014"": 422, ""2015"": 442, ""2016"": 444, ""2017"": 492, ""2018"": 550, ""2019"": 623, ""2020"": 708, ""2021"": 798, ""2022"": 754, ""2023"": 684, ""2024"": 670, ""2025"": 616, ""2026"": 412}}"
389,google_scholar,2026-09-15,6677,42,73,3265,27,,"{""scholar_id"": ""UGzbgaIAAAAJ"", ""name"": ""Thomas W. Sanchez"", ""affiliation"": ""Independent Researcher"", ""email_domain"": ""@tamu.edu"", ""interests"": [""urban planning"", ""transportation"", ""AI for planning"", ""scholarly impact""], ""homepage"": ""http://tomwsanchez.com/"", ""citedby"": 6677, ""citedby5y"": 3265, ""hindex"": 42, ""hindex5y"": 27, ""i10index"": 73, ""i10index5y"": 52, ""cites_per_year"": {""2001"": 22, ""2002"": 28, ""2003"": 38, ""2004"": 63, ""2005"": 90, ""2006"": 86, ""2007"": 118, ""2008"": 129, ""2009"": 140, ""2010"": 175, ""2011"": 175, ""2012"": 188, ""2013"": 228, ""2014"": 232, ""2015"": 212, ""2016"": 227, ""2017"": 290, ""2018"": 270, ""2019"": 261, ""2020"": 325, ""2021"": 364, ""2022"": 283, ""2023"": 392, ""2024"": 585, ""2025"": 929, ""2026"": 684}}"
390,google_scholar,2026-09-15,170,5,4,133,5,,"{""scholar_id"": ""_ssFG7cAAAAJ"", ""name"": ""Laura Schmahmann"", ""affiliation"": ""Assistant Professor, Texas A&M University"", ""email_domain"": ""@tamu.edu"", ""interests"": [""local economic development"", ""regional development"", ""geography of jobs""], ""homepage"": null, ""citedby"": 170, ""citedby5y"": 133, ""hindex"": 5, ""hindex5y"": 5, ""i10index"": 4, ""i10index5y"": 4, ""cites_per_year"": {""2017"": 9, ""2018"": 14, ""2019"": 11, ""2020"": 3, ""2021"": 5, ""2022"": 14, ""2023"": 18, ""2024"": 22, ""2025"": 43, ""2026"": 31}}"
391,google_scholar,2026-09-15,1210,21,29,1197,21,,"{""scholar_id"": ""I-h_YWoAAAAJ"", ""name"": ""Yang Song"", ""affiliation"": ""Texas A&M University"", ""email_domain"": ""@tamu.edu"", ""interests"": [""Behavior of places"", ""Data Science"", ""Urban Development""], ""homepage"": ""http://www.yangsongspace.com/"", ""citedby"": 1210, ""citedby5y"": 1197, ""hindex"": 21, ""hindex5y"": 21, ""i10index"": 29, ""i10index5y"": 29, ""cites_per_year"": {""2020"": 9, ""2021"": 19, ""2022"": 66, ""2023"": 118, ""2024"": 227, ""2025"": 404, ""2026"": 353}}"
392,google_scholar,2026-09-15,5212,33,56,3159,27,,"{""scholar_id"": ""SUDDNJAAAAAJ"", ""name"": ""Shannon Van Zandt"", ""affiliation"": ""Texas A&M University"", ""email_domain"": ""@tamu.edu"", ""interests"": [], ""homepage"": null, ""citedby"": 5212, ""citedby5y"": 3159, ""hindex"": 33, ""hindex5y"": 27, ""i10index"": 56, ""i10index5y"": 45, ""cites_per_year"": {""2002"": 20, ""2003"": 34, ""2004"": 30, ""2005"": 28, ""2006"": 37, ""2007"": 21, ""2008"": 36, ""2009"": 54, ""2010"": 53, ""2011"": 59, ""2012"": 89, ""2013"": 69, ""2014"": 96, ""2015"": 141, ""2016"": 166, ""2017"": 165, ""2018"": 227, ""2019"": 296, ""2020"": 361, ""2021"": 407, ""2022"": 494, ""2023"": 529, ""2024"": 599, ""2025"": 645, ""2026"": 479}}"
393,google_scholar,2026-09-15,1063,17,24,1003,17,,"{""scholar_id"": ""XvwWvVMAAAAJ"", ""name"": ""Siyu Yu"", ""affiliation"": ""Associate Professor, Texas A&M University"", ""email_domain"": ""@arch.tamu.edu"", ""interests"": [""Community Resilience"", ""Plan Integration"", ""Environmental Planning"", ""Multi-Hazard Mitigation"", ""Disaster""], ""homepage"": null, ""citedby"": 1063, ""citedby5y"": 1003, ""hindex"": 17, ""hindex5y"": 17, ""i10index"": 24, ""i10index5y"": 24, ""cites_per_year"": {""2018"": 3, ""2019"": 9, ""2020"": 33, ""2021"": 94, ""2022"": 84, ""2023"": 135, ""2024"": 208, ""2025"": 298, ""2026"": 178}}"
394,google_scholar,2026-09-15,818,9,9,810,9,,"{""scholar_id"": ""6E0GShcAAAAJ"", ""name"": ""Sinan Zhong"", ""affiliation"": ""Texas A&M University"", ""email_domain"": ""@tamu.edu"", ""interests"": [], ""homepage"": null, ""citedby"": 818, ""citedby5y"": 810, ""hindex"": 9, ""hindex5y"": 9, ""i10index"": 9, ""i10index5y"": 9, ""cites_per_year"": {""2020"": 4, ""2021"": 15, ""2022"": 65, ""2023"": 131, ""2024"": 195, ""2025"": 212, ""2026"": 183}}"
395,google_scholar,2026-09-15,32300,64,131,11318,45,,"{""scholar_id"": ""wvDQBB4AAAAJ"", ""name"": ""Robert D. Bullard"", ""affiliation"": ""Texas Southern University"", ""email_domain"": ""@tsu.edu"", ""interests"": [""Environmental and climate justice"", ""land use"", ""sustainability"", ""health equity"", ""disaster and resilience planning""], ""homepage"": ""http://tsu.edu/academics/colleges__schools/publicaffairs/"", ""citedby"": 32300, ""citedby5y"": 11318, ""hindex"": 64, ""hindex5y"": 45, ""i10index"": 131, ""i10index5y"": 82, ""cites_per_year"": {""1993"": 122, ""1994"": 123, ""1995"": 212, ""1996"": 247, ""1997"": 230, ""1998"": 304, ""1999"": 435, ""2000"": 408, ""2001"": 439, ""2002"": 524, ""2003"": 481, ""2004"": 521, ""2005"": 577, ""2006"": 539, ""2007"": 676, ""2008"": 689, ""2009"": 792, ""2010"": 774, ""2011"": 815, ""2012"": 1052, ""2013"": 978, ""2014"": 1073, ""2015"": 1106, ""2016"": 1227, ""2017"": 1136, ""2018"": 1331, ""2019"": 1340, ""2020"": 1456, ""2021"": 1844, ""2022"": 1758, ""2023"": 1818, ""2024"": 2021, ""2025"": 2212, ""2026"": 1656}}"
396,google_scholar,2026-09-15,1521,9,8,896,9,,"{""scholar_id"": ""D7vYZmQAAAAJ"", ""name"": ""Bum Seok Chun"", ""affiliation"": ""Texas Southern University"", ""email_domain"": ""@tsu.edu"", ""interests"": [""Human-Nature Interaction"", ""Urban Analytics"", ""Urban Environment"", ""UHI""], ""homepage"": null, ""citedby"": 1521, ""citedby5y"": 896, ""hindex"": 9, ""hindex5y"": 9, ""i10index"": 8, ""i10index5y"": 7, ""cites_per_year"": {""2010"": 4, ""2011"": 8, ""2012"": 17, ""2013"": 18, ""2014"": 32, ""2015"": 53, ""2016"": 55, ""2017"": 78, ""2018"": 80, ""2019"": 122, ""2020"": 146, ""2021"": 127, ""2022"": 175, ""2023"": 154, ""2024"": 172, ""2025"": 180, ""2026"": 88}}"
397,google_scholar,2026-09-15,3965,24,44,1454,15,,"{""scholar_id"": ""_9COXIoAAAAJ"", ""name"": ""Glenn S. Johnson"", ""affiliation"": ""Associate Dean and Professor, Texas Southern University"", ""email_domain"": ""@tsu.edu"", ""interests"": [""Environmental Justice"", ""Class Analysis"", ""Political Sociology"", ""Race and Ethnicity"", ""Environmental Sociology""], ""homepage"": null, ""citedby"": 3965, ""citedby5y"": 1454, ""hindex"": 24, ""hindex5y"": 15, ""i10index"": 44, ""i10index5y"": 23, ""cites_per_year"": {""1999"": 12, ""2000"": 13, ""2001"": 26, ""2002"": 53, ""2003"": 42, ""2004"": 66, ""2005"": 87, ""2006"": 86, ""2007"": 113, ""2008"": 91, ""2009"": 115, ""2010"": 87, ""2011"": 120, ""2012"": 144, ""2013"": 136, ""2014"": 132, ""2015"": 157, ""2016"": 159, ""2017"": 144, ""2018"": 215, ""2019"": 203, ""2020"": 206, ""2021"": 280, ""2022"": 262, ""2023"": 264, ""2024"": 260, ""2025"": 229, ""2026"": 158}}"
398,google_scholar,2026-09-15,492,11,12,255,9,,"{""scholar_id"": ""H0eHS0MAAAAJ"", ""name"": ""Jeffrey S. Lowe"", ""affiliation"": ""Texas Southern University"", ""email_domain"": ""@tsu.edu"", ""interests"": [""Community Development"", ""Housing"", ""Partnerships"", ""Public Philanthropy""], ""homepage"": null, ""citedby"": 492, ""citedby5y"": 255, ""hindex"": 11, ""hindex5y"": 9, ""i10index"": 12, ""i10index5y"": 9, ""cites_per_year"": {""2006"": 4, ""2007"": 7, ""2008"": 3, ""2009"": 6, ""2010"": 12, ""2011"": 8, ""2012"": 9, ""2013"": 15, ""2014"": 19, ""2015"": 11, ""2016"": 17, ""2017"": 22, ""2018"": 37, ""2019"": 24, ""2020"": 32, ""2021"": 25, ""2022"": 44, ""2023"": 51, ""2024"": 48, ""2025"": 49, ""2026"": 38}}"
400,google_scholar,2026-09-15,643,9,9,91,5,,"{""scholar_id"": ""GenOUgcAAAAJ"", ""name"": ""Laura Solitare"", ""affiliation"": ""Unknown affiliation"", ""email_domain"": null, ""interests"": [], ""homepage"": null, ""citedby"": 643, ""citedby5y"": 91, ""hindex"": 9, ""hindex5y"": 5, ""i10index"": 9, ""i10index5y"": 4, ""cites_per_year"": {""1999"": 6, ""2000"": 12, ""2001"": 15, ""2002"": 23, ""2003"": 15, ""2004"": 25, ""2005"": 12, ""2006"": 17, ""2007"": 42, ""2008"": 40, ""2009"": 26, ""2010"": 26, ""2011"": 30, ""2012"": 38, ""2013"": 29, ""2014"": 22, ""2015"": 24, ""2016"": 32, ""2017"": 26, ""2018"": 33, ""2019"": 25, ""2020"": 23, ""2021"": 15, ""2022"": 14, ""2023"": 17, ""2024"": 19, ""2025"": 15, ""2026"": 11}}"
401,google_scholar,2026-09-15,5584,37,71,3244,30,,"{""scholar_id"": ""11fhzgEAAAAJ"", ""name"": ""Darrick Hamilton"", ""affiliation"": ""The New School"", ""email_domain"": ""@newschool.edu"", ""interests"": [""Stratification Economics""], ""homepage"": ""https://blogs.newschool.edu/news/2020/06/darrick-hamilton-a-preeminent-stratification-economist-returns-to-the-new-school/"", ""citedby"": 5584, ""citedby5y"": 3244, ""hindex"": 37, ""hindex5y"": 30, ""i10index"": 71, ""i10index5y"": 58, ""cites_per_year"": {""2006"": 30, ""2007"": 34, ""2008"": 59, ""2009"": 49, ""2010"": 54, ""2011"": 69, ""2012"": 97, ""2013"": 88, ""2014"": 98, ""2015"": 140, ""2016"": 235, ""2017"": 250, ""2018"": 266, ""2019"": 339, ""2020"": 397, ""2021"": 580, ""2022"": 627, ""2023"": 542, ""2024"": 633, ""2025"": 512, ""2026"": 346}}"
402,google_scholar,2026-09-15,1391,16,24,475,9,,"{""scholar_id"": ""wEi_FlMAAAAJ"", ""name"": ""Joseph Heathcott"", ""affiliation"": ""Professor of Urban Studies"", ""email_domain"": ""@newschool.edu"", ""interests"": [], ""homepage"": null, ""citedby"": 1391, ""citedby5y"": 475, ""hindex"": 16, ""hindex5y"": 9, ""i10index"": 24, ""i10index5y"": 9, ""cites_per_year"": {""2005"": 11, ""2006"": 14, ""2007"": 23, ""2008"": 29, ""2009"": 29, ""2010"": 35, ""2011"": 43, ""2012"": 52, ""2013"": 61, ""2014"": 49, ""2015"": 56, ""2016"": 76, ""2017"": 77, ""2018"": 92, ""2019"": 111, ""2020"": 127, ""2021"": 69, ""2022"": 82, ""2023"": 76, ""2024"": 93, ""2025"": 104, ""2026"": 50}}"
403,google_scholar,2026-09-15,3959,26,54,648,12,,"{""scholar_id"": ""rHvFzZUAAAAJ"", ""name"": ""David R. Howell"", ""affiliation"": ""The New School"", ""email_domain"": ""@newschool.edu"", ""interests"": [""labor"", ""inequality"", ""public policy""], ""homepage"": null, ""citedby"": 3959, ""citedby5y"": 648, ""hindex"": 26, ""hindex5y"": 12, ""i10index"": 54, ""i10index5y"": 14, ""cites_per_year"": {""1991"": 19, ""1992"": 15, ""1993"": 21, ""1994"": 29, ""1995"": 37, ""1996"": 38, ""1997"": 33, ""1998"": 43, ""1999"": 73, ""2000"": 66, ""2001"": 82, ""2002"": 72, ""2003"": 90, ""2004"": 101, ""2005"": 118, ""2006"": 151, ""2007"": 166, ""2008"": 178, ""2009"": 187, ""2010"": 151, ""2011"": 176, ""2012"": 186, ""2013"": 182, ""2014"": 139, ""2015"": 147, ""2016"": 137, ""2017"": 144, ""2018"": 146, ""2019"": 116, ""2020"": 132, ""2021"": 122, ""2022"": 136, ""2023"": 115, ""2024"": 107, ""2025"": 116, ""2026"": 52}}"
404,google_scholar,2026-09-15,1180,12,13,203,6,,"{""scholar_id"": ""GpfgZSQAAAAJ"", ""name"": ""Mary Bryna Sanger"", ""affiliation"": ""University Professor, The New School"", ""email_domain"": ""@newschool.edu"", ""interests"": [""public management"", ""public policy"", ""performance management"", ""advocacy""], ""homepage"": null, ""citedby"": 1180, ""citedby5y"": 203, ""hindex"": 12, ""hindex5y"": 6, ""i10index"": 13, ""i10index5y"": 4, ""cites_per_year"": {""1988"": 3, ""1989"": 5, ""1990"": 3, ""1991"": 1, ""1992"": 10, ""1993"": 9, ""1994"": 15, ""1995"": 12, ""1996"": 18, ""1997"": 19, ""1998"": 20, ""1999"": 17, ""2000"": 19, ""2001"": 18, ""2002"": 9, ""2003"": 13, ""2004"": 17, ""2005"": 25, ""2006"": 15, ""2007"": 24, ""2008"": 29, ""2009"": 32, ""2010"": 34, ""2011"": 47, ""2012"": 47, ""2013"": 65, ""2014"": 60, ""2015"": 59, ""2016"": 59, ""2017"": 62, ""2018"": 54, ""2019"": 68, ""2020"": 42, ""2021"": 40, ""2022"": 28, ""2023"": 71, ""2024"": 23, ""2025"": 29, ""2026"": 12}}"
405,google_scholar,2026-09-15,4262,26,48,1432,15,,"{""scholar_id"": ""0HRgapQAAAAJ"", ""name"": ""Alex Schwartz"", ""affiliation"": ""The New School"", ""email_domain"": ""@newschool.edu"", ""interests"": [""housing policy""], ""homepage"": null, ""citedby"": 4262, ""citedby5y"": 1432, ""hindex"": 26, ""hindex5y"": 15, ""i10index"": 48, ""i10index5y"": 21, ""cites_per_year"": {""1994"": 14, ""1995"": 20, ""1996"": 27, ""1997"": 43, ""1998"": 52, ""1999"": 36, ""2000"": 66, ""2001"": 68, ""2002"": 56, ""2003"": 68, ""2004"": 64, ""2005"": 45, ""2006"": 68, ""2007"": 66, ""2008"": 101, ""2009"": 122, ""2010"": 107, ""2011"": 113, ""2012"": 138, ""2013"": 128, ""2014"": 146, ""2015"": 164, ""2016"": 216, ""2017"": 196, ""2018"": 204, ""2019"": 214, ""2020"": 192, ""2021"": 220, ""2022"": 238, ""2023"": 247, ""2024"": 263, ""2025"": 237, ""2026"": 223}}"
407,google_scholar,2026-09-15,661,13,14,637,13,,"{""scholar_id"": ""lb1YlBoAAAAJ"", ""name"": ""Samantha Biglieri"", ""affiliation"": ""Associate Professor, School of Urban & Regional Planning, Toronto Metropolitan University"", ""email_domain"": ""@torontomu.ca"", ""interests"": [""Urban Planning"", ""Health and Wellbeing"", ""Accessibility"", ""Aging and Dementia"", ""Care""], ""homepage"": ""https://www.torontomu.ca/school-of-urban-and-regional-planning/about/people/faculty/samantha-biglieri/"", ""citedby"": 661, ""citedby5y"": 637, ""hindex"": 13, ""hindex5y"": 13, ""i10index"": 14, ""i10index5y"": 14, ""cites_per_year"": {""2018"": 2, ""2019"": 5, ""2020"": 14, ""2021"": 80, ""2022"": 78, ""2023"": 126, ""2024"": 101, ""2025"": 138, ""2026"": 111}}"
408,google_scholar,2026-09-15,3073,20,23,978,17,,"{""scholar_id"": ""zRahaZUAAAAJ"", ""name"": ""Christopher De Sousa"", ""affiliation"": ""Professor of Urban and Regional Planning, Toronto Metropolitan University"", ""email_domain"": ""@torontomu.ca"", ""interests"": [""Brownfields"", ""Sustainability"", ""Green Space"", ""Benchmarking and Reporting""], ""homepage"": ""https://www.torontomu.ca/school-of-urban-and-regional-planning/about/people/faculty/christopher-de-sousa/"", ""citedby"": 3073, ""citedby5y"": 978, ""hindex"": 20, ""hindex5y"": 17, ""i10index"": 23, ""i10index5y"": 19, ""cites_per_year"": {""2002"": 11, ""2003"": 10, ""2004"": 26, ""2005"": 29, ""2006"": 59, ""2007"": 51, ""2008"": 93, ""2009"": 86, ""2010"": 104, ""2011"": 118, ""2012"": 124, ""2013"": 120, ""2014"": 141, ""2015"": 152, ""2016"": 170, ""2017"": 156, ""2018"": 201, ""2019"": 172, ""2020"": 206, ""2021"": 180, ""2022"": 142, ""2023"": 199, ""2024"": 174, ""2025"": 156, ""2026"": 122}}"
409,google_scholar,2026-09-15,98,6,3,71,5,,"{""scholar_id"": ""VsZAUdIAAAAJ"", ""name"": ""Nemoy Lewis"", ""affiliation"": ""Toronto Metropolitan University"", ""email_domain"": ""@torontomu.ca"", ""interests"": [""Urban geography"", ""Housing Studies"", ""Black Geographies""], ""homepage"": ""https://www.torontomu.ca/school-of-urban-and-regional-planning/about/people/faculty/nemoy-lewis/"", ""citedby"": 98, ""citedby5y"": 71, ""hindex"": 6, ""hindex5y"": 5, ""i10index"": 3, ""i10index5y"": 2, ""cites_per_year"": {""2012"": 1, ""2016"": 2, ""2017"": 1, ""2018"": 5, ""2019"": 7, ""2020"": 11, ""2021"": 5, ""2022"": 14, ""2023"": 7, ""2024"": 16, ""2025"": 8, ""2026"": 21}}"
410,google_scholar,2026-09-15,1565,17,23,535,11,,"{""scholar_id"": ""X21AFaMAAAAJ"", ""name"": ""Nina-Marie E. Lister"", ""affiliation"": ""Professor of Urban Planning, Toronto Metropolitan University"", ""email_domain"": ""@torontomu.ca"", ""interests"": [""ecological design"", ""landscape planning"", ""ecosystem ecology"", ""conservation biology"", ""road ecology""], ""homepage"": ""http://www.ecologicaldesignlab.ca/"", ""citedby"": 1565, ""citedby5y"": 535, ""hindex"": 17, ""hindex5y"": 11, ""i10index"": 23, ""i10index5y"": 12, ""cites_per_year"": {""2001"": 6, ""2002"": 12, ""2003"": 7, ""2004"": 5, ""2005"": 8, ""2006"": 9, ""2007"": 18, ""2008"": 18, ""2009"": 18, ""2010"": 45, ""2011"": 60, ""2012"": 56, ""2013"": 64, ""2014"": 90, ""2015"": 74, ""2016"": 87, ""2017"": 109, ""2018"": 89, ""2019"": 96, ""2020"": 101, ""2021"": 99, ""2022"": 117, ""2023"": 91, ""2024"": 79, ""2025"": 85, ""2026"": 61}}"
411,google_scholar,2026-09-15,104,3,3,100,3,,"{""scholar_id"": ""4_S4Zg8AAAAJ"", ""name"": ""Sneha Mandhan"", ""affiliation"": ""Toronto Metropolitan University"", ""email_domain"": ""@torontomu.ca"", ""interests"": [], ""homepage"": null, ""citedby"": 104, ""citedby5y"": 100, ""hindex"": 3, ""hindex5y"": 3, ""i10index"": 3, ""i10index5y"": 3, ""cites_per_year"": {""2018"": 1, ""2019"": 1, ""2020"": 2, ""2021"": 6, ""2022"": 5, ""2023"": 19, ""2024"": 21, ""2025"": 24, ""2026"": 18}}"
412,google_scholar,2026-09-15,447,10,12,394,10,,"{""scholar_id"": ""oHSO70gAAAAJ"", ""name"": ""Shelagh McCartney"", ""affiliation"": ""Professor of Urban and Regional Planning, Toronto Metropolitan University"", ""email_domain"": ""@torontomu.ca"", ""interests"": [], ""homepage"": null, ""citedby"": 447, ""citedby5y"": 394, ""hindex"": 10, ""hindex5y"": 10, ""i10index"": 12, ""i10index5y"": 11, ""cites_per_year"": {""2015"": 3, ""2016"": 4, ""2017"": 4, ""2018"": 8, ""2019"": 8, ""2020"": 15, ""2021"": 15, ""2022"": 38, ""2023"": 47, ""2024"": 82, ""2025"": 109, ""2026"": 101}}"
413,google_scholar,2026-09-15,6225,32,52,4428,27,,"{""scholar_id"": ""FNtreSgAAAAJ"", ""name"": ""Dr. Raktim Mitra"", ""affiliation"": ""Professor of Urban Planning, Toronto Metropolitan University"", ""email_domain"": ""@torontomu.ca"", ""interests"": [""Active transportation (walking/cycling)"", ""Built environment"", ""Physical Activity"", ""Children"", ""Millennials""], ""homepage"": ""http://www.torontomu.ca/surp/faculty_staff/bios/mitra_raktim.html"", ""citedby"": 6225, ""citedby5y"": 4428, ""hindex"": 32, ""hindex5y"": 27, ""i10index"": 52, ""i10index5y"": 50, ""cites_per_year"": {""2010"": 16, ""2011"": 55, ""2012"": 60, ""2013"": 80, ""2014"": 122, ""2015"": 161, ""2016"": 191, ""2017"": 206, ""2018"": 200, ""2019"": 284, ""2020"": 324, ""2021"": 730, ""2022"": 929, ""2023"": 846, ""2024"": 775, ""2025"": 667, ""2026"": 470}}"
414,google_scholar,2026-09-15,26,2,1,16,2,,"{""scholar_id"": ""FIQx7OUAAAAJ"", ""name"": ""Victor Perez-Amado"", ""affiliation"": ""Associate Professor"", ""email_domain"": ""@torontomu.ca"", ""interests"": [""Public Space/ Life Studies"", ""Queer Studies"", ""Housing for Older Adults""], ""homepage"": ""https://www.torontomu.ca/school-of-urban-and-regional-planning/about/people/faculty/victor-perez-amado/"", ""citedby"": 26, ""citedby5y"": 16, ""hindex"": 2, ""hindex5y"": 2, ""i10index"": 1, ""i10index5y"": 1, ""cites_per_year"": {""2014"": 1, ""2016"": 1, ""2017"": 3, ""2018"": 2, ""2019"": 1, ""2021"": 1, ""2022"": 2, ""2023"": 1, ""2024"": 6, ""2025"": 3, ""2026"": 3}}"
415,google_scholar,2026-09-15,2407,24,38,1391,20,,"{""scholar_id"": ""U5H2bdUAAAAJ"", ""name"": ""Pamela Robinson"", ""affiliation"": ""Professor, School of Urban and Regional Planning, Toronto Metropolitan University (formerly named"", ""email_domain"": ""@torontomu.ca"", ""interests"": [""Civic Engagement"", ""Urban Sustainability"", ""Smart Cities"", ""Open Data"", ""Open Government""], ""homepage"": ""http://pamelarobinson.ca/"", ""citedby"": 2407, ""citedby5y"": 1391, ""hindex"": 24, ""hindex5y"": 20, ""i10index"": 38, ""i10index5y"": 33, ""cites_per_year"": {""2008"": 6, ""2009"": 17, ""2010"": 25, ""2011"": 17, ""2012"": 30, ""2013"": 45, ""2014"": 34, ""2015"": 64, ""2016"": 83, ""2017"": 135, ""2018"": 139, ""2019"": 171, ""2020"": 201, ""2021"": 237, ""2022"": 246, ""2023"": 223, ""2024"": 216, ""2025"": 257, ""2026"": 206}}"
416,google_scholar,2026-09-15,1333,18,23,905,15,,"{""scholar_id"": ""9nASgH4AAAAJ"", ""name"": ""Matthias Sweet"", ""affiliation"": ""Associate Professor, Toronto Metropolitan University"", ""email_domain"": ""@torontomu.ca"", ""interests"": [""transportation planning & policy"", ""travel behavior"", ""land use"", ""urban economics"", ""GIS""], ""homepage"": ""https://www.torontomu.ca/school-of-urban-and-regional-planning/about/people/faculty/matthias-sweet/"", ""citedby"": 1333, ""citedby5y"": 905, ""hindex"": 18, ""hindex5y"": 15, ""i10index"": 23, ""i10index5y"": 20, ""cites_per_year"": {""2012"": 6, ""2013"": 9, ""2014"": 22, ""2015"": 36, ""2016"": 38, ""2017"": 37, ""2018"": 73, ""2019"": 80, ""2020"": 115, ""2021"": 119, ""2022"": 132, ""2023"": 148, ""2024"": 183, ""2025"": 194, ""2026"": 129}}"
418,google_scholar,2026-09-15,128,6,4,103,6,,"{""scholar_id"": ""RO4oI-8AAAAJ"", ""name"": ""Christine Wen"", ""affiliation"": ""Assistant Professor, Toronto Metropolitan University"", ""email_domain"": ""@torontomu.ca"", ""interests"": [""economic development""], ""homepage"": ""http://www.christinewen.com/"", ""citedby"": 128, ""citedby5y"": 103, ""hindex"": 6, ""hindex5y"": 6, ""i10index"": 4, ""i10index5y"": 3, ""cites_per_year"": {""2019"": 7, ""2020"": 13, ""2021"": 20, ""2022"": 13, ""2023"": 17, ""2024"": 21, ""2025"": 17, ""2026"": 15}}"
419,google_scholar,2026-09-15,509,13,15,395,11,,"{""scholar_id"": ""uH0nG6wAAAAJ"", ""name"": ""Zhixi Cecilia Zhuang"", ""affiliation"": ""Associate Professor, School of Urban & Regional Planning, Toronto Metropolitan University"", ""email_domain"": ""@torontomu.ca"", ""interests"": [""migration & cities"", ""ethnic entrepreneurship"", ""place-making"", ""suburbs"", ""diversity & inclusive planning""], ""homepage"": ""https://www.torontomu.ca/school-of-urban-and-regional-planning/about/people/faculty/zhixi-zhuang/"", ""citedby"": 509, ""citedby5y"": 395, ""hindex"": 13, ""hindex5y"": 11, ""i10index"": 15, ""i10index5y"": 13, ""cites_per_year"": {""2008"": 2, ""2009"": 1, ""2010"": 4, ""2011"": 1, ""2012"": 1, ""2013"": 2, ""2014"": 2, ""2015"": 6, ""2016"": 6, ""2017"": 14, ""2018"": 6, ""2019"": 24, ""2020"": 28, ""2021"": 36, ""2022"": 30, ""2023"": 40, ""2024"": 90, ""2025"": 79, ""2026"": 113}}"
420,google_scholar,2026-09-15,31817,50,100,13983,34,,"{""scholar_id"": ""gibRYHMAAAAJ"", ""name"": ""Julian Agyeman"", ""affiliation"": ""Professor of Urban and Environmental Policy and Planning, Tufts University"", ""email_domain"": ""@tufts.edu"", ""interests"": [""Urban Sustainability"", ""Urban Planning"", ""Environmental Justice"", ""Urban Political Ecology""], ""homepage"": ""https://julianagyeman.com/"", ""citedby"": 31817, ""citedby5y"": 13983, ""hindex"": 50, ""hindex5y"": 34, ""i10index"": 100, ""i10index5y"": 64, ""cites_per_year"": {""2003"": 97, ""2004"": 125, ""2005"": 157, ""2006"": 217, ""2007"": 272, ""2008"": 354, ""2009"": 478, ""2010"": 556, ""2011"": 646, ""2012"": 843, ""2013"": 1077, ""2014"": 1237, ""2015"": 1424, ""2016"": 1674, ""2017"": 1729, ""2018"": 2000, ""2019"": 1994, ""2020"": 2048, ""2021"": 2309, ""2022"": 2091, ""2023"": 2185, ""2024"": 2278, ""2025"": 2870, ""2026"": 2249}}"
421,google_scholar,2026-09-15,1790,22,30,533,13,,"{""scholar_id"": ""F95JTaQAAAAJ"", ""name"": ""Mary Davis"", ""affiliation"": ""tufts university"", ""email_domain"": ""@tufts.edu"", ""interests"": [], ""homepage"": null, ""citedby"": 1790, ""citedby5y"": 533, ""hindex"": 22, ""hindex5y"": 13, ""i10index"": 30, ""i10index5y"": 15, ""cites_per_year"": {""1987"": 10, ""1988"": 11, ""1989"": 8, ""1990"": 12, ""1991"": 9, ""1992"": 6, ""1993"": 7, ""1994"": 1, ""1995"": 4, ""1996"": 2, ""1997"": 7, ""1998"": 4, ""1999"": 9, ""2000"": 6, ""2001"": 6, ""2002"": 10, ""2003"": 15, ""2004"": 10, ""2005"": 11, ""2006"": 7, ""2007"": 25, ""2008"": 25, ""2009"": 48, ""2010"": 61, ""2011"": 55, ""2012"": 105, ""2013"": 69, ""2014"": 95, ""2015"": 109, ""2016"": 93, ""2017"": 100, ""2018"": 74, ""2019"": 87, ""2020"": 107, ""2021"": 105, ""2022"": 117, ""2023"": 82, ""2024"": 87, ""2025"": 82, ""2026"": 60}}"
422,google_scholar,2026-09-15,7122,45,76,4745,40,,"{""scholar_id"": ""rUiGAwgAAAAJ"", ""name"": ""Peilei Fan"", ""affiliation"": ""Professor, Tufts University"", ""email_domain"": ""@tufts.edu"", ""interests"": [""urban sustainability"", ""human-environment"", ""innovation""], ""homepage"": ""https://sites.google.com/view/peileifan"", ""citedby"": 7122, ""citedby5y"": 4745, ""hindex"": 45, ""hindex5y"": 40, ""i10index"": 76, ""i10index5y"": 63, ""cites_per_year"": {""2007"": 18, ""2008"": 27, ""2009"": 27, ""2010"": 48, ""2011"": 58, ""2012"": 68, ""2013"": 99, ""2014"": 114, ""2015"": 120, ""2016"": 187, ""2017"": 225, ""2018"": 300, ""2019"": 461, ""2020"": 532, ""2021"": 632, ""2022"": 805, ""2023"": 774, ""2024"": 912, ""2025"": 909, ""2026"": 706}}"
423,google_scholar,2026-09-15,6047,32,65,3140,27,,"{""scholar_id"": ""jFQ8F0YAAAAJ"", ""name"": ""Justin B. Hollander"", ""affiliation"": ""Professor, Tufts University"", ""email_domain"": ""@tufts.edu"", ""interests"": [""City Planning"", ""Urban Policy"", ""Shrinking Cities"", ""Urban Form""], ""homepage"": ""http://jholla03.pages.tufts.edu/"", ""citedby"": 6047, ""citedby5y"": 3140, ""hindex"": 32, ""hindex5y"": 27, ""i10index"": 65, ""i10index5y"": 50, ""cites_per_year"": {""2010"": 33, ""2011"": 89, ""2012"": 120, ""2013"": 190, ""2014"": 218, ""2015"": 250, ""2016"": 296, ""2017"": 356, ""2018"": 321, ""2019"": 426, ""2020"": 486, ""2021"": 517, ""2022"": 539, ""2023"": 528, ""2024"": 504, ""2025"": 612, ""2026"": 437}}"
424,google_scholar,2026-09-15,3782,15,19,2082,11,,"{""scholar_id"": ""YzZGA_UAAAAJ"", ""name"": ""Shan Jiang"", ""affiliation"": ""Tufts University"", ""email_domain"": ""@tufts.edu"", ""interests"": [""Urban Analytics"", ""Urban Data Science"", ""Human Mobility"", ""Sustainable Transport""], ""homepage"": ""https://as.tufts.edu/uep/people/faculty/shan-jiang"", ""citedby"": 3782, ""citedby5y"": 2082, ""hindex"": 15, ""hindex5y"": 11, ""i10index"": 19, ""i10index5y"": 14, ""cites_per_year"": {""2013"": 26, ""2014"": 53, ""2015"": 102, ""2016"": 164, ""2017"": 246, ""2018"": 338, ""2019"": 344, ""2020"": 383, ""2021"": 440, ""2022"": 374, ""2023"": 337, ""2024"": 334, ""2025"": 352, ""2026"": 245}}"
426,google_scholar,2026-09-15,1100,15,20,875,14,,"{""scholar_id"": ""9L3ZVM4AAAAJ"", ""name"": ""Shomon Shamsuddin"", ""affiliation"": ""Assistant Professor of Social Policy, Tufts University"", ""email_domain"": ""@tufts.edu"", ""interests"": [""Housing Policy"", ""Education"", ""Community Development""], ""homepage"": ""http://www.shomon.info/"", ""citedby"": 1100, ""citedby5y"": 875, ""hindex"": 15, ""hindex5y"": 14, ""i10index"": 20, ""i10index5y"": 18, ""cites_per_year"": {""2015"": 8, ""2016"": 7, ""2017"": 34, ""2018"": 34, ""2019"": 38, ""2020"": 81, ""2021"": 118, ""2022"": 156, ""2023"": 149, ""2024"": 156, ""2025"": 168, ""2026"": 122}}"
427,google_scholar,2026-09-15,57,4,1,44,4,,"{""scholar_id"": ""4JcITvcAAAAJ"", ""name"": ""Kristin Skrabut"", ""affiliation"": ""Tufts University"", ""email_domain"": ""@tufts.edu"", ""interests"": [""Anthropology"", ""Urban Studies"", ""Global Policy"", ""Latin America""], ""homepage"": ""https://as.tufts.edu/uep/people/faculty/kristin-skrabut"", ""citedby"": 57, ""citedby5y"": 44, ""hindex"": 4, ""hindex5y"": 4, ""i10index"": 1, ""i10index5y"": 1, ""cites_per_year"": {""2010"": 1, ""2013"": 1, ""2015"": 3, ""2016"": 1, ""2018"": 6, ""2021"": 7, ""2022"": 11, ""2023"": 7, ""2024"": 8, ""2025"": 7, ""2026"": 4}}"
428,google_scholar,2026-09-15,46,4,2,40,4,,"{""scholar_id"": ""znN_wjIAAAAJ"", ""name"": ""Fallon Samuels Aidoo"", ""affiliation"": ""Tulane University School of Architecture and Built Environment"", ""email_domain"": ""@tulane.edu"", ""interests"": [""urban studies"", ""historic preservation"", ""urban development"", ""planning history"", ""hazards mitigation""], ""homepage"": ""https://architecture.tulane.edu/people/fallon-samuels-aidoo"", ""citedby"": 46, ""citedby5y"": 40, ""hindex"": 4, ""hindex5y"": 4, ""i10index"": 2, ""i10index5y"": 2, ""cites_per_year"": {""2013"": 1, ""2020"": 2, ""2021"": 5, ""2022"": 4, ""2023"": 5, ""2024"": 8, ""2025"": 8, ""2026"": 9}}"
429,google_scholar,2026-09-15,148,3,1,142,2,,"{""scholar_id"": ""O0B28P8AAAAJ"", ""name"": ""Aarthi Janakiraman"", ""affiliation"": ""Assistant Professor@Tulane University; PhD@Massachusetts Institute of Technology"", ""email_domain"": ""@mit.edu"", ""interests"": [""Urban Studies"", ""Architecture"", ""Identity Politics"", ""Heritage""], ""homepage"": ""https://dusp.mit.edu/people/aarthi-janakiraman"", ""citedby"": 148, ""citedby5y"": 142, ""hindex"": 3, ""hindex5y"": 2, ""i10index"": 1, ""i10index5y"": 1, ""cites_per_year"": {""2020"": 5, ""2021"": 18, ""2022"": 22, ""2023"": 21, ""2024"": 36, ""2025"": 25, ""2026"": 18}}"
430,google_scholar,2026-09-15,2317,23,40,1894,21,,"{""scholar_id"": ""pW6ezM8AAAAJ"", ""name"": ""Jesse M. Keenan"", ""affiliation"": ""Favrot II Associate Professor of Sustainable Real Estate and Urban Planning, Tulane University"", ""email_domain"": ""@tulane.edu"", ""interests"": [""Urban Planning"", ""Climate Change"", ""Environmental Planning"", ""Real Estate Development"", ""Infrastructure""], ""homepage"": ""http://www.keenanclimate.com/"", ""citedby"": 2317, ""citedby5y"": 1894, ""hindex"": 23, ""hindex5y"": 21, ""i10index"": 40, ""i10index5y"": 30, ""cites_per_year"": {""2015"": 6, ""2016"": 23, ""2017"": 22, ""2018"": 44, ""2019"": 108, ""2020"": 173, ""2021"": 259, ""2022"": 275, ""2023"": 300, ""2024"": 319, ""2025"": 397, ""2026"": 338}}"
431,google_scholar,2026-09-15,192,3,2,192,3,,"{""scholar_id"": ""ZjNTLiwAAAAJ"", ""name"": ""Yeonhwa Lee"", ""affiliation"": ""Assistant Professor, Tulane University"", ""email_domain"": ""@tulane.edu"", ""interests"": [""housing policy"", ""neighborhood change"", ""residential mobility"", ""urban planning""], ""homepage"": ""https://architecture.tulane.edu/people/yeonhwa-lee"", ""citedby"": 192, ""citedby5y"": 192, ""hindex"": 3, ""hindex5y"": 3, ""i10index"": 2, ""i10index5y"": 2, ""cites_per_year"": {""2022"": 2, ""2023"": 18, ""2024"": 37, ""2025"": 67, ""2026"": 65}}"
432,google_scholar,2026-09-15,5923,34,57,2744,25,,"{""scholar_id"": ""mMAhI9IAAAAJ"", ""name"": ""John L. Renne"", ""affiliation"": ""Professor, Tulane University School of Architecture and Built Environment"", ""email_domain"": ""@tulane.edu"", ""interests"": [""urban planning"", ""real estate development"", ""transit oriented development"", ""sustainable transportation""], ""homepage"": ""https://architecture.tulane.edu/people/john-renne"", ""citedby"": 5923, ""citedby5y"": 2744, ""hindex"": 34, ""hindex5y"": 25, ""i10index"": 57, ""i10index5y"": 43, ""cites_per_year"": {""2004"": 37, ""2005"": 50, ""2006"": 57, ""2007"": 90, ""2008"": 85, ""2009"": 118, ""2010"": 112, ""2011"": 131, ""2012"": 177, ""2013"": 168, ""2014"": 201, ""2015"": 253, ""2016"": 239, ""2017"": 295, ""2018"": 281, ""2019"": 359, ""2020"": 405, ""2021"": 479, ""2022"": 478, ""2023"": 517, ""2024"": 454, ""2025"": 504, ""2026"": 301}}"
433,google_scholar,2026-09-15,1525,15,17,1255,12,,"{""scholar_id"": ""t3fTZggAAAAJ"", ""name"": ""Charisma Acey"", ""affiliation"": ""Associate Professor of City and Regional Planning, University of California, Berkeley"", ""email_domain"": ""@berkeley.edu"", ""interests"": [""Water and Sanitation"", ""Food Security"", ""Environmental Justice"", ""Community Development"", ""Participation and Civic Engagement""], ""homepage"": ""https://ced.berkeley.edu/ced/faculty-staff/charisma-acey"", ""citedby"": 1525, ""citedby5y"": 1255, ""hindex"": 15, ""hindex5y"": 12, ""i10index"": 17, ""i10index5y"": 13, ""cites_per_year"": {""2013"": 8, ""2014"": 1, ""2015"": 17, ""2016"": 10, ""2017"": 29, ""2018"": 26, ""2019"": 47, ""2020"": 93, ""2021"": 104, ""2022"": 134, ""2023"": 179, ""2024"": 269, ""2025"": 329, ""2026"": 233}}"
435,google_scholar,2026-09-15,18911,37,55,5431,23,,"{""scholar_id"": ""psu2IAcAAAAJ"", ""name"": ""Teresa P R Caldeira"", ""affiliation"": ""Professor of City and Regional Planning, UC Berkeley"", ""email_domain"": ""@berkeley.edu"", ""interests"": [""urbanism"", ""anthropology"", ""planning"", ""street art"", ""youth""], ""homepage"": null, ""citedby"": 18911, ""citedby5y"": 5431, ""hindex"": 37, ""hindex5y"": 23, ""i10index"": 55, ""i10index5y"": 35, ""cites_per_year"": {""1997"": 53, ""1998"": 92, ""1999"": 104, ""2000"": 107, ""2001"": 123, ""2002"": 178, ""2003"": 256, ""2004"": 311, ""2005"": 353, ""2006"": 420, ""2007"": 495, ""2008"": 508, ""2009"": 638, ""2010"": 594, ""2011"": 618, ""2012"": 694, ""2013"": 704, ""2014"": 819, ""2015"": 819, ""2016"": 885, ""2017"": 931, ""2018"": 998, ""2019"": 1005, ""2020"": 998, ""2021"": 1036, ""2022"": 1038, ""2023"": 928, ""2024"": 916, ""2025"": 936, ""2026"": 577}}"
436,google_scholar,2026-09-15,3690,28,37,1699,22,,"{""scholar_id"": ""DUDe9-QAAAAJ"", ""name"": ""Daniel G. Chatman"", ""affiliation"": ""Professor, City & Regional Planning; Interim Dean, College of Environmental Design; UC Berkeley"", ""email_domain"": ""@berkeley.edu"", ""interests"": [""Transportation"", ""land use"", ""demographic change"", ""and the economy""], ""homepage"": ""https://ced.berkeley.edu/ced/faculty-staff/daniel-chatman"", ""citedby"": 3690, ""citedby5y"": 1699, ""hindex"": 28, ""hindex5y"": 22, ""i10index"": 37, ""i10index5y"": 27, ""cites_per_year"": {""2005"": 15, ""2006"": 19, ""2007"": 28, ""2008"": 27, ""2009"": 21, ""2010"": 57, ""2011"": 70, ""2012"": 79, ""2013"": 93, ""2014"": 154, ""2015"": 168, ""2016"": 188, ""2017"": 235, ""2018"": 235, ""2019"": 266, ""2020"": 266, ""2021"": 300, ""2022"": 315, ""2023"": 309, ""2024"": 345, ""2025"": 270, ""2026"": 159}}"
437,google_scholar,2026-09-15,11991,34,53,3769,25,,"{""scholar_id"": ""PTbCmfEAAAAJ"", ""name"": ""Stephen J. Collier"", ""affiliation"": ""University of California, Berkeley"", ""email_domain"": ""@berkeley.edu"", ""interests"": [""Anthropology"", ""Science and Technology Studies""], ""homepage"": ""http://stephenjcollier.wordpress.com/"", ""citedby"": 11991, ""citedby5y"": 3769, ""hindex"": 34, ""hindex5y"": 25, ""i10index"": 53, ""i10index5y"": 38, ""cites_per_year"": {""2006"": 94, ""2007"": 130, ""2008"": 196, ""2009"": 255, ""2010"": 366, ""2011"": 414, ""2012"": 529, ""2013"": 609, ""2014"": 611, ""2015"": 731, ""2016"": 790, ""2017"": 806, ""2018"": 784, ""2019"": 765, ""2020"": 833, ""2021"": 683, ""2022"": 753, ""2023"": 659, ""2024"": 591, ""2025"": 631, ""2026"": 448}}"
438,google_scholar,2026-09-15,9643,41,61,4690,33,,"{""scholar_id"": ""l2_HUikAAAAJ"", ""name"": ""Jason Corburn"", ""affiliation"": ""UC Berkeley"", ""email_domain"": ""@berkeley.edu"", ""interests"": [], ""homepage"": ""http://www.jasoncorburn.com/"", ""citedby"": 9643, ""citedby5y"": 4690, ""hindex"": 41, ""hindex5y"": 33, ""i10index"": 61, ""i10index5y"": 55, ""cites_per_year"": {""2004"": 31, ""2005"": 35, ""2006"": 71, ""2007"": 86, ""2008"": 101, ""2009"": 150, ""2010"": 223, ""2011"": 247, ""2012"": 282, ""2013"": 277, ""2014"": 359, ""2015"": 391, ""2016"": 421, ""2017"": 435, ""2018"": 425, ""2019"": 538, ""2020"": 670, ""2021"": 891, ""2022"": 912, ""2023"": 867, ""2024"": 767, ""2025"": 722, ""2026"": 528}}"
439,google_scholar,2026-09-15,1634,17,24,830,12,,"{""scholar_id"": ""FbqhZ9AAAAAJ"", ""name"": ""Karen Trapenberg Frick"", ""affiliation"": ""Department of City and Regional Planning, UC Berkeley"", ""email_domain"": ""@berkeley.edu"", ""interests"": [], ""homepage"": ""https://ced.berkeley.edu/ced/faculty-staff/karen-frick"", ""citedby"": 1634, ""citedby5y"": 830, ""hindex"": 17, ""hindex5y"": 12, ""i10index"": 24, ""i10index5y"": 13, ""cites_per_year"": {""2009"": 6, ""2010"": 19, ""2011"": 27, ""2012"": 50, ""2013"": 58, ""2014"": 68, ""2015"": 71, ""2016"": 87, ""2017"": 101, ""2018"": 83, ""2019"": 82, ""2020"": 91, ""2021"": 114, ""2022"": 134, ""2023"": 180, ""2024"": 160, ""2025"": 162, ""2026"": 78}}"
440,google_scholar,2026-09-15,29859,66,125,13524,55,,"{""scholar_id"": ""YAGjro8AAAAJ"", ""name"": ""Marta C. Gonzalez"", ""affiliation"": ""UC Berkeley and Lawrence Berkeley National Laboratory"", ""email_domain"": ""@berkeley.edu"", ""interests"": [""Human Mobility"", ""Urban Science"", ""Network Science"", ""Complex Systems"", ""Computational Social Science""], ""homepage"": ""http://humnetlab.berkeley.edu/"", ""citedby"": 29859, ""citedby5y"": 13524, ""hindex"": 66, ""hindex5y"": 55, ""i10index"": 125, ""i10index5y"": 107, ""cites_per_year"": {""2007"": 78, ""2008"": 142, ""2009"": 273, ""2010"": 416, ""2011"": 565, ""2012"": 722, ""2013"": 965, ""2014"": 1180, ""2015"": 1489, ""2016"": 1665, ""2017"": 1850, ""2018"": 2148, ""2019"": 2119, ""2020"": 2313, ""2021"": 2622, ""2022"": 2293, ""2023"": 2073, ""2024"": 2196, ""2025"": 2459, ""2026"": 1864}}"
441,google_scholar,2026-09-15,5534,18,26,3312,18,,"{""scholar_id"": ""0NcBk8UAAAAJ"", ""name"": ""Zoe Hamstead"", ""affiliation"": ""Assistant Professor, University of California, Berkeley"", ""email_domain"": ""@berkeley.edu"", ""interests"": [""Environmental Planning"", ""Social-ecological systems"", ""Urban ecology"", ""Urban Policy...""], ""homepage"": null, ""citedby"": 5534, ""citedby5y"": 3312, ""hindex"": 18, ""hindex5y"": 18, ""i10index"": 26, ""i10index5y"": 22, ""cites_per_year"": {""2014"": 71, ""2015"": 165, ""2016"": 233, ""2017"": 319, ""2018"": 357, ""2019"": 455, ""2020"": 510, ""2021"": 634, ""2022"": 641, ""2023"": 559, ""2024"": 527, ""2025"": 538, ""2026"": 410}}"
443,google_scholar,2026-09-15,2141,10,10,1298,8,,"{""scholar_id"": ""RXZEj-YAAAAJ"", ""name"": ""Zachary Lamb"", ""affiliation"": ""Assistant Professor of City and Regional Planning, UC Berkeley"", ""email_domain"": ""@berkeley.edu"", ""interests"": [""climate change"", ""urban design"", ""housing"", ""flooding""], ""homepage"": null, ""citedby"": 2141, ""citedby5y"": 1298, ""hindex"": 10, ""hindex5y"": 8, ""i10index"": 10, ""i10index5y"": 8, ""cites_per_year"": {""2006"": 7, ""2007"": 11, ""2008"": 12, ""2009"": 33, ""2010"": 25, ""2011"": 34, ""2012"": 46, ""2013"": 43, ""2014"": 52, ""2015"": 56, ""2016"": 55, ""2017"": 64, ""2018"": 90, ""2019"": 133, ""2020"": 141, ""2021"": 180, ""2022"": 197, ""2023"": 207, ""2024"": 189, ""2025"": 275, ""2026"": 248}}"
444,google_scholar,2026-09-15,1543,19,31,522,10,,"{""scholar_id"": ""v4p_U2MAAAAJ"", ""name"": ""Elizabeth Macdonald"", ""affiliation"": ""University of California, Berkeley"", ""email_domain"": ""@berkeley.edu"", ""interests"": [""Urban Design""], ""homepage"": null, ""citedby"": 1543, ""citedby5y"": 522, ""hindex"": 19, ""hindex5y"": 10, ""i10index"": 31, ""i10index5y"": 12, ""cites_per_year"": {""1999"": 5, ""2000"": 4, ""2001"": 6, ""2002"": 7, ""2003"": 11, ""2004"": 10, ""2005"": 16, ""2006"": 19, ""2007"": 19, ""2008"": 39, ""2009"": 45, ""2010"": 52, ""2011"": 43, ""2012"": 52, ""2013"": 75, ""2014"": 55, ""2015"": 82, ""2016"": 86, ""2017"": 89, ""2018"": 85, ""2019"": 91, ""2020"": 92, ""2021"": 91, ""2022"": 112, ""2023"": 80, ""2024"": 79, ""2025"": 98, ""2026"": 62}}"
445,google_scholar,2026-09-15,1951,23,53,952,16,,"{""scholar_id"": ""Q5V6-2MAAAAJ"", ""name"": ""Carolina Katz Reid"", ""affiliation"": ""Assistant Professor, City and Regional Planning, UC Berkeley"", ""email_domain"": ""@berkeley.edu"", ""interests"": [""Housing"", ""community development""], ""homepage"": null, ""citedby"": 1951, ""citedby5y"": 952, ""hindex"": 23, ""hindex5y"": 16, ""i10index"": 53, ""i10index5y"": 28, ""cites_per_year"": {""2006"": 9, ""2007"": 11, ""2008"": 23, ""2009"": 20, ""2010"": 45, ""2011"": 40, ""2012"": 58, ""2013"": 99, ""2014"": 71, ""2015"": 82, ""2016"": 82, ""2017"": 75, ""2018"": 84, ""2019"": 129, ""2020"": 117, ""2021"": 138, ""2022"": 153, ""2023"": 163, ""2024"": 174, ""2025"": 190, ""2026"": 133}}"
446,google_scholar,2026-09-15,22910,75,194,10727,54,,"{""scholar_id"": ""YmyOoaYAAAAJ"", ""name"": ""Daniel A. Rodriguez"", ""affiliation"": ""University of California, Berkeley"", ""email_domain"": ""@berkeley.edu"", ""interests"": [""City planning"", ""transportation"", ""planning and health""], ""homepage"": ""http://ced.berkeley.edu/ced/faculty-staff/daniel-rodriguez"", ""citedby"": 22910, ""citedby5y"": 10727, ""hindex"": 75, ""hindex5y"": 54, ""i10index"": 194, ""i10index5y"": 164, ""cites_per_year"": {""2005"": 58, ""2006"": 79, ""2007"": 171, ""2008"": 226, ""2009"": 347, ""2010"": 418, ""2011"": 474, ""2012"": 653, ""2013"": 782, ""2014"": 936, ""2015"": 1036, ""2016"": 1184, ""2017"": 1261, ""2018"": 1298, ""2019"": 1467, ""2020"": 1403, ""2021"": 1698, ""2022"": 1868, ""2023"": 1819, ""2024"": 1947, ""2025"": 1996, ""2026"": 1382}}"
447,google_scholar,2026-09-15,861,6,6,792,6,,"{""scholar_id"": ""Z0nJlToAAAAJ"", ""name"": ""Dominic Bednar"", ""affiliation"": ""Assistant Professor, University of California, Irvine"", ""email_domain"": ""@uci.edu"", ""interests"": [""Energy Justice"", ""Environmental Justice"", ""Just Transitions""], ""homepage"": ""http://dominicbednar.com/"", ""citedby"": 861, ""citedby5y"": 792, ""hindex"": 6, ""hindex5y"": 6, ""i10index"": 6, ""i10index5y"": 6, ""cites_per_year"": {""2017"": 4, ""2018"": 8, ""2019"": 12, ""2020"": 36, ""2021"": 82, ""2022"": 119, ""2023"": 157, ""2024"": 147, ""2025"": 180, ""2026"": 107}}"
448,google_scholar,2026-09-15,906,15,16,421,11,,"{""scholar_id"": ""6M-FNBEAAAAJ"", ""name"": ""Ajay Garde"", ""affiliation"": ""University of California, Irvine"", ""email_domain"": ""@uci.edu"", ""interests"": [""Urban Design"", ""City Planning"", ""Sustainable Development"", ""Urban Form""], ""homepage"": null, ""citedby"": 906, ""citedby5y"": 421, ""hindex"": 15, ""hindex5y"": 11, ""i10index"": 16, ""i10index5y"": 12, ""cites_per_year"": {""2006"": 5, ""2007"": 6, ""2008"": 16, ""2009"": 11, ""2010"": 31, ""2011"": 22, ""2012"": 35, ""2013"": 38, ""2014"": 32, ""2015"": 30, ""2016"": 43, ""2017"": 44, ""2018"": 60, ""2019"": 53, ""2020"": 44, ""2021"": 56, ""2022"": 68, ""2023"": 64, ""2024"": 91, ""2025"": 91, ""2026"": 51}}"
450,google_scholar,2026-09-15,3482,29,39,1482,21,,"{""scholar_id"": ""zISdnLwAAAAJ"", ""name"": ""Douglas R Houston"", ""affiliation"": ""Senior Lecturer in Computational Biochemistry, University of Edinburgh"", ""email_domain"": ""@ed.ac.uk"", ""interests"": [""Virtual screening"", ""molecular modelling"", ""cheminformatics"", ""drug discovery"", ""structural biology""], ""homepage"": ""https://www.ed.ac.uk/profile/douglas-houston"", ""citedby"": 3482, ""citedby5y"": 1482, ""hindex"": 29, ""hindex5y"": 21, ""i10index"": 39, ""i10index5y"": 32, ""cites_per_year"": {""2003"": 27, ""2004"": 44, ""2005"": 56, ""2006"": 89, ""2007"": 79, ""2008"": 87, ""2009"": 92, ""2010"": 105, ""2011"": 88, ""2012"": 118, ""2013"": 104, ""2014"": 143, ""2015"": 119, ""2016"": 132, ""2017"": 135, ""2018"": 132, ""2019"": 181, ""2020"": 243, ""2021"": 257, ""2022"": 227, ""2023"": 246, ""2024"": 257, ""2025"": 258, ""2026"": 236}}"
452,google_scholar,2026-09-15,1441,21,34,1008,18,,"{""scholar_id"": ""DH8FiDAAAAAJ"", ""name"": ""Jae Hong Kim"", ""affiliation"": ""University of California, Irvine"", ""email_domain"": ""@uci.edu"", ""interests"": [""urban planning"", ""regional science"", ""land use planning"", ""local economic development"", ""location choice""], ""homepage"": null, ""citedby"": 1441, ""citedby5y"": 1008, ""hindex"": 21, ""hindex5y"": 18, ""i10index"": 34, ""i10index5y"": 27, ""cites_per_year"": {""2010"": 6, ""2011"": 5, ""2012"": 24, ""2013"": 24, ""2014"": 26, ""2015"": 33, ""2016"": 49, ""2017"": 41, ""2018"": 54, ""2019"": 61, ""2020"": 90, ""2021"": 106, ""2022"": 123, ""2023"": 176, ""2024"": 206, ""2025"": 231, ""2026"": 160}}"
454,google_scholar,2026-09-15,223,8,7,156,7,,"{""scholar_id"": ""LGBwO3oAAAAJ"", ""name"": ""Mukul Kumar"", ""affiliation"": ""Assistant Professor of Urban Planning and Public Policy, University of California, Irvine"", ""email_domain"": ""@uci.edu"", ""interests"": [""fossil fuel divestment"", ""political economy"", ""urban studies"", ""environmental justice""], ""homepage"": ""https://faculty.uci.edu/profile/?facultyId=7309"", ""citedby"": 223, ""citedby5y"": 156, ""hindex"": 8, ""hindex5y"": 7, ""i10index"": 7, ""i10index5y"": 6, ""cites_per_year"": {""2006"": 1, ""2007"": 1, ""2008"": 1, ""2009"": 1, ""2010"": 1, ""2013"": 2, ""2014"": 2, ""2015"": 2, ""2016"": 12, ""2017"": 10, ""2018"": 8, ""2019"": 6, ""2020"": 12, ""2021"": 14, ""2022"": 29, ""2023"": 16, ""2024"": 32, ""2025"": 32, ""2026"": 33}}"
465,google_scholar,2026-09-15,630,10,10,399,10,,"{""scholar_id"": ""haBJXXsAAAAJ"", ""name"": ""Abigail Andrews"", ""affiliation"": ""Associate Professor of Urban Studies and Planning, University of California-San Diego"", ""email_domain"": ""@ucsd.edu"", ""interests"": [""political sociology"", ""gender"", ""globalization"", ""immigration""], ""homepage"": ""https://abigailandrews.com/"", ""citedby"": 630, ""citedby5y"": 399, ""hindex"": 10, ""hindex5y"": 10, ""i10index"": 10, ""i10index5y"": 10, ""cites_per_year"": {""2011"": 2, ""2012"": 5, ""2013"": 5, ""2014"": 10, ""2015"": 23, ""2016"": 25, ""2017"": 24, ""2018"": 30, ""2019"": 38, ""2020"": 56, ""2021"": 64, ""2022"": 69, ""2023"": 75, ""2024"": 62, ""2025"": 82, ""2026"": 43}}"
469,google_scholar,2026-09-15,61901,109,218,22244,76,,"{""scholar_id"": ""sF_AKKQAAAAJ"", ""name"": ""Lawrence Frank"", ""affiliation"": ""University of California at San Diego"", ""email_domain"": ""@ucsd.edu"", ""interests"": [""Urban planning"", ""transport policy"", ""physical activity"", ""public health"", ""climate change""], ""homepage"": null, ""citedby"": 61901, ""citedby5y"": 22244, ""hindex"": 109, ""hindex5y"": 76, ""i10index"": 218, ""i10index5y"": 189, ""cites_per_year"": {""2004"": 226, ""2005"": 417, ""2006"": 646, ""2007"": 904, ""2008"": 1186, ""2009"": 1482, ""2010"": 1728, ""2011"": 1920, ""2012"": 2344, ""2013"": 2566, ""2014"": 2870, ""2015"": 3177, ""2016"": 3449, ""2017"": 3686, ""2018"": 3619, ""2019"": 4127, ""2020"": 3883, ""2021"": 4242, ""2022"": 4147, ""2023"": 3752, ""2024"": 3858, ""2025"": 3660, ""2026"": 2561}}"
472,google_scholar,2026-09-15,2755,23,33,1637,21,,"{""scholar_id"": ""Ud4ENSQAAAAJ"", ""name"": ""Amy M. Lerner"", ""affiliation"": ""University of California San Diego, Urban Studies & Planning"", ""email_domain"": ""@ucsd.edu"", ""interests"": [""Sustainable food systems"", ""socio-ecological systems"", ""urbanization"", ""human dimensions of global change""], ""homepage"": ""https://sites.google.com/site/amymlerner/"", ""citedby"": 2755, ""citedby5y"": 1637, ""hindex"": 23, ""hindex5y"": 21, ""i10index"": 33, ""i10index5y"": 30, ""cites_per_year"": {""2011"": 13, ""2012"": 17, ""2013"": 53, ""2014"": 53, ""2015"": 70, ""2016"": 87, ""2017"": 130, ""2018"": 165, ""2019"": 224, ""2020"": 249, ""2021"": 287, ""2022"": 307, ""2023"": 257, ""2024"": 281, ""2025"": 278, ""2026"": 220}}"
473,google_scholar,2026-09-15,2962,23,29,1178,15,,"{""scholar_id"": ""9VwAZ8cAAAAJ"", ""name"": ""Isaac William Martin"", ""affiliation"": ""Professor of Urban Studies and Planning, University of California - San Diego"", ""email_domain"": ""@ucsd.edu"", ""interests"": [""Housing"", ""Tax Policy"", ""Social Protest"", ""Urban Political Economy"", ""Political Sociology""], ""homepage"": ""https://iwmartin.ucsd.edu/"", ""citedby"": 2962, ""citedby5y"": 1178, ""hindex"": 23, ""hindex5y"": 15, ""i10index"": 29, ""i10index5y"": 25, ""cites_per_year"": {""2003"": 10, ""2004"": 15, ""2005"": 12, ""2006"": 8, ""2007"": 19, ""2008"": 25, ""2009"": 52, ""2010"": 55, ""2011"": 65, ""2012"": 69, ""2013"": 88, ""2014"": 124, ""2015"": 168, ""2016"": 149, ""2017"": 171, ""2018"": 197, ""2019"": 235, ""2020"": 248, ""2021"": 224, ""2022"": 200, ""2023"": 215, ""2024"": 185, ""2025"": 184, ""2026"": 170}}"
475,google_scholar,2026-09-15,4111,27,44,1644,22,,"{""scholar_id"": ""zpYl8EcAAAAJ"", ""name"": ""Mai Thi Nguyen"", ""affiliation"": ""Design Lab Director, UC San Diego; Professor of Urban Studies and Planning"", ""email_domain"": ""@ucsd.edu"", ""interests"": [""urban planning"", ""housing policy"", ""inequality"", ""climate change adaptation""], ""homepage"": ""https://designlab.ucsd.edu/"", ""citedby"": 4111, ""citedby5y"": 1644, ""hindex"": 27, ""hindex5y"": 22, ""i10index"": 44, ""i10index5y"": 36, ""cites_per_year"": {""2001"": 16, ""2002"": 35, ""2003"": 38, ""2004"": 59, ""2005"": 68, ""2006"": 67, ""2007"": 64, ""2008"": 66, ""2009"": 64, ""2010"": 77, ""2011"": 103, ""2012"": 130, ""2013"": 136, ""2014"": 160, ""2015"": 170, ""2016"": 198, ""2017"": 222, ""2018"": 234, ""2019"": 214, ""2020"": 270, ""2021"": 267, ""2022"": 275, ""2023"": 340, ""2024"": 281, ""2025"": 298, ""2026"": 180}}"
476,google_scholar,2026-09-15,1534,18,27,444,11,,"{""scholar_id"": ""2hoi_p4AAAAJ"", ""name"": ""Keith Pezzoli"", ""affiliation"": ""UC San Diego"", ""email_domain"": ""@ucsd.edu"", ""interests"": [], ""homepage"": null, ""citedby"": 1534, ""citedby5y"": 444, ""hindex"": 18, ""hindex5y"": 11, ""i10index"": 27, ""i10index5y"": 12, ""cites_per_year"": {""1997"": 7, ""1998"": 9, ""1999"": 24, ""2000"": 23, ""2001"": 23, ""2002"": 33, ""2003"": 24, ""2004"": 28, ""2005"": 57, ""2006"": 55, ""2007"": 51, ""2008"": 45, ""2009"": 56, ""2010"": 46, ""2011"": 56, ""2012"": 73, ""2013"": 66, ""2014"": 48, ""2015"": 44, ""2016"": 62, ""2017"": 39, ""2018"": 58, ""2019"": 43, ""2020"": 76, ""2021"": 75, ""2022"": 100, ""2023"": 84, ""2024"": 75, ""2025"": 66, ""2026"": 44}}"
477,google_scholar,2026-09-15,125,6,3,84,5,,"{""scholar_id"": ""NZXc5asAAAAJ"", ""name"": ""Mirle Rabinowitz Bussell"", ""affiliation"": ""UC San Diego"", ""email_domain"": ""@ucsd.edu"", ""interests"": [""Urban planning""], ""homepage"": null, ""citedby"": 125, ""citedby5y"": 84, ""hindex"": 6, ""hindex5y"": 5, ""i10index"": 3, ""i10index5y"": 3, ""cites_per_year"": {""2012"": 1, ""2013"": 1, ""2014"": 4, ""2015"": 1, ""2016"": 4, ""2017"": 2, ""2018"": 8, ""2019"": 4, ""2020"": 12, ""2021"": 12, ""2022"": 23, ""2023"": 13, ""2024"": 13, ""2025"": 11, ""2026"": 12}}"
478,google_scholar,2026-09-15,90,4,2,89,4,,"{""scholar_id"": ""j8kdmdEAAAAJ"", ""name"": ""Nora Louise Schwaller"", ""affiliation"": ""UC San Diego"", ""email_domain"": ""@ucsd.edu"", ""interests"": [""disaster"", ""recovery"", ""migration"", ""housing""], ""homepage"": null, ""citedby"": 90, ""citedby5y"": 89, ""hindex"": 4, ""hindex5y"": 4, ""i10index"": 2, ""i10index5y"": 2, ""cites_per_year"": {""2020"": 1, ""2021"": 4, ""2022"": 12, ""2023"": 15, ""2024"": 14, ""2025"": 26, ""2026"": 18}}"
479,google_scholar,2026-09-15,652,9,9,512,9,,"{""scholar_id"": ""gZDjZuMAAAAJ"", ""name"": ""Feiyang Sun"", ""affiliation"": ""University of California San Diego"", ""email_domain"": ""@ucsd.edu"", ""interests"": [], ""homepage"": null, ""citedby"": 652, ""citedby5y"": 512, ""hindex"": 9, ""hindex5y"": 9, ""i10index"": 9, ""i10index5y"": 9, ""cites_per_year"": {""2018"": 14, ""2019"": 47, ""2020"": 71, ""2021"": 110, ""2022"": 92, ""2023"": 84, ""2024"": 92, ""2025"": 88, ""2026"": 46}}"
481,google_scholar,2026-09-15,5,1,0,5,1,,"{""scholar_id"": ""S-LfLs8AAAAJ"", ""name"": ""Teo Wickland"", ""affiliation"": ""Presidential Postdoctoral Fellow, Brown University"", ""email_domain"": ""@brown.edu"", ""interests"": [""Modernity/coloniality/decoloniality"", ""More-than-human mobilities"", ""Transportation systems and practices"", ""Land relations"", ""Epistemology/phenomenology/ontology""], ""homepage"": null, ""citedby"": 5, ""citedby5y"": 5, ""hindex"": 1, ""hindex5y"": 1, ""i10index"": 0, ""i10index5y"": 0, ""cites_per_year"": {""2021"": 1, ""2022"": 1, ""2023"": 1, ""2025"": 1, ""2026"": 1}}"
482,google_scholar,2026-09-15,1901,14,14,1072,12,,"{""scholar_id"": ""96LNqvkAAAAJ"", ""name"": ""Amada Armenta"", ""affiliation"": ""UCLA Urban Planning"", ""email_domain"": ""@luskin.ucla.edu"", ""interests"": [""International Migration"", ""Law & Society"", ""Race/Ethnicity"", ""Policing""], ""homepage"": null, ""citedby"": 1901, ""citedby5y"": 1072, ""hindex"": 14, ""hindex5y"": 12, ""i10index"": 14, ""i10index5y"": 13, ""cites_per_year"": {""2011"": 9, ""2012"": 15, ""2013"": 36, ""2014"": 49, ""2015"": 53, ""2016"": 51, ""2017"": 86, ""2018"": 147, ""2019"": 155, ""2020"": 183, ""2021"": 197, ""2022"": 170, ""2023"": 180, ""2024"": 192, ""2025"": 185, ""2026"": 147}}"
483,google_scholar,2026-09-15,6733,44,105,3200,33,,"{""scholar_id"": ""f--ZeF4AAAAJ"", ""name"": ""Evelyn Blumenberg"", ""affiliation"": ""Professor of Urban Planning, UCLA Luskin School of Public Affairs"", ""email_domain"": ""@g.ucla.edu"", ""interests"": [""Poverty"", ""transportation"", ""labor and employment"", ""gender""], ""homepage"": ""http://luskin.ucla.edu/evelyn-blumenberg"", ""citedby"": 6733, ""citedby5y"": 3200, ""hindex"": 44, ""hindex5y"": 33, ""i10index"": 105, ""i10index5y"": 73, ""cites_per_year"": {""1998"": 22, ""1999"": 26, ""2000"": 45, ""2001"": 59, ""2002"": 79, ""2003"": 62, ""2004"": 66, ""2005"": 67, ""2006"": 70, ""2007"": 72, ""2008"": 82, ""2009"": 135, ""2010"": 125, ""2011"": 147, ""2012"": 159, ""2013"": 155, ""2014"": 185, ""2015"": 193, ""2016"": 209, ""2017"": 325, ""2018"": 354, ""2019"": 335, ""2020"": 451, ""2021"": 504, ""2022"": 493, ""2023"": 491, ""2024"": 624, ""2025"": 632, ""2026"": 450}}"
485,google_scholar,2026-09-15,2952,15,17,2285,13,,"{""scholar_id"": ""FvVr6oAAAAAJ"", ""name"": ""Kian Goh"", ""affiliation"": ""UCLA"", ""email_domain"": ""@ucla.edu"", ""interests"": [""Urban design and planning"", ""environmental design and planning"", ""climate change planning"", ""urban politics"", ""urban theory""], ""homepage"": ""https://ucla.academia.edu/KianGoh"", ""citedby"": 2952, ""citedby5y"": 2285, ""hindex"": 15, ""hindex5y"": 13, ""i10index"": 17, ""i10index5y"": 16, ""cites_per_year"": {""2015"": 9, ""2016"": 26, ""2017"": 57, ""2018"": 123, ""2019"": 153, ""2020"": 232, ""2021"": 326, ""2022"": 338, ""2023"": 402, ""2024"": 386, ""2025"": 425, ""2026"": 401}}"
486,google_scholar,2026-09-15,13035,43,86,3629,27,,"{""scholar_id"": ""yWNwg7gAAAAJ"", ""name"": ""SUSANNA B HECHT"", ""affiliation"": ""Professor Luskin school UCLA AND Geneva Graduate Institute, Switzerland"", ""email_domain"": ""@g.ucla.edu"", ""interests"": [""Amazon Deforestation and development"", ""Forest transition"", ""tropical social movements"", ""agroindustry development and soy""], ""homepage"": null, ""citedby"": 13035, ""citedby5y"": 3629, ""hindex"": 43, ""hindex5y"": 27, ""i10index"": 86, ""i10index5y"": 44, ""cites_per_year"": {""1989"": 53, ""1990"": 68, ""1991"": 114, ""1992"": 158, ""1993"": 139, ""1994"": 164, ""1995"": 149, ""1996"": 205, ""1997"": 193, ""1998"": 196, ""1999"": 185, ""2000"": 236, ""2001"": 194, ""2002"": 260, ""2003"": 209, ""2004"": 208, ""2005"": 230, ""2006"": 238, ""2007"": 219, ""2008"": 258, ""2009"": 292, ""2010"": 274, ""2011"": 358, ""2012"": 391, ""2013"": 387, ""2014"": 442, ""2015"": 462, ""2016"": 482, ""2017"": 514, ""2018"": 497, ""2019"": 546, ""2020"": 539, ""2021"": 548, ""2022"": 479, ""2023"": 496, ""2024"": 683, ""2025"": 761, ""2026"": 636}}"
487,google_scholar,2026-09-15,974,10,10,734,9,,"{""scholar_id"": ""pkWm4ZAAAAAJ"", ""name"": ""Veronica Herrera"", ""affiliation"": ""Associate Professor, Luskin School of Public Affairs, UCLA"", ""email_domain"": ""@luskin.ucla.edu"", ""interests"": [""Cities"", ""Environment"", ""Climate"", ""Development""], ""homepage"": null, ""citedby"": 974, ""citedby5y"": 734, ""hindex"": 10, ""hindex5y"": 9, ""i10index"": 10, ""i10index5y"": 9, ""cites_per_year"": {""2014"": 4, ""2015"": 10, ""2016"": 20, ""2017"": 26, ""2018"": 26, ""2019"": 54, ""2020"": 73, ""2021"": 105, ""2022"": 101, ""2023"": 126, ""2024"": 153, ""2025"": 142, ""2026"": 105}}"
488,google_scholar,2026-09-15,277,9,9,267,9,,"{""scholar_id"": ""V13wjL8AAAAJ"", ""name"": ""Minjee Kim"", ""affiliation"": ""UCLA"", ""email_domain"": ""@ucla.edu"", ""interests"": [""urban planning"", ""real estate development"", ""value capture"", ""land use regulation"", ""zoning""], ""homepage"": ""https://luskin.ucla.edu/person/minjee-kim"", ""citedby"": 277, ""citedby5y"": 267, ""hindex"": 9, ""hindex5y"": 9, ""i10index"": 9, ""i10index5y"": 9, ""cites_per_year"": {""2016"": 1, ""2017"": 1, ""2018"": 1, ""2019"": 3, ""2020"": 3, ""2021"": 17, ""2022"": 24, ""2023"": 40, ""2024"": 52, ""2025"": 59, ""2026"": 73}}"
489,google_scholar,2026-09-15,841,8,8,709,8,,"{""scholar_id"": ""nQDpRdAAAAAJ"", ""name"": ""Liz Koslov"", ""affiliation"": ""University of California, Los Angeles"", ""email_domain"": ""@ucla.edu"", ""interests"": [], ""homepage"": ""http://www.lizkoslov.com/"", ""citedby"": 841, ""citedby5y"": 709, ""hindex"": 8, ""hindex5y"": 8, ""i10index"": 8, ""i10index5y"": 8, ""cites_per_year"": {""2016"": 5, ""2017"": 5, ""2018"": 12, ""2019"": 32, ""2020"": 57, ""2021"": 86, ""2022"": 138, ""2023"": 118, ""2024"": 129, ""2025"": 127, ""2026"": 111}}"
490,google_scholar,2026-09-15,1758,21,29,1240,19,,"{""scholar_id"": ""BNAax5UAAAAJ"", ""name"": ""Michael C. Lens"", ""affiliation"": ""Professor of Urban Planning and Public Policy, UCLA"", ""email_domain"": ""@ucla.edu"", ""interests"": [""Housing"", ""crime"", ""zoning"", ""segregation"", ""neighborhood effects""], ""homepage"": ""http://luskin.ucla.edu/person/michael-lens/"", ""citedby"": 1758, ""citedby5y"": 1240, ""hindex"": 21, ""hindex5y"": 19, ""i10index"": 29, ""i10index5y"": 28, ""cites_per_year"": {""2012"": 11, ""2013"": 25, ""2014"": 13, ""2015"": 38, ""2016"": 48, ""2017"": 77, ""2018"": 75, ""2019"": 92, ""2020"": 107, ""2021"": 169, ""2022"": 199, ""2023"": 216, ""2024"": 231, ""2025"": 247, ""2026"": 175}}"
491,google_scholar,2026-09-15,14250,59,140,7294,44,,"{""scholar_id"": ""Scpju_AAAAAJ"", ""name"": ""Anastasia Loukaitou Sideris"", ""affiliation"": ""UCLA"", ""email_domain"": ""@ucla.edu"", ""interests"": [""urban design"", ""urban planning""], ""homepage"": null, ""citedby"": 14250, ""citedby5y"": 7294, ""hindex"": 59, ""hindex5y"": 44, ""i10index"": 140, ""i10index5y"": 111, ""cites_per_year"": {""2001"": 39, ""2002"": 34, ""2003"": 64, ""2004"": 68, ""2005"": 90, ""2006"": 91, ""2007"": 129, ""2008"": 136, ""2009"": 190, ""2010"": 236, ""2011"": 279, ""2012"": 330, ""2013"": 384, ""2014"": 409, ""2015"": 498, ""2016"": 554, ""2017"": 647, ""2018"": 655, ""2019"": 830, ""2020"": 963, ""2021"": 988, ""2022"": 1123, ""2023"": 1170, ""2024"": 1351, ""2025"": 1574, ""2026"": 1065}}"
492,google_scholar,2026-09-15,150,7,4,150,7,,"{""scholar_id"": ""LEw3D3oAAAAJ"", ""name"": ""Jose Loya"", ""affiliation"": ""Assistant Professor of Urban Planning, UCLA"", ""email_domain"": ""@g.ucla.edu"", ""interests"": [""social stratification""], ""homepage"": ""https://luskin.ucla.edu/person/jose-loya"", ""citedby"": 150, ""citedby5y"": 150, ""hindex"": 7, ""hindex5y"": 7, ""i10index"": 4, ""i10index5y"": 4, ""cites_per_year"": {""2021"": 1, ""2022"": 9, ""2023"": 31, ""2024"": 34, ""2025"": 35, ""2026"": 40}}"
493,google_scholar,2026-09-15,4369,34,55,2407,29,,"{""scholar_id"": ""8HN5ZwIAAAAJ"", ""name"": ""Michael Manville"", ""affiliation"": ""department of urban planning, ucla"", ""email_domain"": ""@ucla.edu"", ""interests"": [""transportation"", ""parking"", ""cities""], ""homepage"": null, ""citedby"": 4369, ""citedby5y"": 2407, ""hindex"": 34, ""hindex5y"": 29, ""i10index"": 55, ""i10index5y"": 49, ""cites_per_year"": {""2006"": 16, ""2007"": 40, ""2008"": 56, ""2009"": 68, ""2010"": 97, ""2011"": 70, ""2012"": 91, ""2013"": 116, ""2014"": 135, ""2015"": 138, ""2016"": 145, ""2017"": 166, ""2018"": 240, ""2019"": 211, ""2020"": 283, ""2021"": 336, ""2022"": 373, ""2023"": 437, ""2024"": 405, ""2025"": 468, ""2026"": 380}}"
494,google_scholar,2026-09-15,7502,38,54,3884,28,,"{""scholar_id"": ""ko53eXsAAAAJ"", ""name"": ""Adam Millard-Ball"", ""affiliation"": ""Urban Planning, UCLA"", ""email_domain"": ""@g.ucla.edu"", ""interests"": [""transportation planning"", ""sustainable transport"", ""climate change planning"", ""urban data science""], ""homepage"": ""https://millardball.its.ucla.edu/"", ""citedby"": 7502, ""citedby5y"": 3884, ""hindex"": 38, ""hindex5y"": 28, ""i10index"": 54, ""i10index5y"": 42, ""cites_per_year"": {""2006"": 22, ""2007"": 28, ""2008"": 36, ""2009"": 45, ""2010"": 65, ""2011"": 90, ""2012"": 131, ""2013"": 187, ""2014"": 215, ""2015"": 315, ""2016"": 307, ""2017"": 423, ""2018"": 460, ""2019"": 544, ""2020"": 597, ""2021"": 713, ""2022"": 715, ""2023"": 616, ""2024"": 606, ""2025"": 649, ""2026"": 574}}"
495,google_scholar,2026-09-15,3728,34,60,2367,26,,"{""scholar_id"": ""PRwkFbgAAAAJ"", ""name"": ""Paavo Monkkonen"", ""affiliation"": ""Professor, University of California, Los Angeles"", ""email_domain"": ""@publicaffairs.ucla.edu"", ""interests"": [""Housing Policy"", ""Land Use Regulation"", ""Segregation"", ""Urban Planning"", ""Latin America and Mexico""], ""homepage"": ""http://luskin.ucla.edu/person/paavo-monkkonen/"", ""citedby"": 3728, ""citedby5y"": 2367, ""hindex"": 34, ""hindex5y"": 26, ""i10index"": 60, ""i10index5y"": 52, ""cites_per_year"": {""2009"": 17, ""2010"": 9, ""2011"": 19, ""2012"": 49, ""2013"": 48, ""2014"": 66, ""2015"": 102, ""2016"": 161, ""2017"": 118, ""2018"": 213, ""2019"": 205, ""2020"": 253, ""2021"": 347, ""2022"": 402, ""2023"": 401, ""2024"": 406, ""2025"": 471, ""2026"": 333}}"
497,google_scholar,2026-09-15,9206,45,150,2426,24,,"{""scholar_id"": ""ViBzERkAAAAJ"", ""name"": ""PAUL M ONG"", ""affiliation"": ""Professor, School of Public Affairs, UCLA"", ""email_domain"": ""@g.ucla.edu"", ""interests"": [""Economics"", ""environment""], ""homepage"": ""http://luskin.ucla.edu/paul-ong"", ""citedby"": 9206, ""citedby5y"": 2426, ""hindex"": 45, ""hindex5y"": 24, ""i10index"": 150, ""i10index5y"": 55, ""cites_per_year"": {""1994"": 45, ""1995"": 55, ""1996"": 116, ""1997"": 121, ""1998"": 147, ""1999"": 139, ""2000"": 202, ""2001"": 242, ""2002"": 262, ""2003"": 245, ""2004"": 242, ""2005"": 212, ""2006"": 265, ""2007"": 257, ""2008"": 223, ""2009"": 258, ""2010"": 271, ""2011"": 248, ""2012"": 324, ""2013"": 297, ""2014"": 311, ""2015"": 306, ""2016"": 308, ""2017"": 320, ""2018"": 351, ""2019"": 331, ""2020"": 426, ""2021"": 453, ""2022"": 443, ""2023"": 424, ""2024"": 449, ""2025"": 374, ""2026"": 273}}"
498,google_scholar,2026-09-15,27013,50,89,12171,40,,"{""scholar_id"": ""PwgIqWoAAAAJ"", ""name"": ""Ananya Roy"", ""affiliation"": ""University of California, Los Angeles"", ""email_domain"": ""@g.ucla.edu"", ""interests"": [""global urbanism"", ""racial capitalism"", ""postcolonial theory"", ""feminist theory""], ""homepage"": ""http://ananyaroy.org/"", ""citedby"": 27013, ""citedby5y"": 12171, ""hindex"": 50, ""hindex5y"": 40, ""i10index"": 89, ""i10index5y"": 70, ""cites_per_year"": {""2008"": 107, ""2009"": 159, ""2010"": 228, ""2011"": 431, ""2012"": 508, ""2013"": 818, ""2014"": 994, ""2015"": 1232, ""2016"": 1570, ""2017"": 1695, ""2018"": 1976, ""2019"": 2071, ""2020"": 2243, ""2021"": 2169, ""2022"": 2086, ""2023"": 2071, ""2024"": 1895, ""2025"": 2157, ""2026"": 1791}}"
499,google_scholar,2026-09-15,3843,23,34,1922,22,,"{""scholar_id"": ""qLEymbcAAAAJ"", ""name"": ""Kirsten Schwarz"", ""affiliation"": ""Associate Professor of Urban Planning and Environmental Health Sciences, UCLA"", ""email_domain"": ""@luskin.ucla.edu"", ""interests"": [""Urban Ecology"", ""Social-Ecological Systems"", ""Urban Soils"", ""Environmental Justice"", ""Community Science""], ""homepage"": ""http://www.kirstenschwarz.com/"", ""citedby"": 3843, ""citedby5y"": 1922, ""hindex"": 23, ""hindex5y"": 22, ""i10index"": 34, ""i10index5y"": 29, ""cites_per_year"": {""2007"": 14, ""2008"": 32, ""2009"": 40, ""2010"": 49, ""2011"": 58, ""2012"": 89, ""2013"": 110, ""2014"": 131, ""2015"": 134, ""2016"": 183, ""2017"": 218, ""2018"": 250, ""2019"": 262, ""2020"": 276, ""2021"": 343, ""2022"": 356, ""2023"": 301, ""2024"": 308, ""2025"": 327, ""2026"": 286}}"
500,google_scholar,2026-09-15,63211,92,188,14454,52,,"{""scholar_id"": ""-j3tHfMAAAAJ"", ""name"": ""Michael Storper"", ""affiliation"": ""London School of Economics and Political Science"", ""email_domain"": ""@lse.ac.uk"", ""interests"": [""geography"", ""economics"", ""development"", ""cities"", ""regions""], ""homepage"": ""http://www2.lse.ac.uk/geographyAndEnvironment/whosWho/profiles/Michael%20Storper/Home.aspx"", ""citedby"": 63211, ""citedby5y"": 14454, ""hindex"": 92, ""hindex5y"": 52, ""i10index"": 188, ""i10index5y"": 97, ""cites_per_year"": {""1988"": 155, ""1989"": 268, ""1990"": 224, ""1991"": 259, ""1992"": 372, ""1993"": 342, ""1994"": 334, ""1995"": 539, ""1996"": 545, ""1997"": 674, ""1998"": 716, ""1999"": 951, ""2000"": 1056, ""2001"": 1195, ""2002"": 1404, ""2003"": 1503, ""2004"": 1611, ""2005"": 1521, ""2006"": 1880, ""2007"": 1750, ""2008"": 1972, ""2009"": 1780, ""2010"": 1990, ""2011"": 2202, ""2012"": 2243, ""2013"": 2322, ""2014"": 2355, ""2015"": 2312, ""2016"": 2422, ""2017"": 2660, ""2018"": 2479, ""2019"": 2514, ""2020"": 2530, ""2021"": 2438, ""2022"": 2501, ""2023"": 2485, ""2024"": 2459, ""2025"": 2602, ""2026"": 1937}}"
501,google_scholar,2026-09-15,9120,47,121,3479,30,,"{""scholar_id"": ""JAJbzF0AAAAJ"", ""name"": ""Brian D. Taylor"", ""affiliation"": ""Professor of Urban Planning and Public Policy, Institute of Transportation Studies, UCLA"", ""email_domain"": ""@g.ucla.edu"", ""interests"": [""Transportation policy and planning""], ""homepage"": ""https://taylor.its.ucla.edu/"", ""citedby"": 9120, ""citedby5y"": 3479, ""hindex"": 47, ""hindex5y"": 30, ""i10index"": 121, ""i10index5y"": 76, ""cites_per_year"": {""1998"": 27, ""1999"": 25, ""2000"": 61, ""2001"": 67, ""2002"": 112, ""2003"": 96, ""2004"": 98, ""2005"": 131, ""2006"": 135, ""2007"": 122, ""2008"": 137, ""2009"": 227, ""2010"": 254, ""2011"": 294, ""2012"": 269, ""2013"": 288, ""2014"": 323, ""2015"": 339, ""2016"": 393, ""2017"": 435, ""2018"": 582, ""2019"": 511, ""2020"": 558, ""2021"": 568, ""2022"": 583, ""2023"": 600, ""2024"": 636, ""2025"": 638, ""2026"": 449}}"
503,google_scholar,2026-09-15,9621,42,111,1951,21,,"{""scholar_id"": ""sGcFnWwAAAAJ"", ""name"": ""Chris Tilly"", ""affiliation"": ""Professor of Urban Planning, UCLA"", ""email_domain"": ""@ucla.edu"", ""interests"": [""Labor"", ""discrimination"", ""inequality"", ""social movements"", ""Mexico""], ""homepage"": ""https://luskin.ucla.edu/person/chris-tilly"", ""citedby"": 9621, ""citedby5y"": 1951, ""hindex"": 42, ""hindex5y"": 21, ""i10index"": 111, ""i10index5y"": 41, ""cites_per_year"": {""1990"": 28, ""1991"": 35, ""1992"": 48, ""1993"": 54, ""1994"": 69, ""1995"": 98, ""1996"": 93, ""1997"": 141, ""1998"": 166, ""1999"": 181, ""2000"": 215, ""2001"": 267, ""2002"": 236, ""2003"": 255, ""2004"": 273, ""2005"": 238, ""2006"": 268, ""2007"": 292, ""2008"": 302, ""2009"": 305, ""2010"": 255, ""2011"": 279, ""2012"": 322, ""2013"": 349, ""2014"": 410, ""2015"": 358, ""2016"": 387, ""2017"": 339, ""2018"": 411, ""2019"": 357, ""2020"": 406, ""2021"": 397, ""2022"": 364, ""2023"": 360, ""2024"": 290, ""2025"": 327, ""2026"": 213}}"
504,google_scholar,2026-09-15,6095,26,36,5771,23,,"{""scholar_id"": ""8hH5IngAAAAJ"", ""name"": ""V. Kelly Turner"", ""affiliation"": ""Assistant Professor of Urban Planning, University of California, Los Angeles"", ""email_domain"": ""@ucla.edu"", ""interests"": [""social-ecological systems"", ""institutions"", ""environmental planning"", ""sustainable design"", ""urban ecosystem services""], ""homepage"": null, ""citedby"": 6095, ""citedby5y"": 5771, ""hindex"": 26, ""hindex5y"": 23, ""i10index"": 36, ""i10index5y"": 32, ""cites_per_year"": {""2014"": 17, ""2015"": 13, ""2016"": 17, ""2017"": 34, ""2018"": 39, ""2019"": 42, ""2020"": 86, ""2021"": 810, ""2022"": 1523, ""2023"": 1115, ""2024"": 898, ""2025"": 830, ""2026"": 517}}"
506,google_scholar,2026-09-15,5900,43,73,3641,28,,"{""scholar_id"": ""B04iO5MAAAAJ"", ""name"": ""Todd K. BenDor"", ""affiliation"": ""University of North Carolina at Chapel Hill"", ""email_domain"": ""@unc.edu"", ""interests"": [""environmental planning"", ""climate adaptation"", ""environmental markets"", ""ecosystem services"", ""urban planning""], ""homepage"": ""http://todd.bendor.org/"", ""citedby"": 5900, ""citedby5y"": 3641, ""hindex"": 43, ""hindex5y"": 28, ""i10index"": 73, ""i10index5y"": 60, ""cites_per_year"": {""2007"": 21, ""2008"": 22, ""2009"": 55, ""2010"": 63, ""2011"": 94, ""2012"": 86, ""2013"": 120, ""2014"": 135, ""2015"": 163, ""2016"": 170, ""2017"": 232, ""2018"": 266, ""2019"": 321, ""2020"": 410, ""2021"": 546, ""2022"": 628, ""2023"": 621, ""2024"": 675, ""2025"": 679, ""2026"": 492}}"
507,google_scholar,2026-09-15,17667,61,143,5892,41,,"{""scholar_id"": ""jMEA5yMAAAAJ"", ""name"": ""Philip Berke"", ""affiliation"": ""Research Professor, University of North Carolina"", ""email_domain"": ""@email.unc.edu"", ""interests"": [""land use planning"", ""hazard mitigation"", ""urban planning"", ""environmental planning"", ""urban resilience""], ""homepage"": ""https://planning.unc.edu/faculty/phil-berke/"", ""citedby"": 17667, ""citedby5y"": 5892, ""hindex"": 61, ""hindex5y"": 41, ""i10index"": 143, ""i10index5y"": 97, ""cites_per_year"": {""1998"": 67, ""1999"": 46, ""2000"": 104, ""2001"": 98, ""2002"": 135, ""2003"": 186, ""2004"": 172, ""2005"": 233, ""2006"": 249, ""2007"": 274, ""2008"": 384, ""2009"": 491, ""2010"": 488, ""2011"": 534, ""2012"": 609, ""2013"": 738, ""2014"": 872, ""2015"": 818, ""2016"": 830, ""2017"": 874, ""2018"": 945, ""2019"": 1066, ""2020"": 1074, ""2021"": 1183, ""2022"": 998, ""2023"": 1063, ""2024"": 940, ""2025"": 1064, ""2026"": 637}}"
508,google_scholar,2026-09-15,2132,18,24,1985,18,,"{""scholar_id"": ""GmslJ3cAAAAJ"", ""name"": ""Matthew Wigginton Bhagat-Conway"", ""affiliation"": ""Assistant Professor, Department of City and Regional Planning and Odum Institute for Research in"", ""email_domain"": ""@unc.edu"", ""interests"": [""Transportation networks"", ""spatial accessibility"", ""public transport"", ""travel demand modeling""], ""homepage"": ""https://www.indicatrix.org/"", ""citedby"": 2132, ""citedby5y"": 1985, ""hindex"": 18, ""hindex5y"": 18, ""i10index"": 24, ""i10index5y"": 22, ""cites_per_year"": {""2018"": 14, ""2019"": 43, ""2020"": 67, ""2021"": 147, ""2022"": 229, ""2023"": 329, ""2024"": 505, ""2025"": 409, ""2026"": 352}}"
509,google_scholar,2026-09-15,487,13,13,395,11,,"{""scholar_id"": ""i_3TlV8AAAAJ"", ""name"": ""Ashley Hernandez"", ""affiliation"": ""Unknown affiliation"", ""email_domain"": null, ""interests"": [], ""homepage"": null, ""citedby"": 487, ""citedby5y"": 395, ""hindex"": 13, ""hindex5y"": 11, ""i10index"": 13, ""i10index5y"": 12, ""cites_per_year"": {""2013"": 2, ""2014"": 1, ""2015"": 1, ""2016"": 2, ""2017"": 5, ""2018"": 14, ""2019"": 23, ""2020"": 31, ""2021"": 58, ""2022"": 65, ""2023"": 67, ""2024"": 75, ""2025"": 75, ""2026"": 53}}"
510,google_scholar,2026-09-15,2858,20,28,2466,19,,"{""scholar_id"": ""X5Q2-B0AAAAJ"", ""name"": ""Miyuki Hino"", ""affiliation"": ""University of North Carolina at Chapel Hill"", ""email_domain"": ""@unc.edu"", ""interests"": [], ""homepage"": null, ""citedby"": 2858, ""citedby5y"": 2466, ""hindex"": 20, ""hindex5y"": 19, ""i10index"": 28, ""i10index5y"": 28, ""cites_per_year"": {""2017"": 9, ""2018"": 42, ""2019"": 80, ""2020"": 217, ""2021"": 290, ""2022"": 329, ""2023"": 393, ""2024"": 448, ""2025"": 538, ""2026"": 463}}"
511,google_scholar,2026-09-15,2917,26,43,1756,22,,"{""scholar_id"": ""F0FfN00AAAAJ"", ""name"": ""Nikhil Kaza"", ""affiliation"": ""Professor of City and Regional Planning, University of North Carolina at Chapel Hill"", ""email_domain"": ""@unc.edu"", ""interests"": [""Planning theory"", ""Plans"", ""Information system"", ""Energy"", ""Environmental Policy""], ""homepage"": ""http://nkaza.github.io/"", ""citedby"": 2917, ""citedby5y"": 1756, ""hindex"": 26, ""hindex5y"": 22, ""i10index"": 43, ""i10index5y"": 32, ""cites_per_year"": {""2007"": 13, ""2008"": 11, ""2009"": 6, ""2010"": 16, ""2011"": 31, ""2012"": 40, ""2013"": 45, ""2014"": 68, ""2015"": 86, ""2016"": 112, ""2017"": 110, ""2018"": 159, ""2019"": 189, ""2020"": 219, ""2021"": 278, ""2022"": 313, ""2023"": 313, ""2024"": 363, ""2025"": 283, ""2026"": 203}}"
512,google_scholar,2026-09-15,8842,41,60,4380,32,,"{""scholar_id"": ""gVh74ZgAAAAJ"", ""name"": ""Noreen McDonald"", ""affiliation"": ""Professor, University of North Carolina at Chapel Hill"", ""email_domain"": ""@unc.edu"", ""interests"": [""Travel Behavior"", ""Access to Healthcare"", ""Education Facility Planning"", ""Urban Logistics Impacts""], ""homepage"": ""http://mcdonald.web.unc.edu/"", ""citedby"": 8842, ""citedby5y"": 4380, ""hindex"": 41, ""hindex5y"": 32, ""i10index"": 60, ""i10index5y"": 54, ""cites_per_year"": {""2008"": 69, ""2009"": 85, ""2010"": 134, ""2011"": 226, ""2012"": 239, ""2013"": 347, ""2014"": 348, ""2015"": 390, ""2016"": 348, ""2017"": 486, ""2018"": 496, ""2019"": 499, ""2020"": 595, ""2021"": 640, ""2022"": 662, ""2023"": 740, ""2024"": 756, ""2025"": 878, ""2026"": 693}}"
513,google_scholar,2026-09-15,1585,21,31,1458,21,,"{""scholar_id"": ""MObQjEUAAAAJ"", ""name"": ""Matthew Palm"", ""affiliation"": ""Assistant Professor, City and Regional Planning, UNC Chapel Hill"", ""email_domain"": ""@unc.edu"", ""interests"": [""transportation equity"", ""nighttime transportation"", ""transportation insecurity"", ""transportation justice""], ""homepage"": ""https://planning.unc.edu/faculty/palm/"", ""citedby"": 1585, ""citedby5y"": 1458, ""hindex"": 21, ""hindex5y"": 21, ""i10index"": 31, ""i10index5y"": 28, ""cites_per_year"": {""2016"": 8, ""2017"": 9, ""2018"": 13, ""2019"": 38, ""2020"": 38, ""2021"": 102, ""2022"": 164, ""2023"": 247, ""2024"": 294, ""2025"": 381, ""2026"": 260}}"
514,google_scholar,2026-09-15,5237,39,85,1111,20,,"{""scholar_id"": ""o1BUz-MAAAAJ"", ""name"": ""Roberto G. Quercia"", ""affiliation"": ""University of North Carolina"", ""email_domain"": ""@email.unc.edu"", ""interests"": [], ""homepage"": null, ""citedby"": 5237, ""citedby5y"": 1111, ""hindex"": 39, ""hindex5y"": 20, ""i10index"": 85, ""i10index5y"": 35, ""cites_per_year"": {""1994"": 16, ""1995"": 15, ""1996"": 11, ""1997"": 18, ""1998"": 25, ""1999"": 28, ""2000"": 53, ""2001"": 85, ""2002"": 57, ""2003"": 76, ""2004"": 111, ""2005"": 104, ""2006"": 145, ""2007"": 142, ""2008"": 162, ""2009"": 185, ""2010"": 251, ""2011"": 234, ""2012"": 273, ""2013"": 273, ""2014"": 268, ""2015"": 258, ""2016"": 268, ""2017"": 271, ""2018"": 229, ""2019"": 246, ""2020"": 206, ""2021"": 223, ""2022"": 234, ""2023"": 205, ""2024"": 185, ""2025"": 166, ""2026"": 98}}"
515,google_scholar,2026-09-15,9074,45,87,1839,23,,"{""scholar_id"": ""n5WmOJ0AAAAJ"", ""name"": ""William M. Rohe"", ""affiliation"": ""Professor of City and Regional Planning, University of North Carolina at Chapel Hill"", ""email_domain"": ""@unc.edu"", ""interests"": [""housing"", ""community development""], ""homepage"": null, ""citedby"": 9074, ""citedby5y"": 1839, ""hindex"": 45, ""hindex5y"": 23, ""i10index"": 87, ""i10index5y"": 45, ""cites_per_year"": {""1987"": 25, ""1988"": 26, ""1989"": 27, ""1990"": 33, ""1991"": 18, ""1992"": 18, ""1993"": 53, ""1994"": 48, ""1995"": 70, ""1996"": 95, ""1997"": 92, ""1998"": 133, ""1999"": 102, ""2000"": 131, ""2001"": 180, ""2002"": 187, ""2003"": 220, ""2004"": 216, ""2005"": 205, ""2006"": 232, ""2007"": 209, ""2008"": 282, ""2009"": 302, ""2010"": 316, ""2011"": 285, ""2012"": 357, ""2013"": 349, ""2014"": 404, ""2015"": 407, ""2016"": 401, ""2017"": 415, ""2018"": 404, ""2019"": 426, ""2020"": 355, ""2021"": 334, ""2022"": 373, ""2023"": 313, ""2024"": 312, ""2025"": 304, ""2026"": 202}}"
516,google_scholar,2026-09-15,23933,75,247,13454,62,,"{""scholar_id"": ""ky5sX-0AAAAJ"", ""name"": ""Yan Song"", ""affiliation"": ""University of North Carolina at Chapel Hill"", ""email_domain"": ""@email.unc.edu"", ""interests"": [""land use"", ""smart growth"", ""low carbon cities"", ""urban economics""], ""homepage"": ""http://planning.unc.edu/people/faculty/yansong"", ""citedby"": 23933, ""citedby5y"": 13454, ""hindex"": 75, ""hindex5y"": 62, ""i10index"": 247, ""i10index5y"": 203, ""cites_per_year"": {""2001"": 61, ""2002"": 91, ""2003"": 135, ""2004"": 123, ""2005"": 168, ""2006"": 253, ""2007"": 301, ""2008"": 354, ""2009"": 371, ""2010"": 442, ""2011"": 473, ""2012"": 552, ""2013"": 620, ""2014"": 617, ""2015"": 711, ""2016"": 726, ""2017"": 734, ""2018"": 891, ""2019"": 1108, ""2020"": 1339, ""2021"": 1784, ""2022"": 2245, ""2023"": 2236, ""2024"": 2537, ""2025"": 2768, ""2026"": 1855}}"
517,google_scholar,2026-09-15,516,9,9,292,8,,"{""scholar_id"": ""dVWUC64AAAAJ"", ""name"": ""Danielle Spurlock"", ""affiliation"": ""Associate Professor of City and Regional Planning, University of North Carolina at Chapel Hill"", ""email_domain"": ""@live.unc.edu"", ""interests"": [""community engagement"", ""plan and policy quality"", ""social determinants of health""], ""homepage"": null, ""citedby"": 516, ""citedby5y"": 292, ""hindex"": 9, ""hindex5y"": 8, ""i10index"": 9, ""i10index5y"": 8, ""cites_per_year"": {""2012"": 4, ""2013"": 10, ""2014"": 13, ""2015"": 12, ""2016"": 16, ""2017"": 24, ""2018"": 38, ""2019"": 40, ""2020"": 55, ""2021"": 62, ""2022"": 54, ""2023"": 46, ""2024"": 52, ""2025"": 52, ""2026"": 26}}"
518,google_scholar,2026-09-15,2879,23,30,1349,12,,"{""scholar_id"": ""fL5sYiQAAAAJ"", ""name"": ""Meenu Tewari"", ""affiliation"": ""Professor, University of North Carolina at Chapel Hill"", ""email_domain"": ""@unc.edu"", ""interests"": [""Economic development"", ""Development studies"", ""Urbanization"", ""Organizations and institutions""], ""homepage"": null, ""citedby"": 2879, ""citedby5y"": 1349, ""hindex"": 23, ""hindex5y"": 12, ""i10index"": 30, ""i10index5y"": 15, ""cites_per_year"": {""1999"": 14, ""2000"": 19, ""2001"": 22, ""2002"": 22, ""2003"": 37, ""2004"": 36, ""2005"": 40, ""2006"": 61, ""2007"": 53, ""2008"": 76, ""2009"": 78, ""2010"": 55, ""2011"": 71, ""2012"": 49, ""2013"": 66, ""2014"": 96, ""2015"": 86, ""2016"": 77, ""2017"": 106, ""2018"": 123, ""2019"": 118, ""2020"": 125, ""2021"": 119, ""2022"": 135, ""2023"": 187, ""2024"": 285, ""2025"": 330, ""2026"": 293}}"
519,google_scholar,2026-09-15,160,6,4,99,3,,"{""scholar_id"": ""k-PyJakAAAAJ"", ""name"": ""Alainna Thomas"", ""affiliation"": ""University of North Carolina -Chapel Hill"", ""email_domain"": ""@email.unc.edu"", ""interests"": [""transportation planning"", ""international planning""], ""homepage"": null, ""citedby"": 160, ""citedby5y"": 99, ""hindex"": 6, ""hindex5y"": 3, ""i10index"": 4, ""i10index5y"": 3, ""cites_per_year"": {""2007"": 1, ""2008"": 1, ""2009"": 2, ""2010"": 7, ""2011"": 6, ""2012"": 4, ""2013"": 3, ""2014"": 4, ""2015"": 1, ""2016"": 5, ""2017"": 7, ""2018"": 3, ""2019"": 7, ""2020"": 6, ""2021"": 7, ""2022"": 22, ""2023"": 10, ""2024"": 23, ""2025"": 20, ""2026"": 16}}"
520,google_scholar,2026-09-15,1168,18,21,809,16,,"{""scholar_id"": ""vfdT-50AAAAJ"", ""name"": ""Andrew H. Whittemore"", ""affiliation"": ""University of North Carolina, Chapel Hill"", ""email_domain"": ""@email.unc.edu"", ""interests"": [""History and theory of city planning"", ""land use planning and zoning"", ""urban form and design""], ""homepage"": null, ""citedby"": 1168, ""citedby5y"": 809, ""hindex"": 18, ""hindex5y"": 16, ""i10index"": 21, ""i10index5y"": 17, ""cites_per_year"": {""2013"": 5, ""2014"": 13, ""2015"": 21, ""2016"": 40, ""2017"": 41, ""2018"": 71, ""2019"": 77, ""2020"": 75, ""2021"": 97, ""2022"": 139, ""2023"": 157, ""2024"": 141, ""2025"": 165, ""2026"": 106}}"
521,google_scholar,2026-09-15,17677,70,180,4466,34,,"{""scholar_id"": ""ABWbHGAAAAAJ"", ""name"": ""Dale Whittington"", ""affiliation"": ""Professor, University of North Carolina at Chapel Hill & University of Manchester"", ""email_domain"": ""@unc.edu"", ""interests"": [""Benefit cost analysis"", ""Environmental economics"", ""water"", ""water supply"", ""sanitation""], ""homepage"": null, ""citedby"": 17677, ""citedby5y"": 4466, ""hindex"": 70, ""hindex5y"": 34, ""i10index"": 180, ""i10index5y"": 104, ""cites_per_year"": {""1990"": 52, ""1991"": 47, ""1992"": 66, ""1993"": 104, ""1994"": 126, ""1995"": 73, ""1996"": 139, ""1997"": 136, ""1998"": 148, ""1999"": 185, ""2000"": 224, ""2001"": 210, ""2002"": 276, ""2003"": 318, ""2004"": 287, ""2005"": 370, ""2006"": 403, ""2007"": 451, ""2008"": 457, ""2009"": 597, ""2010"": 546, ""2011"": 510, ""2012"": 625, ""2013"": 661, ""2014"": 692, ""2015"": 791, ""2016"": 736, ""2017"": 868, ""2018"": 841, ""2019"": 894, ""2020"": 861, ""2021"": 918, ""2022"": 854, ""2023"": 758, ""2024"": 694, ""2025"": 753, ""2026"": 486}}"
523,google_scholar,2026-09-15,1348,17,25,403,9,,"{""scholar_id"": ""8zmqW9AAAAAJ"", ""name"": ""Raphaël Fischler"", ""affiliation"": ""Professor, School of Urban Planning and Landscape Architecture, Université de Montréal"", ""email_domain"": ""@umontreal.ca"", ""interests"": [""urban planning"", ""urban design"", ""planning theory"", ""planning history""], ""homepage"": ""https://amenagement.umontreal.ca/professeurs/fiche/in/in29387/sg/Rapha%C3%ABl%20Fischler/"", ""citedby"": 1348, ""citedby5y"": 403, ""hindex"": 17, ""hindex5y"": 9, ""i10index"": 25, ""i10index5y"": 9, ""cites_per_year"": {""1997"": 6, ""1998"": 4, ""1999"": 7, ""2000"": 17, ""2001"": 13, ""2002"": 23, ""2003"": 24, ""2004"": 29, ""2005"": 15, ""2006"": 28, ""2007"": 31, ""2008"": 31, ""2009"": 23, ""2010"": 35, ""2011"": 34, ""2012"": 42, ""2013"": 57, ""2014"": 48, ""2015"": 61, ""2016"": 63, ""2017"": 85, ""2018"": 74, ""2019"": 80, ""2020"": 76, ""2021"": 62, ""2022"": 82, ""2023"": 66, ""2024"": 72, ""2025"": 82, ""2026"": 39}}"
526,google_scholar,2026-09-15,1330,22,31,764,18,,"{""scholar_id"": ""HbdpCYsAAAAJ"", ""name"": ""Danielle Labbe"", ""affiliation"": ""Professor of urban planning - Université de Montréal"", ""email_domain"": ""@umontreal.ca"", ""interests"": [""Land"", ""housing"", ""urban and regional planning"", ""Vietnam"", ""Southeast Asia""], ""homepage"": ""http://www.urb.umontreal.ca/prof/danielle.labbe.htm"", ""citedby"": 1330, ""citedby5y"": 764, ""hindex"": 22, ""hindex5y"": 18, ""i10index"": 31, ""i10index5y"": 25, ""cites_per_year"": {""2011"": 19, ""2012"": 12, ""2013"": 9, ""2014"": 27, ""2015"": 53, ""2016"": 40, ""2017"": 83, ""2018"": 62, ""2019"": 114, ""2020"": 121, ""2021"": 112, ""2022"": 142, ""2023"": 166, ""2024"": 131, ""2025"": 134, ""2026"": 77}}"
527,google_scholar,2026-09-15,1717,25,38,913,17,,"{""scholar_id"": ""mgAKQw0AAAAJ"", ""name"": ""Sébastien Lord"", ""affiliation"": ""Professeur titulaire, École d'urbanisme et d'architecture de paysage, Faculté de l'aménagement"", ""email_domain"": ""@umontreal.ca"", ""interests"": [""Mobilités"", ""Vieillissement"", ""Immigration"", ""Habitat"", ""Chez-soi""], ""homepage"": null, ""citedby"": 1717, ""citedby5y"": 913, ""hindex"": 25, ""hindex5y"": 17, ""i10index"": 38, ""i10index5y"": 27, ""cites_per_year"": {""2007"": 13, ""2008"": 6, ""2009"": 15, ""2010"": 14, ""2011"": 50, ""2012"": 45, ""2013"": 44, ""2014"": 42, ""2015"": 47, ""2016"": 54, ""2017"": 82, ""2018"": 84, ""2019"": 113, ""2020"": 130, ""2021"": 146, ""2022"": 131, ""2023"": 160, ""2024"": 173, ""2025"": 192, ""2026"": 109}}"
528,google_scholar,2026-09-15,409,9,9,157,6,,"{""scholar_id"": ""XRYodhsAAAAJ"", ""name"": ""Jean-Philippe Meloche"", ""affiliation"": ""Université de Montréal"", ""email_domain"": ""@umontreal.ca"", ""interests"": [""Économie urbaine"", ""finances publiques locales""], ""homepage"": ""http://urbanisme.umontreal.ca/urbanisme/professeurs/fiche/utilisateur/jean-philippe-meloche-190/"", ""citedby"": 409, ""citedby5y"": 157, ""hindex"": 9, ""hindex5y"": 6, ""i10index"": 9, ""i10index5y"": 3, ""cites_per_year"": {""2004"": 2, ""2005"": 7, ""2006"": 6, ""2007"": 10, ""2008"": 6, ""2009"": 14, ""2010"": 11, ""2011"": 6, ""2012"": 11, ""2013"": 18, ""2014"": 12, ""2015"": 24, ""2016"": 23, ""2017"": 21, ""2018"": 27, ""2019"": 26, ""2020"": 19, ""2021"": 22, ""2022"": 26, ""2023"": 23, ""2024"": 42, ""2025"": 32, ""2026"": 12}}"
529,google_scholar,2026-09-15,568,14,18,292,10,,"{""scholar_id"": ""byXzQ4sAAAAJ"", ""name"": ""Paula Negron"", ""affiliation"": ""Associate professor, University of Montreal"", ""email_domain"": ""@umontreal.ca"", ""interests"": [""Mobility"", ""Accessibility"", ""Urban form"", ""Seniors""], ""homepage"": ""http://urbanisme.umontreal.ca/urbanisme/professeurs/fiche/utilisateur/paula-negron-191/"", ""citedby"": 568, ""citedby5y"": 292, ""hindex"": 14, ""hindex5y"": 10, ""i10index"": 18, ""i10index5y"": 12, ""cites_per_year"": {""2008"": 2, ""2009"": 1, ""2010"": 7, ""2011"": 7, ""2012"": 6, ""2013"": 8, ""2014"": 16, ""2015"": 17, ""2016"": 23, ""2017"": 25, ""2018"": 38, ""2019"": 48, ""2020"": 35, ""2021"": 44, ""2022"": 38, ""2023"": 41, ""2024"": 66, ""2025"": 67, ""2026"": 36}}"
531,google_scholar,2026-09-15,616,13,16,149,7,,"{""scholar_id"": ""cDP7vs4AAAAJ"", ""name"": ""Franck Scherrer"", ""affiliation"": ""Université de Montréal"", ""email_domain"": ""@umontreal.ca"", ""interests"": [""urbanisme ville durable transition""], ""homepage"": ""https://recherche.umontreal.ca/nos-chercheurs/repertoire-des-professeurs/chercheur/is/in16829/"", ""citedby"": 616, ""citedby5y"": 149, ""hindex"": 13, ""hindex5y"": 7, ""i10index"": 16, ""i10index5y"": 2, ""cites_per_year"": {""1996"": 2, ""1997"": 4, ""1998"": 1, ""1999"": 2, ""2000"": 6, ""2001"": 1, ""2002"": 15, ""2003"": 4, ""2004"": 8, ""2005"": 11, ""2006"": 6, ""2007"": 11, ""2008"": 10, ""2009"": 14, ""2010"": 12, ""2011"": 27, ""2012"": 13, ""2013"": 35, ""2014"": 29, ""2015"": 52, ""2016"": 35, ""2017"": 30, ""2018"": 56, ""2019"": 33, ""2020"": 30, ""2021"": 39, ""2022"": 26, ""2023"": 19, ""2024"": 25, ""2025"": 27, ""2026"": 13}}"
532,google_scholar,2026-09-15,11167,55,135,3741,37,,"{""scholar_id"": ""7Q9a6oAAAAAJ"", ""name"": ""Isabelle THOMAS"", ""affiliation"": ""Université catholique de Louvain"", ""email_domain"": ""@uclouvain.be"", ""interests"": [""Geography"", ""regional science"", ""spatial analysis"", ""economic geography"", ""transport geography""], ""homepage"": null, ""citedby"": 11167, ""citedby5y"": 3741, ""hindex"": 55, ""hindex5y"": 37, ""i10index"": 135, ""i10index5y"": 74, ""cites_per_year"": {""2000"": 35, ""2001"": 28, ""2002"": 32, ""2003"": 57, ""2004"": 95, ""2005"": 99, ""2006"": 112, ""2007"": 169, ""2008"": 187, ""2009"": 250, ""2010"": 296, ""2011"": 385, ""2012"": 455, ""2013"": 497, ""2014"": 522, ""2015"": 602, ""2016"": 577, ""2017"": 633, ""2018"": 703, ""2019"": 714, ""2020"": 618, ""2021"": 752, ""2022"": 693, ""2023"": 662, ""2024"": 727, ""2025"": 574, ""2026"": 328}}"
536,google_scholar,2026-09-15,1207,17,31,865,15,,"{""scholar_id"": ""5RQSmioAAAAJ"", ""name"": ""Geneviève Cloutier"", ""affiliation"": ""Centre de recherche en aménagement et développement (CRAD)"", ""email_domain"": ""@crad.ulaval.ca"", ""interests"": [""planification urbaine"", ""participation sociale"", ""adaptation"", ""changements climatiques""], ""homepage"": null, ""citedby"": 1207, ""citedby5y"": 865, ""hindex"": 17, ""hindex5y"": 15, ""i10index"": 31, ""i10index5y"": 23, ""cites_per_year"": {""2010"": 9, ""2011"": 7, ""2012"": 16, ""2013"": 5, ""2014"": 16, ""2015"": 20, ""2016"": 25, ""2017"": 48, ""2018"": 49, ""2019"": 62, ""2020"": 64, ""2021"": 98, ""2022"": 125, ""2023"": 143, ""2024"": 169, ""2025"": 185, ""2026"": 143}}"
537,google_scholar,2026-09-15,3052,27,58,1747,21,,"{""scholar_id"": ""UpPlMYwAAAAJ"", ""name"": ""Jean Dubé"", ""affiliation"": ""Professeur, Université Laval"", ""email_domain"": ""@esad.ulaval.ca"", ""interests"": [""Économie régionale"", ""Immobilier"", ""Statistiques spatiales""], ""homepage"": ""https://www.crad.ulaval.ca/membres/jean-dube.html"", ""citedby"": 3052, ""citedby5y"": 1747, ""hindex"": 27, ""hindex5y"": 21, ""i10index"": 58, ""i10index5y"": 42, ""cites_per_year"": {""2011"": 9, ""2012"": 30, ""2013"": 46, ""2014"": 105, ""2015"": 74, ""2016"": 166, ""2017"": 147, ""2018"": 192, ""2019"": 240, ""2020"": 247, ""2021"": 288, ""2022"": 264, ""2023"": 277, ""2024"": 328, ""2025"": 357, ""2026"": 230}}"
538,google_scholar,2026-09-15,2464,21,39,608,11,,"{""scholar_id"": ""5-gYUd4AAAAJ"", ""name"": ""Florent Joerin"", ""affiliation"": ""Full Professor in spatial decision support"", ""email_domain"": ""@heigvd.ch"", ""interests"": [""Spatial information"", ""decision process"", ""conflict analysis"", ""public participation"", ""multicriteria analysis""], ""homepage"": ""http://depg.heig-vd.ch/index.php?page=personnes_web&web=Florent_Joerin"", ""citedby"": 2464, ""citedby5y"": 608, ""hindex"": 21, ""hindex5y"": 11, ""i10index"": 39, ""i10index5y"": 14, ""cites_per_year"": {""1998"": 7, ""1999"": 10, ""2000"": 16, ""2001"": 8, ""2002"": 18, ""2003"": 26, ""2004"": 42, ""2005"": 57, ""2006"": 57, ""2007"": 52, ""2008"": 59, ""2009"": 77, ""2010"": 94, ""2011"": 110, ""2012"": 106, ""2013"": 122, ""2014"": 118, ""2015"": 161, ""2016"": 130, ""2017"": 142, ""2018"": 133, ""2019"": 129, ""2020"": 110, ""2021"": 129, ""2022"": 122, ""2023"": 128, ""2024"": 87, ""2025"": 90, ""2026"": 52}}"
539,google_scholar,2026-09-15,394,9,9,288,8,,"{""scholar_id"": ""J2SGlSQAAAAJ"", ""name"": ""Roxane Lavoie"", ""affiliation"": ""Université Laval"", ""email_domain"": ""@esad.ulaval.ca"", ""interests"": [""land planning"", ""water management"", ""source water protection"", ""multicriteria analysis"", ""decision aid tools""], ""homepage"": null, ""citedby"": 394, ""citedby5y"": 288, ""hindex"": 9, ""hindex5y"": 8, ""i10index"": 9, ""i10index5y"": 7, ""cites_per_year"": {""2014"": 3, ""2015"": 13, ""2016"": 6, ""2017"": 19, ""2018"": 18, ""2019"": 22, ""2020"": 19, ""2021"": 31, ""2022"": 58, ""2023"": 50, ""2024"": 51, ""2025"": 63, ""2026"": 35}}"
540,google_scholar,2026-09-15,6828,43,88,1998,25,,"{""scholar_id"": ""Q00ktPsAAAAJ"", ""name"": ""Claude Lavoie"", ""affiliation"": ""Universite Laval"", ""email_domain"": ""@esad.ulaval.ca"", ""interests"": [], ""homepage"": null, ""citedby"": 6828, ""citedby5y"": 1998, ""hindex"": 43, ""hindex5y"": 25, ""i10index"": 88, ""i10index5y"": 59, ""cites_per_year"": {""1996"": 18, ""1997"": 36, ""1998"": 24, ""1999"": 41, ""2000"": 77, ""2001"": 64, ""2002"": 64, ""2003"": 78, ""2004"": 102, ""2005"": 114, ""2006"": 126, ""2007"": 177, ""2008"": 189, ""2009"": 207, ""2010"": 209, ""2011"": 203, ""2012"": 220, ""2013"": 298, ""2014"": 308, ""2015"": 317, ""2016"": 320, ""2017"": 375, ""2018"": 411, ""2019"": 370, ""2020"": 351, ""2021"": 383, ""2022"": 315, ""2023"": 326, ""2024"": 344, ""2025"": 371, ""2026"": 257}}"
541,google_scholar,2026-09-15,1843,21,38,945,18,,"{""scholar_id"": ""NBcJNaYAAAAJ"", ""name"": ""Alexandre Lebel"", ""affiliation"": ""Associate professor"", ""email_domain"": ""@ulaval.ca"", ""interests"": [""Public Health"", ""Urban planning"", ""Obesity"", ""Geography"", ""Evaluation""], ""homepage"": ""https://www.crad.ulaval.ca/membres/alexandre-lebel"", ""citedby"": 1843, ""citedby5y"": 945, ""hindex"": 21, ""hindex5y"": 18, ""i10index"": 38, ""i10index5y"": 29, ""cites_per_year"": {""2008"": 5, ""2009"": 6, ""2010"": 18, ""2011"": 31, ""2012"": 56, ""2013"": 60, ""2014"": 73, ""2015"": 91, ""2016"": 88, ""2017"": 102, ""2018"": 102, ""2019"": 122, ""2020"": 120, ""2021"": 154, ""2022"": 169, ""2023"": 153, ""2024"": 184, ""2025"": 161, ""2026"": 123}}"
543,google_scholar,2026-09-15,6796,42,83,4131,33,,"{""scholar_id"": ""sswn0tcAAAAJ"", ""name"": ""Jean-Frederic Morin"", ""affiliation"": ""Université Laval"", ""email_domain"": ""@pol.ulaval.ca"", ""interests"": [""Global governance"", ""International institutions"", ""Global environmental politics"", ""Global commons""], ""homepage"": ""http://www.chaire-epi.ulaval.ca/en/jean-frederic-morin"", ""citedby"": 6796, ""citedby5y"": 4131, ""hindex"": 42, ""hindex5y"": 33, ""i10index"": 83, ""i10index5y"": 62, ""cites_per_year"": {""2007"": 24, ""2008"": 23, ""2009"": 33, ""2010"": 47, ""2011"": 59, ""2012"": 55, ""2013"": 85, ""2014"": 97, ""2015"": 186, ""2016"": 273, ""2017"": 317, ""2018"": 334, ""2019"": 368, ""2020"": 505, ""2021"": 535, ""2022"": 658, ""2023"": 688, ""2024"": 740, ""2025"": 847, ""2026"": 657}}"
544,google_scholar,2026-09-15,1429,21,31,798,17,,"{""scholar_id"": ""Y2mu1nAAAAAJ"", ""name"": ""François Proulx"", ""affiliation"": ""Directeur Division de la qualité de l'eau, Ville de Québec"", ""email_domain"": ""@ville.quebec.qc.ca"", ""interests"": [""Qualité de l'eau potable""], ""homepage"": null, ""citedby"": 1429, ""citedby5y"": 798, ""hindex"": 21, ""hindex5y"": 17, ""i10index"": 31, ""i10index5y"": 25, ""cites_per_year"": {""2008"": 8, ""2009"": 11, ""2010"": 27, ""2011"": 25, ""2012"": 31, ""2013"": 54, ""2014"": 59, ""2015"": 69, ""2016"": 59, ""2017"": 52, ""2018"": 49, ""2019"": 63, ""2020"": 112, ""2021"": 118, ""2022"": 142, ""2023"": 150, ""2024"": 156, ""2025"": 133, ""2026"": 99}}"
545,google_scholar,2026-09-15,12550,57,202,5782,38,,"{""scholar_id"": ""gYKMgEUAAAAJ"", ""name"": ""Manuel J Rodriguez"", ""affiliation"": ""Professor, université Laval"", ""email_domain"": ""@esad.ulaval.ca"", ""interests"": [""Drinking water""], ""homepage"": null, ""citedby"": 12550, ""citedby5y"": 5782, ""hindex"": 57, ""hindex5y"": 38, ""i10index"": 202, ""i10index5y"": 143, ""cites_per_year"": {""2003"": 77, ""2004"": 89, ""2005"": 73, ""2006"": 110, ""2007"": 157, ""2008"": 145, ""2009"": 193, ""2010"": 259, ""2011"": 253, ""2012"": 268, ""2013"": 371, ""2014"": 468, ""2015"": 567, ""2016"": 556, ""2017"": 615, ""2018"": 658, ""2019"": 733, ""2020"": 843, ""2021"": 945, ""2022"": 998, ""2023"": 1084, ""2024"": 1097, ""2025"": 1009, ""2026"": 642}}"
546,google_scholar,2026-09-15,4422,39,102,3408,35,,"{""scholar_id"": ""dADJ0sUAAAAJ"", ""name"": ""E. Owen D. Waygood"", ""affiliation"": ""Professor, Polytechnique Montréal"", ""email_domain"": ""@polymtl.ca"", ""interests"": [""transportation behaviour"", ""children's travel and wellbeing"", ""behaviour change"", ""climate change""], ""homepage"": ""http://www.esad.ulaval.ca/personnel/professeurs/owen-waygood.html"", ""citedby"": 4422, ""citedby5y"": 3408, ""hindex"": 39, ""hindex5y"": 35, ""i10index"": 102, ""i10index5y"": 89, ""cites_per_year"": {""2011"": 36, ""2012"": 45, ""2013"": 49, ""2014"": 45, ""2015"": 62, ""2016"": 82, ""2017"": 118, ""2018"": 103, ""2019"": 171, ""2020"": 237, ""2021"": 278, ""2022"": 382, ""2023"": 514, ""2024"": 654, ""2025"": 866, ""2026"": 697}}"
547,google_scholar,2026-09-15,1462,20,34,1196,19,,"{""scholar_id"": ""hra8PVAAAAAJ"", ""name"": ""Emmanuel Frimpong Boamah, PhD"", ""affiliation"": ""University at Buffalo, The State University of New York"", ""email_domain"": ""@buffalo.edu"", ""interests"": [], ""homepage"": null, ""citedby"": 1462, ""citedby5y"": 1196, ""hindex"": 20, ""hindex5y"": 19, ""i10index"": 34, ""i10index5y"": 33, ""cites_per_year"": {""2016"": 10, ""2017"": 14, ""2018"": 42, ""2019"": 65, ""2020"": 111, ""2021"": 111, ""2022"": 171, ""2023"": 196, ""2024"": 187, ""2025"": 280, ""2026"": 247}}"
548,google_scholar,2026-09-15,17,2,1,17,2,,"{""scholar_id"": ""bsxlAWcAAAAJ"", ""name"": ""Alissa Ujie Diamond"", ""affiliation"": ""Assistant Professor of Urban and Regional Plannning"", ""email_domain"": ""@buffalo.edu"", ""interests"": [], ""homepage"": null, ""citedby"": 17, ""citedby5y"": 17, ""hindex"": 2, ""hindex5y"": 2, ""i10index"": 1, ""i10index5y"": 1, ""cites_per_year"": {""2021"": 2, ""2023"": 3, ""2024"": 2, ""2025"": 6, ""2026"": 4}}"
549,google_scholar,2026-09-15,454,12,14,220,8,,"{""scholar_id"": ""ATK9K6wAAAAJ"", ""name"": ""Lauren Ames Fischer, PhD"", ""affiliation"": ""University at Buffalo, School of Architecture and Planning"", ""email_domain"": ""@buffalo.edu"", ""interests"": [""Urban Infrastructure"", ""Transportation"", ""Land Use"", ""Equity"", ""Community-based Research""], ""homepage"": ""https://archplan.buffalo.edu/People/faculty.host.html/content/shared/ap/profiles/fischer-lauren.detail.html"", ""citedby"": 454, ""citedby5y"": 220, ""hindex"": 12, ""hindex5y"": 8, ""i10index"": 14, ""i10index5y"": 7, ""cites_per_year"": {""2009"": 5, ""2010"": 12, ""2011"": 18, ""2012"": 21, ""2013"": 14, ""2014"": 23, ""2015"": 17, ""2016"": 9, ""2017"": 26, ""2018"": 16, ""2019"": 35, ""2020"": 30, ""2021"": 28, ""2022"": 33, ""2023"": 33, ""2024"": 37, ""2025"": 53, ""2026"": 34}}"
550,google_scholar,2026-09-15,291,8,7,274,8,,"{""scholar_id"": ""gyJwNBQAAAAJ"", ""name"": ""Kelly Gregg"", ""affiliation"": ""Assistant Professor Department of Urban and Regional Planning at University at Buffalo"", ""email_domain"": ""@buffalo.edu"", ""interests"": [""street design"", ""pedestrianization"", ""curb management"", ""public space"", ""urban design""], ""homepage"": ""https://kellygregg.academia.edu/"", ""citedby"": 291, ""citedby5y"": 274, ""hindex"": 8, ""hindex5y"": 8, ""i10index"": 7, ""i10index5y"": 7, ""cites_per_year"": {""2018"": 2, ""2019"": 5, ""2020"": 9, ""2021"": 14, ""2022"": 21, ""2023"": 37, ""2024"": 46, ""2025"": 81, ""2026"": 70}}"
551,google_scholar,2026-09-15,4881,34,59,2214,26,,"{""scholar_id"": ""1_FINjQAAAAJ"", ""name"": ""Daniel Baldwin Hess"", ""affiliation"": ""Professor, University at Buffalo"", ""email_domain"": ""@buffalo.edu"", ""interests"": [""urban planning""], ""homepage"": null, ""citedby"": 4881, ""citedby5y"": 2214, ""hindex"": 34, ""hindex5y"": 26, ""i10index"": 59, ""i10index5y"": 49, ""cites_per_year"": {""2002"": 13, ""2003"": 18, ""2004"": 39, ""2005"": 32, ""2006"": 37, ""2007"": 60, ""2008"": 73, ""2009"": 109, ""2010"": 122, ""2011"": 118, ""2012"": 160, ""2013"": 156, ""2014"": 165, ""2015"": 190, ""2016"": 181, ""2017"": 214, ""2018"": 284, ""2019"": 292, ""2020"": 326, ""2021"": 332, ""2022"": 367, ""2023"": 407, ""2024"": 415, ""2025"": 396, ""2026"": 294}}"
552,google_scholar,2026-09-15,193,7,5,184,7,,"{""scholar_id"": ""kKauU2sAAAAJ"", ""name"": ""Alexandra Judelsohn"", ""affiliation"": ""Assistant Professor, University at Buffalo"", ""email_domain"": ""@buffalo.edu"", ""interests"": [""urban and regional planning"", ""public health""], ""homepage"": null, ""citedby"": 193, ""citedby5y"": 184, ""hindex"": 7, ""hindex5y"": 7, ""i10index"": 5, ""i10index5y"": 5, ""cites_per_year"": {""2017"": 1, ""2019"": 3, ""2020"": 3, ""2021"": 12, ""2022"": 21, ""2023"": 20, ""2024"": 39, ""2025"": 56, ""2026"": 35}}"
553,google_scholar,2026-09-15,3557,23,36,1382,18,,"{""scholar_id"": ""KGmQ_24AAAAJ"", ""name"": ""Lucie Laurian"", ""affiliation"": ""Professor of Urban planning, University at Buffalo, SUNY"", ""email_domain"": ""@buffalo.edu"", ""interests"": [""Planning"", ""environment"", ""urban""], ""homepage"": null, ""citedby"": 3557, ""citedby5y"": 1382, ""hindex"": 23, ""hindex5y"": 18, ""i10index"": 36, ""i10index5y"": 25, ""cites_per_year"": {""2004"": 11, ""2005"": 39, ""2006"": 32, ""2007"": 42, ""2008"": 55, ""2009"": 74, ""2010"": 73, ""2011"": 79, ""2012"": 116, ""2013"": 147, ""2014"": 140, ""2015"": 185, ""2016"": 194, ""2017"": 199, ""2018"": 219, ""2019"": 265, ""2020"": 227, ""2021"": 268, ""2022"": 239, ""2023"": 218, ""2024"": 191, ""2025"": 282, ""2026"": 184}}"
554,google_scholar,2026-09-15,2470,17,29,1569,15,,"{""scholar_id"": ""shLDtSEAAAAJ"", ""name"": ""Jordana Maisel"", ""affiliation"": ""University at Buffalo"", ""email_domain"": ""@buffalo.edu"", ""interests"": [""universal design"", ""aging"", ""urban planning"", ""transportation"", ""built environment""], ""homepage"": null, ""citedby"": 2470, ""citedby5y"": 1569, ""hindex"": 17, ""hindex5y"": 15, ""i10index"": 29, ""i10index5y"": 21, ""cites_per_year"": {""2009"": 8, ""2010"": 28, ""2011"": 31, ""2012"": 38, ""2013"": 45, ""2014"": 69, ""2015"": 68, ""2016"": 90, ""2017"": 96, ""2018"": 108, ""2019"": 125, ""2020"": 126, ""2021"": 157, ""2022"": 223, ""2023"": 240, ""2024"": 312, ""2025"": 364, ""2026"": 272}}"
556,google_scholar,2026-09-15,2024,25,46,830,15,,"{""scholar_id"": ""6BCysMwAAAAJ"", ""name"": ""Jiyoung Park"", ""affiliation"": ""University at Buffalo"", ""email_domain"": ""@buffalo.edu"", ""interests"": [""Macroeconomics"", ""Economic Modeling"", ""Freight Transportation and Land Use Modeling"", ""Applied Econometrics"", ""Input-Output""], ""homepage"": ""http://niemo.creatorlink.net/"", ""citedby"": 2024, ""citedby5y"": 830, ""hindex"": 25, ""hindex5y"": 15, ""i10index"": 46, ""i10index5y"": 24, ""cites_per_year"": {""2006"": 12, ""2007"": 33, ""2008"": 37, ""2009"": 61, ""2010"": 32, ""2011"": 65, ""2012"": 64, ""2013"": 75, ""2014"": 149, ""2015"": 80, ""2016"": 103, ""2017"": 99, ""2018"": 127, ""2019"": 97, ""2020"": 129, ""2021"": 157, ""2022"": 190, ""2023"": 166, ""2024"": 136, ""2025"": 122, ""2026"": 57}}"
557,google_scholar,2026-09-15,4803,29,51,2135,23,,"{""scholar_id"": ""MTFceFMAAAAJ"", ""name"": ""Samina Raja"", ""affiliation"": ""SUNY Distinguished Professor"", ""email_domain"": ""@buffalo.edu"", ""interests"": [""urban planning"", ""food systems"", ""health equity"", ""fiscal impacts"", ""food equity""], ""homepage"": ""http://foodsystemsplanning.ap.buffalo.edu/"", ""citedby"": 4803, ""citedby5y"": 2135, ""hindex"": 29, ""hindex5y"": 23, ""i10index"": 51, ""i10index5y"": 43, ""cites_per_year"": {""2007"": 29, ""2008"": 58, ""2009"": 79, ""2010"": 123, ""2011"": 164, ""2012"": 177, ""2013"": 209, ""2014"": 207, ""2015"": 224, ""2016"": 208, ""2017"": 248, ""2018"": 232, ""2019"": 266, ""2020"": 281, ""2021"": 362, ""2022"": 422, ""2023"": 367, ""2024"": 423, ""2025"": 326, ""2026"": 229}}"
558,google_scholar,2026-09-15,1447,9,9,388,6,,"{""scholar_id"": ""8-MUCNkAAAAJ"", ""name"": ""Robert Shibley"", ""affiliation"": ""University at Buffalo, School of Architecture and Planning"", ""email_domain"": ""@buffalo.edu"", ""interests"": [""architecture"", ""planning"", ""urban design"", ""environmental design"", ""public participation""], ""homepage"": ""http://www.ap.buffalo.edu/"", ""citedby"": 1447, ""citedby5y"": 388, ""hindex"": 9, ""hindex5y"": 6, ""i10index"": 9, ""i10index5y"": 6, ""cites_per_year"": {""1988"": 4, ""1989"": 9, ""1990"": 4, ""1991"": 2, ""1992"": 2, ""1993"": 9, ""1994"": 7, ""1995"": 6, ""1996"": 4, ""1997"": 4, ""1998"": 11, ""1999"": 7, ""2000"": 10, ""2001"": 12, ""2002"": 24, ""2003"": 24, ""2004"": 15, ""2005"": 32, ""2006"": 27, ""2007"": 20, ""2008"": 45, ""2009"": 30, ""2010"": 35, ""2011"": 38, ""2012"": 54, ""2013"": 61, ""2014"": 58, ""2015"": 60, ""2016"": 70, ""2017"": 96, ""2018"": 84, ""2019"": 77, ""2020"": 84, ""2021"": 76, ""2022"": 71, ""2023"": 63, ""2024"": 61, ""2025"": 75, ""2026"": 42}}"
559,google_scholar,2026-09-15,2872,30,55,1454,18,,"{""scholar_id"": ""hR1VV0EAAAAJ"", ""name"": ""Robert Mark Silverman"", ""affiliation"": ""urban and regional planning, university at buffalo"", ""email_domain"": ""@buffalo.edu"", ""interests"": [""urban studies"", ""planning"", ""housing"", ""citizen participation"", ""school reform""], ""homepage"": ""http://ap.buffalo.edu/People/faculty/department-of-urban-and-regional-planning-faculty.host.html/content/shared/ap/students-faculty-alumni/faculty/Silverman.detail.html"", ""citedby"": 2872, ""citedby5y"": 1454, ""hindex"": 30, ""hindex5y"": 18, ""i10index"": 55, ""i10index5y"": 34, ""cites_per_year"": {""2003"": 13, ""2004"": 15, ""2005"": 20, ""2006"": 30, ""2007"": 33, ""2008"": 33, ""2009"": 44, ""2010"": 33, ""2011"": 32, ""2012"": 41, ""2013"": 76, ""2014"": 112, ""2015"": 103, ""2016"": 112, ""2017"": 125, ""2018"": 146, ""2019"": 187, ""2020"": 214, ""2021"": 229, ""2022"": 205, ""2023"": 234, ""2024"": 290, ""2025"": 293, ""2026"": 199}}"
560,google_scholar,2026-09-15,1814,18,22,344,7,,"{""scholar_id"": ""Kg4UUj4AAAAJ"", ""name"": ""Ernest Sternberg"", ""affiliation"": ""Urban and Regional Planning"", ""email_domain"": ""@memorist.org"", ""interests"": [], ""homepage"": null, ""citedby"": 1814, ""citedby5y"": 344, ""hindex"": 18, ""hindex5y"": 7, ""i10index"": 22, ""i10index5y"": 6, ""cites_per_year"": {""1992"": 7, ""1993"": 12, ""1994"": 10, ""1995"": 15, ""1996"": 15, ""1997"": 13, ""1998"": 12, ""1999"": 21, ""2000"": 19, ""2001"": 20, ""2002"": 25, ""2003"": 25, ""2004"": 23, ""2005"": 35, ""2006"": 43, ""2007"": 50, ""2008"": 58, ""2009"": 68, ""2010"": 87, ""2011"": 69, ""2012"": 72, ""2013"": 77, ""2014"": 102, ""2015"": 88, ""2016"": 97, ""2017"": 95, ""2018"": 84, ""2019"": 88, ""2020"": 93, ""2021"": 65, ""2022"": 83, ""2023"": 63, ""2024"": 60, ""2025"": 51, ""2026"": 22}}"
561,google_scholar,2026-09-15,1617,21,35,684,12,,"{""scholar_id"": ""_3N8dz0AAAAJ"", ""name"": ""Henry Louis Taylor, Jr."", ""affiliation"": ""Professor, urban and regional planning, University at Buffalo"", ""email_domain"": ""@buffalo.edu"", ""interests"": [""history"", ""education"", ""urban planning"", ""Cuban studies""], ""homepage"": ""http://centerforurbanstudies.ap.buffalo.edu//cus/engagement/"", ""citedby"": 1617, ""citedby5y"": 684, ""hindex"": 21, ""hindex5y"": 12, ""i10index"": 35, ""i10index5y"": 15, ""cites_per_year"": {""1993"": 4, ""1994"": 5, ""1995"": 8, ""1996"": 7, ""1997"": 12, ""1998"": 13, ""1999"": 19, ""2000"": 19, ""2001"": 19, ""2002"": 23, ""2003"": 17, ""2004"": 12, ""2005"": 23, ""2006"": 19, ""2007"": 15, ""2008"": 22, ""2009"": 26, ""2010"": 19, ""2011"": 38, ""2012"": 30, ""2013"": 51, ""2014"": 45, ""2015"": 71, ""2016"": 52, ""2017"": 67, ""2018"": 77, ""2019"": 72, ""2020"": 100, ""2021"": 107, ""2022"": 112, ""2023"": 123, ""2024"": 123, ""2025"": 121, ""2026"": 97}}"
562,google_scholar,2026-09-15,4606,30,49,2529,24,,"{""scholar_id"": ""Pfeebk0AAAAJ"", ""name"": ""Li Yin"", ""affiliation"": ""Professor, Urban and Regional Planning, University at Buffalo"", ""email_domain"": ""@buffalo.edu"", ""interests"": [""Urban Analytics"", ""Urban Planning"", ""Urban Design""], ""homepage"": null, ""citedby"": 4606, ""citedby5y"": 2529, ""hindex"": 30, ""hindex5y"": 24, ""i10index"": 49, ""i10index5y"": 38, ""cites_per_year"": {""2007"": 19, ""2008"": 48, ""2009"": 52, ""2010"": 94, ""2011"": 91, ""2012"": 86, ""2013"": 103, ""2014"": 124, ""2015"": 141, ""2016"": 156, ""2017"": 197, ""2018"": 214, ""2019"": 332, ""2020"": 345, ""2021"": 419, ""2022"": 488, ""2023"": 402, ""2024"": 467, ""2025"": 422, ""2026"": 331}}"
563,google_scholar,2026-09-15,1942,23,45,1138,19,,"{""scholar_id"": ""2AmEsKEAAAAJ"", ""name"": ""Sandeep Kumar Agrawal"", ""affiliation"": ""Associate Dean, Faculty of Graduate & Postdoctoral Studies; Professor, Urban &"", ""email_domain"": ""@ualberta.ca"", ""interests"": [""municipal governance"", ""migration"", ""human rights"", ""international planning"", ""climate action""], ""homepage"": ""http://www.eas.ualberta.ca/planning/?page=faculty-members"", ""citedby"": 1942, ""citedby5y"": 1138, ""hindex"": 23, ""hindex5y"": 19, ""i10index"": 45, ""i10index5y"": 32, ""cites_per_year"": {""2005"": 8, ""2006"": 9, ""2007"": 11, ""2008"": 13, ""2009"": 16, ""2010"": 34, ""2011"": 42, ""2012"": 36, ""2013"": 51, ""2014"": 49, ""2015"": 60, ""2016"": 68, ""2017"": 70, ""2018"": 86, ""2019"": 92, ""2020"": 116, ""2021"": 128, ""2022"": 143, ""2023"": 195, ""2024"": 270, ""2025"": 237, ""2026"": 155}}"
564,google_scholar,2026-09-15,117,6,5,97,6,,"{""scholar_id"": ""dvXACn8AAAAJ"", ""name"": ""Paul Boniface Akaabre"", ""affiliation"": ""School of Urban and Regional Planning, University of Alberta"", ""email_domain"": ""@ualberta.ca"", ""interests"": [""Housing"", ""Land Gorvernace"", ""Property Rights"", ""Socio-economic and Spatial Justice"", ""Equitable Development""], ""homepage"": ""https://apps.ualberta.ca/directory/person/akaabre"", ""citedby"": 117, ""citedby5y"": 97, ""hindex"": 6, ""hindex5y"": 6, ""i10index"": 5, ""i10index5y"": 5, ""cites_per_year"": {""2018"": 2, ""2019"": 7, ""2020"": 10, ""2021"": 13, ""2022"": 13, ""2023"": 11, ""2024"": 17, ""2025"": 23, ""2026"": 18}}"
566,google_scholar,2026-09-15,1819,23,57,1602,22,,"{""scholar_id"": ""2VPCUpEAAAAJ"", ""name"": ""Elmond Bandauko, PhD"", ""affiliation"": ""Tenure Track Assistant Professor of Human Geography, University of Alberta"", ""email_domain"": ""@ualberta.ca"", ""interests"": [""Urban geography"", ""Urban Informality"", ""Urban and Regional Planning"", ""Cities"", ""Human geography""], ""homepage"": ""https://orcid.org/0000-0002-1917-9640"", ""citedby"": 1819, ""citedby5y"": 1602, ""hindex"": 23, ""hindex5y"": 22, ""i10index"": 57, ""i10index5y"": 54, ""cites_per_year"": {""2016"": 7, ""2017"": 28, ""2018"": 47, ""2019"": 61, ""2020"": 62, ""2021"": 98, ""2022"": 98, ""2023"": 155, ""2024"": 293, ""2025"": 434, ""2026"": 508}}"
567,google_scholar,2026-09-15,2084,24,34,1501,21,,"{""scholar_id"": ""NFXN5TQAAAAJ"", ""name"": ""S. Jeff Birchall, PhD, RPP, MCIP (Associate Professor)"", ""affiliation"": ""School of Urban and Regional Planning, University of Alberta"", ""email_domain"": ""@ualberta.ca"", ""interests"": [""resilience"", ""climate change action"", ""climate adaptation"", ""urban and regional planning"", ""disaster risk reduction""], ""homepage"": null, ""citedby"": 2084, ""citedby5y"": 1501, ""hindex"": 24, ""hindex5y"": 21, ""i10index"": 34, ""i10index5y"": 28, ""cites_per_year"": {""2008"": 11, ""2009"": 7, ""2010"": 23, ""2011"": 25, ""2012"": 16, ""2013"": 24, ""2014"": 39, ""2015"": 34, ""2016"": 57, ""2017"": 58, ""2018"": 80, ""2019"": 84, ""2020"": 100, ""2021"": 132, ""2022"": 169, ""2023"": 208, ""2024"": 246, ""2025"": 411, ""2026"": 329}}"
568,google_scholar,2026-09-15,4351,36,65,1534,25,,"{""scholar_id"": ""wDQswpQAAAAJ"", ""name"": ""Damian Collins"", ""affiliation"": ""Professor of Human Geography, University of Alberta"", ""email_domain"": ""@ualberta.ca"", ""interests"": [""Housing"", ""Homelessness"", ""Cities"", ""Social geography""], ""homepage"": ""https://www.ualberta.ca/science/about-us/contact-us/faculty-directory/damian-collins"", ""citedby"": 4351, ""citedby5y"": 1534, ""hindex"": 36, ""hindex5y"": 25, ""i10index"": 65, ""i10index5y"": 47, ""cites_per_year"": {""2002"": 13, ""2003"": 26, ""2004"": 19, ""2005"": 34, ""2006"": 71, ""2007"": 69, ""2008"": 76, ""2009"": 89, ""2010"": 134, ""2011"": 157, ""2012"": 131, ""2013"": 182, ""2014"": 214, ""2015"": 267, ""2016"": 228, ""2017"": 272, ""2018"": 268, ""2019"": 242, ""2020"": 269, ""2021"": 262, ""2022"": 259, ""2023"": 274, ""2024"": 269, ""2025"": 278, ""2026"": 189}}"
569,google_scholar,2026-09-15,2357,24,39,1360,20,,"{""scholar_id"": ""NDE6b-AAAAAJ"", ""name"": ""Joshua Evans"", ""affiliation"": ""University of Alberta"", ""email_domain"": ""@ualberta.ca"", ""interests"": [], ""homepage"": null, ""citedby"": 2357, ""citedby5y"": 1360, ""hindex"": 24, ""hindex5y"": 20, ""i10index"": 39, ""i10index5y"": 31, ""cites_per_year"": {""2009"": 16, ""2010"": 12, ""2011"": 24, ""2012"": 30, ""2013"": 37, ""2014"": 46, ""2015"": 60, ""2016"": 97, ""2017"": 119, ""2018"": 171, ""2019"": 162, ""2020"": 191, ""2021"": 253, ""2022"": 251, ""2023"": 216, ""2024"": 236, ""2025"": 227, ""2026"": 176}}"
570,google_scholar,2026-09-15,4559,21,24,1379,14,,"{""scholar_id"": ""tZ24ViQAAAAJ"", ""name"": ""Theresa Garvin"", ""affiliation"": ""Professor, Human Geography, University of Alberta"", ""email_domain"": ""@ualberta.ca"", ""interests"": [""social geography"", ""policy"", ""health geography"", ""geography of aging"", ""urban & suburban issues""], ""homepage"": null, ""citedby"": 4559, ""citedby5y"": 1379, ""hindex"": 21, ""hindex5y"": 14, ""i10index"": 24, ""i10index5y"": 14, ""cites_per_year"": {""2003"": 27, ""2004"": 34, ""2005"": 39, ""2006"": 33, ""2007"": 55, ""2008"": 90, ""2009"": 105, ""2010"": 139, ""2011"": 154, ""2012"": 227, ""2013"": 240, ""2014"": 245, ""2015"": 261, ""2016"": 280, ""2017"": 299, ""2018"": 289, ""2019"": 256, ""2020"": 297, ""2021"": 273, ""2022"": 245, ""2023"": 252, ""2024"": 235, ""2025"": 235, ""2026"": 139}}"
571,google_scholar,2026-09-15,1345,18,25,1138,16,,"{""scholar_id"": ""fqUfReEAAAAJ"", ""name"": ""Emily Grise"", ""affiliation"": ""University of Alberta School of Urban & Regional Planning"", ""email_domain"": ""@mail.mcgill.ca"", ""interests"": [""Public transit satisfaction and loyalty"", ""Public transit planning and operations"", ""Land use and transportation planning""], ""homepage"": ""http://emilygrise.com/"", ""citedby"": 1345, ""citedby5y"": 1138, ""hindex"": 18, ""hindex5y"": 16, ""i10index"": 25, ""i10index5y"": 21, ""cites_per_year"": {""2018"": 20, ""2019"": 69, ""2020"": 102, ""2021"": 149, ""2022"": 153, ""2023"": 159, ""2024"": 215, ""2025"": 261, ""2026"": 200}}"
572,google_scholar,2026-09-15,4638,40,64,2692,29,,"{""scholar_id"": ""COxIKCIAAAAJ"", ""name"": ""Tara McGee"", ""affiliation"": ""Professor, Department of Earth and Atmospheric Sciences, University of Alberta"", ""email_domain"": ""@ualberta.ca"", ""interests"": [""Hazards"", ""wildfire"", ""public participation""], ""homepage"": null, ""citedby"": 4638, ""citedby5y"": 2692, ""hindex"": 40, ""hindex5y"": 29, ""i10index"": 64, ""i10index5y"": 52, ""cites_per_year"": {""2004"": 15, ""2005"": 13, ""2006"": 43, ""2007"": 36, ""2008"": 29, ""2009"": 37, ""2010"": 68, ""2011"": 64, ""2012"": 96, ""2013"": 114, ""2014"": 128, ""2015"": 129, ""2016"": 157, ""2017"": 153, ""2018"": 206, ""2019"": 238, ""2020"": 333, ""2021"": 365, ""2022"": 439, ""2023"": 470, ""2024"": 516, ""2025"": 505, ""2026"": 389}}"
573,google_scholar,2026-09-15,14357,41,76,2653,22,,"{""scholar_id"": ""efWsZUoAAAAJ"", ""name"": ""Rob Shields"", ""affiliation"": ""University of Alberta, Human Geography & Sociology"", ""email_domain"": ""@ualberta.ca"", ""interests"": [""urban"", ""sociology"", ""architecture"", ""cultural studies"", ""social theory""], ""homepage"": ""http://www.ualberta.ca/~rshields"", ""citedby"": 14357, ""citedby5y"": 2653, ""hindex"": 41, ""hindex5y"": 22, ""i10index"": 76, ""i10index5y"": 41, ""cites_per_year"": {""1993"": 42, ""1994"": 66, ""1995"": 110, ""1996"": 140, ""1997"": 170, ""1998"": 215, ""1999"": 267, ""2000"": 319, ""2001"": 311, ""2002"": 356, ""2003"": 391, ""2004"": 381, ""2005"": 384, ""2006"": 478, ""2007"": 460, ""2008"": 477, ""2009"": 456, ""2010"": 473, ""2011"": 462, ""2012"": 502, ""2013"": 674, ""2014"": 622, ""2015"": 554, ""2016"": 675, ""2017"": 627, ""2018"": 539, ""2019"": 545, ""2020"": 582, ""2021"": 513, ""2022"": 535, ""2023"": 471, ""2024"": 453, ""2025"": 448, ""2026"": 231}}"
574,google_scholar,2026-09-15,1081,14,18,581,10,,"{""scholar_id"": ""tk4dMeoAAAAJ"", ""name"": ""Robert J. Summers"", ""affiliation"": ""Professor, Planning and Sustainability, EAS, University of Alberta"", ""email_domain"": ""@ualberta.ca"", ""interests"": [""Rural Water Supply"", ""Sustainable Community Planning"", ""Collective Action Problems"", ""Commons Research""], ""homepage"": null, ""citedby"": 1081, ""citedby5y"": 581, ""hindex"": 14, ""hindex5y"": 10, ""i10index"": 18, ""i10index5y"": 12, ""cites_per_year"": {""2005"": 3, ""2006"": 9, ""2007"": 5, ""2008"": 9, ""2009"": 13, ""2010"": 8, ""2011"": 11, ""2012"": 22, ""2013"": 14, ""2014"": 30, ""2015"": 29, ""2016"": 50, ""2017"": 57, ""2018"": 50, ""2019"": 70, ""2020"": 93, ""2021"": 122, ""2022"": 97, ""2023"": 74, ""2024"": 93, ""2025"": 108, ""2026"": 86}}"
575,google_scholar,2026-09-15,9571,52,152,4960,36,,"{""scholar_id"": ""zBA-sD8AAAAJ"", ""name"": ""Kristof Van Assche"", ""affiliation"": ""Professor planning, governance & development, University of Alberta"", ""email_domain"": ""@ualberta.ca"", ""interests"": [""spatial planning"", ""governance"", ""public policy & administration"", ""sustainable development"", ""strategy""], ""homepage"": ""http://kristofvanassche.com/"", ""citedby"": 9571, ""citedby5y"": 4960, ""hindex"": 52, ""hindex5y"": 36, ""i10index"": 152, ""i10index5y"": 111, ""cites_per_year"": {""2005"": 27, ""2006"": 33, ""2007"": 27, ""2008"": 42, ""2009"": 67, ""2010"": 104, ""2011"": 94, ""2012"": 170, ""2013"": 335, ""2014"": 460, ""2015"": 457, ""2016"": 451, ""2017"": 404, ""2018"": 441, ""2019"": 557, ""2020"": 710, ""2021"": 756, ""2022"": 815, ""2023"": 789, ""2024"": 792, ""2025"": 1068, ""2026"": 726}}"
576,google_scholar,2026-09-15,630,11,11,275,10,,"{""scholar_id"": ""eGRiu4cAAAAJ"", ""name"": ""Kyle Whitfield"", ""affiliation"": ""Associate Professor, Faculty of Extension, University of Alberta"", ""email_domain"": ""@ualberta.ca"", ""interests"": [""Community development"", ""Community Planning"", ""Health Issues"", ""Hospice"", ""Caring Communities""], ""homepage"": null, ""citedby"": 630, ""citedby5y"": 275, ""hindex"": 11, ""hindex5y"": 10, ""i10index"": 11, ""i10index5y"": 10, ""cites_per_year"": {""2005"": 2, ""2006"": 2, ""2007"": 6, ""2008"": 8, ""2009"": 7, ""2010"": 5, ""2011"": 20, ""2012"": 19, ""2013"": 24, ""2014"": 40, ""2015"": 27, ""2016"": 37, ""2017"": 27, ""2018"": 47, ""2019"": 48, ""2020"": 31, ""2021"": 35, ""2022"": 38, ""2023"": 38, ""2024"": 41, ""2025"": 57, ""2026"": 66}}"
577,google_scholar,2026-09-15,1394,16,17,985,13,,"{""scholar_id"": ""M0xBwLcAAAAJ"", ""name"": ""Arlie Adkins"", ""affiliation"": ""Associate Professor, University of Arizona"", ""email_domain"": ""@arizona.edu"", ""interests"": [""transportation"", ""housing"", ""health"", ""social equity""], ""homepage"": ""https://capla.arizona.edu/faculty-staff/arlie-adkins"", ""citedby"": 1394, ""citedby5y"": 985, ""hindex"": 16, ""hindex5y"": 13, ""i10index"": 17, ""i10index5y"": 14, ""cites_per_year"": {""2011"": 5, ""2012"": 10, ""2013"": 13, ""2014"": 14, ""2015"": 23, ""2016"": 31, ""2017"": 43, ""2018"": 61, ""2019"": 91, ""2020"": 97, ""2021"": 151, ""2022"": 165, ""2023"": 159, ""2024"": 172, ""2025"": 189, ""2026"": 149}}"
578,google_scholar,2026-09-15,740,15,21,441,12,,"{""scholar_id"": ""KSv7KvMAAAAJ"", ""name"": ""Kristina Currans"", ""affiliation"": ""Associate Professor, Planning"", ""email_domain"": ""@arizona.edu"", ""interests"": [""Travel Behavior"", ""Land Use"", ""Transportation Engineering and Planning""], ""homepage"": null, ""citedby"": 740, ""citedby5y"": 441, ""hindex"": 15, ""hindex5y"": 12, ""i10index"": 21, ""i10index5y"": 13, ""cites_per_year"": {""2013"": 11, ""2014"": 14, ""2015"": 41, ""2016"": 17, ""2017"": 57, ""2018"": 55, ""2019"": 49, ""2020"": 44, ""2021"": 79, ""2022"": 69, ""2023"": 82, ""2024"": 71, ""2025"": 78, ""2026"": 57}}"
579,google_scholar,2026-09-15,1105,15,18,1070,15,,"{""scholar_id"": ""OSSzZk4AAAAJ"", ""name"": ""Aaron Berlin Flores"", ""affiliation"": ""School of Geographical Sciences & Urban Planning, Arizona State University"", ""email_domain"": ""@asu.edu"", ""interests"": [""Hazards"", ""Disasters"", ""Environmental Justice"", ""Disparities""], ""homepage"": null, ""citedby"": 1105, ""citedby5y"": 1070, ""hindex"": 15, ""hindex5y"": 15, ""i10index"": 18, ""i10index5y"": 17, ""cites_per_year"": {""2019"": 3, ""2020"": 23, ""2021"": 72, ""2022"": 104, ""2023"": 176, ""2024"": 213, ""2025"": 282, ""2026"": 219}}"
580,google_scholar,2026-09-15,907,13,18,898,13,,"{""scholar_id"": ""49AGz28AAAAJ"", ""name"": ""Ladd Keith"", ""affiliation"": ""Associate Professor and Distinguished Scholar, University of Arizona"", ""email_domain"": ""@arizona.edu"", ""interests"": [""urban planning"", ""climate change"", ""extreme heat"", ""heat governance"", ""heat resilience""], ""homepage"": ""http://www.laddkeith.com/"", ""citedby"": 907, ""citedby5y"": 898, ""hindex"": 13, ""hindex5y"": 13, ""i10index"": 18, ""i10index5y"": 18, ""cites_per_year"": {""2020"": 3, ""2021"": 18, ""2022"": 73, ""2023"": 115, ""2024"": 156, ""2025"": 241, ""2026"": 292}}"
581,google_scholar,2026-09-15,231,7,6,222,7,,"{""scholar_id"": ""Rqx3ZF0AAAAJ"", ""name"": ""Daniel Kuhlmann"", ""affiliation"": ""Assistant Professor, University of Arizona"", ""email_domain"": ""@arizona.edu"", ""interests"": [""Housing"", ""Local Public Finance"", ""Urban Planning""], ""homepage"": ""http://dankuhlmann.com/"", ""citedby"": 231, ""citedby5y"": 222, ""hindex"": 7, ""hindex5y"": 7, ""i10index"": 6, ""i10index5y"": 6, ""cites_per_year"": {""2019"": 6, ""2020"": 3, ""2021"": 7, ""2022"": 21, ""2023"": 32, ""2024"": 37, ""2025"": 61, ""2026"": 58}}"
582,google_scholar,2026-09-15,997,17,24,529,14,,"{""scholar_id"": ""GwW4TtYAAAAJ"", ""name"": ""Shujuan Li"", ""affiliation"": ""Associate Professor, University of Arizona; Assistant Professor, Utah State University; Student"", ""email_domain"": ""@email.arizona.edu"", ""interests"": [""Landscape Planning"", ""Landscape Ecology"", ""Remote Sensing"", ""GIS""], ""homepage"": ""https://capla.arizona.edu/faculty-staff/shujuan-li"", ""citedby"": 997, ""citedby5y"": 529, ""hindex"": 17, ""hindex5y"": 14, ""i10index"": 24, ""i10index5y"": 17, ""cites_per_year"": {""2006"": 7, ""2007"": 8, ""2008"": 11, ""2009"": 3, ""2010"": 7, ""2011"": 11, ""2012"": 7, ""2013"": 10, ""2014"": 11, ""2015"": 20, ""2016"": 45, ""2017"": 60, ""2018"": 69, ""2019"": 84, ""2020"": 96, ""2021"": 87, ""2022"": 98, ""2023"": 84, ""2024"": 105, ""2025"": 105, ""2026"": 49}}"
584,google_scholar,2026-09-15,1173,16,18,877,14,,"{""scholar_id"": ""hJyPX4cAAAAJ"", ""name"": ""Philip Stoker"", ""affiliation"": ""University of Arizona"", ""email_domain"": ""@utah.edu"", ""interests"": [""Water sustainability"", ""Urban Ecology"", ""Metropolitan Planning"", ""Policy and Design""], ""homepage"": null, ""citedby"": 1173, ""citedby5y"": 877, ""hindex"": 16, ""hindex5y"": 14, ""i10index"": 18, ""i10index5y"": 16, ""cites_per_year"": {""2014"": 7, ""2015"": 13, ""2016"": 36, ""2017"": 39, ""2018"": 45, ""2019"": 76, ""2020"": 68, ""2021"": 127, ""2022"": 153, ""2023"": 115, ""2024"": 188, ""2025"": 185, ""2026"": 105}}"
585,google_scholar,2026-09-15,1243,20,34,533,12,,"{""scholar_id"": ""wVaPW3wAAAAJ"", ""name"": ""Leonora Angeles"", ""affiliation"": ""University of British Columbia"", ""email_domain"": ""@ubc.ca"", ""interests"": [""community and international development"", ""gender analysis"", ""feminist and other social movements""], ""homepage"": ""http://scarp.ubc.ca/faculty"", ""citedby"": 1243, ""citedby5y"": 533, ""hindex"": 20, ""hindex5y"": 12, ""i10index"": 34, ""i10index5y"": 17, ""cites_per_year"": {""2000"": 4, ""2001"": 7, ""2002"": 12, ""2003"": 20, ""2004"": 18, ""2005"": 15, ""2006"": 20, ""2007"": 24, ""2008"": 27, ""2009"": 32, ""2010"": 14, ""2011"": 25, ""2012"": 31, ""2013"": 36, ""2014"": 44, ""2015"": 32, ""2016"": 44, ""2017"": 50, ""2018"": 56, ""2019"": 71, ""2020"": 84, ""2021"": 105, ""2022"": 103, ""2023"": 80, ""2024"": 87, ""2025"": 80, ""2026"": 77}}"
587,google_scholar,2026-09-15,640,11,11,607,11,,"{""scholar_id"": ""2qoz98cAAAAJ"", ""name"": ""Andi Binet"", ""affiliation"": ""University of British Columbia"", ""email_domain"": ""@ubc.ca"", ""interests"": [], ""homepage"": ""https://scarp.ubc.ca/directory/andi-binet"", ""citedby"": 640, ""citedby5y"": 607, ""hindex"": 11, ""hindex5y"": 11, ""i10index"": 11, ""i10index5y"": 11, ""cites_per_year"": {""2019"": 8, ""2020"": 20, ""2021"": 34, ""2022"": 67, ""2023"": 91, ""2024"": 110, ""2025"": 165, ""2026"": 136}}"
588,google_scholar,2026-09-15,570,15,15,560,14,,"{""scholar_id"": ""mdp9wkoAAAAJ"", ""name"": ""Holly Caggiano"", ""affiliation"": ""University of British Columbia"", ""email_domain"": ""@ubc.ca"", ""interests"": [""Climate change"", ""energy"", ""environment"", ""planning""], ""homepage"": null, ""citedby"": 570, ""citedby5y"": 560, ""hindex"": 15, ""hindex5y"": 14, ""i10index"": 15, ""i10index5y"": 15, ""cites_per_year"": {""2020"": 7, ""2021"": 7, ""2022"": 19, ""2023"": 84, ""2024"": 127, ""2025"": 183, ""2026"": 134}}"
590,google_scholar,2026-09-15,21624,52,95,9958,38,,"{""scholar_id"": ""eyT7IMIAAAAJ"", ""name"": ""Stephanie Chang"", ""affiliation"": ""Professor, School of Community and Regional Planning (SCARP) and Institute for Resources, Environment and Sustainability (IRES), University of British Columbia"", ""email_domain"": ""@ubc.ca"", ""interests"": [""natural hazards"", ""risk"", ""resilience""], ""homepage"": ""https://sites.google.com/site/stephanieechang1/home"", ""citedby"": 21624, ""citedby5y"": 9958, ""hindex"": 52, ""hindex5y"": 38, ""i10index"": 95, ""i10index5y"": 72, ""cites_per_year"": {""2002"": 75, ""2003"": 91, ""2004"": 147, ""2005"": 120, ""2006"": 175, ""2007"": 197, ""2008"": 221, ""2009"": 260, ""2010"": 315, ""2011"": 478, ""2012"": 554, ""2013"": 579, ""2014"": 828, ""2015"": 849, ""2016"": 1049, ""2017"": 1102, ""2018"": 1299, ""2019"": 1392, ""2020"": 1524, ""2021"": 1758, ""2022"": 1730, ""2023"": 1661, ""2024"": 1733, ""2025"": 1698, ""2026"": 1378}}"
591,google_scholar,2026-09-15,8829,44,98,3587,32,,"{""scholar_id"": ""7arqrpIAAAAJ"", ""name"": ""Kelly J. Clifton"", ""affiliation"": ""University of British Columbia"", ""email_domain"": ""@ubc.ca"", ""interests"": [""Transportation"", ""Urban Planning"", ""Urban Policy""], ""homepage"": ""http://kellyjclifton.com/"", ""citedby"": 8829, ""citedby5y"": 3587, ""hindex"": 44, ""hindex5y"": 32, ""i10index"": 98, ""i10index5y"": 62, ""cites_per_year"": {""2003"": 42, ""2004"": 40, ""2005"": 46, ""2006"": 66, ""2007"": 102, ""2008"": 126, ""2009"": 153, ""2010"": 186, ""2011"": 247, ""2012"": 281, ""2013"": 331, ""2014"": 395, ""2015"": 468, ""2016"": 460, ""2017"": 497, ""2018"": 523, ""2019"": 598, ""2020"": 545, ""2021"": 645, ""2022"": 703, ""2023"": 659, ""2024"": 621, ""2025"": 587, ""2026"": 368}}"
592,google_scholar,2026-09-15,11104,50,68,9435,46,,"{""scholar_id"": ""JAkkseIAAAAJ"", ""name"": ""James JT Connolly"", ""affiliation"": ""Associate Professor, University of British Columbia"", ""email_domain"": ""@ubc.ca"", ""interests"": [""social-ecological conflicts"", ""urban environ justice"", ""urban environ stewardship"", ""urban planning""], ""homepage"": ""https://scarp.ubc.ca/directory/james-connolly"", ""citedby"": 11104, ""citedby5y"": 9435, ""hindex"": 50, ""hindex5y"": 46, ""i10index"": 68, ""i10index5y"": 62, ""cites_per_year"": {""2012"": 46, ""2013"": 69, ""2014"": 79, ""2015"": 86, ""2016"": 118, ""2017"": 111, ""2018"": 148, ""2019"": 256, ""2020"": 517, ""2021"": 962, ""2022"": 1179, ""2023"": 1487, ""2024"": 1834, ""2025"": 2212, ""2026"": 1720}}"
593,google_scholar,2026-09-15,155,6,6,147,6,,"{""scholar_id"": ""negb3dgAAAAJ"", ""name"": ""Julia Harten"", ""affiliation"": ""University of British Columbia"", ""email_domain"": ""@ubc.ca"", ""interests"": [], ""homepage"": null, ""citedby"": 155, ""citedby5y"": 147, ""hindex"": 6, ""hindex5y"": 6, ""i10index"": 6, ""i10index5y"": 6, ""cites_per_year"": {""2014"": 1, ""2015"": 1, ""2017"": 1, ""2019"": 1, ""2020"": 3, ""2021"": 7, ""2022"": 12, ""2023"": 15, ""2024"": 32, ""2025"": 33, ""2026"": 48}}"
595,google_scholar,2026-09-15,46,4,1,20,3,,"{""scholar_id"": ""1LLby7AAAAAJ"", ""name"": ""Kuni Kamizaki"", ""affiliation"": ""University of British Columbia"", ""email_domain"": ""@ubc.ca"", ""interests"": [], ""homepage"": null, ""citedby"": 46, ""citedby5y"": 20, ""hindex"": 4, ""hindex5y"": 3, ""i10index"": 1, ""i10index5y"": 0, ""cites_per_year"": {""2013"": 2, ""2015"": 4, ""2016"": 4, ""2017"": 1, ""2018"": 8, ""2019"": 4, ""2020"": 3, ""2021"": 2, ""2022"": 3, ""2023"": 4, ""2024"": 4, ""2025"": 5, ""2026"": 2}}"
596,google_scholar,2026-09-15,1008,14,19,865,14,,"{""scholar_id"": ""rPTIpiUAAAAJ"", ""name"": ""Theodore Lim"", ""affiliation"": ""Associate Professor, School of Community and Regional Planning, University of British Columbia"", ""email_domain"": ""@ubc.ca"", ""interests"": [""Environmental Planning"", ""Environmental Science"", ""Community Engagement"", ""Science-Policy Interface""], ""homepage"": ""https://theochli.github.io/"", ""citedby"": 1008, ""citedby5y"": 865, ""hindex"": 14, ""hindex5y"": 14, ""i10index"": 19, ""i10index5y"": 19, ""cites_per_year"": {""2013"": 16, ""2014"": 9, ""2015"": 12, ""2016"": 7, ""2017"": 12, ""2018"": 24, ""2019"": 19, ""2020"": 40, ""2021"": 67, ""2022"": 81, ""2023"": 118, ""2024"": 210, ""2025"": 209, ""2026"": 168}}"
598,google_scholar,2026-09-15,822,12,14,316,9,,"{""scholar_id"": ""sUXmi6YAAAAJ"", ""name"": ""Maged Senbel"", ""affiliation"": ""Associate Professor, University of British Columbia"", ""email_domain"": ""@ubc.ca"", ""interests"": [""climate change planning"", ""public engagement"", ""visualization""], ""homepage"": ""http://www.scarp.ubc.ca/people/maged-senbel"", ""citedby"": 822, ""citedby5y"": 316, ""hindex"": 12, ""hindex5y"": 9, ""i10index"": 14, ""i10index5y"": 8, ""cites_per_year"": {""2004"": 3, ""2005"": 10, ""2006"": 11, ""2007"": 9, ""2008"": 6, ""2009"": 21, ""2010"": 15, ""2011"": 16, ""2012"": 27, ""2013"": 25, ""2014"": 35, ""2015"": 47, ""2016"": 47, ""2017"": 54, ""2018"": 49, ""2019"": 61, ""2020"": 55, ""2021"": 66, ""2022"": 70, ""2023"": 53, ""2024"": 52, ""2025"": 53, ""2026"": 22}}"
599,google_scholar,2026-09-15,2417,21,27,1341,16,,"{""scholar_id"": ""AAf0iL8AAAAJ"", ""name"": ""Mark Stevens"", ""affiliation"": ""University of British Columbia"", ""email_domain"": ""@mail.ubc.ca"", ""interests"": [], ""homepage"": null, ""citedby"": 2417, ""citedby5y"": 1341, ""hindex"": 21, ""hindex5y"": 16, ""i10index"": 27, ""i10index5y"": 21, ""cites_per_year"": {""2010"": 18, ""2011"": 22, ""2012"": 34, ""2013"": 44, ""2014"": 59, ""2015"": 70, ""2016"": 93, ""2017"": 118, ""2018"": 150, ""2019"": 209, ""2020"": 213, ""2021"": 258, ""2022"": 240, ""2023"": 253, ""2024"": 202, ""2025"": 228, ""2026"": 160}}"
600,google_scholar,2026-09-15,3420,24,33,1832,19,,"{""scholar_id"": ""MMmkrosAAAAJ"", ""name"": ""Martino Tran"", ""affiliation"": ""UBC"", ""email_domain"": ""@ubc.ca"", ""interests"": [""computational planning"", ""complexity"", ""sustainability"", ""climate change""], ""homepage"": ""https://scarp.ubc.ca/people/martino-tran"", ""citedby"": 3420, ""citedby5y"": 1832, ""hindex"": 24, ""hindex5y"": 19, ""i10index"": 33, ""i10index5y"": 26, ""cites_per_year"": {""2012"": 28, ""2013"": 58, ""2014"": 126, ""2015"": 147, ""2016"": 187, ""2017"": 205, ""2018"": 234, ""2019"": 288, ""2020"": 263, ""2021"": 256, ""2022"": 342, ""2023"": 345, ""2024"": 321, ""2025"": 347, ""2026"": 219}}"
602,google_scholar,2026-09-15,4943,37,80,2060,25,,"{""scholar_id"": ""eytkhI0AAAAJ"", ""name"": ""Rebecca L (Becky) Peterson"", ""affiliation"": ""Associate Professor of Electrical Engineering and Computer Science and Mat. Science & Eng."", ""email_domain"": ""@umich.edu"", ""interests"": [""Electronic Materials and Devices"", ""Oxide semiconductors"", ""Thin Film Transistors""], ""homepage"": ""http://www.eecs.umich.edu/~blpeters"", ""citedby"": 4943, ""citedby5y"": 2060, ""hindex"": 37, ""hindex5y"": 25, ""i10index"": 80, ""i10index5y"": 52, ""cites_per_year"": {""2006"": 21, ""2007"": 16, ""2008"": 19, ""2009"": 19, ""2010"": 35, ""2011"": 97, ""2012"": 139, ""2013"": 263, ""2014"": 324, ""2015"": 335, ""2016"": 292, ""2017"": 336, ""2018"": 334, ""2019"": 307, ""2020"": 288, ""2021"": 333, ""2022"": 405, ""2023"": 400, ""2024"": 330, ""2025"": 366, ""2026"": 225}}"
603,google_scholar,2026-09-15,749,13,16,344,10,,"{""scholar_id"": ""U7N1ZiIAAAAJ"", ""name"": ""Joseli Macedo"", ""affiliation"": ""Professor of Urban Design, University of Calgary"", ""email_domain"": ""@ucalgary.ca"", ""interests"": [""regenerative design"", ""sustainable cities"", ""urban ecology""], ""homepage"": ""https://sapl.ucalgary.ca/about/people/joseli-macedo"", ""citedby"": 749, ""citedby5y"": 344, ""hindex"": 13, ""hindex5y"": 10, ""i10index"": 16, ""i10index5y"": 11, ""cites_per_year"": {""2005"": 6, ""2006"": 5, ""2007"": 5, ""2008"": 8, ""2009"": 6, ""2010"": 29, ""2011"": 16, ""2012"": 18, ""2013"": 19, ""2014"": 29, ""2015"": 32, ""2016"": 25, ""2017"": 32, ""2018"": 44, ""2019"": 53, ""2020"": 47, ""2021"": 56, ""2022"": 58, ""2023"": 63, ""2024"": 62, ""2025"": 63, ""2026"": 42}}"
606,google_scholar,2026-09-15,3366,29,64,1296,18,,"{""scholar_id"": ""LLLNYuEAAAAJ"", ""name"": ""Sasha Tsenkova"", ""affiliation"": ""Professor of Planning, University of Calgary"", ""email_domain"": ""@ucalgary.ca"", ""interests"": [], ""homepage"": ""https://sapl.ucalgary.ca/labs/cities"", ""citedby"": 3366, ""citedby5y"": 1296, ""hindex"": 29, ""hindex5y"": 18, ""i10index"": 64, ""i10index5y"": 32, ""cites_per_year"": {""2004"": 19, ""2005"": 21, ""2006"": 53, ""2007"": 53, ""2008"": 36, ""2009"": 64, ""2010"": 77, ""2011"": 111, ""2012"": 112, ""2013"": 117, ""2014"": 209, ""2015"": 147, ""2016"": 196, ""2017"": 167, ""2018"": 195, ""2019"": 178, ""2020"": 201, ""2021"": 262, ""2022"": 215, ""2023"": 189, ""2024"": 244, ""2025"": 239, ""2026"": 144}}"
608,google_scholar,2026-09-15,827,10,11,233,5,,"{""scholar_id"": ""i1HJzW0AAAAJ"", ""name"": ""Christopher Auffrey"", ""affiliation"": ""Professor of Planning, University of Cincinnati"", ""email_domain"": ""@ucmail.uc.edu"", ""interests"": [""Healthy urban planning""], ""homepage"": ""http://daap.uc.edu/directory/sop.html?eid=auffrec&thecomp=uceprof"", ""citedby"": 827, ""citedby5y"": 233, ""hindex"": 10, ""hindex5y"": 5, ""i10index"": 11, ""i10index5y"": 3, ""cites_per_year"": {""1991"": 6, ""1992"": 10, ""1993"": 4, ""1994"": 7, ""1995"": 4, ""1996"": 6, ""1997"": 10, ""1998"": 6, ""1999"": 7, ""2000"": 6, ""2001"": 4, ""2002"": 13, ""2003"": 9, ""2004"": 4, ""2005"": 5, ""2006"": 16, ""2007"": 21, ""2008"": 22, ""2009"": 25, ""2010"": 35, ""2011"": 17, ""2012"": 31, ""2013"": 43, ""2014"": 30, ""2015"": 29, ""2016"": 33, ""2017"": 30, ""2018"": 37, ""2019"": 39, ""2020"": 55, ""2021"": 43, ""2022"": 46, ""2023"": 41, ""2024"": 29, ""2025"": 46, ""2026"": 28}}"
610,google_scholar,2026-09-15,596,11,14,270,10,,"{""scholar_id"": ""NNs5cqcAAAAJ"", ""name"": ""David J. Edelman"", ""affiliation"": ""University of Cincinnati"", ""email_domain"": ""@uc.edu"", ""interests"": [""Urban and Regional Planning"", ""Urban Environmental Management""], ""homepage"": null, ""citedby"": 596, ""citedby5y"": 270, ""hindex"": 11, ""hindex5y"": 10, ""i10index"": 14, ""i10index5y"": 10, ""cites_per_year"": {""1987"": 5, ""1988"": 4, ""1989"": 7, ""1990"": 11, ""1991"": 2, ""1992"": 5, ""1993"": 6, ""1994"": 3, ""1995"": 7, ""1996"": 8, ""1997"": 2, ""1998"": 3, ""1999"": 7, ""2000"": 7, ""2001"": 2, ""2002"": 10, ""2003"": 3, ""2004"": 3, ""2005"": 3, ""2006"": 2, ""2007"": 5, ""2008"": 4, ""2009"": 4, ""2010"": 9, ""2011"": 6, ""2012"": 16, ""2013"": 10, ""2014"": 11, ""2015"": 11, ""2016"": 19, ""2017"": 28, ""2018"": 19, ""2019"": 21, ""2020"": 47, ""2021"": 36, ""2022"": 32, ""2023"": 48, ""2024"": 52, ""2025"": 68, ""2026"": 32}}"
611,google_scholar,2026-09-15,1079,18,30,339,10,,"{""scholar_id"": ""XzRcQIAAAAAJ"", ""name"": ""Dr. Jan Marie Fritz"", ""affiliation"": ""University of Cincinnati"", ""email_domain"": ""@uc.edu"", ""interests"": [""clinical sociology"", ""mediation"", ""history of sociological practice"", ""status of women and girls"", ""qualitative research""], ""homepage"": null, ""citedby"": 1079, ""citedby5y"": 339, ""hindex"": 18, ""hindex5y"": 10, ""i10index"": 30, ""i10index5y"": 10, ""cites_per_year"": {""1989"": 8, ""1990"": 12, ""1991"": 22, ""1992"": 4, ""1993"": 10, ""1994"": 10, ""1995"": 13, ""1996"": 9, ""1997"": 14, ""1998"": 20, ""1999"": 9, ""2000"": 10, ""2001"": 22, ""2002"": 7, ""2003"": 17, ""2004"": 5, ""2005"": 18, ""2006"": 9, ""2007"": 25, ""2008"": 23, ""2009"": 18, ""2010"": 18, ""2011"": 19, ""2012"": 17, ""2013"": 26, ""2014"": 46, ""2015"": 32, ""2016"": 32, ""2017"": 29, ""2018"": 65, ""2019"": 38, ""2020"": 80, ""2021"": 48, ""2022"": 104, ""2023"": 67, ""2024"": 51, ""2025"": 46, ""2026"": 22}}"
614,google_scholar,2026-09-15,177,6,5,154,6,,"{""scholar_id"": ""pXhTRzwAAAAJ"", ""name"": ""Hyesun Jeong"", ""affiliation"": ""University of Cincinnati"", ""email_domain"": ""@ucmail.uc.edu"", ""interests"": [""Architecture"", ""Planning"", ""Urban Design""], ""homepage"": ""http://sites.google.com/view/hyesunjeong"", ""citedby"": 177, ""citedby5y"": 154, ""hindex"": 6, ""hindex5y"": 6, ""i10index"": 5, ""i10index5y"": 5, ""cites_per_year"": {""2018"": 1, ""2019"": 13, ""2020"": 9, ""2021"": 24, ""2022"": 27, ""2023"": 20, ""2024"": 20, ""2025"": 22, ""2026"": 41}}"
615,google_scholar,2026-09-15,164,7,5,32,4,,"{""scholar_id"": ""yf0VWRIAAAAJ"", ""name"": ""Johanna Looye"", ""affiliation"": ""University of Cincinnati"", ""email_domain"": null, ""interests"": [], ""homepage"": null, ""citedby"": 164, ""citedby5y"": 32, ""hindex"": 7, ""hindex5y"": 4, ""i10index"": 5, ""i10index5y"": 0, ""cites_per_year"": {""1998"": 2, ""1999"": 5, ""2000"": 3, ""2001"": 5, ""2002"": 9, ""2003"": 1, ""2004"": 4, ""2005"": 6, ""2006"": 5, ""2007"": 5, ""2008"": 1, ""2009"": 2, ""2010"": 3, ""2011"": 13, ""2012"": 8, ""2013"": 8, ""2014"": 6, ""2015"": 7, ""2016"": 14, ""2017"": 3, ""2018"": 6, ""2019"": 9, ""2020"": 3, ""2021"": 2, ""2022"": 8, ""2023"": 5, ""2024"": 8, ""2025"": 8, ""2026"": 1}}"
616,google_scholar,2026-09-15,5758,21,31,3678,21,,"{""scholar_id"": ""72WtdxsAAAAJ"", ""name"": ""Vikas Mehta"", ""affiliation"": ""University of Cincinnati"", ""email_domain"": ""@uc.edu"", ""interests"": [""Urban Design"", ""City Planning"", ""Environment-Behavior"", ""Architecture""], ""homepage"": null, ""citedby"": 5758, ""citedby5y"": 3678, ""hindex"": 21, ""hindex5y"": 21, ""i10index"": 31, ""i10index5y"": 30, ""cites_per_year"": {""2009"": 20, ""2010"": 28, ""2011"": 39, ""2012"": 69, ""2013"": 62, ""2014"": 97, ""2015"": 163, ""2016"": 190, ""2017"": 187, ""2018"": 297, ""2019"": 357, ""2020"": 419, ""2021"": 535, ""2022"": 596, ""2023"": 573, ""2024"": 608, ""2025"": 790, ""2026"": 566}}"
617,google_scholar,2026-09-15,724,12,14,292,8,,"{""scholar_id"": ""t5ooS9UAAAAJ"", ""name"": ""Danilo Palazzo"", ""affiliation"": ""professor of planning, university of cincinnati"", ""email_domain"": ""@uc.edu"", ""interests"": [""Urban Design"", ""City Planning""], ""homepage"": null, ""citedby"": 724, ""citedby5y"": 292, ""hindex"": 12, ""hindex5y"": 8, ""i10index"": 14, ""i10index5y"": 7, ""cites_per_year"": {""1999"": 5, ""2000"": 3, ""2001"": 7, ""2002"": 13, ""2003"": 9, ""2004"": 9, ""2005"": 12, ""2006"": 13, ""2007"": 14, ""2008"": 7, ""2009"": 13, ""2010"": 11, ""2011"": 11, ""2012"": 24, ""2013"": 25, ""2014"": 34, ""2015"": 27, ""2016"": 27, ""2017"": 31, ""2018"": 31, ""2019"": 43, ""2020"": 41, ""2021"": 38, ""2022"": 52, ""2023"": 55, ""2024"": 63, ""2025"": 47, ""2026"": 36}}"
618,google_scholar,2026-09-15,95,5,4,85,5,,"{""scholar_id"": ""ueY7xR8AAAAJ"", ""name"": ""Hayden Shelby"", ""affiliation"": ""University of Cincinnati"", ""email_domain"": ""@uc.edu"", ""interests"": [""affordable housing"", ""community development"", ""urban planning"", ""southeast asia""], ""homepage"": null, ""citedby"": 95, ""citedby5y"": 85, ""hindex"": 5, ""hindex5y"": 5, ""i10index"": 4, ""i10index5y"": 4, ""cites_per_year"": {""2017"": 1, ""2019"": 7, ""2020"": 2, ""2021"": 9, ""2022"": 7, ""2023"": 12, ""2024"": 13, ""2025"": 19, ""2026"": 25}}"
619,google_scholar,2026-09-15,3900,30,46,1172,17,,"{""scholar_id"": ""BK9-s6EAAAAJ"", ""name"": ""Xinhao Wang"", ""affiliation"": ""Professor of Planning, University of Cincinnati"", ""email_domain"": ""@ucmail.uc.edu"", ""interests"": [""Planning"", ""Geographic Information System""], ""homepage"": null, ""citedby"": 3900, ""citedby5y"": 1172, ""hindex"": 30, ""hindex5y"": 17, ""i10index"": 46, ""i10index5y"": 23, ""cites_per_year"": {""2000"": 16, ""2001"": 16, ""2002"": 34, ""2003"": 35, ""2004"": 55, ""2005"": 57, ""2006"": 83, ""2007"": 51, ""2008"": 92, ""2009"": 97, ""2010"": 102, ""2011"": 123, ""2012"": 136, ""2013"": 193, ""2014"": 158, ""2015"": 227, ""2016"": 224, ""2017"": 227, ""2018"": 221, ""2019"": 268, ""2020"": 263, ""2021"": 222, ""2022"": 233, ""2023"": 217, ""2024"": 211, ""2025"": 176, ""2026"": 113}}"
620,google_scholar,2026-09-15,3558,27,44,2992,27,,"{""scholar_id"": ""tXec4wQAAAAJ"", ""name"": ""Priyanka deSouza"", ""affiliation"": ""Assistant Professor, Department of Urban and Regional Planning, University of Colorado Denver"", ""email_domain"": ""@ucdenver.edu"", ""interests"": [""air quality"", ""public health"", ""urban planning"", ""remote sensing"", ""renewable energy""], ""homepage"": ""http://priyankadesouza.mit.edu/"", ""citedby"": 3558, ""citedby5y"": 2992, ""hindex"": 27, ""hindex5y"": 27, ""i10index"": 44, ""i10index5y"": 44, ""cites_per_year"": {""2017"": 18, ""2018"": 89, ""2019"": 165, ""2020"": 241, ""2021"": 270, ""2022"": 353, ""2023"": 507, ""2024"": 604, ""2025"": 663, ""2026"": 587}}"
621,google_scholar,2026-09-15,3487,11,11,609,9,,"{""scholar_id"": ""bBNRp4kAAAAJ"", ""name"": ""Nan Ellin"", ""affiliation"": ""Professor of Urban Planning, University of Colorado Denver"", ""email_domain"": ""@ucdenver.edu"", ""interests"": [], ""homepage"": null, ""citedby"": 3487, ""citedby5y"": 609, ""hindex"": 11, ""hindex5y"": 9, ""i10index"": 11, ""i10index5y"": 9, ""cites_per_year"": {""1998"": 34, ""1999"": 40, ""2000"": 43, ""2001"": 54, ""2002"": 64, ""2003"": 96, ""2004"": 100, ""2005"": 101, ""2006"": 112, ""2007"": 113, ""2008"": 121, ""2009"": 128, ""2010"": 147, ""2011"": 140, ""2012"": 151, ""2013"": 185, ""2014"": 193, ""2015"": 158, ""2016"": 175, ""2017"": 155, ""2018"": 165, ""2019"": 151, ""2020"": 137, ""2021"": 138, ""2022"": 127, ""2023"": 110, ""2024"": 98, ""2025"": 102, ""2026"": 34}}"
622,google_scholar,2026-09-15,1137,17,18,771,14,,"{""scholar_id"": ""JYxqf2gAAAAJ"", ""name"": ""Carrie Makarewicz"", ""affiliation"": ""University of Colorado Denver"", ""email_domain"": ""@ucdenver.edu"", ""interests"": [""community development"", ""economic development"", ""housing policy"", ""interactions between schools and cities"", ""and transport equity""], ""homepage"": null, ""citedby"": 1137, ""citedby5y"": 771, ""hindex"": 17, ""hindex5y"": 14, ""i10index"": 18, ""i10index5y"": 17, ""cites_per_year"": {""2009"": 5, ""2010"": 19, ""2011"": 12, ""2012"": 17, ""2013"": 20, ""2014"": 22, ""2015"": 15, ""2016"": 27, ""2017"": 34, ""2018"": 45, ""2019"": 55, ""2020"": 72, ""2021"": 111, ""2022"": 93, ""2023"": 111, ""2024"": 147, ""2025"": 175, ""2026"": 133}}"
623,google_scholar,2026-09-15,5238,25,32,3085,24,,"{""scholar_id"": ""r_Ihr_YAAAAJ"", ""name"": ""Jeremy Németh"", ""affiliation"": ""University of Colorado Denver"", ""email_domain"": ""@ucdenver.edu"", ""interests"": [""Urban Planning"", ""Public Space"", ""Urban Design"", ""Environmental Justice"", ""Gentrification""], ""homepage"": ""http://jeremynemeth.com/"", ""citedby"": 5238, ""citedby5y"": 3085, ""hindex"": 25, ""hindex5y"": 24, ""i10index"": 32, ""i10index5y"": 30, ""cites_per_year"": {""2010"": 40, ""2011"": 39, ""2012"": 72, ""2013"": 75, ""2014"": 112, ""2015"": 167, ""2016"": 183, ""2017"": 240, ""2018"": 300, ""2019"": 359, ""2020"": 445, ""2021"": 473, ""2022"": 489, ""2023"": 542, ""2024"": 546, ""2025"": 576, ""2026"": 456}}"
624,google_scholar,2026-09-15,1077,19,25,790,17,,"{""scholar_id"": ""g2lYgo0AAAAJ"", ""name"": ""Manish Shirgaokar"", ""affiliation"": ""University of Colorado Denver"", ""email_domain"": ""@ucdenver.edu"", ""interests"": [""Transportation"", ""Urban & Regional Planning""], ""homepage"": ""http://www.shirgaokar.com/"", ""citedby"": 1077, ""citedby5y"": 790, ""hindex"": 19, ""hindex5y"": 17, ""i10index"": 25, ""i10index5y"": 22, ""cites_per_year"": {""2006"": 4, ""2007"": 4, ""2008"": 5, ""2009"": 2, ""2010"": 5, ""2011"": 3, ""2012"": 4, ""2013"": 15, ""2014"": 14, ""2015"": 10, ""2016"": 21, ""2017"": 29, ""2018"": 39, ""2019"": 52, ""2020"": 68, ""2021"": 91, ""2022"": 132, ""2023"": 121, ""2024"": 158, ""2025"": 159, ""2026"": 129}}"
625,google_scholar,2026-09-15,10529,37,59,3313,26,,"{""scholar_id"": ""nfQrCJoAAAAJ"", ""name"": ""Austin Troy"", ""affiliation"": ""University of Colorado, Denver and Spatial Informatics Group, LLC"", ""email_domain"": ""@siggis.com"", ""interests"": [""Urban sustainability"", ""urban and regional planning"", ""GIS"", ""spatial analysis""], ""homepage"": null, ""citedby"": 10529, ""citedby5y"": 3313, ""hindex"": 37, ""hindex5y"": 26, ""i10index"": 59, ""i10index5y"": 40, ""cites_per_year"": {""2006"": 48, ""2007"": 73, ""2008"": 140, ""2009"": 214, ""2010"": 280, ""2011"": 379, ""2012"": 519, ""2013"": 603, ""2014"": 696, ""2015"": 716, ""2016"": 716, ""2017"": 668, ""2018"": 622, ""2019"": 674, ""2020"": 649, ""2021"": 603, ""2022"": 662, ""2023"": 584, ""2024"": 571, ""2025"": 535, ""2026"": 356}}"
626,google_scholar,2026-09-15,482,12,13,338,10,,"{""scholar_id"": ""SmKFATsAAAAJ"", ""name"": ""Nina David"", ""affiliation"": ""University of Delaware"", ""email_domain"": ""@udel.edu"", ""interests"": [""urban planning""], ""homepage"": null, ""citedby"": 482, ""citedby5y"": 338, ""hindex"": 12, ""hindex5y"": 10, ""i10index"": 13, ""i10index5y"": 10, ""cites_per_year"": {""2012"": 5, ""2013"": 4, ""2014"": 3, ""2015"": 6, ""2016"": 10, ""2017"": 17, ""2018"": 23, ""2019"": 32, ""2020"": 30, ""2021"": 44, ""2022"": 58, ""2023"": 64, ""2024"": 63, ""2025"": 56, ""2026"": 51}}"
627,google_scholar,2026-09-15,5953,31,49,1899,21,,"{""scholar_id"": ""WRTzLdgAAAAJ"", ""name"": ""Gregory Dobler"", ""affiliation"": ""University of Delaware"", ""email_domain"": ""@udel.edu"", ""interests"": [], ""homepage"": ""https://www.bidenschool.udel.edu/people/gdobler"", ""citedby"": 5953, ""citedby5y"": 1899, ""hindex"": 31, ""hindex5y"": 21, ""i10index"": 49, ""i10index5y"": 34, ""cites_per_year"": {""2006"": 23, ""2007"": 18, ""2008"": 88, ""2009"": 184, ""2010"": 237, ""2011"": 226, ""2012"": 287, ""2013"": 339, ""2014"": 373, ""2015"": 477, ""2016"": 412, ""2017"": 330, ""2018"": 340, ""2019"": 315, ""2020"": 315, ""2021"": 282, ""2022"": 342, ""2023"": 355, ""2024"": 335, ""2025"": 330, ""2026"": 255}}"
628,google_scholar,2026-09-15,1648,22,35,585,13,,"{""scholar_id"": ""pz0XHdoAAAAJ"", ""name"": ""Jonathan B. Justice"", ""affiliation"": ""University of Delaware"", ""email_domain"": ""@udel.edu"", ""interests"": [""public budgeting and finance"", ""transparency"", ""accountability""], ""homepage"": null, ""citedby"": 1648, ""citedby5y"": 585, ""hindex"": 22, ""hindex5y"": 13, ""i10index"": 35, ""i10index5y"": 17, ""cites_per_year"": {""2004"": 5, ""2005"": 9, ""2006"": 8, ""2007"": 19, ""2008"": 29, ""2009"": 34, ""2010"": 40, ""2011"": 49, ""2012"": 57, ""2013"": 67, ""2014"": 67, ""2015"": 63, ""2016"": 104, ""2017"": 92, ""2018"": 110, ""2019"": 109, ""2020"": 129, ""2021"": 106, ""2022"": 117, ""2023"": 110, ""2024"": 83, ""2025"": 97, ""2026"": 71}}"
629,google_scholar,2026-09-15,2475,24,49,718,15,,"{""scholar_id"": ""lhqW9cQAAAAJ"", ""name"": ""John G. McNutt"", ""affiliation"": ""Professor Emeritus, University of Delaware, Joseph R. Biden, Jr. School of Public Policy and"", ""email_domain"": ""@udel.edu"", ""interests"": [""Public Interest Technology"", ""Civic Technology"", ""Electronic Advocacy"", ""Nonprofit Informatics"", ""Tech4Good""], ""homepage"": null, ""citedby"": 2475, ""citedby5y"": 718, ""hindex"": 24, ""hindex5y"": 15, ""i10index"": 49, ""i10index5y"": 20, ""cites_per_year"": {""1996"": 8, ""1997"": 15, ""1998"": 9, ""1999"": 16, ""2000"": 33, ""2001"": 39, ""2002"": 25, ""2003"": 46, ""2004"": 25, ""2005"": 54, ""2006"": 55, ""2007"": 54, ""2008"": 77, ""2009"": 34, ""2010"": 67, ""2011"": 57, ""2012"": 80, ""2013"": 119, ""2014"": 120, ""2015"": 119, ""2016"": 106, ""2017"": 99, ""2018"": 166, ""2019"": 121, ""2020"": 159, ""2021"": 145, ""2022"": 164, ""2023"": 122, ""2024"": 112, ""2025"": 110, ""2026"": 61}}"
630,google_scholar,2026-09-15,2538,22,32,1091,19,,"{""scholar_id"": ""zXIoStcAAAAJ"", ""name"": ""Andrea L. Pierce (f. Sarzynski)"", ""affiliation"": ""Associate Professor, Public Policy, University of Delaware"", ""email_domain"": ""@udel.edu"", ""interests"": [""Urban and Environmental Policy"", ""Governance""], ""homepage"": null, ""citedby"": 2538, ""citedby5y"": 1091, ""hindex"": 22, ""hindex5y"": 19, ""i10index"": 32, ""i10index5y"": 24, ""cites_per_year"": {""2006"": 14, ""2007"": 26, ""2008"": 20, ""2009"": 39, ""2010"": 53, ""2011"": 60, ""2012"": 89, ""2013"": 116, ""2014"": 133, ""2015"": 121, ""2016"": 113, ""2017"": 160, ""2018"": 170, ""2019"": 142, ""2020"": 143, ""2021"": 151, ""2022"": 178, ""2023"": 220, ""2024"": 195, ""2025"": 194, ""2026"": 153}}"
631,google_scholar,2026-09-15,268,9,8,198,7,,"{""scholar_id"": ""isF20ugAAAAJ"", ""name"": ""Abhinav Alakshendra"", ""affiliation"": ""University of Florida"", ""email_domain"": null, ""interests"": [], ""homepage"": null, ""citedby"": 268, ""citedby5y"": 198, ""hindex"": 9, ""hindex5y"": 7, ""i10index"": 8, ""i10index5y"": 6, ""cites_per_year"": {""2007"": 4, ""2008"": 2, ""2009"": 3, ""2010"": 7, ""2011"": 2, ""2012"": 4, ""2013"": 3, ""2014"": 3, ""2015"": 6, ""2016"": 7, ""2017"": 7, ""2018"": 3, ""2019"": 3, ""2020"": 11, ""2021"": 11, ""2022"": 23, ""2023"": 36, ""2024"": 41, ""2025"": 46, ""2026"": 38}}"
633,google_scholar,2026-09-15,1008,13,13,572,13,,"{""scholar_id"": ""2Jao6ucAAAAJ"", ""name"": ""Kathryn Frank"", ""affiliation"": ""University of Florida"", ""email_domain"": ""@ufl.edu"", ""interests"": [], ""homepage"": null, ""citedby"": 1008, ""citedby5y"": 572, ""hindex"": 13, ""hindex5y"": 13, ""i10index"": 13, ""i10index5y"": 13, ""cites_per_year"": {""2007"": 4, ""2008"": 5, ""2009"": 10, ""2010"": 16, ""2011"": 23, ""2012"": 23, ""2013"": 20, ""2014"": 24, ""2015"": 38, ""2016"": 42, ""2017"": 41, ""2018"": 46, ""2019"": 54, ""2020"": 66, ""2021"": 109, ""2022"": 104, ""2023"": 93, ""2024"": 107, ""2025"": 92, ""2026"": 65}}"
635,google_scholar,2026-09-15,331,9,9,161,6,,"{""scholar_id"": ""D7jbFnoAAAAJ"", ""name"": ""Kristin Larsen"", ""affiliation"": ""Professor of Urban and Regional Planning, University of Florida"", ""email_domain"": ""@ufl.edu"", ""interests"": [""Planning History"", ""Historic Preservation"", ""Housing Policy"", ""Social Justice""], ""homepage"": ""https://dcp.ufl.edu/faculties/larsen-kristin/"", ""citedby"": 331, ""citedby5y"": 161, ""hindex"": 9, ""hindex5y"": 6, ""i10index"": 9, ""i10index5y"": 4, ""cites_per_year"": {""2003"": 1, ""2004"": 1, ""2005"": 2, ""2006"": 3, ""2007"": 6, ""2008"": 13, ""2009"": 3, ""2010"": 5, ""2011"": 6, ""2012"": 12, ""2013"": 9, ""2014"": 9, ""2015"": 18, ""2016"": 11, ""2017"": 14, ""2018"": 22, ""2019"": 13, ""2020"": 20, ""2021"": 30, ""2022"": 31, ""2023"": 33, ""2024"": 29, ""2025"": 24, ""2026"": 14}}"
636,google_scholar,2026-09-15,14200,64,202,7404,47,,"{""scholar_id"": ""ngiXpvgAAAAJ"", ""name"": ""Zhongren Peng"", ""affiliation"": ""University of Florida"", ""email_domain"": ""@dcp.ufl.edu"", ""interests"": [""Urban Planning"", ""Transportation Planning"", ""Adaptation planning for Climate Change""], ""homepage"": ""https://dcp.ufl.edu/faculties/peng-zhong-ren/"", ""citedby"": 14200, ""citedby5y"": 7404, ""hindex"": 64, ""hindex5y"": 47, ""i10index"": 202, ""i10index5y"": 150, ""cites_per_year"": {""2001"": 41, ""2002"": 69, ""2003"": 83, ""2004"": 141, ""2005"": 178, ""2006"": 174, ""2007"": 229, ""2008"": 248, ""2009"": 284, ""2010"": 333, ""2011"": 313, ""2012"": 374, ""2013"": 388, ""2014"": 406, ""2015"": 427, ""2016"": 456, ""2017"": 490, ""2018"": 480, ""2019"": 687, ""2020"": 787, ""2021"": 1040, ""2022"": 1213, ""2023"": 1203, ""2024"": 1395, ""2025"": 1553, ""2026"": 981}}"
637,google_scholar,2026-09-15,2567,24,49,899,16,,"{""scholar_id"": ""zbew56MAAAAJ"", ""name"": ""Ruth Steiner"", ""affiliation"": ""University of Florida"", ""email_domain"": ""@ufl.edu"", ""interests"": [""transportation"", ""sustainability"", ""land use"", ""school transportation""], ""homepage"": null, ""citedby"": 2567, ""citedby5y"": 899, ""hindex"": 24, ""hindex5y"": 16, ""i10index"": 49, ""i10index5y"": 21, ""cites_per_year"": {""1992"": 7, ""1993"": 19, ""1994"": 29, ""1995"": 37, ""1996"": 43, ""1997"": 40, ""1998"": 45, ""1999"": 32, ""2000"": 40, ""2001"": 38, ""2002"": 35, ""2003"": 60, ""2004"": 41, ""2005"": 53, ""2006"": 35, ""2007"": 52, ""2008"": 45, ""2009"": 76, ""2010"": 52, ""2011"": 72, ""2012"": 78, ""2013"": 60, ""2014"": 70, ""2015"": 89, ""2016"": 86, ""2017"": 78, ""2018"": 96, ""2019"": 96, ""2020"": 110, ""2021"": 129, ""2022"": 126, ""2023"": 157, ""2024"": 164, ""2025"": 206, ""2026"": 113}}"
638,google_scholar,2026-09-15,335,9,9,312,8,,"{""scholar_id"": ""83Irs68AAAAJ"", ""name"": ""Renee Tapp"", ""affiliation"": ""University of North Carolina at Chapel Hill"", ""email_domain"": ""@unc.edu"", ""interests"": [""economic geography"", ""urban planning"", ""financialization"", ""housing"", ""real estate""], ""homepage"": null, ""citedby"": 335, ""citedby5y"": 312, ""hindex"": 9, ""hindex5y"": 8, ""i10index"": 9, ""i10index5y"": 8, ""cites_per_year"": {""2019"": 3, ""2020"": 19, ""2021"": 29, ""2022"": 44, ""2023"": 50, ""2024"": 71, ""2025"": 66, ""2026"": 50}}"
639,google_scholar,2026-09-15,251,10,12,223,9,,"{""scholar_id"": ""B7XoIx8AAAAJ"", ""name"": ""Emre Tepe"", ""affiliation"": ""Associate Professor, University of Florida"", ""email_domain"": ""@ufl.edu"", ""interests"": [""Spatial Econometrics"", ""Urban Simulation"", ""Land-use Change"", ""Spatio-Temporal Modeling"", ""Urban Analytics""], ""homepage"": ""https://www.researchgate.net/profile/Emre-Tepe-2"", ""citedby"": 251, ""citedby5y"": 223, ""hindex"": 10, ""hindex5y"": 9, ""i10index"": 12, ""i10index5y"": 9, ""cites_per_year"": {""2010"": 2, ""2013"": 1, ""2014"": 3, ""2015"": 1, ""2016"": 3, ""2017"": 5, ""2018"": 4, ""2019"": 4, ""2020"": 2, ""2021"": 8, ""2022"": 9, ""2023"": 30, ""2024"": 55, ""2025"": 65, ""2026"": 54}}"
640,google_scholar,2026-09-15,2416,25,38,2135,24,,"{""scholar_id"": ""znl9EkUAAAAJ"", ""name"": ""Yan Wang"", ""affiliation"": ""Associate Professor in the Department of Urban and Regional Planning at the University of Florida"", ""email_domain"": ""@ufl.edu"", ""interests"": [""Urban Resilience"", ""Urban Analytics"", ""Spatial Planning"", ""Healthy Cities"", ""Responsible AI""], ""homepage"": ""https://dcp.ufl.edu/urp/people/people_yan-wang/"", ""citedby"": 2416, ""citedby5y"": 2135, ""hindex"": 25, ""hindex5y"": 24, ""i10index"": 38, ""i10index5y"": 37, ""cites_per_year"": {""2017"": 32, ""2018"": 37, ""2019"": 70, ""2020"": 127, ""2021"": 231, ""2022"": 327, ""2023"": 357, ""2024"": 377, ""2025"": 480, ""2026"": 353}}"
641,google_scholar,2026-09-15,2231,25,37,2160,24,,"{""scholar_id"": ""01AmQ8wAAAAJ"", ""name"": ""Shenhao Wang"", ""affiliation"": ""University of Florida; Massachusetts Institute of Technology"", ""email_domain"": ""@ufl.edu"", ""interests"": [""Urban AI"", ""Computational Social Science"", ""Travel Behavior"", ""Urban Systems"", ""Resilience""], ""homepage"": ""https://dcp.ufl.edu/urp/people_wang_s/"", ""citedby"": 2231, ""citedby5y"": 2160, ""hindex"": 25, ""hindex5y"": 24, ""i10index"": 37, ""i10index5y"": 37, ""cites_per_year"": {""2019"": 11, ""2020"": 47, ""2021"": 111, ""2022"": 176, ""2023"": 233, ""2024"": 346, ""2025"": 656, ""2026"": 627}}"
643,google_scholar,2026-09-15,437,9,9,202,9,,"{""scholar_id"": ""gj7DGI4AAAAJ"", ""name"": ""Stephen Ramos"", ""affiliation"": ""University of Georgia"", ""email_domain"": ""@uga.edu"", ""interests"": [""Port cities"", ""urbanism"", ""infrastructure""], ""homepage"": null, ""citedby"": 437, ""citedby5y"": 202, ""hindex"": 9, ""hindex5y"": 9, ""i10index"": 9, ""i10index5y"": 8, ""cites_per_year"": {""2009"": 2, ""2010"": 4, ""2012"": 8, ""2013"": 8, ""2014"": 19, ""2015"": 26, ""2016"": 31, ""2017"": 43, ""2018"": 30, ""2019"": 29, ""2020"": 20, ""2021"": 36, ""2022"": 39, ""2023"": 29, ""2024"": 34, ""2025"": 32, ""2026"": 30}}"
645,google_scholar,2026-09-15,1213,19,22,492,12,,"{""scholar_id"": ""pHlUNNUAAAAJ"", ""name"": ""Rosanna G. Rivero"", ""affiliation"": ""College of Environment and Design, University of Georgia"", ""email_domain"": ""@uga.edu"", ""interests"": [""Environmental Planning"", ""Urban Planning"", ""Geospatial Technologies"", ""Geographic Information Systems""], ""homepage"": ""https://ced.uga.edu/directory/faculty_profiles/rivero_rosanna/"", ""citedby"": 1213, ""citedby5y"": 492, ""hindex"": 19, ""hindex5y"": 12, ""i10index"": 22, ""i10index5y"": 13, ""cites_per_year"": {""2007"": 7, ""2008"": 19, ""2009"": 19, ""2010"": 18, ""2011"": 38, ""2012"": 42, ""2013"": 26, ""2014"": 55, ""2015"": 73, ""2016"": 66, ""2017"": 74, ""2018"": 78, ""2019"": 92, ""2020"": 93, ""2021"": 84, ""2022"": 87, ""2023"": 90, ""2024"": 91, ""2025"": 93, ""2026"": 47}}"
647,google_scholar,2026-09-15,2,1,0,1,1,,"{""scholar_id"": ""ttUpWCUAAAAJ"", ""name"": ""Ashley N. Steffens"", ""affiliation"": ""University of Georgia, College of Environment and Design"", ""email_domain"": ""@uga.edu"", ""interests"": [""Landscape Architecture"", ""Computer Graphics"", ""Design Education"", ""Design Pedagogy""], ""homepage"": ""https://ced.uga.edu/directory/faculty_profiles/steffens_ashley/"", ""citedby"": 2, ""citedby5y"": 1, ""hindex"": 1, ""hindex5y"": 1, ""i10index"": 0, ""i10index5y"": 0, ""cites_per_year"": {}}"
649,google_scholar,2026-09-15,1560,22,27,1257,20,,"{""scholar_id"": ""mVCOqbcAAAAJ"", ""name"": ""Nicolas D. Brunet"", ""affiliation"": ""Associate Professor"", ""email_domain"": ""@uoguelph.ca"", ""interests"": [], ""homepage"": null, ""citedby"": 1560, ""citedby5y"": 1257, ""hindex"": 22, ""hindex5y"": 20, ""i10index"": 27, ""i10index5y"": 26, ""cites_per_year"": {""2014"": 4, ""2015"": 10, ""2016"": 32, ""2017"": 31, ""2018"": 66, ""2019"": 54, ""2020"": 76, ""2021"": 125, ""2022"": 161, ""2023"": 160, ""2024"": 238, ""2025"": 340, ""2026"": 220}}"
650,google_scholar,2026-09-15,1410,16,24,468,10,,"{""scholar_id"": ""G8qs55IAAAAJ"", ""name"": ""wayne caldwell"", ""affiliation"": ""Professor of Planning"", ""email_domain"": ""@uoguelph.ca"", ""interests"": [""planning"", ""agriculture"", ""community"", ""municipality"", ""economic development""], ""homepage"": null, ""citedby"": 1410, ""citedby5y"": 468, ""hindex"": 16, ""hindex5y"": 10, ""i10index"": 24, ""i10index5y"": 11, ""cites_per_year"": {""1999"": 7, ""2000"": 8, ""2001"": 10, ""2002"": 12, ""2003"": 18, ""2004"": 12, ""2005"": 30, ""2006"": 30, ""2007"": 22, ""2008"": 33, ""2009"": 32, ""2010"": 35, ""2011"": 41, ""2012"": 48, ""2013"": 56, ""2014"": 63, ""2015"": 50, ""2016"": 72, ""2017"": 69, ""2018"": 89, ""2019"": 71, ""2020"": 92, ""2021"": 84, ""2022"": 85, ""2023"": 85, ""2024"": 78, ""2025"": 68, ""2026"": 66}}"
651,google_scholar,2026-09-15,796,16,18,477,12,,"{""scholar_id"": ""N1ILuocAAAAJ"", ""name"": ""Leith Deacon, PhD, RPP, MCIP"", ""affiliation"": ""University of Guelph"", ""email_domain"": ""@uoguelph.ca"", ""interests"": [""Environmental Impact Assessment"", ""Resiliency"", ""Resource-based Communities"", ""Boom/Bust"", ""Community Development & Planning""], ""homepage"": ""http://www.sustainablecommunityplanning.com/"", ""citedby"": 796, ""citedby5y"": 477, ""hindex"": 16, ""hindex5y"": 12, ""i10index"": 18, ""i10index5y"": 18, ""cites_per_year"": {""2009"": 2, ""2010"": 7, ""2011"": 18, ""2012"": 10, ""2013"": 20, ""2014"": 13, ""2015"": 11, ""2016"": 27, ""2017"": 25, ""2018"": 40, ""2019"": 55, ""2020"": 71, ""2021"": 84, ""2022"": 90, ""2023"": 63, ""2024"": 74, ""2025"": 92, ""2026"": 72}}"
653,google_scholar,2026-09-15,897,15,21,644,12,,"{""scholar_id"": ""_FWnFqAAAAAJ"", ""name"": ""Ryan Gibson"", ""affiliation"": ""School of Environmental Design and Rural Development, University of Guelph"", ""email_domain"": ""@uoguelph.ca"", ""interests"": [""Rural geography"", ""community development"", ""collaboration"", ""governance"", ""philanthropy""], ""homepage"": ""http://www.ruraldev.ca/"", ""citedby"": 897, ""citedby5y"": 644, ""hindex"": 15, ""hindex5y"": 12, ""i10index"": 21, ""i10index5y"": 14, ""cites_per_year"": {""2012"": 4, ""2013"": 9, ""2014"": 24, ""2015"": 14, ""2016"": 14, ""2017"": 30, ""2018"": 37, ""2019"": 49, ""2020"": 52, ""2021"": 73, ""2022"": 86, ""2023"": 94, ""2024"": 129, ""2025"": 159, ""2026"": 100}}"
654,google_scholar,2026-09-15,795,9,8,632,9,,"{""scholar_id"": ""dlhafdkAAAAJ"", ""name"": ""Dave Guyadeen, PhD RPP MCIP"", ""affiliation"": ""Assistant Professor, Rural Planning and Development, University of"", ""email_domain"": ""@uoguelph.ca"", ""interests"": [""Plan Evaluation"", ""Program Evaluation"", ""Plan Quality"", ""Policy Analysis"", ""Policy Studies""], ""homepage"": null, ""citedby"": 795, ""citedby5y"": 632, ""hindex"": 9, ""hindex5y"": 9, ""i10index"": 8, ""i10index5y"": 8, ""cites_per_year"": {""2017"": 19, ""2018"": 29, ""2019"": 47, ""2020"": 57, ""2021"": 113, ""2022"": 91, ""2023"": 124, ""2024"": 92, ""2025"": 110, ""2026"": 97}}"
655,google_scholar,2026-09-15,545,11,14,419,10,,"{""scholar_id"": ""-IIZav8AAAAJ"", ""name"": ""Silvia Sarapura"", ""affiliation"": ""University of Guelph"", ""email_domain"": ""@uoguelph.ca"", ""interests"": [""gender in agricultural innovation systems"", ""rural planning"", ""participatory action research"", ""seed""], ""homepage"": ""https://silviasarapuraescobar.com/"", ""citedby"": 545, ""citedby5y"": 419, ""hindex"": 11, ""hindex5y"": 10, ""i10index"": 14, ""i10index5y"": 11, ""cites_per_year"": {""2012"": 2, ""2013"": 6, ""2014"": 3, ""2015"": 7, ""2016"": 11, ""2017"": 13, ""2018"": 10, ""2019"": 24, ""2020"": 42, ""2021"": 70, ""2022"": 78, ""2023"": 69, ""2024"": 72, ""2025"": 83, ""2026"": 43}}"
657,google_scholar,2026-09-15,1110,17,26,748,17,,"{""scholar_id"": ""8ykdfygAAAAJ"", ""name"": ""Ashok Das"", ""affiliation"": ""Associate Professor, University of Hawaii at Manoa"", ""email_domain"": ""@hawaii.edu"", ""interests"": [""urbanization"", ""urban planning and development"", ""developing countries""], ""homepage"": null, ""citedby"": 1110, ""citedby5y"": 748, ""hindex"": 17, ""hindex5y"": 17, ""i10index"": 26, ""i10index5y"": 25, ""cites_per_year"": {""2009"": 5, ""2010"": 5, ""2011"": 7, ""2012"": 15, ""2013"": 13, ""2014"": 14, ""2015"": 25, ""2016"": 22, ""2017"": 44, ""2018"": 41, ""2019"": 65, ""2020"": 90, ""2021"": 112, ""2022"": 91, ""2023"": 124, ""2024"": 149, ""2025"": 149, ""2026"": 122}}"
660,google_scholar,2026-09-15,5278,39,87,2185,26,,"{""scholar_id"": ""fvacZ0QAAAAJ"", ""name"": ""Karl Kim"", ""affiliation"": ""University of Hawaii"", ""email_domain"": ""@hawaii.edu"", ""interests"": [""Disaster Management"", ""Transportation"", ""Urban Planning""], ""homepage"": ""http://ndptc.hawaii.edu/"", ""citedby"": 5278, ""citedby5y"": 2185, ""hindex"": 39, ""hindex5y"": 26, ""i10index"": 87, ""i10index5y"": 53, ""cites_per_year"": {""1995"": 15, ""1996"": 27, ""1997"": 22, ""1998"": 36, ""1999"": 42, ""2000"": 46, ""2001"": 72, ""2002"": 72, ""2003"": 70, ""2004"": 93, ""2005"": 73, ""2006"": 94, ""2007"": 86, ""2008"": 117, ""2009"": 128, ""2010"": 116, ""2011"": 157, ""2012"": 146, ""2013"": 162, ""2014"": 162, ""2015"": 134, ""2016"": 207, ""2017"": 216, ""2018"": 219, ""2019"": 247, ""2020"": 263, ""2021"": 425, ""2022"": 380, ""2023"": 399, ""2024"": 380, ""2025"": 379, ""2026"": 210}}"
661,google_scholar,2026-09-15,516,13,15,347,12,,"{""scholar_id"": ""wv_MNvAAAAAJ"", ""name"": ""Dan Milz"", ""affiliation"": ""Department of Urban & Regional Planning | Matsunaga Institute for Peace and Conflict Resolution"", ""email_domain"": ""@hawaii.edu"", ""interests"": [""Environmental Planning"", ""Integrated Water Resource Management"", ""Planning Support Systems"", ""Public Participation""], ""homepage"": null, ""citedby"": 516, ""citedby5y"": 347, ""hindex"": 13, ""hindex5y"": 12, ""i10index"": 15, ""i10index5y"": 13, ""cites_per_year"": {""2013"": 3, ""2014"": 3, ""2015"": 9, ""2016"": 16, ""2017"": 14, ""2018"": 37, ""2019"": 45, ""2020"": 33, ""2021"": 33, ""2022"": 73, ""2023"": 58, ""2024"": 81, ""2025"": 59, ""2026"": 43}}"
662,google_scholar,2026-09-15,397,8,8,353,8,,"{""scholar_id"": ""z1OAemwAAAAJ"", ""name"": ""Subhashni Raj"", ""affiliation"": ""Assistant Professor, Department of Urban and Regional Planning, University of Hawai‘i at Mānoa"", ""email_domain"": ""@hawaii.edu"", ""interests"": [""Food systems planning"", ""climate adaptation"", ""enviornmental land use"", ""water resource management"", ""disaster preparedness and response""], ""homepage"": ""https://durp.manoa.hawaii.edu/faculty/subhashni-raj/"", ""citedby"": 397, ""citedby5y"": 353, ""hindex"": 8, ""hindex5y"": 8, ""i10index"": 8, ""i10index5y"": 8, ""cites_per_year"": {""2017"": 12, ""2018"": 6, ""2019"": 12, ""2020"": 6, ""2021"": 19, ""2022"": 26, ""2023"": 63, ""2024"": 95, ""2025"": 84, ""2026"": 64}}"
663,google_scholar,2026-09-15,671,12,12,521,11,,"{""scholar_id"": ""mS9yrUQAAAAJ"", ""name"": ""Suwan Shen"", ""affiliation"": ""University of Hawaii Manoa"", ""email_domain"": ""@hawaii.edu"", ""interests"": [], ""homepage"": null, ""citedby"": 671, ""citedby5y"": 521, ""hindex"": 12, ""hindex5y"": 11, ""i10index"": 12, ""i10index5y"": 12, ""cites_per_year"": {""2016"": 2, ""2017"": 6, ""2018"": 19, ""2019"": 45, ""2020"": 70, ""2021"": 84, ""2022"": 86, ""2023"": 86, ""2024"": 100, ""2025"": 113, ""2026"": 50}}"
664,google_scholar,2026-09-15,762,11,11,589,8,,"{""scholar_id"": ""d7RQNe4AAAAJ"", ""name"": ""Ning Ai"", ""affiliation"": ""University of Illinois at Chicago"", ""email_domain"": ""@uic.edu"", ""interests"": [""Urban environmental planning"", ""material and waste management"", ""urban metabolism"", ""system analysis of urban sustainability""], ""homepage"": null, ""citedby"": 762, ""citedby5y"": 589, ""hindex"": 11, ""hindex5y"": 8, ""i10index"": 11, ""i10index5y"": 8, ""cites_per_year"": {""2010"": 4, ""2011"": 8, ""2012"": 7, ""2013"": 5, ""2014"": 2, ""2015"": 7, ""2016"": 12, ""2017"": 14, ""2018"": 7, ""2019"": 35, ""2020"": 56, ""2021"": 94, ""2022"": 99, ""2023"": 96, ""2024"": 119, ""2025"": 106, ""2026"": 74}}"
665,google_scholar,2026-09-15,6054,40,70,3353,30,,"{""scholar_id"": ""yYvDwKwAAAAJ"", ""name"": ""Kheir Al-Kodmany"", ""affiliation"": ""Professor of Urban Planning University of Illinois at Chicago"", ""email_domain"": ""@uic.edu"", ""interests"": [""Urban Planning"", ""Architecture"", ""Urban Design"", ""Sustainability"", ""Crowd Management""], ""homepage"": ""https://cuppa.uic.edu/profiles/al-kodmany-kheir/"", ""citedby"": 6054, ""citedby5y"": 3353, ""hindex"": 40, ""hindex5y"": 30, ""i10index"": 70, ""i10index5y"": 54, ""cites_per_year"": {""2001"": 26, ""2002"": 45, ""2003"": 51, ""2004"": 39, ""2005"": 85, ""2006"": 73, ""2007"": 76, ""2008"": 77, ""2009"": 97, ""2010"": 108, ""2011"": 122, ""2012"": 109, ""2013"": 116, ""2014"": 134, ""2015"": 133, ""2016"": 141, ""2017"": 163, ""2018"": 250, ""2019"": 290, ""2020"": 375, ""2021"": 437, ""2022"": 551, ""2023"": 561, ""2024"": 669, ""2025"": 741, ""2026"": 387}}"
666,google_scholar,2026-09-15,1313,13,13,463,10,,"{""scholar_id"": ""1WgeAaUAAAAJ"", ""name"": ""Philip Ashton"", ""affiliation"": ""Professor of Urban Planning & Policy, University of Illinois Chicago"", ""email_domain"": ""@uic.edu"", ""interests"": [""banking"", ""housing finance"", ""infrastructure"", ""financial regulation"", ""fair lending""], ""homepage"": ""https://cuppa.uic.edu/profiles/ashton-philip/"", ""citedby"": 1313, ""citedby5y"": 463, ""hindex"": 13, ""hindex5y"": 10, ""i10index"": 13, ""i10index5y"": 10, ""cites_per_year"": {""2006"": 6, ""2007"": 8, ""2008"": 16, ""2009"": 20, ""2010"": 39, ""2011"": 36, ""2012"": 41, ""2013"": 46, ""2014"": 50, ""2015"": 67, ""2016"": 96, ""2017"": 78, ""2018"": 113, ""2019"": 115, ""2020"": 96, ""2021"": 84, ""2022"": 98, ""2023"": 78, ""2024"": 81, ""2025"": 71, ""2026"": 51}}"
668,google_scholar,2026-09-15,942,16,23,215,8,,"{""scholar_id"": ""fOszDKwAAAAJ"", ""name"": ""Teresa Cordova"", ""affiliation"": ""Director of the Great Cities Institute at University of Illinois at Chicago"", ""email_domain"": ""@uic.edu"", ""interests"": [""university community partnerships"", ""community devlopment"", ""Latino and Chicano Studies"", ""Political Economy of Urban Development""], ""homepage"": null, ""citedby"": 942, ""citedby5y"": 215, ""hindex"": 16, ""hindex5y"": 8, ""i10index"": 23, ""i10index5y"": 6, ""cites_per_year"": {""1993"": 3, ""1994"": 7, ""1995"": 7, ""1996"": 11, ""1997"": 13, ""1998"": 28, ""1999"": 25, ""2000"": 24, ""2001"": 27, ""2002"": 14, ""2003"": 24, ""2004"": 19, ""2005"": 40, ""2006"": 20, ""2007"": 18, ""2008"": 16, ""2009"": 28, ""2010"": 33, ""2011"": 29, ""2012"": 19, ""2013"": 28, ""2014"": 29, ""2015"": 29, ""2016"": 27, ""2017"": 37, ""2018"": 39, ""2019"": 40, ""2020"": 50, ""2021"": 29, ""2022"": 38, ""2023"": 43, ""2024"": 39, ""2025"": 43, ""2026"": 23}}"
669,google_scholar,2026-09-15,3204,19,22,1236,15,,"{""scholar_id"": ""mjzj_5MAAAAJ"", ""name"": ""Joshua Drucker"", ""affiliation"": ""Urban Planning and Policy, University of Illinois at Chicago"", ""email_domain"": ""@uic.edu"", ""interests"": [""Economic Development"", ""Urban Planning"", ""Regional Science"", ""Innovation and Technology"", ""Entrepreneurship""], ""homepage"": ""https://cuppa.uic.edu/profiles/drucker-joshua/"", ""citedby"": 3204, ""citedby5y"": 1236, ""hindex"": 19, ""hindex5y"": 15, ""i10index"": 22, ""i10index5y"": 20, ""cites_per_year"": {""2002"": 10, ""2003"": 15, ""2004"": 19, ""2005"": 17, ""2006"": 30, ""2007"": 52, ""2008"": 70, ""2009"": 70, ""2010"": 95, ""2011"": 104, ""2012"": 128, ""2013"": 110, ""2014"": 150, ""2015"": 143, ""2016"": 170, ""2017"": 161, ""2018"": 178, ""2019"": 197, ""2020"": 170, ""2021"": 220, ""2022"": 193, ""2023"": 209, ""2024"": 234, ""2025"": 230, ""2026"": 150}}"
672,google_scholar,2026-09-15,133,8,5,124,7,,"{""scholar_id"": ""omddy9sAAAAJ"", ""name"": ""David López-García"", ""affiliation"": ""University of Illinois Chicago"", ""email_domain"": ""@uic.edu"", ""interests"": [""Urban restructuring"", ""Urban spatial structure"", ""Urban accessibility"", ""Urban governance""], ""homepage"": ""https://cuppa.uic.edu/profiles/lopez-garcia-david/"", ""citedby"": 133, ""citedby5y"": 124, ""hindex"": 8, ""hindex5y"": 7, ""i10index"": 5, ""i10index5y"": 5, ""cites_per_year"": {""2019"": 2, ""2020"": 6, ""2021"": 10, ""2022"": 12, ""2023"": 16, ""2024"": 18, ""2025"": 39, ""2026"": 27}}"
673,google_scholar,2026-09-15,611,12,15,437,11,,"{""scholar_id"": ""scy4f7oAAAAJ"", ""name"": ""Kate Lowe"", ""affiliation"": ""University of Illinois Chicago"", ""email_domain"": ""@uic.edu"", ""interests"": [""urban transportation"", ""policy and funding"", ""social and mobility justice""], ""homepage"": ""https://cuppa.uic.edu/profiles/lowe-kate/"", ""citedby"": 611, ""citedby5y"": 437, ""hindex"": 12, ""hindex5y"": 11, ""i10index"": 15, ""i10index5y"": 12, ""cites_per_year"": {""2010"": 5, ""2011"": 5, ""2012"": 5, ""2013"": 6, ""2014"": 5, ""2015"": 10, ""2016"": 13, ""2017"": 27, ""2018"": 29, ""2019"": 26, ""2020"": 35, ""2021"": 64, ""2022"": 63, ""2023"": 66, ""2024"": 71, ""2025"": 85, ""2026"": 87}}"
674,google_scholar,2026-09-15,1703,15,16,952,14,,"{""scholar_id"": ""jikgBYUAAAAJ"", ""name"": ""Brenda Parker"", ""affiliation"": ""University of Illinois at Chicago"", ""email_domain"": ""@uic.edu"", ""interests"": [""urban planning"", ""gender"", ""race"", ""geography"", ""intersectionality""], ""homepage"": null, ""citedby"": 1703, ""citedby5y"": 952, ""hindex"": 15, ""hindex5y"": 14, ""i10index"": 16, ""i10index5y"": 15, ""cites_per_year"": {""2008"": 7, ""2009"": 16, ""2010"": 12, ""2011"": 11, ""2012"": 22, ""2013"": 29, ""2014"": 37, ""2015"": 61, ""2016"": 63, ""2017"": 85, ""2018"": 89, ""2019"": 113, ""2020"": 168, ""2021"": 166, ""2022"": 155, ""2023"": 174, ""2024"": 174, ""2025"": 178, ""2026"": 103}}"
675,google_scholar,2026-09-15,676,14,14,366,9,,"{""scholar_id"": ""IFB4ZDoAAAAJ"", ""name"": ""Stacey Sutton"", ""affiliation"": ""Associate Professor of Urban Planning and Policy, UIC"", ""email_domain"": ""@uic.edu"", ""interests"": [""economic democracy"", ""equitable development"", ""community planning"", ""neighborhood change"", ""racial disparity and punitive place-based po""], ""homepage"": ""https://cuppa.uic.edu/profiles/sutton-stacey/"", ""citedby"": 676, ""citedby5y"": 366, ""hindex"": 14, ""hindex5y"": 9, ""i10index"": 14, ""i10index5y"": 8, ""cites_per_year"": {""2006"": 2, ""2007"": 4, ""2008"": 1, ""2009"": 9, ""2010"": 2, ""2011"": 8, ""2012"": 11, ""2013"": 16, ""2014"": 28, ""2015"": 25, ""2016"": 32, ""2017"": 27, ""2018"": 30, ""2019"": 62, ""2020"": 40, ""2021"": 52, ""2022"": 73, ""2023"": 70, ""2024"": 71, ""2025"": 61, ""2026"": 39}}"
676,google_scholar,2026-09-15,35801,58,125,11262,42,,"{""scholar_id"": ""Pj3lRPEAAAAJ"", ""name"": ""Nik Theodore"", ""affiliation"": ""Professor of Urban Planning and Policy, University of Illinois Chicago"", ""email_domain"": ""@uic.edu"", ""interests"": [""urban political economy"", ""urban studies"", ""urban planning"", ""informal economy"", ""labor""], ""homepage"": null, ""citedby"": 35801, ""citedby5y"": 11262, ""hindex"": 58, ""hindex5y"": 42, ""i10index"": 125, ""i10index5y"": 79, ""cites_per_year"": {""2002"": 135, ""2003"": 153, ""2004"": 253, ""2005"": 275, ""2006"": 322, ""2007"": 497, ""2008"": 493, ""2009"": 626, ""2010"": 804, ""2011"": 1011, ""2012"": 1369, ""2013"": 1755, ""2014"": 1966, ""2015"": 2040, ""2016"": 2274, ""2017"": 2453, ""2018"": 2376, ""2019"": 2386, ""2020"": 2307, ""2021"": 2301, ""2022"": 2156, ""2023"": 1938, ""2024"": 1899, ""2025"": 1698, ""2026"": 1270}}"
677,google_scholar,2026-09-15,2561,20,28,1232,16,,"{""scholar_id"": ""6tlzorcAAAAJ"", ""name"": ""Nebiyou Yonas Tilahun"", ""affiliation"": ""Professor, Department of Urban Planning and Policy, University of Illinois Chicago"", ""email_domain"": ""@uic.edu"", ""interests"": [""Transportation Planning"", ""Travel Behavior"", ""Public Transportation""], ""homepage"": ""http://ntilahun.people.uic.edu/"", ""citedby"": 2561, ""citedby5y"": 1232, ""hindex"": 20, ""hindex5y"": 16, ""i10index"": 28, ""i10index5y"": 23, ""cites_per_year"": {""2007"": 13, ""2008"": 18, ""2009"": 33, ""2010"": 45, ""2011"": 54, ""2012"": 88, ""2013"": 71, ""2014"": 102, ""2015"": 92, ""2016"": 128, ""2017"": 137, ""2018"": 160, ""2019"": 150, ""2020"": 181, ""2021"": 220, ""2022"": 195, ""2023"": 186, ""2024"": 220, ""2025"": 241, ""2026"": 170}}"
679,google_scholar,2026-09-15,1094,15,17,793,14,,"{""scholar_id"": ""Tu2FfV8AAAAJ"", ""name"": ""Lindsay M. Braun"", ""affiliation"": ""Assistant Professor, University of Illinois at Urbana-Champaign"", ""email_domain"": ""@illinois.edu"", ""interests"": [""Transportation Planning"", ""Public Health"", ""Social Equity""], ""homepage"": null, ""citedby"": 1094, ""citedby5y"": 793, ""hindex"": 15, ""hindex5y"": 14, ""i10index"": 17, ""i10index5y"": 14, ""cites_per_year"": {""2013"": 4, ""2014"": 4, ""2015"": 8, ""2016"": 24, ""2017"": 43, ""2018"": 52, ""2019"": 85, ""2020"": 69, ""2021"": 112, ""2022"": 120, ""2023"": 149, ""2024"": 166, ""2025"": 146, ""2026"": 92}}"
680,google_scholar,2026-09-15,209,6,5,194,6,,"{""scholar_id"": ""kVtV0KgAAAAJ"", ""name"": ""Colleen Chiu-Shee"", ""affiliation"": ""Assistant Professor, University of Illinois Urbana-Champaign"", ""email_domain"": ""@illinois.edu"", ""interests"": [""city design & development"", ""sustainability & resilience"", ""comparative urbanisms"", ""political ecology""], ""homepage"": ""https://www.albany.edu/chinanet/shighlights.html"", ""citedby"": 209, ""citedby5y"": 194, ""hindex"": 6, ""hindex5y"": 6, ""i10index"": 5, ""i10index5y"": 5, ""cites_per_year"": {""2019"": 8, ""2020"": 7, ""2021"": 7, ""2022"": 26, ""2023"": 26, ""2024"": 42, ""2025"": 44, ""2026"": 48}}"
681,google_scholar,2026-09-15,1678,20,28,855,16,,"{""scholar_id"": ""4Evqn2wAAAAJ"", ""name"": ""Marc Doussard"", ""affiliation"": ""University of Illinois at Urbana-Champaign"", ""email_domain"": ""@illinois.edu"", ""interests"": [""Low-wage work"", ""Urban Economic Development"", ""Regional Development"", ""Urban Political Economy""], ""homepage"": ""https://urban.illinois.edu/people/profiles/marc-doussard/"", ""citedby"": 1678, ""citedby5y"": 855, ""hindex"": 20, ""hindex5y"": 16, ""i10index"": 28, ""i10index5y"": 24, ""cites_per_year"": {""2009"": 6, ""2010"": 11, ""2011"": 10, ""2012"": 16, ""2013"": 29, ""2014"": 48, ""2015"": 72, ""2016"": 78, ""2017"": 83, ""2018"": 106, ""2019"": 149, ""2020"": 164, ""2021"": 146, ""2022"": 147, ""2023"": 155, ""2024"": 136, ""2025"": 165, ""2026"": 106}}"
682,google_scholar,2026-09-15,1059,13,14,312,7,,"{""scholar_id"": ""aul-N4oAAAAJ"", ""name"": ""Mary M. Edwards"", ""affiliation"": ""Urban and Regional Planning, University of Illinois, Urbana-Champaign"", ""email_domain"": ""@illinois.edu"", ""interests"": [""land use policy"", ""state and local finance"", ""health and the built environment""], ""homepage"": null, ""citedby"": 1059, ""citedby5y"": 312, ""hindex"": 13, ""hindex5y"": 7, ""i10index"": 14, ""i10index5y"": 7, ""cites_per_year"": {""2002"": 3, ""2003"": 7, ""2004"": 5, ""2005"": 2, ""2006"": 7, ""2007"": 11, ""2008"": 14, ""2009"": 23, ""2010"": 25, ""2011"": 29, ""2012"": 54, ""2013"": 44, ""2014"": 69, ""2015"": 60, ""2016"": 76, ""2017"": 71, ""2018"": 87, ""2019"": 78, ""2020"": 60, ""2021"": 64, ""2022"": 69, ""2023"": 71, ""2024"": 62, ""2025"": 34, ""2026"": 12}}"
683,google_scholar,2026-09-15,799,18,24,637,15,,"{""scholar_id"": ""ruA5e9sAAAAJ"", ""name"": ""Li (Kerry) Fang"", ""affiliation"": ""University of Pennsylvania"", ""email_domain"": null, ""interests"": [""Economic Development"", ""Innovation and Entrepreneurship"", ""Land Use Policy""], ""homepage"": ""http://www.kerryfang.weebly.com/"", ""citedby"": 799, ""citedby5y"": 637, ""hindex"": 18, ""hindex5y"": 15, ""i10index"": 24, ""i10index5y"": 22, ""cites_per_year"": {""2014"": 6, ""2015"": 3, ""2016"": 6, ""2017"": 11, ""2018"": 31, ""2019"": 40, ""2020"": 59, ""2021"": 92, ""2022"": 101, ""2023"": 86, ""2024"": 136, ""2025"": 122, ""2026"": 97}}"
684,google_scholar,2026-09-15,2059,23,35,1807,22,,"{""scholar_id"": ""PUW7M-oAAAAJ"", ""name"": ""Andrew Jordan Greenlee"", ""affiliation"": ""Professor of Urban and Regional Planning, University of Illinois at Urbana-Champaign"", ""email_domain"": ""@illinois.edu"", ""interests"": [""Housing Policy"", ""Residential Mobility"", ""Poverty"", ""Social Determinants of Health and Wellbeing""], ""homepage"": ""https://urban.illinois.edu/people/profiles/andrew-greenlee/"", ""citedby"": 2059, ""citedby5y"": 1807, ""hindex"": 23, ""hindex5y"": 22, ""i10index"": 35, ""i10index5y"": 31, ""cites_per_year"": {""2016"": 13, ""2017"": 27, ""2018"": 25, ""2019"": 45, ""2020"": 81, ""2021"": 162, ""2022"": 241, ""2023"": 306, ""2024"": 395, ""2025"": 398, ""2026"": 297}}"
685,google_scholar,2026-09-15,2691,27,30,1448,20,,"{""scholar_id"": ""IXfBXPsAAAAJ"", ""name"": ""Bumsoo Lee"", ""affiliation"": ""Associate Professor of Urban and Regional Planning, University of Illinois at Urbana-Champaign"", ""email_domain"": ""@illinois.edu"", ""interests"": [""Urban form and travel behavior"", ""Sustainable land use and transportation"", ""Economic impact analysis""], ""homepage"": null, ""citedby"": 2691, ""citedby5y"": 1448, ""hindex"": 27, ""hindex5y"": 20, ""i10index"": 30, ""i10index5y"": 26, ""cites_per_year"": {""2007"": 10, ""2008"": 21, ""2009"": 28, ""2010"": 41, ""2011"": 54, ""2012"": 72, ""2013"": 61, ""2014"": 78, ""2015"": 91, ""2016"": 92, ""2017"": 132, ""2018"": 162, ""2019"": 147, ""2020"": 211, ""2021"": 260, ""2022"": 242, ""2023"": 224, ""2024"": 255, ""2025"": 276, ""2026"": 191}}"
686,google_scholar,2026-09-15,7153,33,46,2962,23,,"{""scholar_id"": ""02B7qPsAAAAJ"", ""name"": ""Faranak Miraftab"", ""affiliation"": ""Professor of Urban and Regional Planning, University of Illinois Urbana-Chamapign"", ""email_domain"": ""@illinois.edu"", ""interests"": [""Planning"", ""gender and community development"", ""global and transnational studies"", ""citizenship"", ""grassroots movements""], ""homepage"": ""http://www.urban.uiuc.edu/people/faculty-directory/core-faculty/10-faranak-miraftab"", ""citedby"": 7153, ""citedby5y"": 2962, ""hindex"": 33, ""hindex5y"": 23, ""i10index"": 46, ""i10index5y"": 37, ""cites_per_year"": {""2004"": 31, ""2005"": 37, ""2006"": 47, ""2007"": 76, ""2008"": 103, ""2009"": 111, ""2010"": 130, ""2011"": 198, ""2012"": 209, ""2013"": 256, ""2014"": 287, ""2015"": 325, ""2016"": 351, ""2017"": 397, ""2018"": 417, ""2019"": 482, ""2020"": 522, ""2021"": 492, ""2022"": 493, ""2023"": 519, ""2024"": 485, ""2025"": 539, ""2026"": 430}}"
687,google_scholar,2026-09-15,263,7,5,257,7,,"{""scholar_id"": ""Bz7JalkAAAAJ"", ""name"": ""Magdalena Novoa"", ""affiliation"": ""University of Illinois Urbana Champaign"", ""email_domain"": ""@illinois.edu"", ""interests"": [""Cultural heritage"", ""deindustrialization"", ""urban planning"", ""gender"", ""decoloniality""], ""homepage"": ""https://urban.illinois.edu/people/profiles/magdalena-novoa/"", ""citedby"": 263, ""citedby5y"": 257, ""hindex"": 7, ""hindex5y"": 7, ""i10index"": 5, ""i10index5y"": 5, ""cites_per_year"": {""2019"": 2, ""2020"": 2, ""2021"": 2, ""2022"": 27, ""2023"": 35, ""2024"": 60, ""2025"": 68, ""2026"": 59}}"
688,google_scholar,2026-09-15,10430,33,72,3047,23,,"{""scholar_id"": ""tuJIbNAAAAAJ"", ""name"": ""Rolf Pendall"", ""affiliation"": ""Department of Community & Regional Planning, University of Mew Mexico"", ""email_domain"": ""@unm.edu"", ""interests"": [""City Planning"", ""Affordable Housing"", ""Land Use"", ""Urban Sprawl"", ""Segregation""], ""homepage"": null, ""citedby"": 10430, ""citedby5y"": 3047, ""hindex"": 33, ""hindex5y"": 23, ""i10index"": 72, ""i10index5y"": 45, ""cites_per_year"": {""2001"": 56, ""2002"": 84, ""2003"": 141, ""2004"": 189, ""2005"": 228, ""2006"": 249, ""2007"": 278, ""2008"": 297, ""2009"": 286, ""2010"": 277, ""2011"": 328, ""2012"": 420, ""2013"": 488, ""2014"": 489, ""2015"": 509, ""2016"": 567, ""2017"": 606, ""2018"": 578, ""2019"": 553, ""2020"": 521, ""2021"": 595, ""2022"": 589, ""2023"": 535, ""2024"": 509, ""2025"": 465, ""2026"": 351}}"
689,google_scholar,2026-09-15,242,6,4,230,6,,"{""scholar_id"": ""kiZp5E4AAAAJ"", ""name"": ""Omar Pérez Figueroa"", ""affiliation"": ""University of Illinois, Urbana-Champaign"", ""email_domain"": ""@illinois.edu"", ""interests"": [""Water Governance"", ""Disaster Resilience"", ""Climate and Environmental Justice""], ""homepage"": ""https://www.omarperez.me/"", ""citedby"": 242, ""citedby5y"": 230, ""hindex"": 6, ""hindex5y"": 6, ""i10index"": 4, ""i10index5y"": 4, ""cites_per_year"": {""2014"": 1, ""2015"": 1, ""2017"": 1, ""2019"": 2, ""2020"": 4, ""2021"": 10, ""2022"": 30, ""2023"": 39, ""2024"": 46, ""2025"": 57, ""2026"": 47}}"
692,google_scholar,2026-09-15,73,3,2,73,3,,"{""scholar_id"": ""GqoLszYAAAAJ"", ""name"": ""Sarah L. Hofmeyer"", ""affiliation"": ""Assistant Professor, University of Iowa"", ""email_domain"": ""@uiowa.edu"", ""interests"": [""urban policy"", ""food systems"", ""sustainability""], ""homepage"": ""https://sppa.uiowa.edu/people/sarah-hofmeyer"", ""citedby"": 73, ""citedby5y"": 73, ""hindex"": 3, ""hindex5y"": 3, ""i10index"": 2, ""i10index5y"": 2, ""cites_per_year"": {""2022"": 6, ""2023"": 5, ""2024"": 11, ""2025"": 26, ""2026"": 24}}"
693,google_scholar,2026-09-15,291,7,6,288,7,,"{""scholar_id"": ""DSRdrY8AAAAJ"", ""name"": ""Bogdan Kapatsila"", ""affiliation"": ""Assistant Professor, University of Iowa"", ""email_domain"": ""@uiowa.edu"", ""interests"": [""Travel Behavior"", ""Transit Operations"", ""Transportation Land Use""], ""homepage"": ""https://sppa.uiowa.edu/people/bogdan-kapatsila"", ""citedby"": 291, ""citedby5y"": 288, ""hindex"": 7, ""hindex5y"": 7, ""i10index"": 6, ""i10index5y"": 6, ""cites_per_year"": {""2021"": 3, ""2022"": 6, ""2023"": 26, ""2024"": 57, ""2025"": 106, ""2026"": 90}}"
694,google_scholar,2026-09-15,1686,20,31,822,16,,"{""scholar_id"": ""uSknpnsAAAAJ"", ""name"": ""Phuong Nguyen-Hoang"", ""affiliation"": ""Associate Professor, University of Iowa"", ""email_domain"": ""@uiowa.edu"", ""interests"": [""Public finance and policy analysis""], ""homepage"": ""https://sppa.uiowa.edu/faculty-and-staff"", ""citedby"": 1686, ""citedby5y"": 822, ""hindex"": 20, ""hindex5y"": 16, ""i10index"": 31, ""i10index5y"": 23, ""cites_per_year"": {""2009"": 10, ""2010"": 10, ""2011"": 17, ""2012"": 34, ""2013"": 50, ""2014"": 78, ""2015"": 69, ""2016"": 81, ""2017"": 111, ""2018"": 118, ""2019"": 127, ""2020"": 116, ""2021"": 143, ""2022"": 126, ""2023"": 126, ""2024"": 141, ""2025"": 167, ""2026"": 118}}"
695,google_scholar,2026-09-15,3218,23,31,1913,21,,"{""scholar_id"": ""nE6IM7sAAAAJ"", ""name"": ""Haifeng QIAN"", ""affiliation"": ""Professor, School of Planning & Public Affairs, University of Iowa"", ""email_domain"": ""@uiowa.edu"", ""interests"": [""Economic development"", ""entrepreneurship"", ""innovation"", ""regional science"", ""public policy""], ""homepage"": ""http://urban.uiowa.edu/faculty/haifeng-qian"", ""citedby"": 3218, ""citedby5y"": 1913, ""hindex"": 23, ""hindex5y"": 21, ""i10index"": 31, ""i10index5y"": 29, ""cites_per_year"": {""2010"": 12, ""2011"": 14, ""2012"": 22, ""2013"": 66, ""2014"": 76, ""2015"": 89, ""2016"": 117, ""2017"": 146, ""2018"": 181, ""2019"": 252, ""2020"": 270, ""2021"": 300, ""2022"": 286, ""2023"": 337, ""2024"": 339, ""2025"": 404, ""2026"": 240}}"
696,google_scholar,2026-09-15,3248,32,40,1202,20,,"{""scholar_id"": ""yFS538MAAAAJ"", ""name"": ""Scott Spak"", ""affiliation"": ""University of Iowa"", ""email_domain"": ""@uiowa.edu"", ""interests"": [""Aerosol-climate interactions"", ""Coupled Urban and Earth Systems modeling"", ""Urban Planning""], ""homepage"": ""https://sppa.uiowa.edu/"", ""citedby"": 3248, ""citedby5y"": 1202, ""hindex"": 32, ""hindex5y"": 20, ""i10index"": 40, ""i10index5y"": 28, ""cites_per_year"": {""2008"": 19, ""2009"": 31, ""2010"": 45, ""2011"": 55, ""2012"": 122, ""2013"": 173, ""2014"": 172, ""2015"": 199, ""2016"": 208, ""2017"": 235, ""2018"": 247, ""2019"": 249, ""2020"": 244, ""2021"": 276, ""2022"": 264, ""2023"": 180, ""2024"": 205, ""2025"": 171, ""2026"": 106}}"
697,google_scholar,2026-09-15,192,5,5,178,5,,"{""scholar_id"": ""JJHfVmwAAAAJ"", ""name"": ""Samantha Zuhlke"", ""affiliation"": ""University of Iowa, School of Planning and Public Affairs"", ""email_domain"": ""@uiowa.edu"", ""interests"": [], ""homepage"": ""http://samanthazuhlke.com/"", ""citedby"": 192, ""citedby5y"": 178, ""hindex"": 5, ""hindex5y"": 5, ""i10index"": 5, ""i10index5y"": 5, ""cites_per_year"": {""2019"": 1, ""2020"": 8, ""2021"": 9, ""2022"": 19, ""2023"": 26, ""2024"": 36, ""2025"": 44, ""2026"": 44}}"
698,google_scholar,2026-09-15,448,10,10,295,9,,"{""scholar_id"": ""bZjyNVIAAAAJ"", ""name"": ""Hye-Sung Han"", ""affiliation"": ""University of Kansas"", ""email_domain"": ""@ku.edu"", ""interests"": [""Housing policy"", ""community development"", ""housing abandonment""], ""homepage"": null, ""citedby"": 448, ""citedby5y"": 295, ""hindex"": 10, ""hindex5y"": 9, ""i10index"": 10, ""i10index5y"": 9, ""cites_per_year"": {""2014"": 3, ""2015"": 6, ""2016"": 17, ""2017"": 15, ""2018"": 26, ""2019"": 29, ""2020"": 46, ""2021"": 42, ""2022"": 69, ""2023"": 40, ""2024"": 50, ""2025"": 50, ""2026"": 42}}"
699,google_scholar,2026-09-15,567,15,18,279,10,,"{""scholar_id"": ""seDOjF4AAAAJ"", ""name"": ""Bonnie J. Johnson, PhD, FAICP"", ""affiliation"": ""Asst. Dir. School of Pub. Affairs & Admin./Prof. Urban Planning, University of Kansas"", ""email_domain"": ""@ku.edu"", ""interests"": [""civic bureaucracy"", ""planning practice"", ""media & planning"", ""ethics"", ""leadership""], ""homepage"": ""http://urbanplanning.ku.edu/bonnie-johnson"", ""citedby"": 567, ""citedby5y"": 279, ""hindex"": 15, ""hindex5y"": 10, ""i10index"": 18, ""i10index5y"": 12, ""cites_per_year"": {""2008"": 2, ""2009"": 4, ""2010"": 3, ""2011"": 6, ""2012"": 12, ""2013"": 13, ""2014"": 18, ""2015"": 21, ""2016"": 31, ""2017"": 35, ""2018"": 35, ""2019"": 50, ""2020"": 50, ""2021"": 61, ""2022"": 47, ""2023"": 49, ""2024"": 40, ""2025"": 47, ""2026"": 35}}"
700,google_scholar,2026-09-15,2277,17,18,1309,15,,"{""scholar_id"": ""C54EMucAAAAJ"", ""name"": ""Ward Lyles PhD, AICP"", ""affiliation"": ""Professor of Urban Planning and Indigenous Studies"", ""email_domain"": ""@ku.edu"", ""interests"": [""Environmental planning"", ""land use planning"", ""natural hazards"", ""climate change""], ""homepage"": ""http://compassion.ku.edu/"", ""citedby"": 2277, ""citedby5y"": 1309, ""hindex"": 17, ""hindex5y"": 15, ""i10index"": 18, ""i10index5y"": 17, ""cites_per_year"": {""2012"": 8, ""2013"": 32, ""2014"": 73, ""2015"": 75, ""2016"": 106, ""2017"": 119, ""2018"": 131, ""2019"": 182, ""2020"": 202, ""2021"": 220, ""2022"": 205, ""2023"": 248, ""2024"": 194, ""2025"": 259, ""2026"": 182}}"
701,google_scholar,2026-09-15,23,3,0,19,3,,"{""scholar_id"": ""lHzlmy8AAAAJ"", ""name"": ""Joel Mendez"", ""affiliation"": ""Assistant Professor of Urban Planning, University of Kansas"", ""email_domain"": ""@ku.edu"", ""interests"": [""Transportation Planning and Policy"", ""Urban Economics"", ""Social Equity""], ""homepage"": ""https://urbanplanning.ku.edu/joel-mendez"", ""citedby"": 23, ""citedby5y"": 19, ""hindex"": 3, ""hindex5y"": 3, ""i10index"": 0, ""i10index5y"": 0, ""cites_per_year"": {""2018"": 1, ""2019"": 3, ""2021"": 2, ""2022"": 3, ""2023"": 1, ""2024"": 5, ""2025"": 2, ""2026"": 4}}"
703,google_scholar,2026-09-15,1856,15,19,1147,14,,"{""scholar_id"": ""sAL9a0sAAAAJ"", ""name"": ""Daniel A. DeCaro"", ""affiliation"": ""University of Louisville"", ""email_domain"": ""@louisville.edu"", ""interests"": [""Constitutional & Cooperative Decision-Making"", ""Governance"", ""Social-Ecological Resilience""], ""homepage"": ""https://profiles.louisville.edu/daniel.decaro"", ""citedby"": 1856, ""citedby5y"": 1147, ""hindex"": 15, ""hindex5y"": 14, ""i10index"": 19, ""i10index5y"": 18, ""cites_per_year"": {""2010"": 9, ""2011"": 7, ""2012"": 7, ""2013"": 10, ""2014"": 16, ""2015"": 27, ""2016"": 32, ""2017"": 88, ""2018"": 182, ""2019"": 140, ""2020"": 146, ""2021"": 164, ""2022"": 187, ""2023"": 173, ""2024"": 164, ""2025"": 261, ""2026"": 196}}"
705,google_scholar,2026-09-15,2930,29,55,918,18,,"{""scholar_id"": ""krg22b8AAAAJ"", ""name"": ""John Ingram \""Hans\"" Gilderbloom"", ""affiliation"": ""University of Louisville"", ""email_domain"": ""@louisville.edu"", ""interests"": [""urban policy"", ""housing"", ""transportation"", ""public health"", ""sustainability""], ""homepage"": ""http://sun.louisville.edu/"", ""citedby"": 2930, ""citedby5y"": 918, ""hindex"": 29, ""hindex5y"": 18, ""i10index"": 55, ""i10index5y"": 25, ""cites_per_year"": {""1987"": 9, ""1988"": 10, ""1989"": 24, ""1990"": 35, ""1991"": 33, ""1992"": 31, ""1993"": 33, ""1994"": 43, ""1995"": 39, ""1996"": 47, ""1997"": 31, ""1998"": 47, ""1999"": 23, ""2000"": 27, ""2001"": 29, ""2002"": 22, ""2003"": 46, ""2004"": 21, ""2005"": 42, ""2006"": 24, ""2007"": 34, ""2008"": 50, ""2009"": 70, ""2010"": 53, ""2011"": 56, ""2012"": 74, ""2013"": 57, ""2014"": 62, ""2015"": 113, ""2016"": 134, ""2017"": 143, ""2018"": 157, ""2019"": 150, ""2020"": 140, ""2021"": 185, ""2022"": 151, ""2023"": 135, ""2024"": 204, ""2025"": 153, ""2026"": 89}}"
706,google_scholar,2026-09-15,1380,19,26,566,14,,"{""scholar_id"": ""9xwMDv4AAAAJ"", ""name"": ""Frank Goetzke"", ""affiliation"": ""University of Louisville"", ""email_domain"": ""@louisville.edu"", ""interests"": [""Urban & Regional Economics"", ""Transportation Policy"", ""Sustainability & Governance"", ""Spatial Econometrics"", ""Social Network Analysis""], ""homepage"": ""http://louisville.edu/upa/frank-goetzke.html"", ""citedby"": 1380, ""citedby5y"": 566, ""hindex"": 19, ""hindex5y"": 14, ""i10index"": 26, ""i10index5y"": 18, ""cites_per_year"": {""2009"": 10, ""2010"": 11, ""2011"": 40, ""2012"": 43, ""2013"": 77, ""2014"": 50, ""2015"": 84, ""2016"": 92, ""2017"": 84, ""2018"": 84, ""2019"": 107, ""2020"": 92, ""2021"": 94, ""2022"": 91, ""2023"": 117, ""2024"": 97, ""2025"": 106, ""2026"": 60}}"
707,google_scholar,2026-09-15,2732,24,37,617,15,,"{""scholar_id"": ""9zJEZhEAAAAJ"", ""name"": ""David Imbroscio"", ""affiliation"": ""Professor of Political Science and Urban Affairs, University of Louisville"", ""email_domain"": ""@louisville.edu"", ""interests"": [""Urban Political Economy"", ""Urban Public Policy"", ""Urban Politics""], ""homepage"": null, ""citedby"": 2732, ""citedby5y"": 617, ""hindex"": 24, ""hindex5y"": 15, ""i10index"": 37, ""i10index5y"": 19, ""cites_per_year"": {""1994"": 8, ""1995"": 10, ""1996"": 9, ""1997"": 22, ""1998"": 25, ""1999"": 21, ""2000"": 16, ""2001"": 30, ""2002"": 30, ""2003"": 54, ""2004"": 53, ""2005"": 58, ""2006"": 66, ""2007"": 55, ""2008"": 89, ""2009"": 98, ""2010"": 92, ""2011"": 104, ""2012"": 144, ""2013"": 133, ""2014"": 135, ""2015"": 125, ""2016"": 162, ""2017"": 134, ""2018"": 120, ""2019"": 131, ""2020"": 121, ""2021"": 125, ""2022"": 100, ""2023"": 115, ""2024"": 113, ""2025"": 96, ""2026"": 67}}"
709,google_scholar,2026-09-15,1157,17,29,319,10,,"{""scholar_id"": ""YxRHl94AAAAJ"", ""name"": ""Steven Koven"", ""affiliation"": ""Professor, University of Louisville"", ""email_domain"": ""@louisville.edu"", ""interests"": [""public administration"", ""public policy""], ""homepage"": null, ""citedby"": 1157, ""citedby5y"": 319, ""hindex"": 17, ""hindex5y"": 10, ""i10index"": 29, ""i10index5y"": 10, ""cites_per_year"": {""1991"": 3, ""1992"": 4, ""1993"": 5, ""1994"": 7, ""1995"": 8, ""1996"": 4, ""1997"": 8, ""1998"": 9, ""1999"": 17, ""2000"": 10, ""2001"": 14, ""2002"": 14, ""2003"": 21, ""2004"": 15, ""2005"": 20, ""2006"": 14, ""2007"": 29, ""2008"": 22, ""2009"": 35, ""2010"": 44, ""2011"": 40, ""2012"": 39, ""2013"": 35, ""2014"": 52, ""2015"": 55, ""2016"": 53, ""2017"": 48, ""2018"": 57, ""2019"": 69, ""2020"": 52, ""2021"": 57, ""2022"": 46, ""2023"": 70, ""2024"": 42, ""2025"": 61, ""2026"": 42}}"
711,google_scholar,2026-09-15,1223,17,28,865,14,,"{""scholar_id"": ""ewXHmhMAAAAJ"", ""name"": ""Matt Ruther"", ""affiliation"": ""Professor, University of Louisville"", ""email_domain"": ""@louisville.edu"", ""interests"": [], ""homepage"": ""https://profiles.louisville.edu/matthew.ruther"", ""citedby"": 1223, ""citedby5y"": 865, ""hindex"": 17, ""hindex5y"": 14, ""i10index"": 28, ""i10index5y"": 22, ""cites_per_year"": {""2014"": 4, ""2015"": 9, ""2016"": 36, ""2017"": 54, ""2018"": 70, ""2019"": 73, ""2020"": 91, ""2021"": 107, ""2022"": 143, ""2023"": 158, ""2024"": 173, ""2025"": 183, ""2026"": 99}}"
712,google_scholar,2026-09-15,550,14,18,302,10,,"{""scholar_id"": ""Wjo2ri0AAAAJ"", ""name"": ""Margath Walker"", ""affiliation"": ""University of Louisville"", ""email_domain"": ""@louisville.edu"", ""interests"": [""Borders"", ""Security"", ""Human Geography"", ""Herbert Marcuse"", ""Artificial Intelligence""], ""homepage"": ""https://louisville.edu/geogeo/our-people/profiles/margath-walker-ph.d"", ""citedby"": 550, ""citedby5y"": 302, ""hindex"": 14, ""hindex5y"": 10, ""i10index"": 18, ""i10index5y"": 12, ""cites_per_year"": {""2008"": 4, ""2009"": 14, ""2010"": 12, ""2011"": 11, ""2012"": 12, ""2013"": 12, ""2014"": 25, ""2015"": 10, ""2016"": 14, ""2017"": 20, ""2018"": 25, ""2019"": 36, ""2020"": 43, ""2021"": 26, ""2022"": 43, ""2023"": 40, ""2024"": 55, ""2025"": 62, ""2026"": 73}}"
713,google_scholar,2026-09-15,751,14,15,464,10,,"{""scholar_id"": ""KOzyUC0AAAAJ"", ""name"": ""Sumei Zhang"", ""affiliation"": ""University of Louisville"", ""email_domain"": null, ""interests"": [], ""homepage"": null, ""citedby"": 751, ""citedby5y"": 464, ""hindex"": 14, ""hindex5y"": 10, ""i10index"": 15, ""i10index5y"": 11, ""cites_per_year"": {""2006"": 2, ""2007"": 5, ""2008"": 1, ""2009"": 2, ""2010"": 8, ""2011"": 7, ""2012"": 18, ""2013"": 22, ""2014"": 20, ""2015"": 32, ""2016"": 31, ""2017"": 25, ""2018"": 36, ""2019"": 29, ""2020"": 41, ""2021"": 58, ""2022"": 67, ""2023"": 80, ""2024"": 87, ""2025"": 95, ""2026"": 72}}"
714,google_scholar,2026-09-15,758,12,14,717,12,,"{""scholar_id"": ""nJM_A2EAAAAJ"", ""name"": ""Raphael Ayambire, PhD"", ""affiliation"": ""University of Manitoba"", ""email_domain"": ""@umanitoba.ca"", ""interests"": [""Environmental Planning"", ""Urban Governance"", ""Environmental Justice""], ""homepage"": null, ""citedby"": 758, ""citedby5y"": 717, ""hindex"": 12, ""hindex5y"": 12, ""i10index"": 14, ""i10index5y"": 14, ""cites_per_year"": {""2019"": 2, ""2020"": 31, ""2021"": 42, ""2022"": 66, ""2023"": 113, ""2024"": 130, ""2025"": 210, ""2026"": 152}}"
715,google_scholar,2026-09-15,3992,12,13,733,6,,"{""scholar_id"": ""B7VbV0AAAAAJ"", ""name"": ""Rae St. Clair Bridgman"", ""affiliation"": ""Department of City Planning, University of Manitoba"", ""email_domain"": ""@umanitoba.ca"", ""interests"": [""playful cities"", ""child friendly cities"", ""homelessness in Canada""], ""homepage"": ""https://umanitoba.ca/architecture/rae-bridgman"", ""citedby"": 3992, ""citedby5y"": 733, ""hindex"": 12, ""hindex5y"": 6, ""i10index"": 13, ""i10index5y"": 5, ""cites_per_year"": {""1998"": 14, ""1999"": 28, ""2000"": 82, ""2001"": 102, ""2002"": 117, ""2003"": 121, ""2004"": 139, ""2005"": 158, ""2006"": 142, ""2007"": 157, ""2008"": 157, ""2009"": 167, ""2010"": 131, ""2011"": 135, ""2012"": 189, ""2013"": 151, ""2014"": 187, ""2015"": 194, ""2016"": 173, ""2017"": 181, ""2018"": 127, ""2019"": 170, ""2020"": 152, ""2021"": 159, ""2022"": 140, ""2023"": 124, ""2024"": 131, ""2025"": 110, ""2026"": 69}}"
716,google_scholar,2026-09-15,122,6,2,92,5,,"{""scholar_id"": ""Avbh3P4AAAAJ"", ""name"": ""Sarah EV Cooper"", ""affiliation"": ""Associate Professor, University of Manitoba"", ""email_domain"": ""@umanitoba.ca"", ""interests"": [""housing"", ""social housing"", ""public housing"", ""gentrification"", ""Canada""], ""homepage"": null, ""citedby"": 122, ""citedby5y"": 92, ""hindex"": 6, ""hindex5y"": 5, ""i10index"": 2, ""i10index5y"": 1, ""cites_per_year"": {""2012"": 1, ""2013"": 3, ""2014"": 2, ""2015"": 4, ""2016"": 3, ""2017"": 2, ""2018"": 5, ""2019"": 2, ""2020"": 5, ""2021"": 5, ""2022"": 8, ""2023"": 12, ""2024"": 29, ""2025"": 23, ""2026"": 13}}"
717,google_scholar,2026-09-15,600,13,13,445,12,,"{""scholar_id"": ""tZAaPyAAAAAJ"", ""name"": ""Orly Linovski"", ""affiliation"": ""Associate Professor, City Planning, University of Manitoba"", ""email_domain"": ""@umanitoba.ca"", ""interests"": [""urban planning"", ""professional practice"", ""financialization"", ""transport equity""], ""homepage"": ""https://umanitoba.ca/architecture/orly-linovski"", ""citedby"": 600, ""citedby5y"": 445, ""hindex"": 13, ""hindex5y"": 12, ""i10index"": 13, ""i10index5y"": 12, ""cites_per_year"": {""2012"": 3, ""2013"": 10, ""2014"": 9, ""2015"": 9, ""2016"": 15, ""2017"": 19, ""2018"": 13, ""2019"": 39, ""2020"": 31, ""2021"": 39, ""2022"": 49, ""2023"": 75, ""2024"": 91, ""2025"": 105, ""2026"": 83}}"
719,google_scholar,2026-09-15,6,2,0,0,0,,"{""scholar_id"": ""gqWVZsEAAAAJ"", ""name"": ""David Van Vliet"", ""affiliation"": ""Service Director, Climate Risk and Resilience"", ""email_domain"": null, ""interests"": [""water resources"", ""modelling"", ""groundwater"", ""climate risk"", ""adaptation""], ""homepage"": null, ""citedby"": 6, ""citedby5y"": 0, ""hindex"": 2, ""hindex5y"": 0, ""i10index"": 0, ""i10index5y"": 0, ""cites_per_year"": {""1995"": 1, ""2000"": 2, ""2004"": 1, ""2007"": 1, ""2012"": 1}}"
720,google_scholar,2026-09-15,1757,13,15,1284,12,,"{""scholar_id"": ""TGNBWx4AAAAJ"", ""name"": ""Ariel H. Bierbaum, PhD"", ""affiliation"": ""University of Maryland"", ""email_domain"": ""@umd.edu"", ""interests"": [], ""homepage"": null, ""citedby"": 1757, ""citedby5y"": 1284, ""hindex"": 13, ""hindex5y"": 12, ""i10index"": 15, ""i10index5y"": 13, ""cites_per_year"": {""2012"": 5, ""2013"": 6, ""2014"": 4, ""2015"": 6, ""2016"": 24, ""2017"": 52, ""2018"": 84, ""2019"": 103, ""2020"": 150, ""2021"": 162, ""2022"": 197, ""2023"": 206, ""2024"": 238, ""2025"": 263, ""2026"": 215}}"
727,google_scholar,2026-09-15,355,10,11,210,7,,"{""scholar_id"": ""Gdo8qcsAAAAJ"", ""name"": ""Dawn Eve Jourdan"", ""affiliation"": ""University of Maryland"", ""email_domain"": ""@umd.edu"", ""interests"": [], ""homepage"": null, ""citedby"": 355, ""citedby5y"": 210, ""hindex"": 10, ""hindex5y"": 7, ""i10index"": 11, ""i10index5y"": 4, ""cites_per_year"": {""2008"": 2, ""2009"": 3, ""2010"": 9, ""2011"": 4, ""2012"": 9, ""2013"": 12, ""2014"": 8, ""2015"": 17, ""2016"": 17, ""2017"": 15, ""2018"": 18, ""2019"": 10, ""2020"": 9, ""2021"": 24, ""2022"": 34, ""2023"": 42, ""2024"": 34, ""2025"": 44, ""2026"": 32}}"
728,google_scholar,2026-09-15,8682,41,101,2318,23,,"{""scholar_id"": ""0GNDcJQAAAAJ"", ""name"": ""gerrit-jan knaap"", ""affiliation"": ""Professor, National Center for Smart Growth, University of Maryland"", ""email_domain"": ""@umd.edu"", ""interests"": [], ""homepage"": null, ""citedby"": 8682, ""citedby5y"": 2318, ""hindex"": 41, ""hindex5y"": 23, ""i10index"": 101, ""i10index5y"": 49, ""cites_per_year"": {""1992"": 22, ""1993"": 22, ""1994"": 24, ""1995"": 21, ""1996"": 23, ""1997"": 33, ""1998"": 42, ""1999"": 39, ""2000"": 44, ""2001"": 83, ""2002"": 85, ""2003"": 96, ""2004"": 125, ""2005"": 193, ""2006"": 216, ""2007"": 303, ""2008"": 298, ""2009"": 279, ""2010"": 325, ""2011"": 331, ""2012"": 372, ""2013"": 381, ""2014"": 341, ""2015"": 386, ""2016"": 369, ""2017"": 407, ""2018"": 435, ""2019"": 462, ""2020"": 423, ""2021"": 486, ""2022"": 472, ""2023"": 388, ""2024"": 389, ""2025"": 335, ""2026"": 244}}"
729,google_scholar,2026-09-15,642,12,14,491,12,,"{""scholar_id"": ""i78QCKoAAAAJ"", ""name"": ""Willow S. Lung, Ph.D."", ""affiliation"": ""Associate Professor, Urban Studies and Planning"", ""email_domain"": ""@umd.edu"", ""interests"": [], ""homepage"": ""http://www.willowlungamam.com/"", ""citedby"": 642, ""citedby5y"": 491, ""hindex"": 12, ""hindex5y"": 12, ""i10index"": 14, ""i10index5y"": 13, ""cites_per_year"": {""2013"": 4, ""2014"": 2, ""2015"": 5, ""2016"": 7, ""2017"": 12, ""2018"": 24, ""2019"": 30, ""2020"": 56, ""2021"": 56, ""2022"": 71, ""2023"": 112, ""2024"": 96, ""2025"": 85, ""2026"": 69}}"
732,google_scholar,2026-09-15,700,10,12,424,8,,"{""scholar_id"": ""59-kfsQAAAAJ"", ""name"": ""Jesse Saginor"", ""affiliation"": ""Associate Professor"", ""email_domain"": ""@umd.edu"", ""interests"": [""Affordable housing"", ""economic development"", ""environmental contamination"", ""proptech"", ""real estate""], ""homepage"": ""https://arch.umd.edu/people/jesse-saginor-aicp"", ""citedby"": 700, ""citedby5y"": 424, ""hindex"": 10, ""hindex5y"": 8, ""i10index"": 12, ""i10index5y"": 7, ""cites_per_year"": {""2006"": 3, ""2007"": 3, ""2008"": 7, ""2009"": 5, ""2010"": 12, ""2011"": 21, ""2012"": 17, ""2013"": 25, ""2014"": 14, ""2015"": 16, ""2016"": 33, ""2017"": 26, ""2018"": 21, ""2019"": 20, ""2020"": 33, ""2021"": 47, ""2022"": 64, ""2023"": 64, ""2024"": 78, ""2025"": 97, ""2026"": 70}}"
733,google_scholar,2026-09-15,174,7,7,130,7,,"{""scholar_id"": ""p0ip6xIAAAAJ"", ""name"": ""Camille Barchers"", ""affiliation"": ""University of Massachusetts"", ""email_domain"": ""@umass.edu"", ""interests"": [""urban planning"", ""regional planning"", ""land use & transportation"", ""public engagement"", ""ICT""], ""homepage"": ""http://www.camillebarchers.com/"", ""citedby"": 174, ""citedby5y"": 130, ""hindex"": 7, ""hindex5y"": 7, ""i10index"": 7, ""i10index5y"": 6, ""cites_per_year"": {""2015"": 1, ""2016"": 3, ""2017"": 6, ""2018"": 13, ""2019"": 12, ""2020"": 8, ""2021"": 11, ""2022"": 17, ""2023"": 16, ""2024"": 24, ""2025"": 30, ""2026"": 29}}"
734,google_scholar,2026-09-15,2914,15,22,767,10,,"{""scholar_id"": ""XJzquz0AAAAJ"", ""name"": ""Elizabeth Brabec"", ""affiliation"": ""Professor of Landscape Architecture and Regional Planning, University of Massachusetts Amherst"", ""email_domain"": ""@larp.umass.edu"", ""interests"": [""Heritage landscapes"", ""cultural landscapes"", ""urban agriculture"", ""open space"", ""watershed planning""], ""homepage"": ""http://works.bepress.com/elizabeth_brabec"", ""citedby"": 2914, ""citedby5y"": 767, ""hindex"": 15, ""hindex5y"": 10, ""i10index"": 22, ""i10index5y"": 10, ""cites_per_year"": {""1994"": 8, ""1995"": 13, ""1996"": 17, ""1997"": 26, ""1998"": 13, ""1999"": 10, ""2000"": 18, ""2001"": 21, ""2002"": 33, ""2003"": 24, ""2004"": 38, ""2005"": 34, ""2006"": 65, ""2007"": 78, ""2008"": 69, ""2009"": 93, ""2010"": 89, ""2011"": 83, ""2012"": 95, ""2013"": 147, ""2014"": 135, ""2015"": 151, ""2016"": 170, ""2017"": 151, ""2018"": 171, ""2019"": 143, ""2020"": 194, ""2021"": 163, ""2022"": 158, ""2023"": 150, ""2024"": 125, ""2025"": 105, ""2026"": 66}}"
735,google_scholar,2026-09-15,3059,22,29,2558,21,,"{""scholar_id"": ""e-vQNHcAAAAJ"", ""name"": ""Theodore S. Eisenman"", ""affiliation"": ""University of Massachusetts, Amherst"", ""email_domain"": ""@umass.edu"", ""interests"": [""Urban Greening"", ""Landscape Architecture"", ""Urban Planning""], ""homepage"": ""https://www.umass.edu/larp/people/theodore-eisenman"", ""citedby"": 3059, ""citedby5y"": 2558, ""hindex"": 22, ""hindex5y"": 21, ""i10index"": 29, ""i10index5y"": 25, ""cites_per_year"": {""2014"": 17, ""2015"": 17, ""2016"": 28, ""2017"": 30, ""2018"": 56, ""2019"": 86, ""2020"": 200, ""2021"": 330, ""2022"": 413, ""2023"": 402, ""2024"": 509, ""2025"": 566, ""2026"": 329}}"
736,google_scholar,2026-09-15,2186,22,33,792,12,,"{""scholar_id"": ""2l8cHzEAAAAJ"", ""name"": ""Elisabeth Infield"", ""affiliation"": ""Professor of Regional Planning, University of Massachusetts, Amherst"", ""email_domain"": ""@umass.edu"", ""interests"": [""land use"", ""climate change"", ""land protection"", ""adaptation""], ""homepage"": null, ""citedby"": 2186, ""citedby5y"": 792, ""hindex"": 22, ""hindex5y"": 12, ""i10index"": 33, ""i10index5y"": 15, ""cites_per_year"": {""2004"": 8, ""2005"": 13, ""2006"": 7, ""2007"": 15, ""2008"": 20, ""2009"": 43, ""2010"": 47, ""2011"": 83, ""2012"": 87, ""2013"": 140, ""2014"": 128, ""2015"": 127, ""2016"": 117, ""2017"": 113, ""2018"": 135, ""2019"": 127, ""2020"": 129, ""2021"": 144, ""2022"": 133, ""2023"": 143, ""2024"": 146, ""2025"": 125, ""2026"": 100}}"
737,google_scholar,2026-09-15,128,5,3,88,4,,"{""scholar_id"": ""BuJtkcAAAAAJ"", ""name"": ""Darrel Ramsey-Musolf"", ""affiliation"": ""Associate Professor, UMass Amherst"", ""email_domain"": ""@umass.edu"", ""interests"": [""housing"", ""land-use"", ""planning""], ""homepage"": ""https://www.umass.edu/larp/people/darrel-ramsey-musolf"", ""citedby"": 128, ""citedby5y"": 88, ""hindex"": 5, ""hindex5y"": 4, ""i10index"": 3, ""i10index5y"": 3, ""cites_per_year"": {""2017"": 5, ""2018"": 9, ""2019"": 10, ""2020"": 15, ""2021"": 12, ""2022"": 9, ""2023"": 15, ""2024"": 19, ""2025"": 21, ""2026"": 12}}"
738,google_scholar,2026-09-15,2538,22,34,901,15,,"{""scholar_id"": ""VcmwudUAAAAJ"", ""name"": ""Henry Renski"", ""affiliation"": ""University of Massachusetts Amherst"", ""email_domain"": ""@larp.umass.edu"", ""interests"": [""Entrepreneurship"", ""Regional Development"", ""Economic Development Policy""], ""homepage"": null, ""citedby"": 2538, ""citedby5y"": 901, ""hindex"": 22, ""hindex5y"": 15, ""i10index"": 34, ""i10index5y"": 20, ""cites_per_year"": {""2002"": 17, ""2003"": 24, ""2004"": 23, ""2005"": 46, ""2006"": 47, ""2007"": 61, ""2008"": 64, ""2009"": 68, ""2010"": 75, ""2011"": 79, ""2012"": 90, ""2013"": 114, ""2014"": 120, ""2015"": 115, ""2016"": 113, ""2017"": 131, ""2018"": 124, ""2019"": 144, ""2020"": 126, ""2021"": 138, ""2022"": 137, ""2023"": 179, ""2024"": 161, ""2025"": 163, ""2026"": 122}}"
741,google_scholar,2026-09-15,6412,30,47,2138,22,,"{""scholar_id"": ""rpxghbMAAAAJ"", ""name"": ""Ellen Douglas"", ""affiliation"": ""Associate Professor, School for the Environment, University of Massachusetts Boston"", ""email_domain"": ""@umb.edu"", ""interests"": [""hydrology"", ""water resources management"", ""climate change"", ""hydroclimatology"", ""irrigation""], ""homepage"": null, ""citedby"": 6412, ""citedby5y"": 2138, ""hindex"": 30, ""hindex5y"": 22, ""i10index"": 47, ""i10index5y"": 32, ""cites_per_year"": {""2001"": 16, ""2002"": 32, ""2003"": 35, ""2004"": 36, ""2005"": 49, ""2006"": 69, ""2007"": 70, ""2008"": 128, ""2009"": 150, ""2010"": 180, ""2011"": 194, ""2012"": 270, ""2013"": 290, ""2014"": 359, ""2015"": 322, ""2016"": 367, ""2017"": 355, ""2018"": 396, ""2019"": 425, ""2020"": 385, ""2021"": 423, ""2022"": 446, ""2023"": 374, ""2024"": 321, ""2025"": 341, ""2026"": 231}}"
743,google_scholar,2026-09-15,615,10,10,297,10,,"{""scholar_id"": ""zxWTHW4AAAAJ"", ""name"": ""Lorena M. Estrada-Martinez"", ""affiliation"": ""Associate Professor of Environment and Public Health, UPCD/SFE, UMass Boston"", ""email_domain"": ""@umb.edu"", ""interests"": [""public health"", ""social epidemiology"", ""health inequity"", ""CBPR"", ""environmental justice""], ""homepage"": null, ""citedby"": 615, ""citedby5y"": 297, ""hindex"": 10, ""hindex5y"": 10, ""i10index"": 10, ""i10index5y"": 10, ""cites_per_year"": {""2007"": 3, ""2008"": 5, ""2009"": 13, ""2010"": 7, ""2011"": 7, ""2012"": 14, ""2013"": 23, ""2014"": 20, ""2015"": 33, ""2016"": 41, ""2017"": 31, ""2018"": 31, ""2019"": 41, ""2020"": 43, ""2021"": 55, ""2022"": 58, ""2023"": 47, ""2024"": 42, ""2025"": 62, ""2026"": 33}}"
745,google_scholar,2026-09-15,117,5,2,86,3,,"{""scholar_id"": ""XZ5n0n0AAAAJ"", ""name"": ""Michael Johnson"", ""affiliation"": ""Professor and Department Chair, University of Massachusetts Boston"", ""email_domain"": ""@umb.edu"", ""interests"": [""operations research"", ""urban planning"", ""public policy""], ""homepage"": ""https://www.umb.edu/faculty_staff/list/michael_johnson"", ""citedby"": 117, ""citedby5y"": 86, ""hindex"": 5, ""hindex5y"": 3, ""i10index"": 2, ""i10index5y"": 1, ""cites_per_year"": {""2010"": 3, ""2011"": 1, ""2012"": 2, ""2014"": 3, ""2015"": 4, ""2016"": 3, ""2017"": 3, ""2018"": 3, ""2019"": 1, ""2020"": 6, ""2021"": 10, ""2022"": 8, ""2023"": 12, ""2024"": 25, ""2025"": 18, ""2026"": 13}}"
746,google_scholar,2026-09-15,361,8,6,245,7,,"{""scholar_id"": ""SkM-vXkAAAAJ"", ""name"": ""Antonio Raciti"", ""affiliation"": ""Associate Professor of Urban Planning, La Sapienza University of Rome"", ""email_domain"": ""@uniroma1.it"", ""interests"": [""Scholarship of Engagment"", ""Action Reseach"", ""Community Planning"", ""Ecological Design""], ""homepage"": null, ""citedby"": 361, ""citedby5y"": 245, ""hindex"": 8, ""hindex5y"": 7, ""i10index"": 6, ""i10index5y"": 6, ""cites_per_year"": {""2014"": 2, ""2015"": 2, ""2016"": 5, ""2017"": 6, ""2018"": 24, ""2019"": 19, ""2020"": 47, ""2021"": 44, ""2022"": 45, ""2023"": 38, ""2024"": 34, ""2025"": 57, ""2026"": 26}}"
747,google_scholar,2026-09-15,1351,19,26,317,9,,"{""scholar_id"": ""n02_iqAAAAAJ"", ""name"": ""Kenneth M. Reardon"", ""affiliation"": ""University of Massachusetts Boston"", ""email_domain"": ""@umb.edu"", ""interests"": [""Economic and community development""], ""homepage"": null, ""citedby"": 1351, ""citedby5y"": 317, ""hindex"": 19, ""hindex5y"": 9, ""i10index"": 26, ""i10index5y"": 9, ""cites_per_year"": {""1997"": 8, ""1998"": 8, ""1999"": 12, ""2000"": 23, ""2001"": 28, ""2002"": 33, ""2003"": 26, ""2004"": 30, ""2005"": 38, ""2006"": 31, ""2007"": 42, ""2008"": 56, ""2009"": 49, ""2010"": 71, ""2011"": 43, ""2012"": 49, ""2013"": 37, ""2014"": 60, ""2015"": 61, ""2016"": 59, ""2017"": 60, ""2018"": 70, ""2019"": 39, ""2020"": 61, ""2021"": 51, ""2022"": 73, ""2023"": 51, ""2024"": 48, ""2025"": 64, ""2026"": 30}}"
748,google_scholar,2026-09-15,2014,25,56,1195,20,,"{""scholar_id"": ""kJY5LJAAAAAJ"", ""name"": ""Carlos Eduardo Gomes Siqueira"", ""affiliation"": ""Professor Emeritus, UMass Boston"", ""email_domain"": ""@umb.edu"", ""interests"": [""public health"", ""health policy"", ""worker health and safety"", ""immigrant health""], ""homepage"": null, ""citedby"": 2014, ""citedby5y"": 1195, ""hindex"": 25, ""hindex5y"": 20, ""i10index"": 56, ""i10index5y"": 40, ""cites_per_year"": {""2003"": 7, ""2004"": 8, ""2005"": 19, ""2006"": 18, ""2007"": 12, ""2008"": 15, ""2009"": 17, ""2010"": 14, ""2011"": 23, ""2012"": 34, ""2013"": 55, ""2014"": 48, ""2015"": 49, ""2016"": 75, ""2017"": 80, ""2018"": 84, ""2019"": 85, ""2020"": 124, ""2021"": 210, ""2022"": 195, ""2023"": 232, ""2024"": 200, ""2025"": 212, ""2026"": 138}}"
749,google_scholar,2026-09-15,1180,14,20,741,14,,"{""scholar_id"": ""lBwubQoAAAAJ"", ""name"": ""Elizabeth L. Sweet"", ""affiliation"": ""University of Mass Boston Urban Planning and Community Development"", ""email_domain"": ""@umb.edu"", ""interests"": [""immigraiton"", ""gender violence"", ""sustainable economic/community developent"", ""identity/intersectionality""], ""homepage"": null, ""citedby"": 1180, ""citedby5y"": 741, ""hindex"": 14, ""hindex5y"": 14, ""i10index"": 20, ""i10index5y"": 16, ""cites_per_year"": {""2011"": 6, ""2012"": 12, ""2013"": 17, ""2014"": 11, ""2015"": 31, ""2016"": 27, ""2017"": 53, ""2018"": 69, ""2019"": 77, ""2020"": 108, ""2021"": 120, ""2022"": 133, ""2023"": 126, ""2024"": 137, ""2025"": 131, ""2026"": 93}}"
750,google_scholar,2026-09-15,3215,16,17,2020,14,,"{""scholar_id"": ""1egZe0gAAAAJ"", ""name"": ""Alan Wiig"", ""affiliation"": ""University of Florida"", ""email_domain"": ""@ufl.edu"", ""interests"": [""Geography"", ""Infrastructure"", ""Urban Planning"", ""Policy"", ""Economic Development""], ""homepage"": ""https://alanwiig.notion.site/Alan-Wiig-8e2af1dafc4f414eb99b3fba22af0a48?pvs=4"", ""citedby"": 3215, ""citedby5y"": 2020, ""hindex"": 16, ""hindex5y"": 14, ""i10index"": 17, ""i10index5y"": 14, ""cites_per_year"": {""2015"": 38, ""2016"": 97, ""2017"": 130, ""2018"": 225, ""2019"": 294, ""2020"": 349, ""2021"": 329, ""2022"": 359, ""2023"": 352, ""2024"": 350, ""2025"": 346, ""2026"": 282}}"
751,google_scholar,2026-09-15,15,2,0,13,2,,"{""scholar_id"": ""bZXPQuIAAAAJ"", ""name"": ""Atyeh Ashtari"", ""affiliation"": ""Assistant Professor at University of Washington, Tacoma"", ""email_domain"": ""@uw.edu"", ""interests"": [""Community Development"", ""Community Economies"", ""Intersectionality"", ""Humane Urbanism"", ""Storytelling""], ""homepage"": ""https://www.atyehashtari.com/"", ""citedby"": 15, ""citedby5y"": 13, ""hindex"": 2, ""hindex5y"": 2, ""i10index"": 0, ""i10index5y"": 0, ""cites_per_year"": {""2013"": 2, ""2022"": 1, ""2023"": 2, ""2024"": 2, ""2025"": 2, ""2026"": 5}}"
752,google_scholar,2026-09-15,2430,22,35,866,14,,"{""scholar_id"": ""dRVO2WQAAAAJ"", ""name"": ""Reza Banai"", ""affiliation"": ""Professor of City and Regional Planning, University of Memphis"", ""email_domain"": ""@memphis.edu"", ""interests"": [""Urban Morphology"", ""Resilient Cities and Regions"", ""Urban Design"", ""Land Use/Transportation Planning""], ""homepage"": ""http://blogs.memphis.edu/rbanai/"", ""citedby"": 2430, ""citedby5y"": 866, ""hindex"": 22, ""hindex5y"": 14, ""i10index"": 35, ""i10index5y"": 19, ""cites_per_year"": {""1994"": 8, ""1995"": 10, ""1996"": 16, ""1997"": 13, ""1998"": 24, ""1999"": 12, ""2000"": 19, ""2001"": 30, ""2002"": 45, ""2003"": 25, ""2004"": 29, ""2005"": 38, ""2006"": 53, ""2007"": 37, ""2008"": 60, ""2009"": 53, ""2010"": 67, ""2011"": 64, ""2012"": 81, ""2013"": 99, ""2014"": 95, ""2015"": 95, ""2016"": 105, ""2017"": 77, ""2018"": 106, ""2019"": 116, ""2020"": 125, ""2021"": 150, ""2022"": 189, ""2023"": 154, ""2024"": 146, ""2025"": 139, ""2026"": 88}}"
753,google_scholar,2026-09-15,843,18,26,769,17,,"{""scholar_id"": ""7Lnw1MgAAAAJ"", ""name"": ""Stephen Kofi Diko"", ""affiliation"": ""University of Memphis"", ""email_domain"": ""@memphis.edu"", ""interests"": [""Adaptation & resilience"", ""Urban Greenspace Planning"", ""Flood risk reduction & response"", ""plan evaluation""], ""homepage"": null, ""citedby"": 843, ""citedby5y"": 769, ""hindex"": 18, ""hindex5y"": 17, ""i10index"": 26, ""i10index5y"": 24, ""cites_per_year"": {""2015"": 4, ""2016"": 4, ""2017"": 6, ""2018"": 7, ""2019"": 15, ""2020"": 27, ""2021"": 50, ""2022"": 65, ""2023"": 133, ""2024"": 167, ""2025"": 234, ""2026"": 116}}"
754,google_scholar,2026-09-15,1228,13,16,741,10,,"{""scholar_id"": ""S0uWgf8AAAAJ"", ""name"": ""Andrew Guthrie"", ""affiliation"": ""Assistant Professor of City and Regional Planning, University of Memphis"", ""email_domain"": ""@memphis.edu"", ""interests"": [""Public Transit"", ""Non-motorized Transportation"", ""Transit-Oriented Development"", ""Housing""], ""homepage"": null, ""citedby"": 1228, ""citedby5y"": 741, ""hindex"": 13, ""hindex5y"": 10, ""i10index"": 16, ""i10index5y"": 10, ""cites_per_year"": {""2012"": 7, ""2013"": 12, ""2014"": 11, ""2015"": 17, ""2016"": 36, ""2017"": 47, ""2018"": 94, ""2019"": 113, ""2020"": 134, ""2021"": 126, ""2022"": 123, ""2023"": 131, ""2024"": 113, ""2025"": 148, ""2026"": 100}}"
755,google_scholar,2026-09-15,546,8,8,158,6,,"{""scholar_id"": ""IFUwjXcAAAAJ"", ""name"": ""Charles A. Santo"", ""affiliation"": ""Associate Professor of City and Regional Planning, The University of Memphis"", ""email_domain"": ""@memphis.edu"", ""interests"": [], ""homepage"": null, ""citedby"": 546, ""citedby5y"": 158, ""hindex"": 8, ""hindex5y"": 6, ""i10index"": 8, ""i10index5y"": 4, ""cites_per_year"": {""2006"": 5, ""2007"": 11, ""2008"": 9, ""2009"": 6, ""2010"": 18, ""2011"": 15, ""2012"": 33, ""2013"": 29, ""2014"": 28, ""2015"": 38, ""2016"": 37, ""2017"": 42, ""2018"": 36, ""2019"": 36, ""2020"": 36, ""2021"": 18, ""2022"": 25, ""2023"": 24, ""2024"": 40, ""2025"": 22, ""2026"": 29}}"
757,google_scholar,2026-09-15,9586,23,28,3605,15,,"{""scholar_id"": ""2h2zINcAAAAJ"", ""name"": ""Scott D. Campbell"", ""affiliation"": ""Associate Professor of Urban Planning, University of Michigan"", ""email_domain"": ""@umich.edu"", ""interests"": [""planning theory"", ""planning history"", ""sustainability"", ""regional planning""], ""homepage"": ""http://www-personal.umich.edu/~sdcamp/"", ""citedby"": 9586, ""citedby5y"": 3605, ""hindex"": 23, ""hindex5y"": 15, ""i10index"": 28, ""i10index5y"": 17, ""cites_per_year"": {""1995"": 30, ""1996"": 37, ""1997"": 42, ""1998"": 55, ""1999"": 80, ""2000"": 84, ""2001"": 102, ""2002"": 98, ""2003"": 139, ""2004"": 146, ""2005"": 150, ""2006"": 168, ""2007"": 203, ""2008"": 210, ""2009"": 239, ""2010"": 247, ""2011"": 264, ""2012"": 282, ""2013"": 354, ""2014"": 328, ""2015"": 359, ""2016"": 370, ""2017"": 393, ""2018"": 416, ""2019"": 447, ""2020"": 454, ""2021"": 877, ""2022"": 722, ""2023"": 575, ""2024"": 545, ""2025"": 524, ""2026"": 344}}"
758,google_scholar,2026-09-15,903,15,16,397,13,,"{""scholar_id"": ""0K7uj_gAAAAJ"", ""name"": ""Lan Deng"", ""affiliation"": ""university of michigan"", ""email_domain"": ""@umich.edu"", ""interests"": [], ""homepage"": null, ""citedby"": 903, ""citedby5y"": 397, ""hindex"": 15, ""hindex5y"": 13, ""i10index"": 16, ""i10index5y"": 13, ""cites_per_year"": {""2005"": 3, ""2006"": 3, ""2007"": 5, ""2008"": 7, ""2009"": 15, ""2010"": 15, ""2011"": 23, ""2012"": 28, ""2013"": 40, ""2014"": 42, ""2015"": 35, ""2016"": 59, ""2017"": 47, ""2018"": 53, ""2019"": 46, ""2020"": 67, ""2021"": 62, ""2022"": 65, ""2023"": 62, ""2024"": 72, ""2025"": 98, ""2026"": 37}}"
759,google_scholar,2026-09-15,1990,24,42,1253,21,,"{""scholar_id"": ""QipNk0AAAAAJ"", ""name"": ""Robert Goodspeed"", ""affiliation"": ""Associate Professor of Urban and Regional Planning, University of Michigan"", ""email_domain"": ""@umich.edu"", ""interests"": [""urban planning"", ""scenario planning"", ""GIS"", ""collaboration"", ""urban informatics""], ""homepage"": ""https://sites.google.com/umich.edu/rgoodspe/home"", ""citedby"": 1990, ""citedby5y"": 1253, ""hindex"": 24, ""hindex5y"": 21, ""i10index"": 42, ""i10index5y"": 34, ""cites_per_year"": {""2010"": 6, ""2011"": 4, ""2012"": 8, ""2013"": 12, ""2014"": 9, ""2015"": 39, ""2016"": 60, ""2017"": 116, ""2018"": 99, ""2019"": 160, ""2020"": 178, ""2021"": 176, ""2022"": 215, ""2023"": 210, ""2024"": 244, ""2025"": 234, ""2026"": 168}}"
760,google_scholar,2026-09-15,2794,20,26,1339,15,,"{""scholar_id"": ""HIygntMAAAAJ"", ""name"": ""Joe Grengs"", ""affiliation"": ""University of Michigan"", ""email_domain"": ""@umich.edu"", ""interests"": [""Transportation Planning"", ""Social Justice"", ""Accessibility"", ""Spatial Analysis""], ""homepage"": null, ""citedby"": 2794, ""citedby5y"": 1339, ""hindex"": 20, ""hindex5y"": 15, ""i10index"": 26, ""i10index5y"": 18, ""cites_per_year"": {""2004"": 8, ""2005"": 14, ""2006"": 8, ""2007"": 11, ""2008"": 8, ""2009"": 16, ""2010"": 27, ""2011"": 38, ""2012"": 62, ""2013"": 71, ""2014"": 92, ""2015"": 100, ""2016"": 150, ""2017"": 143, ""2018"": 184, ""2019"": 214, ""2020"": 230, ""2021"": 251, ""2022"": 258, ""2023"": 196, ""2024"": 212, ""2025"": 245, ""2026"": 177}}"
761,google_scholar,2026-09-15,2692,20,23,1763,15,,"{""scholar_id"": ""UUhJBGYAAAAJ"", ""name"": ""Lesli Hoey"", ""affiliation"": ""University of Michigan"", ""email_domain"": ""@umich.edu"", ""interests"": [""Food systems planning"", ""policy science"", ""implementation science"", ""collaborative planning"", ""evaluation""], ""homepage"": ""http://taubmancollege.umich.edu/faculty/directory/lesli-hoey"", ""citedby"": 2692, ""citedby5y"": 1763, ""hindex"": 20, ""hindex5y"": 15, ""i10index"": 23, ""i10index5y"": 20, ""cites_per_year"": {""2004"": 14, ""2005"": 10, ""2006"": 10, ""2007"": 18, ""2008"": 9, ""2009"": 7, ""2010"": 8, ""2011"": 21, ""2012"": 32, ""2013"": 44, ""2014"": 44, ""2015"": 38, ""2016"": 37, ""2017"": 64, ""2018"": 112, ""2019"": 184, ""2020"": 226, ""2021"": 302, ""2022"": 289, ""2023"": 267, ""2024"": 306, ""2025"": 332, ""2026"": 256}}"
762,google_scholar,2026-09-15,367,7,5,198,6,,"{""scholar_id"": ""cYNSNRAAAAAJ"", ""name"": ""Kimberley Kinder"", ""affiliation"": ""University of Michigan"", ""email_domain"": ""@umich.edu"", ""interests"": [""Geography""], ""homepage"": null, ""citedby"": 367, ""citedby5y"": 198, ""hindex"": 7, ""hindex5y"": 6, ""i10index"": 5, ""i10index5y"": 5, ""cites_per_year"": {""2013"": 1, ""2014"": 2, ""2015"": 4, ""2016"": 11, ""2017"": 13, ""2018"": 38, ""2019"": 46, ""2020"": 48, ""2021"": 37, ""2022"": 27, ""2023"": 38, ""2024"": 29, ""2025"": 43, ""2026"": 24}}"
763,google_scholar,2026-09-15,6745,28,40,3068,24,,"{""scholar_id"": ""NfbC4bgAAAAJ"", ""name"": ""Larissa Larsen"", ""affiliation"": ""University of Michigan"", ""email_domain"": ""@umich.edu"", ""interests"": [""Environmental planning"", ""urban sustainability"", ""extreme heat"", ""social justice""], ""homepage"": null, ""citedby"": 6745, ""citedby5y"": 3068, ""hindex"": 28, ""hindex5y"": 24, ""i10index"": 40, ""i10index5y"": 33, ""cites_per_year"": {""2005"": 19, ""2006"": 27, ""2007"": 66, ""2008"": 90, ""2009"": 111, ""2010"": 152, ""2011"": 157, ""2012"": 202, ""2013"": 240, ""2014"": 272, ""2015"": 299, ""2016"": 366, ""2017"": 360, ""2018"": 335, ""2019"": 392, ""2020"": 423, ""2021"": 449, ""2022"": 518, ""2023"": 521, ""2024"": 546, ""2025"": 620, ""2026"": 414}}"
764,google_scholar,2026-09-15,5651,29,51,1942,20,,"{""scholar_id"": ""fUBqE7kAAAAJ"", ""name"": ""Jonathan Levine"", ""affiliation"": ""Professor of Urban Planning"", ""email_domain"": ""@umich.edu"", ""interests"": [""Transportation and Land-Use Planning""], ""homepage"": null, ""citedby"": 5651, ""citedby5y"": 1942, ""hindex"": 29, ""hindex5y"": 20, ""i10index"": 51, ""i10index5y"": 32, ""cites_per_year"": {""1993"": 23, ""1994"": 24, ""1995"": 41, ""1996"": 41, ""1997"": 34, ""1998"": 48, ""1999"": 47, ""2000"": 62, ""2001"": 86, ""2002"": 97, ""2003"": 93, ""2004"": 100, ""2005"": 101, ""2006"": 111, ""2007"": 129, ""2008"": 148, ""2009"": 162, ""2010"": 166, ""2011"": 164, ""2012"": 161, ""2013"": 182, ""2014"": 178, ""2015"": 189, ""2016"": 205, ""2017"": 223, ""2018"": 211, ""2019"": 260, ""2020"": 298, ""2021"": 340, ""2022"": 346, ""2023"": 326, ""2024"": 325, ""2025"": 363, ""2026"": 240}}"
765,google_scholar,2026-09-15,148,7,5,148,7,,"{""scholar_id"": ""0mnFK5AAAAAJ"", ""name"": ""Xiaofan Liang"", ""affiliation"": ""Assistant Professor of Urban and Regional Planning"", ""email_domain"": ""@umich.edu"", ""interests"": [""Urban Networks"", ""Urban AI""], ""homepage"": ""https://www.xiaofanliang.com/"", ""citedby"": 148, ""citedby5y"": 148, ""hindex"": 7, ""hindex5y"": 7, ""i10index"": 5, ""i10index5y"": 5, ""cites_per_year"": {""2021"": 4, ""2022"": 7, ""2023"": 15, ""2024"": 23, ""2025"": 50, ""2026"": 47}}"
766,google_scholar,2026-09-15,3687,28,38,997,14,,"{""scholar_id"": ""Jy1iaUQAAAAJ"", ""name"": ""Martin J. Murray"", ""affiliation"": ""Professor of Urban Planning, Taubman College of Architecture and Urban Planning, University of"", ""email_domain"": ""@umich.edu"", ""interests"": [""urban studies"", ""urban Africa"", ""cities""], ""homepage"": null, ""citedby"": 3687, ""citedby5y"": 997, ""hindex"": 28, ""hindex5y"": 14, ""i10index"": 38, ""i10index5y"": 21, ""cites_per_year"": {""1989"": 29, ""1990"": 15, ""1991"": 20, ""1992"": 31, ""1993"": 9, ""1994"": 20, ""1995"": 16, ""1996"": 34, ""1997"": 37, ""1998"": 38, ""1999"": 27, ""2000"": 39, ""2001"": 49, ""2002"": 43, ""2003"": 36, ""2004"": 48, ""2005"": 45, ""2006"": 38, ""2007"": 41, ""2008"": 50, ""2009"": 77, ""2010"": 67, ""2011"": 79, ""2012"": 87, ""2013"": 141, ""2014"": 177, ""2015"": 160, ""2016"": 204, ""2017"": 217, ""2018"": 204, ""2019"": 252, ""2020"": 233, ""2021"": 216, ""2022"": 178, ""2023"": 189, ""2024"": 156, ""2025"": 148, ""2026"": 110}}"
767,google_scholar,2026-09-15,1262,17,21,544,12,,"{""scholar_id"": ""DZGlBXUAAAAJ"", ""name"": ""Richard K. Norton"", ""affiliation"": ""Urban and Regional Planning, University of Michigan"", ""email_domain"": ""@umich.edu"", ""interests"": [""Land Use Planning"", ""Planning Law"", ""Coastal Area Management"", ""Sustainable Development""], ""homepage"": null, ""citedby"": 1262, ""citedby5y"": 544, ""hindex"": 17, ""hindex5y"": 12, ""i10index"": 21, ""i10index5y"": 13, ""cites_per_year"": {""2005"": 8, ""2006"": 5, ""2007"": 14, ""2008"": 33, ""2009"": 22, ""2010"": 37, ""2011"": 49, ""2012"": 41, ""2013"": 35, ""2014"": 60, ""2015"": 48, ""2016"": 50, ""2017"": 65, ""2018"": 66, ""2019"": 71, ""2020"": 76, ""2021"": 87, ""2022"": 94, ""2023"": 96, ""2024"": 94, ""2025"": 93, ""2026"": 80}}"
768,google_scholar,2026-09-15,515,15,18,419,13,,"{""scholar_id"": ""w5GSE3MAAAAJ"", ""name"": ""Ana Paula Pimentel Walker"", ""affiliation"": ""Associate Professor, University of Michigan, Ann Arbor"", ""email_domain"": ""@umich.edu"", ""interests"": [""Participatory Budgeting"", ""Informal Settlements"", ""Slum Upgrading"", ""Environmental Justice"", ""Migration & Resettlement""], ""homepage"": null, ""citedby"": 515, ""citedby5y"": 419, ""hindex"": 15, ""hindex5y"": 13, ""i10index"": 18, ""i10index5y"": 17, ""cites_per_year"": {""2013"": 2, ""2014"": 3, ""2015"": 5, ""2016"": 8, ""2017"": 8, ""2018"": 17, ""2019"": 15, ""2020"": 17, ""2021"": 40, ""2022"": 48, ""2023"": 59, ""2024"": 80, ""2025"": 116, ""2026"": 71}}"
770,google_scholar,2026-09-15,1174,18,24,656,14,,"{""scholar_id"": ""NAvongwAAAAJ"", ""name"": ""Ryan Allen"", ""affiliation"": ""Professor and Associate Dean for Research, University of Minnesota"", ""email_domain"": ""@umn.edu"", ""interests"": [""Urban planning"", ""immigration"", ""housing"", ""community development""], ""homepage"": null, ""citedby"": 1174, ""citedby5y"": 656, ""hindex"": 18, ""hindex5y"": 14, ""i10index"": 24, ""i10index5y"": 16, ""cites_per_year"": {""2010"": 7, ""2011"": 12, ""2012"": 18, ""2013"": 46, ""2014"": 40, ""2015"": 37, ""2016"": 57, ""2017"": 59, ""2018"": 70, ""2019"": 61, ""2020"": 91, ""2021"": 98, ""2022"": 84, ""2023"": 95, ""2024"": 130, ""2025"": 142, ""2026"": 105}}"
771,google_scholar,2026-09-15,9849,56,144,4026,35,,"{""scholar_id"": ""KBDa5yMAAAAJ"", ""name"": ""Ragui Assaad"", ""affiliation"": ""Professor, Humphrey School of Public Affairs, University of Minnesota"", ""email_domain"": ""@umn.edu"", ""interests"": [""labor markets"", ""development""], ""homepage"": ""https://www.hhh.umn.edu/directory/ragui-assaad"", ""citedby"": 9849, ""citedby5y"": 4026, ""hindex"": 56, ""hindex5y"": 35, ""i10index"": 144, ""i10index5y"": 99, ""cites_per_year"": {""1999"": 35, ""2000"": 48, ""2001"": 57, ""2002"": 67, ""2003"": 73, ""2004"": 57, ""2005"": 103, ""2006"": 73, ""2007"": 94, ""2008"": 114, ""2009"": 149, ""2010"": 156, ""2011"": 209, ""2012"": 267, ""2013"": 281, ""2014"": 373, ""2015"": 432, ""2016"": 498, ""2017"": 497, ""2018"": 633, ""2019"": 637, ""2020"": 614, ""2021"": 607, ""2022"": 710, ""2023"": 606, ""2024"": 731, ""2025"": 682, ""2026"": 670}}"
774,google_scholar,2026-09-15,21460,78,156,11984,62,,"{""scholar_id"": ""2QrL8M0AAAAJ"", ""name"": ""Xinyu (Jason) CAO"", ""affiliation"": ""Professor, Humphrey School of Public Affairs, University of Minnesota"", ""email_domain"": ""@umn.edu"", ""interests"": [""land use and transportation"", ""satisfaction"", ""ICT and travel"", ""urban planning""], ""homepage"": ""https://sites.google.com/umn.edu/cao"", ""citedby"": 21460, ""citedby5y"": 11984, ""hindex"": 78, ""hindex5y"": 62, ""i10index"": 156, ""i10index5y"": 139, ""cites_per_year"": {""2006"": 74, ""2007"": 154, ""2008"": 178, ""2009"": 280, ""2010"": 354, ""2011"": 393, ""2012"": 458, ""2013"": 608, ""2014"": 694, ""2015"": 731, ""2016"": 757, ""2017"": 910, ""2018"": 1022, ""2019"": 1123, ""2020"": 1372, ""2021"": 1689, ""2022"": 1997, ""2023"": 1977, ""2024"": 2249, ""2025"": 2471, ""2026"": 1593}}"
775,google_scholar,2026-09-15,7166,43,85,4652,34,,"{""scholar_id"": ""nF_usQsAAAAJ"", ""name"": ""Yingling Fan"", ""affiliation"": ""University of Minnesota"", ""email_domain"": ""@umn.edu"", ""interests"": [""public transportation"", ""urban form"", ""everyday life"", ""happiness"", ""equity""], ""homepage"": ""https://www.hhh.umn.edu/directory/yingling-fan"", ""citedby"": 7166, ""citedby5y"": 4652, ""hindex"": 43, ""hindex5y"": 34, ""i10index"": 85, ""i10index5y"": 66, ""cites_per_year"": {""2009"": 19, ""2010"": 31, ""2011"": 45, ""2012"": 77, ""2013"": 113, ""2014"": 142, ""2015"": 130, ""2016"": 204, ""2017"": 239, ""2018"": 353, ""2019"": 477, ""2020"": 550, ""2021"": 683, ""2022"": 722, ""2023"": 736, ""2024"": 841, ""2025"": 992, ""2026"": 674}}"
776,google_scholar,2026-09-15,7063,40,73,1962,22,,"{""scholar_id"": ""kCpd5XEAAAAJ"", ""name"": ""Edward Goetz"", ""affiliation"": ""University of Minnesota"", ""email_domain"": ""@umn.edu"", ""interests"": [""Housing & community development""], ""homepage"": null, ""citedby"": 7063, ""citedby5y"": 1962, ""hindex"": 40, ""hindex5y"": 22, ""i10index"": 73, ""i10index5y"": 40, ""cites_per_year"": {""1989"": 18, ""1990"": 19, ""1991"": 23, ""1992"": 22, ""1993"": 29, ""1994"": 31, ""1995"": 49, ""1996"": 69, ""1997"": 80, ""1998"": 89, ""1999"": 70, ""2000"": 89, ""2001"": 89, ""2002"": 75, ""2003"": 103, ""2004"": 107, ""2005"": 108, ""2006"": 132, ""2007"": 140, ""2008"": 150, ""2009"": 179, ""2010"": 239, ""2011"": 188, ""2012"": 263, ""2013"": 318, ""2014"": 293, ""2015"": 314, ""2016"": 362, ""2017"": 349, ""2018"": 304, ""2019"": 335, ""2020"": 287, ""2021"": 377, ""2022"": 375, ""2023"": 377, ""2024"": 306, ""2025"": 292, ""2026"": 234}}"
777,google_scholar,2026-09-15,250,7,6,231,7,,"{""scholar_id"": ""KzqBRzYAAAAJ"", ""name"": ""Elise Harrington"", ""affiliation"": ""Assistant Professor, Humphrey School of Public Affairs"", ""email_domain"": ""@umn.edu"", ""interests"": [], ""homepage"": null, ""citedby"": 250, ""citedby5y"": 231, ""hindex"": 7, ""hindex5y"": 7, ""i10index"": 6, ""i10index5y"": 6, ""cites_per_year"": {""2018"": 1, ""2019"": 8, ""2020"": 9, ""2021"": 19, ""2022"": 33, ""2023"": 40, ""2024"": 44, ""2025"": 44, ""2026"": 51}}"
778,google_scholar,2026-09-15,381,7,4,359,7,,"{""scholar_id"": ""w032ZTkAAAAJ"", ""name"": ""Fayola Jacobs"", ""affiliation"": ""Assistant Professor at Humphrey School of Public Affairs, University of Minnesota"", ""email_domain"": ""@umn.edu"", ""interests"": [""environmental justice"", ""Black feminisms"", ""Black geography"", ""climate change"", ""hazards and disasters""], ""homepage"": null, ""citedby"": 381, ""citedby5y"": 359, ""hindex"": 7, ""hindex5y"": 7, ""i10index"": 4, ""i10index5y"": 4, ""cites_per_year"": {""2018"": 1, ""2019"": 4, ""2020"": 12, ""2021"": 37, ""2022"": 58, ""2023"": 63, ""2024"": 78, ""2025"": 65, ""2026"": 56}}"
779,google_scholar,2026-09-15,2590,27,45,1254,17,,"{""scholar_id"": ""sTbX3FkAAAAJ"", ""name"": ""Nichola Lowe"", ""affiliation"": ""Professor"", ""email_domain"": ""@umn.edu"", ""interests"": [""Hubert Humphrey School of Public Affairs"", ""Urban and Regional Planning program""], ""homepage"": null, ""citedby"": 2590, ""citedby5y"": 1254, ""hindex"": 27, ""hindex5y"": 17, ""i10index"": 45, ""i10index5y"": 29, ""cites_per_year"": {""2002"": 8, ""2003"": 12, ""2004"": 12, ""2005"": 9, ""2006"": 6, ""2007"": 10, ""2008"": 26, ""2009"": 34, ""2010"": 57, ""2011"": 53, ""2012"": 79, ""2013"": 71, ""2014"": 85, ""2015"": 106, ""2016"": 81, ""2017"": 125, ""2018"": 159, ""2019"": 173, ""2020"": 189, ""2021"": 187, ""2022"": 206, ""2023"": 224, ""2024"": 232, ""2025"": 254, ""2026"": 150}}"
780,google_scholar,2026-09-15,81,3,2,79,3,,"{""scholar_id"": ""nXsBYmAAAAAJ"", ""name"": ""Hilary Malson"", ""affiliation"": ""University of Minnesota"", ""email_domain"": ""@umn.edu"", ""interests"": [""urban planning"", ""geography""], ""homepage"": ""http://www.hilarymalson.com/"", ""citedby"": 81, ""citedby5y"": 79, ""hindex"": 3, ""hindex5y"": 3, ""i10index"": 2, ""i10index5y"": 2, ""cites_per_year"": {""2020"": 1, ""2021"": 3, ""2022"": 8, ""2023"": 19, ""2024"": 18, ""2025"": 15, ""2026"": 16}}"
781,google_scholar,2026-09-15,3386,17,24,1970,14,,"{""scholar_id"": ""Xi-5jXIAAAAJ"", ""name"": ""Kathy Quick"", ""affiliation"": ""Professor; Academic Co-Director; State Specialist"", ""email_domain"": ""@umn.edu"", ""interests"": [""Public engagement practices & processes"", ""cross-sector leadership"", ""equity & anti-racism""], ""homepage"": ""https://www.hhh.umn.edu/directory/kathy-quick"", ""citedby"": 3386, ""citedby5y"": 1970, ""hindex"": 17, ""hindex5y"": 14, ""i10index"": 24, ""i10index5y"": 18, ""cites_per_year"": {""2010"": 20, ""2011"": 19, ""2012"": 29, ""2013"": 48, ""2014"": 86, ""2015"": 125, ""2016"": 152, ""2017"": 177, ""2018"": 195, ""2019"": 243, ""2020"": 274, ""2021"": 296, ""2022"": 319, ""2023"": 334, ""2024"": 347, ""2025"": 392, ""2026"": 274}}"
783,google_scholar,2026-09-15,294,9,8,268,9,,"{""scholar_id"": ""mt82ALAAAAAJ"", ""name"": ""Julia Crowley"", ""affiliation"": ""University of Missouri-Kansas City"", ""email_domain"": ""@umkc.edu"", ""interests"": [""urban planning"", ""environmental justice"", ""social vulnerability and disasters"", ""disaster debris management"", ""waste management""], ""homepage"": ""https://sse.umkc.edu/profiles/crowley-julia.html"", ""citedby"": 294, ""citedby5y"": 268, ""hindex"": 9, ""hindex5y"": 9, ""i10index"": 8, ""i10index5y"": 7, ""cites_per_year"": {""2017"": 2, ""2018"": 3, ""2019"": 7, ""2020"": 14, ""2021"": 27, ""2022"": 24, ""2023"": 34, ""2024"": 57, ""2025"": 69, ""2026"": 55}}"
784,google_scholar,2026-09-15,719,14,19,204,6,,"{""scholar_id"": ""9ViHWNsAAAAJ"", ""name"": ""Michael Frisch"", ""affiliation"": ""Urban Planning + Design. Natural and Built Environment, Sch. of Sci.& Eng. UMKC"", ""email_domain"": ""@umkc.edu"", ""interests"": [""city and regional planning"", ""environmental justice"", ""urban redevelopment"", ""community development"", ""LGBTQ""], ""homepage"": ""https://sse.umkc.edu/academics/programs/architecture-urban-planning-plus-design.html"", ""citedby"": 719, ""citedby5y"": 204, ""hindex"": 14, ""hindex5y"": 6, ""i10index"": 19, ""i10index5y"": 6, ""cites_per_year"": {""1999"": 7, ""2000"": 14, ""2001"": 15, ""2002"": 33, ""2003"": 20, ""2004"": 33, ""2005"": 9, ""2006"": 9, ""2007"": 22, ""2008"": 18, ""2009"": 21, ""2010"": 14, ""2011"": 21, ""2012"": 15, ""2013"": 29, ""2014"": 26, ""2015"": 30, ""2016"": 26, ""2017"": 31, ""2018"": 25, ""2019"": 38, ""2020"": 27, ""2021"": 47, ""2022"": 33, ""2023"": 40, ""2024"": 32, ""2025"": 29, ""2026"": 22}}"
785,google_scholar,2026-09-15,3841,23,29,1618,20,,"{""scholar_id"": ""LHXzoScAAAAJ"", ""name"": ""Sungyop Kim, Ph.D."", ""affiliation"": ""Natural and Built Environment, School of Science & Engineering, U. of Missouri - Kansas City"", ""email_domain"": ""@umkc.edu"", ""interests"": [""Travel Behavior"", ""Traffic Safety"", ""Climate Change and the Built Environment""], ""homepage"": null, ""citedby"": 3841, ""citedby5y"": 1618, ""hindex"": 23, ""hindex5y"": 20, ""i10index"": 29, ""i10index5y"": 25, ""cites_per_year"": {""2007"": 23, ""2008"": 29, ""2009"": 40, ""2010"": 66, ""2011"": 109, ""2012"": 103, ""2013"": 156, ""2014"": 157, ""2015"": 198, ""2016"": 202, ""2017"": 243, ""2018"": 248, ""2019"": 275, ""2020"": 323, ""2021"": 347, ""2022"": 321, ""2023"": 281, ""2024"": 252, ""2025"": 263, ""2026"": 154}}"
786,google_scholar,2026-09-15,263,9,9,87,5,,"{""scholar_id"": ""0EBm2zwAAAAJ"", ""name"": ""Jacob A. Wagner"", ""affiliation"": ""Department of Architecture, Urban Planning and Design, University of Missouri-Kansas City"", ""email_domain"": ""@umkc.edu"", ""interests"": [""Urban Planning""], ""homepage"": ""http://info.umkc.edu/aupd/directory/jacob-wagner/"", ""citedby"": 263, ""citedby5y"": 87, ""hindex"": 9, ""hindex5y"": 5, ""i10index"": 9, ""i10index5y"": 2, ""cites_per_year"": {""2005"": 2, ""2006"": 1, ""2007"": 4, ""2008"": 8, ""2009"": 10, ""2010"": 15, ""2011"": 11, ""2012"": 6, ""2013"": 18, ""2014"": 23, ""2015"": 16, ""2016"": 10, ""2017"": 13, ""2018"": 8, ""2019"": 14, ""2020"": 10, ""2021"": 29, ""2022"": 14, ""2023"": 16, ""2024"": 12, ""2025"": 12, ""2026"": 4}}"
787,google_scholar,2026-09-15,874,10,11,853,10,,"{""scholar_id"": ""sVLuMpMAAAAJ"", ""name"": ""Abigail Cochran"", ""affiliation"": ""Assistant Professor, University of Nebraska–Lincoln"", ""email_domain"": ""@unl.edu"", ""interests"": [""travel behavior"", ""transportation policy"", ""disability"", ""aging"", ""health""], ""homepage"": ""https://architecture.unl.edu/abigail-cochran"", ""citedby"": 874, ""citedby5y"": 853, ""hindex"": 10, ""hindex5y"": 10, ""i10index"": 11, ""i10index5y"": 11, ""cites_per_year"": {""2020"": 6, ""2021"": 51, ""2022"": 115, ""2023"": 157, ""2024"": 189, ""2025"": 205, ""2026"": 132}}"
788,google_scholar,2026-09-15,329,9,9,271,8,,"{""scholar_id"": ""3jYiZjgAAAAJ"", ""name"": ""Yunwoo Nam"", ""affiliation"": ""University of Nebraska-Lincoln"", ""email_domain"": ""@unl.edu"", ""interests"": [""Spatial Analytics"", ""Health & Planning"", ""Geographic Information System"", ""Community Development"", ""Urban planning and Policy""], ""homepage"": null, ""citedby"": 329, ""citedby5y"": 271, ""hindex"": 9, ""hindex5y"": 8, ""i10index"": 9, ""i10index5y"": 6, ""cites_per_year"": {""2015"": 3, ""2016"": 4, ""2017"": 9, ""2018"": 2, ""2019"": 7, ""2020"": 29, ""2021"": 30, ""2022"": 30, ""2023"": 44, ""2024"": 50, ""2025"": 64, ""2026"": 53}}"
789,google_scholar,2026-09-15,7194,45,107,4439,36,,"{""scholar_id"": ""4wapXqYAAAAJ"", ""name"": ""Zhenghong Tang"", ""affiliation"": ""University of Nebraska-Lincoln"", ""email_domain"": ""@unl.edu"", ""interests"": [""Urban Planning"", ""environmental planning"", ""GIS"", ""remote sensing"", ""hazard mitigation""], ""homepage"": ""http://www.unl.edu/ztang2"", ""citedby"": 7194, ""citedby5y"": 4439, ""hindex"": 45, ""hindex5y"": 36, ""i10index"": 107, ""i10index5y"": 87, ""cites_per_year"": {""2009"": 19, ""2010"": 29, ""2011"": 68, ""2012"": 73, ""2013"": 123, ""2014"": 155, ""2015"": 172, ""2016"": 248, ""2017"": 313, ""2018"": 375, ""2019"": 491, ""2020"": 610, ""2021"": 613, ""2022"": 767, ""2023"": 711, ""2024"": 827, ""2025"": 922, ""2026"": 597}}"
791,google_scholar,2026-09-15,223,6,4,128,4,,"{""scholar_id"": ""9D84p4QAAAAJ"", ""name"": ""Moises Gonzales"", ""affiliation"": ""University of New Mexico"", ""email_domain"": ""@unm.edu"", ""interests"": [""Urban Design"", ""Chicanx Urbanism"", ""Historic Preservation"", ""Genizar@ Studies""], ""homepage"": null, ""citedby"": 223, ""citedby5y"": 128, ""hindex"": 6, ""hindex5y"": 4, ""i10index"": 4, ""i10index5y"": 3, ""cites_per_year"": {""2014"": 1, ""2015"": 7, ""2016"": 6, ""2017"": 14, ""2018"": 17, ""2019"": 12, ""2020"": 30, ""2021"": 18, ""2022"": 29, ""2023"": 27, ""2024"": 26, ""2025"": 18, ""2026"": 10}}"
796,google_scholar,2026-09-15,314,7,6,273,6,,"{""scholar_id"": ""4TDh378AAAAJ"", ""name"": ""Jennifer L Tucker"", ""affiliation"": ""Assistant Professor of Community and Regional Planning"", ""email_domain"": ""@unm.edu"", ""interests"": [""racial capitalism"", ""urban inequality"", ""illegality/informality"", ""social movements"", ""anti-racist action""], ""homepage"": ""https://saap.unm.edu/people/faculty/jennifer-tucker/index.html"", ""citedby"": 314, ""citedby5y"": 273, ""hindex"": 7, ""hindex5y"": 6, ""i10index"": 6, ""i10index5y"": 6, ""cites_per_year"": {""2016"": 1, ""2017"": 1, ""2018"": 5, ""2019"": 12, ""2020"": 18, ""2021"": 26, ""2022"": 37, ""2023"": 48, ""2024"": 52, ""2025"": 58, ""2026"": 52}}"
799,google_scholar,2026-09-15,536,8,8,177,5,,"{""scholar_id"": ""IXPeZWUAAAAJ"", ""name"": ""john kiefer"", ""affiliation"": ""University of New Orleans"", ""email_domain"": ""@uno.edu"", ""interests"": [""public administration"", ""hazard policy"", ""disasters"", ""emergency management""], ""homepage"": null, ""citedby"": 536, ""citedby5y"": 177, ""hindex"": 8, ""hindex5y"": 5, ""i10index"": 8, ""i10index5y"": 3, ""cites_per_year"": {""2007"": 10, ""2008"": 19, ""2009"": 16, ""2010"": 33, ""2011"": 29, ""2012"": 25, ""2013"": 21, ""2014"": 38, ""2015"": 35, ""2016"": 19, ""2017"": 25, ""2018"": 23, ""2019"": 25, ""2020"": 31, ""2021"": 29, ""2022"": 24, ""2023"": 40, ""2024"": 37, ""2025"": 25, ""2026"": 22}}"
800,google_scholar,2026-09-15,1024,15,22,370,10,,"{""scholar_id"": ""IDlEWUIAAAAJ"", ""name"": ""Marla Nelson"", ""affiliation"": ""Professor, Planning & Urban Studies, University of New Orleans"", ""email_domain"": ""@uno.edu"", ""interests"": [""economic development"", ""community development"", ""urban redevelopment""], ""homepage"": ""http://works.bepress.com/marla_nelson/"", ""citedby"": 1024, ""citedby5y"": 370, ""hindex"": 15, ""hindex5y"": 10, ""i10index"": 22, ""i10index5y"": 11, ""cites_per_year"": {""2001"": 3, ""2002"": 8, ""2003"": 10, ""2004"": 7, ""2005"": 18, ""2006"": 21, ""2007"": 16, ""2008"": 27, ""2009"": 22, ""2010"": 29, ""2011"": 27, ""2012"": 33, ""2013"": 36, ""2014"": 52, ""2015"": 45, ""2016"": 51, ""2017"": 54, ""2018"": 42, ""2019"": 60, ""2020"": 69, ""2021"": 49, ""2022"": 80, ""2023"": 61, ""2024"": 70, ""2025"": 68, ""2026"": 41}}"
801,google_scholar,2026-09-15,363,9,9,99,7,,"{""scholar_id"": ""kpqbdqAAAAAJ"", ""name"": ""Bethany Stich"", ""affiliation"": ""Unknown affiliation"", ""email_domain"": ""@uno.edu"", ""interests"": [], ""homepage"": null, ""citedby"": 363, ""citedby5y"": 99, ""hindex"": 9, ""hindex5y"": 7, ""i10index"": 9, ""i10index5y"": 4, ""cites_per_year"": {""2003"": 2, ""2004"": 2, ""2005"": 7, ""2006"": 6, ""2007"": 10, ""2008"": 11, ""2009"": 6, ""2010"": 15, ""2011"": 14, ""2012"": 20, ""2013"": 13, ""2014"": 23, ""2015"": 21, ""2016"": 23, ""2017"": 21, ""2018"": 21, ""2019"": 27, ""2020"": 17, ""2021"": 17, ""2022"": 15, ""2023"": 21, ""2024"": 14, ""2025"": 19, ""2026"": 13}}"
802,google_scholar,2026-09-15,2630,23,31,2026,22,,"{""scholar_id"": ""1hU4dd8AAAAJ"", ""name"": ""Guang Tian"", ""affiliation"": ""University of Utah"", ""email_domain"": ""@utah.edu"", ""interests"": [""Urban planning"", ""Transportation"", ""Transit-oriented development"", ""Mixed-use development"", ""Sustainability""], ""homepage"": ""https://profiles.faculty.utah.edu/u0750389"", ""citedby"": 2630, ""citedby5y"": 2026, ""hindex"": 23, ""hindex5y"": 22, ""i10index"": 31, ""i10index5y"": 31, ""cites_per_year"": {""2015"": 14, ""2016"": 31, ""2017"": 54, ""2018"": 101, ""2019"": 136, ""2020"": 245, ""2021"": 328, ""2022"": 326, ""2023"": 306, ""2024"": 375, ""2025"": 410, ""2026"": 280}}"
803,google_scholar,2026-09-15,67,5,2,13,3,,"{""scholar_id"": ""dd2JyDIAAAAJ"", ""name"": ""Tara Lynne Clapp"", ""affiliation"": ""Unknown affiliation"", ""email_domain"": null, ""interests"": [], ""homepage"": null, ""citedby"": 67, ""citedby5y"": 13, ""hindex"": 5, ""hindex5y"": 3, ""i10index"": 2, ""i10index5y"": 0, ""cites_per_year"": {""2001"": 2, ""2002"": 2, ""2003"": 2, ""2004"": 1, ""2005"": 2, ""2006"": 1, ""2007"": 1, ""2008"": 3, ""2009"": 4, ""2011"": 2, ""2012"": 5, ""2013"": 4, ""2014"": 6, ""2015"": 4, ""2016"": 3, ""2017"": 2, ""2018"": 2, ""2019"": 6, ""2020"": 2, ""2021"": 3, ""2022"": 1, ""2024"": 3, ""2025"": 2, ""2026"": 4}}"
804,google_scholar,2026-09-15,116,7,6,113,7,,"{""scholar_id"": ""bVXpJCYAAAAJ"", ""name"": ""Rylan Graham"", ""affiliation"": ""University of Northern British Columbia"", ""email_domain"": ""@unbc.ca"", ""interests"": [""urban planning"", ""growth management"", ""intensification"", ""downtown revitalization""], ""homepage"": ""https://www.unbc.ca/rylan-graham"", ""citedby"": 116, ""citedby5y"": 113, ""hindex"": 7, ""hindex5y"": 7, ""i10index"": 6, ""i10index5y"": 6, ""cites_per_year"": {""2019"": 1, ""2020"": 1, ""2021"": 1, ""2022"": 9, ""2023"": 12, ""2024"": 35, ""2025"": 26, ""2026"": 27}}"
805,google_scholar,2026-09-15,1631,20,28,1305,19,,"{""scholar_id"": ""6Ya0ym4AAAAJ"", ""name"": ""Mark Groulx"", ""affiliation"": ""University of Northern British Columbia"", ""email_domain"": ""@unbc.ca"", ""interests"": [""Climate change adaptation"", ""Resilient communities"", ""Placemaking"", ""Community engagement"", ""Civic""], ""homepage"": null, ""citedby"": 1631, ""citedby5y"": 1305, ""hindex"": 20, ""hindex5y"": 19, ""i10index"": 28, ""i10index5y"": 26, ""cites_per_year"": {""2015"": 12, ""2016"": 16, ""2017"": 25, ""2018"": 39, ""2019"": 85, ""2020"": 122, ""2021"": 205, ""2022"": 155, ""2023"": 215, ""2024"": 249, ""2025"": 274, ""2026"": 192}}"
807,google_scholar,2026-09-15,237,8,8,149,7,,"{""scholar_id"": ""sQhmYNwAAAAJ"", ""name"": ""John Harris"", ""affiliation"": ""University of Oklahoma"", ""email_domain"": ""@ou.edu"", ""interests"": [""participatory planning"", ""Sub Saharan Africa"", ""Urban Informality"", ""post-conflict planning""], ""homepage"": null, ""citedby"": 237, ""citedby5y"": 149, ""hindex"": 8, ""hindex5y"": 7, ""i10index"": 8, ""i10index5y"": 7, ""cites_per_year"": {""2014"": 3, ""2015"": 4, ""2016"": 10, ""2017"": 10, ""2018"": 10, ""2019"": 21, ""2020"": 24, ""2021"": 24, ""2022"": 28, ""2023"": 38, ""2024"": 25, ""2025"": 19, ""2026"": 15}}"
808,google_scholar,2026-09-15,430,9,9,312,8,,"{""scholar_id"": ""qDjmiRoAAAAJ"", ""name"": ""Bryce Lowery"", ""affiliation"": ""San Diego State University"", ""email_domain"": ""@sdsu.edu"", ""interests"": [""public health"", ""municipal policy"", ""spatial planning"", ""urban design""], ""homepage"": ""http://brycelowery.com/"", ""citedby"": 430, ""citedby5y"": 312, ""hindex"": 9, ""hindex5y"": 8, ""i10index"": 9, ""i10index5y"": 7, ""cites_per_year"": {""2014"": 2, ""2015"": 11, ""2016"": 18, ""2017"": 14, ""2018"": 19, ""2019"": 27, ""2020"": 21, ""2021"": 24, ""2022"": 38, ""2023"": 47, ""2024"": 51, ""2025"": 92, ""2026"": 55}}"
810,google_scholar,2026-09-15,3193,31,49,2717,30,,"{""scholar_id"": ""X4Hp8ykAAAAJ"", ""name"": ""Anne Brown"", ""affiliation"": ""Associate Professor, University of Oregon School of Planning, Public Policy, and Management"", ""email_domain"": ""@uoregon.edu"", ""interests"": [""transportation equity"", ""shared mobility"", ""travel behavior""], ""homepage"": ""https://pppm.uoregon.edu/pppm/anne-brown"", ""citedby"": 3193, ""citedby5y"": 2717, ""hindex"": 31, ""hindex5y"": 30, ""i10index"": 49, ""i10index5y"": 47, ""cites_per_year"": {""2016"": 9, ""2017"": 42, ""2018"": 83, ""2019"": 112, ""2020"": 191, ""2021"": 338, ""2022"": 402, ""2023"": 453, ""2024"": 560, ""2025"": 544, ""2026"": 417}}"
811,google_scholar,2026-09-15,1536,18,28,886,15,,"{""scholar_id"": ""y-101_oAAAAJ"", ""name"": ""Benjamin Y. Clark"", ""affiliation"": ""School of Planning, Public Policy and Management, University of Oregon"", ""email_domain"": ""@uoregon.edu"", ""interests"": [""Public Administration"", ""Local Government"", ""Coproduction"", ""Civic Technology"", ""Budgeting""], ""homepage"": ""http://byclark.github.io/"", ""citedby"": 1536, ""citedby5y"": 886, ""hindex"": 18, ""hindex5y"": 15, ""i10index"": 28, ""i10index5y"": 21, ""cites_per_year"": {""2010"": 4, ""2011"": 15, ""2012"": 11, ""2013"": 22, ""2014"": 35, ""2015"": 41, ""2016"": 61, ""2017"": 85, ""2018"": 97, ""2019"": 101, ""2020"": 145, ""2021"": 135, ""2022"": 176, ""2023"": 150, ""2024"": 172, ""2025"": 137, ""2026"": 116}}"
814,google_scholar,2026-09-15,3938,12,14,1328,9,,"{""scholar_id"": ""65RhKbUAAAAJ"", ""name"": ""Renee A. Irvin"", ""affiliation"": ""University of Oregon"", ""email_domain"": ""@uoregon.edu"", ""interests"": [""nonprofit finance"", ""nonprofit organizations"", ""nonprofit economics"", ""narrative analysis"", ""economic inequality""], ""homepage"": ""https://pppm.uoregon.edu/pppm/renee-irvin"", ""citedby"": 3938, ""citedby5y"": 1328, ""hindex"": 12, ""hindex5y"": 9, ""i10index"": 14, ""i10index5y"": 9, ""cites_per_year"": {""2004"": 15, ""2005"": 38, ""2006"": 49, ""2007"": 59, ""2008"": 78, ""2009"": 100, ""2010"": 91, ""2011"": 120, ""2012"": 156, ""2013"": 153, ""2014"": 198, ""2015"": 221, ""2016"": 255, ""2017"": 247, ""2018"": 246, ""2019"": 266, ""2020"": 236, ""2021"": 246, ""2022"": 229, ""2023"": 230, ""2024"": 232, ""2025"": 226, ""2026"": 164}}"
816,google_scholar,2026-09-15,2498,19,19,490,9,,"{""scholar_id"": ""Lq2d16sAAAAJ"", ""name"": ""Laura Leete"", ""affiliation"": ""Associate Professor of Planning, Public Policy and Management, University of Oregon"", ""email_domain"": ""@uoregon.edu"", ""interests"": [""economics"", ""public policy""], ""homepage"": null, ""citedby"": 2498, ""citedby5y"": 490, ""hindex"": 19, ""hindex5y"": 9, ""i10index"": 19, ""i10index5y"": 8, ""cites_per_year"": {""1996"": 8, ""1997"": 13, ""1998"": 22, ""1999"": 18, ""2000"": 16, ""2001"": 23, ""2002"": 40, ""2003"": 53, ""2004"": 53, ""2005"": 47, ""2006"": 41, ""2007"": 49, ""2008"": 73, ""2009"": 88, ""2010"": 91, ""2011"": 103, ""2012"": 145, ""2013"": 141, ""2014"": 129, ""2015"": 134, ""2016"": 132, ""2017"": 161, ""2018"": 135, ""2019"": 125, ""2020"": 128, ""2021"": 94, ""2022"": 94, ""2023"": 101, ""2024"": 72, ""2025"": 83, ""2026"": 46}}"
817,google_scholar,2026-09-15,666,12,17,402,11,,"{""scholar_id"": ""DwCrbKMAAAAJ"", ""name"": ""Rebecca Lewis"", ""affiliation"": ""Associate Professor, University of Oregon"", ""email_domain"": ""@uoregon.edu"", ""interests"": [""land use policy"", ""growth management"", ""transportation funding""], ""homepage"": ""https://pppm.uoregon.edu/pppm/rebecca-lewis"", ""citedby"": 666, ""citedby5y"": 402, ""hindex"": 12, ""hindex5y"": 11, ""i10index"": 17, ""i10index5y"": 13, ""cites_per_year"": {""2009"": 3, ""2010"": 9, ""2011"": 12, ""2012"": 18, ""2013"": 21, ""2014"": 19, ""2015"": 20, ""2016"": 17, ""2017"": 23, ""2018"": 21, ""2019"": 29, ""2020"": 64, ""2021"": 77, ""2022"": 83, ""2023"": 74, ""2024"": 70, ""2025"": 60, ""2026"": 37}}"
818,google_scholar,2026-09-15,4281,24,35,1033,15,,"{""scholar_id"": ""1Vu9j3oAAAAJ"", ""name"": ""Richard D Margerum"", ""affiliation"": ""University of Oregon"", ""email_domain"": ""@uoregon.edu"", ""interests"": [""collaborative planning governance""], ""homepage"": ""https://pppm.uoregon.edu/directory/faculty/all/rdm"", ""citedby"": 4281, ""citedby5y"": 1033, ""hindex"": 24, ""hindex5y"": 15, ""i10index"": 35, ""i10index5y"": 21, ""cites_per_year"": {""1999"": 28, ""2000"": 28, ""2001"": 46, ""2002"": 46, ""2003"": 62, ""2004"": 77, ""2005"": 83, ""2006"": 109, ""2007"": 118, ""2008"": 120, ""2009"": 112, ""2010"": 148, ""2011"": 163, ""2012"": 168, ""2013"": 202, ""2014"": 199, ""2015"": 268, ""2016"": 240, ""2017"": 236, ""2018"": 249, ""2019"": 222, ""2020"": 235, ""2021"": 213, ""2022"": 189, ""2023"": 183, ""2024"": 179, ""2025"": 166, ""2026"": 97}}"
819,google_scholar,2026-09-15,1058,19,21,855,17,,"{""scholar_id"": ""NuvqUNQAAAAJ"", ""name"": ""Dyana P. Mason"", ""affiliation"": ""Associate Professor, School of Planning, Public Policy and Management, University of Oregon"", ""email_domain"": ""@uoregon.edu"", ""interests"": [""Nonprofit Management and Governance"", ""Organization and Formation of Interest/Advocacy Organizations"", ""Political Economy of the Non""], ""homepage"": ""http://www.dyanamason.com/"", ""citedby"": 1058, ""citedby5y"": 855, ""hindex"": 19, ""hindex5y"": 17, ""i10index"": 21, ""i10index5y"": 20, ""cites_per_year"": {""2014"": 3, ""2015"": 11, ""2016"": 14, ""2017"": 28, ""2018"": 29, ""2019"": 48, ""2020"": 67, ""2021"": 96, ""2022"": 135, ""2023"": 134, ""2024"": 181, ""2025"": 177, ""2026"": 130}}"
820,google_scholar,2026-09-15,236,9,9,165,6,,"{""scholar_id"": ""O6FnPuEAAAAJ"", ""name"": ""José W. Meléndez"", ""affiliation"": ""Associate Professor of Planning, School of Planning, Public Policy, and Management, University of"", ""email_domain"": ""@uoregon.edu"", ""interests"": [""Designing for Equity"", ""Learning"", ""CHAT"", ""Participatory Planning"", ""Deliberative Democracy""], ""homepage"": null, ""citedby"": 236, ""citedby5y"": 165, ""hindex"": 9, ""hindex5y"": 6, ""i10index"": 9, ""i10index5y"": 6, ""cites_per_year"": {""2014"": 6, ""2015"": 3, ""2016"": 1, ""2017"": 2, ""2018"": 25, ""2019"": 19, ""2020"": 13, ""2021"": 31, ""2022"": 24, ""2023"": 36, ""2024"": 17, ""2025"": 31, ""2026"": 26}}"
821,google_scholar,2026-09-15,1108,15,18,710,13,,"{""scholar_id"": ""bsLcmGkAAAAJ"", ""name"": ""Nicole S. Ngo"", ""affiliation"": ""University of Oregon"", ""email_domain"": ""@uoregon.edu"", ""interests"": [""public health"", ""air quality"", ""transportation"", ""environmental policy""], ""homepage"": ""https://blogs.uoregon.edu/nngo/"", ""citedby"": 1108, ""citedby5y"": 710, ""hindex"": 15, ""hindex5y"": 13, ""i10index"": 18, ""i10index5y"": 17, ""cites_per_year"": {""2009"": 4, ""2010"": 2, ""2011"": 9, ""2012"": 13, ""2013"": 15, ""2014"": 20, ""2015"": 22, ""2016"": 31, ""2017"": 54, ""2018"": 55, ""2019"": 84, ""2020"": 72, ""2021"": 108, ""2022"": 117, ""2023"": 98, ""2024"": 115, ""2025"": 166, ""2026"": 103}}"
822,google_scholar,2026-09-15,858,16,19,589,14,,"{""scholar_id"": ""WLKF3cAAAAAJ"", ""name"": ""Eleonora Redaelli"", ""affiliation"": ""University of Oregon"", ""email_domain"": ""@uoregon.edu"", ""interests"": [""cultural policy"", ""urban planning"", ""cultural planning""], ""homepage"": ""https://uoregon.academia.edu/EleonoraRedaelli"", ""citedby"": 858, ""citedby5y"": 589, ""hindex"": 16, ""hindex5y"": 14, ""i10index"": 19, ""i10index5y"": 15, ""cites_per_year"": {""2013"": 9, ""2014"": 9, ""2015"": 12, ""2016"": 22, ""2017"": 30, ""2018"": 42, ""2019"": 61, ""2020"": 74, ""2021"": 87, ""2022"": 70, ""2023"": 102, ""2024"": 130, ""2025"": 120, ""2026"": 79}}"
824,google_scholar,2026-09-15,3026,16,18,700,8,,"{""scholar_id"": ""QS8xUxoAAAAJ"", ""name"": ""Marc Schlossberg"", ""affiliation"": ""University of Oregon"", ""email_domain"": ""@uoregon.edu"", ""interests"": [""Walkability"", ""bicycle planning"", ""sustainability"", ""participatory GIS""], ""homepage"": null, ""citedby"": 3026, ""citedby5y"": 700, ""hindex"": 16, ""hindex5y"": 8, ""i10index"": 18, ""i10index5y"": 8, ""cites_per_year"": {""2005"": 22, ""2006"": 42, ""2007"": 74, ""2008"": 83, ""2009"": 100, ""2010"": 139, ""2011"": 137, ""2012"": 158, ""2013"": 163, ""2014"": 187, ""2015"": 232, ""2016"": 193, ""2017"": 205, ""2018"": 182, ""2019"": 185, ""2020"": 169, ""2021"": 138, ""2022"": 153, ""2023"": 122, ""2024"": 113, ""2025"": 118, ""2026"": 56}}"
826,google_scholar,2026-09-15,265,5,4,174,4,,"{""scholar_id"": ""ouQGyL8AAAAJ"", ""name"": ""Francesca Ammon"", ""affiliation"": ""University of Pennsylvania"", ""email_domain"": ""@design.upenn.edu"", ""interests"": [""Built environment"", ""urban history"", ""planning history"", ""environmental history"", ""visual culture""], ""homepage"": ""http://www.francescaammon.com/"", ""citedby"": 265, ""citedby5y"": 174, ""hindex"": 5, ""hindex5y"": 4, ""i10index"": 4, ""i10index5y"": 4, ""cites_per_year"": {""2010"": 1, ""2011"": 1, ""2012"": 2, ""2013"": 1, ""2014"": 3, ""2015"": 3, ""2016"": 5, ""2017"": 11, ""2018"": 21, ""2019"": 19, ""2020"": 18, ""2021"": 35, ""2022"": 24, ""2023"": 28, ""2024"": 37, ""2025"": 27, ""2026"": 23}}"
827,google_scholar,2026-09-15,3660,31,57,1214,19,,"{""scholar_id"": ""VD8Apj4AAAAJ"", ""name"": ""Eugenie L. Birch"", ""affiliation"": ""Nussdorf Professor, and co-Director PennIUR, University of Pennsylvania"", ""email_domain"": ""@upenn.edu"", ""interests"": [""City and Regional Planning""], ""homepage"": ""https://www.design.upenn.edu/city-regional-planning/phd/people/eugenie-l-birch"", ""citedby"": 3660, ""citedby5y"": 1214, ""hindex"": 31, ""hindex5y"": 19, ""i10index"": 57, ""i10index5y"": 32, ""cites_per_year"": {""1988"": 18, ""1989"": 20, ""1990"": 25, ""1991"": 13, ""1992"": 22, ""1993"": 22, ""1994"": 29, ""1995"": 17, ""1996"": 20, ""1997"": 20, ""1998"": 13, ""1999"": 23, ""2000"": 12, ""2001"": 31, ""2002"": 15, ""2003"": 27, ""2004"": 36, ""2005"": 30, ""2006"": 57, ""2007"": 52, ""2008"": 53, ""2009"": 71, ""2010"": 92, ""2011"": 79, ""2012"": 131, ""2013"": 130, ""2014"": 154, ""2015"": 193, ""2016"": 166, ""2017"": 195, ""2018"": 174, ""2019"": 177, ""2020"": 217, ""2021"": 201, ""2022"": 232, ""2023"": 198, ""2024"": 237, ""2025"": 219, ""2026"": 125}}"
828,google_scholar,2026-09-15,12016,50,101,8502,43,,"{""scholar_id"": ""62WhEF0AAAAJ"", ""name"": ""Sanya Carley"", ""affiliation"": ""University of Pennsylvania"", ""email_domain"": ""@upenn.edu"", ""interests"": [""Energy policy"", ""Energy justice"", ""Just transition"", ""Public perceptions of energy technologies"", ""Electric vehicles""], ""homepage"": ""https://kleinmanenergy.upenn.edu/people/sanya-carley/"", ""citedby"": 12016, ""citedby5y"": 8502, ""hindex"": 50, ""hindex5y"": 43, ""i10index"": 101, ""i10index5y"": 85, ""cites_per_year"": {""2011"": 63, ""2012"": 97, ""2013"": 144, ""2014"": 239, ""2015"": 275, ""2016"": 343, ""2017"": 374, ""2018"": 539, ""2019"": 555, ""2020"": 714, ""2021"": 910, ""2022"": 1179, ""2023"": 1359, ""2024"": 1709, ""2025"": 1947, ""2026"": 1388}}"
829,google_scholar,2026-09-15,2172,21,33,459,13,,"{""scholar_id"": ""f-lnktAAAAAJ"", ""name"": ""Thomas L. Daniels"", ""affiliation"": ""Professor of Planning, University of Pennsylvania"", ""email_domain"": ""@design.upenn.edu"", ""interests"": [""farmland preservation"", ""environmental planning"", ""growth management"", ""land use planning""], ""homepage"": null, ""citedby"": 2172, ""citedby5y"": 459, ""hindex"": 21, ""hindex5y"": 13, ""i10index"": 33, ""i10index5y"": 16, ""cites_per_year"": {""1988"": 16, ""1989"": 12, ""1990"": 20, ""1991"": 31, ""1992"": 39, ""1993"": 20, ""1994"": 25, ""1995"": 26, ""1996"": 33, ""1997"": 45, ""1998"": 40, ""1999"": 39, ""2000"": 38, ""2001"": 47, ""2002"": 45, ""2003"": 47, ""2004"": 43, ""2005"": 44, ""2006"": 59, ""2007"": 69, ""2008"": 45, ""2009"": 69, ""2010"": 61, ""2011"": 78, ""2012"": 69, ""2013"": 88, ""2014"": 81, ""2015"": 54, ""2016"": 73, ""2017"": 66, ""2018"": 72, ""2019"": 87, ""2020"": 66, ""2021"": 72, ""2022"": 102, ""2023"": 86, ""2024"": 77, ""2025"": 76, ""2026"": 43}}"
830,google_scholar,2026-09-15,3329,30,43,2136,25,,"{""scholar_id"": ""BjewFecAAAAJ"", ""name"": ""Elizabeth C Delmelle"", ""affiliation"": ""University of Pennsylvania"", ""email_domain"": ""@design.upenn.edu"", ""interests"": [""Neighborhood Change"", ""Urban Spatial Analytics"", ""Transit"", ""Accessibility and Equity""], ""homepage"": ""https://clas-pages.uncc.edu/elizabeth-delmelle/"", ""citedby"": 3329, ""citedby5y"": 2136, ""hindex"": 30, ""hindex5y"": 25, ""i10index"": 43, ""i10index5y"": 43, ""cites_per_year"": {""2012"": 12, ""2013"": 39, ""2014"": 53, ""2015"": 89, ""2016"": 105, ""2017"": 154, ""2018"": 205, ""2019"": 222, ""2020"": 270, ""2021"": 351, ""2022"": 374, ""2023"": 366, ""2024"": 347, ""2025"": 393, ""2026"": 300}}"
831,google_scholar,2026-09-15,601,10,11,521,9,,"{""scholar_id"": ""7oHYQMwAAAAJ"", ""name"": ""Xiaoxia (Summer) Dong"", ""affiliation"": ""University of Pennsylvania"", ""email_domain"": ""@design.upenn.edu"", ""interests"": [""Transportation planning"", ""built environment"", ""public health""], ""homepage"": null, ""citedby"": 601, ""citedby5y"": 521, ""hindex"": 10, ""hindex5y"": 9, ""i10index"": 11, ""i10index5y"": 9, ""cites_per_year"": {""2018"": 8, ""2019"": 19, ""2020"": 42, ""2021"": 59, ""2022"": 76, ""2023"": 95, ""2024"": 96, ""2025"": 121, ""2026"": 71}}"
832,google_scholar,2026-09-15,227,7,6,222,7,,"{""scholar_id"": ""SmnQ2pAAAAAJ"", ""name"": ""Akira Drake Rodriguez"", ""affiliation"": ""University of Pennsylvania"", ""email_domain"": ""@upenn.edu"", ""interests"": [], ""homepage"": ""http://www.akirarodriguez.com/"", ""citedby"": 227, ""citedby5y"": 222, ""hindex"": 7, ""hindex5y"": 7, ""i10index"": 6, ""i10index5y"": 6, ""cites_per_year"": {""2016"": 1, ""2017"": 1, ""2018"": 1, ""2020"": 1, ""2021"": 5, ""2022"": 33, ""2023"": 34, ""2024"": 39, ""2025"": 62, ""2026"": 46}}"
833,google_scholar,2026-09-15,8524,34,48,2886,22,,"{""scholar_id"": ""KBd7ttQAAAAJ"", ""name"": ""Lance Freeman"", ""affiliation"": ""University of Pennsylvania"", ""email_domain"": ""@design.upenn.edu"", ""interests"": [""Urban Planning"", ""residential segregation"", ""housing discrimination"", ""built environment and health"", ""housing demography""], ""homepage"": null, ""citedby"": 8524, ""citedby5y"": 2886, ""hindex"": 34, ""hindex5y"": 22, ""i10index"": 48, ""i10index5y"": 37, ""cites_per_year"": {""2002"": 27, ""2003"": 47, ""2004"": 47, ""2005"": 74, ""2006"": 94, ""2007"": 103, ""2008"": 139, ""2009"": 177, ""2010"": 262, ""2011"": 304, ""2012"": 348, ""2013"": 342, ""2014"": 350, ""2015"": 424, ""2016"": 495, ""2017"": 524, ""2018"": 527, ""2019"": 585, ""2020"": 522, ""2021"": 564, ""2022"": 544, ""2023"": 502, ""2024"": 491, ""2025"": 465, ""2026"": 316}}"
834,google_scholar,2026-09-15,576,6,3,389,6,,"{""scholar_id"": ""wFdKXXkAAAAJ"", ""name"": ""Jamaal Green"", ""affiliation"": ""University of Pennsylvania"", ""email_domain"": ""@upenn.edu"", ""interests"": [""Urban Planning"", ""Economic Geography""], ""homepage"": null, ""citedby"": 576, ""citedby5y"": 389, ""hindex"": 6, ""hindex5y"": 6, ""i10index"": 3, ""i10index5y"": 3, ""cites_per_year"": {""2015"": 4, ""2016"": 22, ""2017"": 32, ""2018"": 34, ""2019"": 28, ""2020"": 60, ""2021"": 73, ""2022"": 60, ""2023"": 77, ""2024"": 68, ""2025"": 61, ""2026"": 50}}"
835,google_scholar,2026-09-15,5059,32,52,3328,29,,"{""scholar_id"": ""tLJUoA0AAAAJ"", ""name"": ""Erick Guerra"", ""affiliation"": ""University of Pennsylvania"", ""email_domain"": ""@upenn.edu"", ""interests"": [""Transportation planning""], ""homepage"": ""http://erickguerra.net/"", ""citedby"": 5059, ""citedby5y"": 3328, ""hindex"": 32, ""hindex5y"": 29, ""i10index"": 52, ""i10index5y"": 47, ""cites_per_year"": {""2012"": 16, ""2013"": 30, ""2014"": 57, ""2015"": 82, ""2016"": 142, ""2017"": 195, ""2018"": 307, ""2019"": 369, ""2020"": 448, ""2021"": 492, ""2022"": 542, ""2023"": 582, ""2024"": 565, ""2025"": 676, ""2026"": 468}}"
836,google_scholar,2026-09-15,350,8,8,293,8,,"{""scholar_id"": ""F_dlC5AAAAAJ"", ""name"": ""Allison Lassiter"", ""affiliation"": ""Associate Professor of Urban Planning, University of Pennsylvania"", ""email_domain"": ""@design.upenn.edu"", ""interests"": [""urban water management"", ""climate adaptation"", ""smart cities""], ""homepage"": ""https://www.design.upenn.edu/city-regional-planning/graduate/people/allison-lassiter"", ""citedby"": 350, ""citedby5y"": 293, ""hindex"": 8, ""hindex5y"": 8, ""i10index"": 8, ""i10index5y"": 8, ""cites_per_year"": {""2015"": 3, ""2016"": 2, ""2017"": 5, ""2018"": 14, ""2019"": 12, ""2020"": 17, ""2021"": 16, ""2022"": 43, ""2023"": 35, ""2024"": 40, ""2025"": 62, ""2026"": 91}}"
837,google_scholar,2026-09-15,6134,35,52,5181,35,,"{""scholar_id"": ""DmlvbiMAAAAJ"", ""name"": ""Xiaojiang Li"", ""affiliation"": ""University of Pennsylvania"", ""email_domain"": ""@design.upenn.edu"", ""interests"": [""Urban Analytics"", ""Geospatial Data Science"", ""Urban Science"", ""Urban Environmental Planning"", ""Urban Climate""], ""homepage"": ""https://www.urbanspatial.info/"", ""citedby"": 6134, ""citedby5y"": 5181, ""hindex"": 35, ""hindex5y"": 35, ""i10index"": 52, ""i10index5y"": 48, ""cites_per_year"": {""2015"": 18, ""2016"": 30, ""2017"": 72, ""2018"": 176, ""2019"": 269, ""2020"": 333, ""2021"": 619, ""2022"": 718, ""2023"": 814, ""2024"": 906, ""2025"": 1137, ""2026"": 962}}"
838,google_scholar,2026-09-15,868,13,14,517,12,,"{""scholar_id"": ""QiFgTZkAAAAJ"", ""name"": ""Zhongjie Lin"", ""affiliation"": ""University of Pennsylvania"", ""email_domain"": ""@design.upenn.edu"", ""interests"": [""architecture"", ""urban planning"", ""urban design"", ""Asian studies""], ""homepage"": null, ""citedby"": 868, ""citedby5y"": 517, ""hindex"": 13, ""hindex5y"": 12, ""i10index"": 14, ""i10index5y"": 13, ""cites_per_year"": {""2010"": 3, ""2011"": 14, ""2012"": 15, ""2013"": 33, ""2014"": 31, ""2015"": 28, ""2016"": 31, ""2017"": 48, ""2018"": 25, ""2019"": 51, ""2020"": 44, ""2021"": 67, ""2022"": 89, ""2023"": 65, ""2024"": 85, ""2025"": 116, ""2026"": 93}}"
840,google_scholar,2026-09-15,4447,24,34,1899,17,,"{""scholar_id"": ""itZCVfIAAAAJ"", ""name"": ""Randall Mason"", ""affiliation"": ""University of Pennsylvania"", ""email_domain"": ""@design.upenn.edu"", ""interests"": [""historic preservation"", ""urban history"", ""city planning""], ""homepage"": null, ""citedby"": 4447, ""citedby5y"": 1899, ""hindex"": 24, ""hindex5y"": 17, ""i10index"": 34, ""i10index5y"": 23, ""cites_per_year"": {""2005"": 20, ""2006"": 45, ""2007"": 51, ""2008"": 69, ""2009"": 75, ""2010"": 104, ""2011"": 121, ""2012"": 125, ""2013"": 185, ""2014"": 216, ""2015"": 173, ""2016"": 252, ""2017"": 185, ""2018"": 272, ""2019"": 298, ""2020"": 242, ""2021"": 336, ""2022"": 289, ""2023"": 310, ""2024"": 377, ""2025"": 315, ""2026"": 272}}"
841,google_scholar,2026-09-15,1534,23,35,1332,21,,"{""scholar_id"": ""eC15r2EAAAAJ"", ""name"": ""Vincent J. Reina"", ""affiliation"": ""Professor, University of Pennsylvania"", ""email_domain"": ""@upenn.edu"", ""interests"": [""Urban Economics"", ""Housing Policy"", ""Urban Planning"", ""Community Development""], ""homepage"": null, ""citedby"": 1534, ""citedby5y"": 1332, ""hindex"": 23, ""hindex5y"": 21, ""i10index"": 35, ""i10index5y"": 32, ""cites_per_year"": {""2016"": 19, ""2017"": 25, ""2018"": 12, ""2019"": 74, ""2020"": 56, ""2021"": 82, ""2022"": 145, ""2023"": 214, ""2024"": 244, ""2025"": 339, ""2026"": 303}}"
842,google_scholar,2026-09-15,2553,26,53,1539,20,,"{""scholar_id"": ""JL54S94AAAAJ"", ""name"": ""Megan Ryerson"", ""affiliation"": ""UPS Chair of Transportation, City & Regional Planning, Electrical & Systems Engineering, University"", ""email_domain"": ""@design.upenn.edu"", ""interests"": [""Transportation Planning"", ""Transportation Engineering"", ""Aviation""], ""homepage"": ""http://www.meganryerson.com/"", ""citedby"": 2553, ""citedby5y"": 1539, ""hindex"": 26, ""hindex5y"": 20, ""i10index"": 53, ""i10index5y"": 40, ""cites_per_year"": {""2011"": 7, ""2012"": 10, ""2013"": 20, ""2014"": 52, ""2015"": 56, ""2016"": 81, ""2017"": 124, ""2018"": 159, ""2019"": 187, ""2020"": 265, ""2021"": 238, ""2022"": 264, ""2023"": 275, ""2024"": 263, ""2025"": 289, ""2026"": 208}}"
843,google_scholar,2026-09-15,5706,29,46,1462,17,,"{""scholar_id"": ""eVinatUAAAAJ"", ""name"": ""Lisa Servon"", ""affiliation"": ""Professor of City and Regional Planning, University of Pennsylvania"", ""email_domain"": ""@upenn.edu"", ""interests"": [""urban poverty"", ""financial health"", ""mass incarceration""], ""homepage"": null, ""citedby"": 5706, ""citedby5y"": 1462, ""hindex"": 29, ""hindex5y"": 17, ""i10index"": 46, ""i10index5y"": 25, ""cites_per_year"": {""1998"": 15, ""1999"": 29, ""2000"": 49, ""2001"": 56, ""2002"": 69, ""2003"": 79, ""2004"": 108, ""2005"": 123, ""2006"": 147, ""2007"": 162, ""2008"": 164, ""2009"": 167, ""2010"": 212, ""2011"": 217, ""2012"": 234, ""2013"": 236, ""2014"": 254, ""2015"": 299, ""2016"": 271, ""2017"": 306, ""2018"": 291, ""2019"": 306, ""2020"": 330, ""2021"": 351, ""2022"": 292, ""2023"": 255, ""2024"": 225, ""2025"": 220, ""2026"": 119}}"
844,google_scholar,2026-09-15,1250,18,26,550,12,,"{""scholar_id"": ""Fyr_MT0AAAAJ"", ""name"": ""Domenic Vitiello"", ""affiliation"": ""Professor of City Planning and Urban Studies, University of Pennsylvania"", ""email_domain"": ""@upenn.edu"", ""interests"": [""migrant communities"", ""urban agriculture"", ""urban and planning history""], ""homepage"": ""https://www.design.upenn.edu/people/domenic-vitiello"", ""citedby"": 1250, ""citedby5y"": 550, ""hindex"": 18, ""hindex5y"": 12, ""i10index"": 26, ""i10index5y"": 15, ""cites_per_year"": {""2008"": 4, ""2009"": 15, ""2010"": 18, ""2011"": 19, ""2012"": 24, ""2013"": 34, ""2014"": 43, ""2015"": 58, ""2016"": 65, ""2017"": 94, ""2018"": 113, ""2019"": 81, ""2020"": 99, ""2021"": 94, ""2022"": 97, ""2023"": 98, ""2024"": 109, ""2025"": 91, ""2026"": 61}}"
845,google_scholar,2026-09-15,382,4,3,270,4,,"{""scholar_id"": ""CncYjd8AAAAJ"", ""name"": ""Angeliz E Encarnación Burgos"", ""affiliation"": ""Assistant Professor, University of Puerto Rico, Graduate School of Planning"", ""email_domain"": ""@upr.edu"", ""interests"": [""Planning"", ""Urban Planning"", ""Health Equity""], ""homepage"": ""https://planificacion.uprrp.edu/facultad/encarnacion-burgos-angeliz/"", ""citedby"": 382, ""citedby5y"": 270, ""hindex"": 4, ""hindex5y"": 4, ""i10index"": 3, ""i10index5y"": 3, ""cites_per_year"": {""2016"": 3, ""2017"": 4, ""2018"": 26, ""2019"": 20, ""2020"": 46, ""2021"": 52, ""2022"": 63, ""2023"": 40, ""2024"": 54, ""2025"": 37, ""2026"": 24}}"
849,google_scholar,2026-09-15,13,2,0,7,2,,"{""scholar_id"": ""GhNpICQAAAAJ"", ""name"": ""Norma Peña Rivera"", ""affiliation"": ""Acting Director, Graduate School of Planning, University of Puerto Rico Rio Piedras"", ""email_domain"": ""@upr.edu"", ""interests"": [""urban planning"", ""mobility and transportation"", ""children mobility""], ""homepage"": null, ""citedby"": 13, ""citedby5y"": 7, ""hindex"": 2, ""hindex5y"": 2, ""i10index"": 0, ""i10index5y"": 0, ""cites_per_year"": {""2020"": 4, ""2021"": 2, ""2024"": 2, ""2025"": 1, ""2026"": 2}}"
850,google_scholar,2026-09-15,578,12,15,376,9,,"{""scholar_id"": ""gQsk-F0AAAAJ"", ""name"": ""Raúl Santiago-Bartolomei"", ""affiliation"": ""Associate Professor, Graduate School of Planning, University of Puerto Rico - Río Piedras"", ""email_domain"": ""@upr.edu"", ""interests"": [""Housing"", ""Economic Development"", ""Transportation"", ""Infrastructure Planning"", ""Climate Change""], ""homepage"": ""http://planificacion.uprrp.edu/?page_id=5306"", ""citedby"": 578, ""citedby5y"": 376, ""hindex"": 12, ""hindex5y"": 9, ""i10index"": 15, ""i10index5y"": 9, ""cites_per_year"": {""2014"": 13, ""2015"": 11, ""2016"": 20, ""2017"": 22, ""2018"": 38, ""2019"": 34, ""2020"": 55, ""2021"": 62, ""2022"": 58, ""2023"": 57, ""2024"": 79, ""2025"": 76, ""2026"": 43}}"
851,google_scholar,2026-09-15,26,3,1,21,3,,"{""scholar_id"": ""iHXEXv0AAAAJ"", ""name"": ""Ariam L. Torres-Cordero"", ""affiliation"": ""Assistant Professor, Graduate School of Planning, University of Puerto Rico"", ""email_domain"": ""@upr.edu"", ""interests"": [""Urban Environmental Planning"", ""Climate Action"", ""Disaster Recovery"", ""Grassroots Movements""], ""homepage"": ""https://planificacion.uprrp.edu/torres-cordero-ariam/"", ""citedby"": 26, ""citedby5y"": 21, ""hindex"": 3, ""hindex5y"": 3, ""i10index"": 1, ""i10index5y"": 1, ""cites_per_year"": {""2017"": 2, ""2020"": 3, ""2021"": 4, ""2022"": 5, ""2023"": 2, ""2024"": 2, ""2025"": 5, ""2026"": 3}}"
852,google_scholar,2026-09-15,331,10,11,231,8,,"{""scholar_id"": ""3em5Jf0AAAAJ"", ""name"": ""Priscilla Ananian"", ""affiliation"": ""Université du Québec à Montréal"", ""email_domain"": ""@uqam.ca"", ""interests"": [""Planification urbaine"", ""design urbain"", ""géographie économique""], ""homepage"": ""https://professeurs.uqam.ca/professeur/ananian.priscilla/"", ""citedby"": 331, ""citedby5y"": 231, ""hindex"": 10, ""hindex5y"": 8, ""i10index"": 11, ""i10index5y"": 6, ""cites_per_year"": {""2007"": 1, ""2008"": 1, ""2009"": 2, ""2010"": 2, ""2011"": 5, ""2012"": 1, ""2013"": 1, ""2014"": 5, ""2015"": 5, ""2016"": 22, ""2017"": 6, ""2018"": 11, ""2019"": 17, ""2020"": 17, ""2021"": 44, ""2022"": 33, ""2023"": 37, ""2024"": 48, ""2025"": 39, ""2026"": 29}}"
853,google_scholar,2026-09-15,422,10,11,237,8,,"{""scholar_id"": ""Kl1hf6oAAAAJ"", ""name"": ""Helene Belanger"", ""affiliation"": ""Professor in urban studies, Université du Québec à Montréal"", ""email_domain"": ""@uqam.ca"", ""interests"": [""housing"", ""gentrification"", ""social mix""], ""homepage"": null, ""citedby"": 422, ""citedby5y"": 237, ""hindex"": 10, ""hindex5y"": 8, ""i10index"": 11, ""i10index5y"": 8, ""cites_per_year"": {""2006"": 2, ""2007"": 1, ""2008"": 3, ""2009"": 6, ""2010"": 4, ""2011"": 4, ""2012"": 9, ""2013"": 9, ""2014"": 24, ""2015"": 11, ""2016"": 8, ""2017"": 7, ""2018"": 22, ""2019"": 26, ""2020"": 43, ""2021"": 51, ""2022"": 32, ""2023"": 26, ""2024"": 42, ""2025"": 55, ""2026"": 29}}"
854,google_scholar,2026-09-15,116,7,5,49,6,,"{""scholar_id"": ""3aYAtfcAAAAJ"", ""name"": ""Guillaume Ethier"", ""affiliation"": ""Université du Québec à Montréal"", ""email_domain"": ""@uqam.ca"", ""interests"": [""Études urbaines""], ""homepage"": null, ""citedby"": 116, ""citedby5y"": 49, ""hindex"": 7, ""hindex5y"": 6, ""i10index"": 5, ""i10index5y"": 1, ""cites_per_year"": {""2010"": 1, ""2012"": 1, ""2013"": 2, ""2014"": 3, ""2015"": 5, ""2016"": 5, ""2017"": 3, ""2018"": 17, ""2019"": 10, ""2020"": 17, ""2021"": 13, ""2022"": 6, ""2023"": 9, ""2024"": 11, ""2025"": 8, ""2026"": 2}}"
857,google_scholar,2026-09-15,2582,26,40,1765,23,,"{""scholar_id"": ""HipFEskAAAAJ"", ""name"": ""Ugo Lachapelle"", ""affiliation"": ""Département d'études urbaines et touristiques, Université du Québec à Montréal"", ""email_domain"": ""@uqam.ca"", ""interests"": [""Transportation planning"", ""Travel behaviour"", ""Sustainable transportation"", ""Time use""], ""homepage"": ""http://professeurs.uqam.ca/component/savrepertoireprofesseurs/ficheProfesseur?mId=jhAHKjsGTHU_"", ""citedby"": 2582, ""citedby5y"": 1765, ""hindex"": 26, ""hindex5y"": 23, ""i10index"": 40, ""i10index5y"": 37, ""cites_per_year"": {""2009"": 7, ""2010"": 7, ""2011"": 11, ""2012"": 28, ""2013"": 38, ""2014"": 41, ""2015"": 68, ""2016"": 78, ""2017"": 80, ""2018"": 97, ""2019"": 155, ""2020"": 168, ""2021"": 281, ""2022"": 292, ""2023"": 294, ""2024"": 297, ""2025"": 324, ""2026"": 273}}"
858,google_scholar,2026-09-15,1297,17,37,261,8,,"{""scholar_id"": ""NW23feAAAAAJ"", ""name"": ""Lucie K. Morisset"", ""affiliation"": ""Université du Québec à Montréal"", ""email_domain"": ""@uqam.ca"", ""interests"": [""architecture ville city heritage patrimoine history""], ""homepage"": null, ""citedby"": 1297, ""citedby5y"": 261, ""hindex"": 17, ""hindex5y"": 8, ""i10index"": 37, ""i10index5y"": 5, ""cites_per_year"": {""1997"": 4, ""1998"": 5, ""1999"": 18, ""2000"": 2, ""2001"": 30, ""2002"": 4, ""2003"": 15, ""2004"": 18, ""2005"": 30, ""2006"": 21, ""2007"": 21, ""2008"": 220, ""2009"": 31, ""2010"": 20, ""2011"": 34, ""2012"": 35, ""2013"": 38, ""2014"": 41, ""2015"": 68, ""2016"": 49, ""2017"": 48, ""2018"": 91, ""2019"": 80, ""2020"": 61, ""2021"": 51, ""2022"": 47, ""2023"": 50, ""2024"": 48, ""2025"": 42, ""2026"": 23}}"
859,google_scholar,2026-09-15,1217,17,34,158,6,,"{""scholar_id"": ""aaDVBREAAAAJ"", ""name"": ""Luc Noppen"", ""affiliation"": ""professeur titulaire, Université du Québec à Montréal"", ""email_domain"": ""@uqam.ca"", ""interests"": [""patrimoine"", ""heritage"", ""églises"", ""churches"", ""architectural history""], ""homepage"": null, ""citedby"": 1217, ""citedby5y"": 158, ""hindex"": 17, ""hindex5y"": 6, ""i10index"": 34, ""i10index5y"": 2, ""cites_per_year"": {""1996"": 11, ""1997"": 6, ""1998"": 12, ""1999"": 25, ""2000"": 2, ""2001"": 43, ""2002"": 9, ""2003"": 21, ""2004"": 23, ""2005"": 43, ""2006"": 24, ""2007"": 27, ""2008"": 225, ""2009"": 37, ""2010"": 26, ""2011"": 25, ""2012"": 28, ""2013"": 22, ""2014"": 45, ""2015"": 60, ""2016"": 35, ""2017"": 38, ""2018"": 56, ""2019"": 56, ""2020"": 38, ""2021"": 46, ""2022"": 28, ""2023"": 29, ""2024"": 33, ""2025"": 14, ""2026"": 8}}"
860,google_scholar,2026-09-15,211,6,4,77,3,,"{""scholar_id"": ""Q9I0Mo8AAAAJ"", ""name"": ""Sophie Paquin"", ""affiliation"": ""Urban planning, Université du Québec à Montréal"", ""email_domain"": ""@uqam.ca"", ""interests"": [""urban planning"", ""health and cities"", ""cpted"", ""active transportation"", ""gender and urban planning""], ""homepage"": null, ""citedby"": 211, ""citedby5y"": 77, ""hindex"": 6, ""hindex5y"": 3, ""i10index"": 4, ""i10index5y"": 1, ""cites_per_year"": {""2006"": 1, ""2007"": 1, ""2008"": 2, ""2009"": 3, ""2010"": 3, ""2011"": 5, ""2012"": 2, ""2013"": 5, ""2014"": 10, ""2015"": 20, ""2016"": 17, ""2017"": 15, ""2018"": 15, ""2019"": 19, ""2020"": 13, ""2021"": 18, ""2022"": 16, ""2023"": 17, ""2024"": 6, ""2025"": 16, ""2026"": 4}}"
863,google_scholar,2026-09-15,1613,19,26,912,17,,"{""scholar_id"": ""P_RYmLkAAAAJ"", ""name"": ""Thi-Thanh-Hiên Pham"", ""affiliation"": ""Full Professor, Université du Québec à Montréal"", ""email_domain"": ""@uqam.ca"", ""interests"": [""Small cities"", ""urban greening"", ""public space"", ""urban food practices"", ""mixed methods""], ""homepage"": ""https://professeurs.uqam.ca/professeur/pham.thi_thanh_hien/"", ""citedby"": 1613, ""citedby5y"": 912, ""hindex"": 19, ""hindex5y"": 17, ""i10index"": 26, ""i10index5y"": 23, ""cites_per_year"": {""2008"": 8, ""2009"": 3, ""2010"": 6, ""2011"": 9, ""2012"": 8, ""2013"": 22, ""2014"": 35, ""2015"": 42, ""2016"": 83, ""2017"": 102, ""2018"": 114, ""2019"": 130, ""2020"": 121, ""2021"": 110, ""2022"": 153, ""2023"": 149, ""2024"": 169, ""2025"": 228, ""2026"": 99}}"
865,google_scholar,2026-09-15,1851,13,15,927,10,,"{""scholar_id"": ""ZZE6WDwAAAAJ"", ""name"": ""Juste Rajaonson"", ""affiliation"": ""Professor, University of Quebec in Montreal"", ""email_domain"": ""@uqam.ca"", ""interests"": [""Urban Studies"", ""Urban Sustainability"", ""Urban Economics""], ""homepage"": null, ""citedby"": 1851, ""citedby5y"": 927, ""hindex"": 13, ""hindex5y"": 10, ""i10index"": 15, ""i10index5y"": 13, ""cites_per_year"": {""2009"": 5, ""2010"": 7, ""2011"": 33, ""2012"": 42, ""2013"": 49, ""2014"": 62, ""2015"": 90, ""2016"": 94, ""2017"": 93, ""2018"": 112, ""2019"": 153, ""2020"": 144, ""2021"": 171, ""2022"": 132, ""2023"": 159, ""2024"": 175, ""2025"": 179, ""2026"": 107}}"
867,google_scholar,2026-09-15,2855,19,26,1391,13,,"{""scholar_id"": ""X300o5YAAAAJ"", ""name"": ""Georges A. Tanguay"", ""affiliation"": ""Université du Québec à Montréal"", ""email_domain"": ""@uqam.ca"", ""interests"": [""Développement durable"", ""économie urbaine"", ""tourisme"", ""transport""], ""homepage"": null, ""citedby"": 2855, ""citedby5y"": 1391, ""hindex"": 19, ""hindex5y"": 13, ""i10index"": 26, ""i10index5y"": 18, ""cites_per_year"": {""2001"": 10, ""2002"": 5, ""2003"": 15, ""2004"": 15, ""2005"": 25, ""2006"": 13, ""2007"": 16, ""2008"": 16, ""2009"": 16, ""2010"": 32, ""2011"": 55, ""2012"": 56, ""2013"": 70, ""2014"": 91, ""2015"": 126, ""2016"": 124, ""2017"": 125, ""2018"": 161, ""2019"": 198, ""2020"": 222, ""2021"": 270, ""2022"": 238, ""2023"": 259, ""2024"": 273, ""2025"": 214, ""2026"": 134}}"
868,google_scholar,2026-09-15,2073,22,33,956,18,,"{""scholar_id"": ""nnfQsFAAAAAJ"", ""name"": ""Jill Blakley"", ""affiliation"": ""Associate Professor, University of Saskatchewan"", ""email_domain"": ""@usask.ca"", ""interests"": [""cumulative effects assessment"", ""regional and strategic environmental assessment"", ""energy affected landscapes"", ""impacts of mega-proj""], ""homepage"": ""https://artsandscience.usask.ca/profile/JBlakley#/profile"", ""citedby"": 2073, ""citedby5y"": 956, ""hindex"": 22, ""hindex5y"": 18, ""i10index"": 33, ""i10index5y"": 30, ""cites_per_year"": {""2010"": 13, ""2011"": 32, ""2012"": 41, ""2013"": 66, ""2014"": 57, ""2015"": 92, ""2016"": 193, ""2017"": 156, ""2018"": 163, ""2019"": 124, ""2020"": 116, ""2021"": 169, ""2022"": 194, ""2023"": 182, ""2024"": 138, ""2025"": 160, ""2026"": 113}}"
869,google_scholar,2026-09-15,2583,25,35,1839,20,,"{""scholar_id"": ""GT_aYVEAAAAJ"", ""name"": ""Ehab Diab"", ""affiliation"": ""Department of Geography and Planning, University of Saskatchewan"", ""email_domain"": ""@usask.ca"", ""interests"": [""Public transit planning"", ""service operations"", ""people perception"", ""Land use and transportation""], ""homepage"": ""https://artsandscience.usask.ca/profile/EDiab"", ""citedby"": 2583, ""citedby5y"": 1839, ""hindex"": 25, ""hindex5y"": 20, ""i10index"": 35, ""i10index5y"": 33, ""cites_per_year"": {""2013"": 11, ""2014"": 25, ""2015"": 36, ""2016"": 69, ""2017"": 93, ""2018"": 137, ""2019"": 168, ""2020"": 185, ""2021"": 195, ""2022"": 207, ""2023"": 297, ""2024"": 341, ""2025"": 461, ""2026"": 336}}"
872,google_scholar,2026-09-15,3008,25,33,2461,25,,"{""scholar_id"": ""rKagxSUAAAAJ"", ""name"": ""Peng Chen"", ""affiliation"": ""Associate Professor, University of South Florida"", ""email_domain"": ""@usf.edu"", ""interests"": [""Infrastructure Financing"", ""Transport Policy in Emerging Mobility"", ""Urban Air Mobility""], ""homepage"": ""https://www.usf.edu/arts-sciences/departments/public-affairs/about-us/faculty/pchen.aspx"", ""citedby"": 3008, ""citedby5y"": 2461, ""hindex"": 25, ""hindex5y"": 25, ""i10index"": 33, ""i10index5y"": 32, ""cites_per_year"": {""2016"": 13, ""2017"": 45, ""2018"": 92, ""2019"": 150, ""2020"": 212, ""2021"": 392, ""2022"": 398, ""2023"": 411, ""2024"": 473, ""2025"": 489, ""2026"": 294}}"
873,google_scholar,2026-09-15,1352,19,25,904,14,,"{""scholar_id"": ""cBkIw6wAAAAJ"", ""name"": ""Robin Ersing"", ""affiliation"": ""University of South Florida"", ""email_domain"": ""@usf.edu"", ""interests"": [""Community development"", ""Disaster resilience""], ""homepage"": null, ""citedby"": 1352, ""citedby5y"": 904, ""hindex"": 19, ""hindex5y"": 14, ""i10index"": 25, ""i10index5y"": 16, ""cites_per_year"": {""2008"": 4, ""2009"": 7, ""2010"": 13, ""2011"": 15, ""2012"": 19, ""2013"": 13, ""2014"": 29, ""2015"": 21, ""2016"": 36, ""2017"": 36, ""2018"": 58, ""2019"": 68, ""2020"": 105, ""2021"": 90, ""2022"": 182, ""2023"": 172, ""2024"": 160, ""2025"": 170, ""2026"": 128}}"
874,google_scholar,2026-09-15,426,10,10,399,10,,"{""scholar_id"": ""t73xROEAAAAJ"", ""name"": ""Youjung Kim"", ""affiliation"": ""University of South Florida"", ""email_domain"": ""@usf.edu"", ""interests"": [""Land Use Planning"", ""Environmental Planning"", ""Community Resilience"", ""Climate Adaptation"", ""Natural Hazards""], ""homepage"": null, ""citedby"": 426, ""citedby5y"": 399, ""hindex"": 10, ""hindex5y"": 10, ""i10index"": 10, ""i10index5y"": 10, ""cites_per_year"": {""2019"": 2, ""2020"": 15, ""2021"": 42, ""2022"": 64, ""2023"": 73, ""2024"": 88, ""2025"": 67, ""2026"": 63}}"
875,google_scholar,2026-09-15,289,7,6,187,6,,"{""scholar_id"": ""1UOH1jEAAAAJ"", ""name"": ""Evangeline Linkous"", ""affiliation"": ""University of South Florida"", ""email_domain"": ""@usf.edu"", ""interests"": [""Land use planning"", ""growth management"", ""transferable development rights"", ""rural and agricultural land""], ""homepage"": ""https://www.usf.edu/arts-sciences/departments/public-affairs/people/elinkous.aspx"", ""citedby"": 289, ""citedby5y"": 187, ""hindex"": 7, ""hindex5y"": 6, ""i10index"": 6, ""i10index5y"": 5, ""cites_per_year"": {""2016"": 7, ""2017"": 11, ""2018"": 19, ""2019"": 25, ""2020"": 31, ""2021"": 17, ""2022"": 45, ""2023"": 32, ""2024"": 31, ""2025"": 29, ""2026"": 33}}"
876,google_scholar,2026-09-15,2401,20,25,463,11,,"{""scholar_id"": ""c_4ip-gAAAAJ"", ""name"": ""Elizabeth Strom"", ""affiliation"": ""Unknown affiliation"", ""email_domain"": ""@usf.edu"", ""interests"": [], ""homepage"": null, ""citedby"": 2401, ""citedby5y"": 463, ""hindex"": 20, ""hindex5y"": 11, ""i10index"": 25, ""i10index5y"": 12, ""cites_per_year"": {""1998"": 16, ""1999"": 7, ""2000"": 7, ""2001"": 19, ""2002"": 38, ""2003"": 41, ""2004"": 52, ""2005"": 49, ""2006"": 73, ""2007"": 59, ""2008"": 101, ""2009"": 83, ""2010"": 114, ""2011"": 87, ""2012"": 124, ""2013"": 136, ""2014"": 145, ""2015"": 115, ""2016"": 137, ""2017"": 125, ""2018"": 123, ""2019"": 116, ""2020"": 114, ""2021"": 110, ""2022"": 82, ""2023"": 75, ""2024"": 95, ""2025"": 50, ""2026"": 51}}"
877,google_scholar,2026-09-15,1191,6,5,563,4,,"{""scholar_id"": ""NDDMft0AAAAJ"", ""name"": ""Carolyn Ball"", ""affiliation"": ""Assoc Professor of Public Policy and Management, University of Southern Maine"", ""email_domain"": ""@maine.edu"", ""interests"": [""Religion in the Workforce"", ""Discrimination"", ""Transparency in governance and nonprofits ...""], ""homepage"": null, ""citedby"": 1191, ""citedby5y"": 563, ""hindex"": 6, ""hindex5y"": 4, ""i10index"": 5, ""i10index5y"": 4, ""cites_per_year"": {""2004"": 3, ""2005"": 6, ""2006"": 5, ""2007"": 7, ""2008"": 4, ""2009"": 14, ""2010"": 19, ""2011"": 30, ""2012"": 33, ""2013"": 34, ""2014"": 33, ""2015"": 50, ""2016"": 52, ""2017"": 58, ""2018"": 61, ""2019"": 74, ""2020"": 98, ""2021"": 104, ""2022"": 111, ""2023"": 93, ""2024"": 101, ""2025"": 108, ""2026"": 46}}"
880,google_scholar,2026-09-15,1950,19,29,1213,13,,"{""scholar_id"": ""LkPJJDAAAAAJ"", ""name"": ""Qisheng Pan"", ""affiliation"": ""Professor of Public Affairs and Planning, University of Texas at Arlington"", ""email_domain"": ""@uta.edu"", ""interests"": [""Freight Transportation"", ""Economic Imact Analysis"", ""Transit Studies"", ""GIS""], ""homepage"": null, ""citedby"": 1950, ""citedby5y"": 1213, ""hindex"": 19, ""hindex5y"": 13, ""i10index"": 29, ""i10index5y"": 15, ""cites_per_year"": {""2005"": 7, ""2006"": 26, ""2007"": 19, ""2008"": 17, ""2009"": 22, ""2010"": 18, ""2011"": 36, ""2012"": 43, ""2013"": 32, ""2014"": 67, ""2015"": 49, ""2016"": 66, ""2017"": 44, ""2018"": 83, ""2019"": 52, ""2020"": 105, ""2021"": 126, ""2022"": 153, ""2023"": 187, ""2024"": 243, ""2025"": 303, ""2026"": 199}}"
881,google_scholar,2026-09-15,300,8,8,296,8,,"{""scholar_id"": ""CzdEhGEAAAAJ"", ""name"": ""Julene Paul"", ""affiliation"": ""Assistant Professor of Planning, University of Texas at Arlington"", ""email_domain"": ""@uta.edu"", ""interests"": [""transportation equity"", ""travel behavior"", ""spatial inequality"", ""carpooling"", ""public transit""], ""homepage"": null, ""citedby"": 300, ""citedby5y"": 296, ""hindex"": 8, ""hindex5y"": 8, ""i10index"": 8, ""i10index5y"": 8, ""cites_per_year"": {""2020"": 2, ""2021"": 19, ""2022"": 31, ""2023"": 35, ""2024"": 62, ""2025"": 87, ""2026"": 57}}"
883,google_scholar,2026-09-15,299,10,11,295,10,,"{""scholar_id"": ""araqOKEAAAAJ"", ""name"": ""Malini Roy"", ""affiliation"": ""Assistant Professor, University of Texas at Arlington"", ""email_domain"": ""@uta.edu"", ""interests"": [""land use"", ""environmental planning"", ""multi-hazard mitigation planning""], ""homepage"": null, ""citedby"": 299, ""citedby5y"": 295, ""hindex"": 10, ""hindex5y"": 10, ""i10index"": 11, ""i10index5y"": 11, ""cites_per_year"": {""2020"": 3, ""2021"": 5, ""2022"": 13, ""2023"": 32, ""2024"": 55, ""2025"": 84, ""2026"": 104}}"
884,google_scholar,2026-09-15,1962,23,38,1301,18,,"{""scholar_id"": ""mZYV-z0AAAAJ"", ""name"": ""Deden Rukmana"", ""affiliation"": ""Professor and Director, Master of City and Regional Planning, University of Texas at Arlington"", ""email_domain"": ""@uta.edu"", ""interests"": [""Urban Planning"", ""Neighborhood Planning"", ""International Planning"", ""Homelessness"", ""Megacities""], ""homepage"": ""https://www.uta.edu/academics/faculty/profile?username=rukmanad"", ""citedby"": 1962, ""citedby5y"": 1301, ""hindex"": 23, ""hindex5y"": 18, ""i10index"": 38, ""i10index5y"": 28, ""cites_per_year"": {""2005"": 5, ""2006"": 10, ""2007"": 2, ""2008"": 4, ""2009"": 7, ""2010"": 16, ""2011"": 19, ""2012"": 22, ""2013"": 31, ""2014"": 37, ""2015"": 44, ""2016"": 74, ""2017"": 81, ""2018"": 79, ""2019"": 94, ""2020"": 111, ""2021"": 114, ""2022"": 184, ""2023"": 224, ""2024"": 297, ""2025"": 267, ""2026"": 204}}"
885,google_scholar,2026-09-15,2167,26,44,2085,26,,"{""scholar_id"": ""Vz8kG8IAAAAJ"", ""name"": ""Wei Zhai"", ""affiliation"": ""Associate Professor, University of Texas at Arlington"", ""email_domain"": ""@uta.edu"", ""interests"": [""Urban Resilience"", ""Environmental Planning"", ""Urban AI""], ""homepage"": ""https://www.uta.edu/academics/faculty/profile?user=wei.zhai"", ""citedby"": 2167, ""citedby5y"": 2085, ""hindex"": 26, ""hindex5y"": 26, ""i10index"": 44, ""i10index5y"": 44, ""cites_per_year"": {""2019"": 24, ""2020"": 43, ""2021"": 115, ""2022"": 194, ""2023"": 276, ""2024"": 377, ""2025"": 602, ""2026"": 501}}"
886,google_scholar,2026-09-15,6939,41,107,5479,37,,"{""scholar_id"": ""7vjmZsIAAAAJ"", ""name"": ""Junfeng Jiao"", ""affiliation"": ""AI, Smart City, Urban Informatics"", ""email_domain"": ""@austin.utexas.edu"", ""interests"": [""AI"", ""Smart City"", ""Urban Informatics""], ""homepage"": null, ""citedby"": 6939, ""citedby5y"": 5479, ""hindex"": 41, ""hindex5y"": 37, ""i10index"": 107, ""i10index5y"": 104, ""cites_per_year"": {""2012"": 18, ""2013"": 37, ""2014"": 71, ""2015"": 90, ""2016"": 125, ""2017"": 152, ""2018"": 198, ""2019"": 296, ""2020"": 415, ""2021"": 706, ""2022"": 698, ""2023"": 797, ""2024"": 896, ""2025"": 1194, ""2026"": 1162}}"
887,google_scholar,2026-09-15,4560,30,43,3203,28,,"{""scholar_id"": ""YC_-mUAAAAAJ"", ""name"": ""Alex Karner"", ""affiliation"": ""Associate Professor, Community and Regional Planning, The University of Texas at Austin"", ""email_domain"": ""@utexas.edu"", ""interests"": [""transportation equity"", ""mobility justice"", ""civil rights"", ""public transit"", ""accessibility""], ""homepage"": ""http://www.alexkarner.com/"", ""citedby"": 4560, ""citedby5y"": 3203, ""hindex"": 30, ""hindex5y"": 28, ""i10index"": 43, ""i10index5y"": 43, ""cites_per_year"": {""2011"": 28, ""2012"": 42, ""2013"": 52, ""2014"": 81, ""2015"": 99, ""2016"": 128, ""2017"": 134, ""2018"": 206, ""2019"": 239, ""2020"": 265, ""2021"": 399, ""2022"": 360, ""2023"": 503, ""2024"": 598, ""2025"": 749, ""2026"": 590}}"
888,google_scholar,2026-09-15,948,16,19,774,15,,"{""scholar_id"": ""mF3IsbsAAAAJ"", ""name"": ""Katherine Lieberknecht"", ""affiliation"": ""The University of Texas at Austin"", ""email_domain"": ""@utexas.edu"", ""interests"": [""community and regional planning"", ""environmental and equity planning"", ""ecological planning"", ""water resources planning"", ""green infrast""], ""homepage"": ""https://soa.utexas.edu/people/katherine-lieberknecht"", ""citedby"": 948, ""citedby5y"": 774, ""hindex"": 16, ""hindex5y"": 15, ""i10index"": 19, ""i10index5y"": 16, ""cites_per_year"": {""2004"": 6, ""2006"": 3, ""2007"": 3, ""2008"": 2, ""2009"": 5, ""2010"": 4, ""2011"": 7, ""2012"": 3, ""2013"": 3, ""2014"": 4, ""2015"": 12, ""2016"": 10, ""2017"": 20, ""2018"": 19, ""2019"": 30, ""2020"": 33, ""2021"": 59, ""2022"": 101, ""2023"": 118, ""2024"": 159, ""2025"": 184, ""2026"": 148}}"
889,google_scholar,2026-09-15,1121,17,24,445,12,,"{""scholar_id"": ""dRX7LuEAAAAJ"", ""name"": ""Elizabeth J. Mueller"", ""affiliation"": ""Professor of Community and Regional Planning, University of Texas at Austin"", ""email_domain"": ""@austin.utexas.edu"", ""interests"": [], ""homepage"": ""https://sites.utexas.edu/muellerhousinglab/"", ""citedby"": 1121, ""citedby5y"": 445, ""hindex"": 17, ""hindex5y"": 12, ""i10index"": 24, ""i10index5y"": 14, ""cites_per_year"": {""1995"": 4, ""1996"": 6, ""1997"": 10, ""1998"": 13, ""1999"": 10, ""2000"": 30, ""2001"": 14, ""2002"": 19, ""2003"": 18, ""2004"": 15, ""2005"": 11, ""2006"": 14, ""2007"": 14, ""2008"": 20, ""2009"": 23, ""2010"": 18, ""2011"": 25, ""2012"": 29, ""2013"": 35, ""2014"": 25, ""2015"": 36, ""2016"": 53, ""2017"": 51, ""2018"": 50, ""2019"": 56, ""2020"": 55, ""2021"": 79, ""2022"": 61, ""2023"": 82, ""2024"": 81, ""2025"": 89, ""2026"": 52}}"
891,google_scholar,2026-09-15,1105,14,15,317,8,,"{""scholar_id"": ""-v4CggQAAAAJ"", ""name"": ""Robert (Chip) Paterson"", ""affiliation"": ""Principal, Industrial Economics, Inc."", ""email_domain"": ""@indecon.com"", ""interests"": [""Environmental and Natural Resource Economics""], ""homepage"": null, ""citedby"": 1105, ""citedby5y"": 317, ""hindex"": 14, ""hindex5y"": 8, ""i10index"": 15, ""i10index5y"": 7, ""cites_per_year"": {""2002"": 6, ""2003"": 7, ""2004"": 15, ""2005"": 23, ""2006"": 32, ""2007"": 34, ""2008"": 49, ""2009"": 44, ""2010"": 51, ""2011"": 55, ""2012"": 46, ""2013"": 40, ""2014"": 40, ""2015"": 54, ""2016"": 32, ""2017"": 57, ""2018"": 68, ""2019"": 53, ""2020"": 63, ""2021"": 46, ""2022"": 63, ""2023"": 59, ""2024"": 57, ""2025"": 50, ""2026"": 42}}"
892,google_scholar,2026-09-15,859,14,16,453,9,,"{""scholar_id"": ""61a8w9EAAAAJ"", ""name"": ""Gian-Claudia Sciara"", ""affiliation"": ""University of Texas"", ""email_domain"": ""@utexas.edu"", ""interests"": [""Transportation Planning"", ""Transportation Policy"", ""Transportation Finance"", ""Land Use Planning""], ""homepage"": ""https://soa.utexas.edu/people/gian-claudia-sciara"", ""citedby"": 859, ""citedby5y"": 453, ""hindex"": 14, ""hindex5y"": 9, ""i10index"": 16, ""i10index5y"": 9, ""cites_per_year"": {""2003"": 3, ""2004"": 5, ""2005"": 6, ""2006"": 11, ""2007"": 10, ""2008"": 8, ""2009"": 22, ""2010"": 15, ""2011"": 14, ""2012"": 17, ""2013"": 16, ""2014"": 27, ""2015"": 26, ""2016"": 40, ""2017"": 41, ""2018"": 38, ""2019"": 42, ""2020"": 51, ""2021"": 64, ""2022"": 54, ""2023"": 81, ""2024"": 101, ""2025"": 83, ""2026"": 70}}"
894,google_scholar,2026-09-15,153,7,5,130,5,,"{""scholar_id"": ""Q2Ck504AAAAJ"", ""name"": ""Miriam Solis"", ""affiliation"": ""University of Texas at Austin"", ""email_domain"": ""@austin.utexas.edu"", ""interests"": [], ""homepage"": null, ""citedby"": 153, ""citedby5y"": 130, ""hindex"": 7, ""hindex5y"": 5, ""i10index"": 5, ""i10index5y"": 4, ""cites_per_year"": {""2012"": 1, ""2013"": 1, ""2015"": 2, ""2016"": 2, ""2017"": 3, ""2018"": 4, ""2019"": 2, ""2020"": 3, ""2021"": 9, ""2022"": 17, ""2023"": 19, ""2024"": 31, ""2025"": 21, ""2026"": 31}}"
895,google_scholar,2026-09-15,1611,20,26,1109,17,,"{""scholar_id"": ""BG5iIkoAAAAJ"", ""name"": ""Jake Wegmann"", ""affiliation"": ""Assistant Professor, School of Architecture, University of Texas at Austin"", ""email_domain"": ""@utexas.edu"", ""interests"": [""Housing"", ""Planning"", ""Real Estate""], ""homepage"": null, ""citedby"": 1611, ""citedby5y"": 1109, ""hindex"": 20, ""hindex5y"": 17, ""i10index"": 26, ""i10index5y"": 23, ""cites_per_year"": {""2013"": 9, ""2014"": 22, ""2015"": 24, ""2016"": 28, ""2017"": 42, ""2018"": 74, ""2019"": 118, ""2020"": 161, ""2021"": 205, ""2022"": 175, ""2023"": 198, ""2024"": 189, ""2025"": 207, ""2026"": 132}}"
896,google_scholar,2026-09-15,5004,33,59,2453,28,,"{""scholar_id"": ""YKHNB98AAAAJ"", ""name"": ""Ming Zhang"", ""affiliation"": ""University of Texas at Austin"", ""email_domain"": ""@austin.utexas.edu"", ""interests"": [""Land use-transportation"", ""planning"", ""landscape connectivity""], ""homepage"": null, ""citedby"": 5004, ""citedby5y"": 2453, ""hindex"": 33, ""hindex5y"": 28, ""i10index"": 59, ""i10index5y"": 46, ""cites_per_year"": {""2006"": 17, ""2007"": 32, ""2008"": 40, ""2009"": 66, ""2010"": 88, ""2011"": 125, ""2012"": 125, ""2013"": 169, ""2014"": 193, ""2015"": 185, ""2016"": 212, ""2017"": 226, ""2018"": 284, ""2019"": 295, ""2020"": 417, ""2021"": 414, ""2022"": 409, ""2023"": 419, ""2024"": 423, ""2025"": 500, ""2026"": 281}}"
897,google_scholar,2026-09-15,991,15,19,806,15,,"{""scholar_id"": ""A4CMrP0AAAAJ"", ""name"": ""Ryun Jung Lee"", ""affiliation"": ""Assistant Professor of Sustainability Planning and Policy, University of Texas at Dallas"", ""email_domain"": ""@utdallas.edu"", ""interests"": [""Built Environment"", ""Climate Resilience"", ""Land Use Change"", ""Social Vulnerability"", ""Green Infrastructure""], ""homepage"": ""https://ryunjunglee.github.io/geodesign/"", ""citedby"": 991, ""citedby5y"": 806, ""hindex"": 15, ""hindex5y"": 15, ""i10index"": 19, ""i10index5y"": 19, ""cites_per_year"": {""2017"": 17, ""2018"": 37, ""2019"": 33, ""2020"": 79, ""2021"": 98, ""2022"": 99, ""2023"": 120, ""2024"": 119, ""2025"": 200, ""2026"": 160}}"
898,google_scholar,2026-09-15,335,9,9,286,8,,"{""scholar_id"": ""JW1waTwAAAAJ"", ""name"": ""Esteban Lopez Ochoa"", ""affiliation"": ""Assistant Professor University of Texas at San Antonio"", ""email_domain"": ""@utsa.edu"", ""interests"": [""Housing"", ""Education"", ""Spatial Analytics"", ""Regional Inequalities.""], ""homepage"": ""https://estebanlp.github.io/mywebsite"", ""citedby"": 335, ""citedby5y"": 286, ""hindex"": 9, ""hindex5y"": 8, ""i10index"": 9, ""i10index5y"": 6, ""cites_per_year"": {""2016"": 5, ""2017"": 5, ""2018"": 5, ""2019"": 9, ""2020"": 22, ""2021"": 35, ""2022"": 35, ""2023"": 39, ""2024"": 46, ""2025"": 60, ""2026"": 70}}"
900,google_scholar,2026-09-15,3891,27,43,1196,18,,"{""scholar_id"": ""QArBWJkAAAAJ"", ""name"": ""Kevin Czajkowski"", ""affiliation"": ""University of Toledo"", ""email_domain"": ""@utoledo.edu"", ""interests"": [""Remote Sensing"", ""Climate Change"", ""Water Quality""], ""homepage"": ""http://www.utoledo.edu/al/geography/facultystaff/deptfaculty/czajkowski.html"", ""citedby"": 3891, ""citedby5y"": 1196, ""hindex"": 27, ""hindex5y"": 18, ""i10index"": 43, ""i10index5y"": 27, ""cites_per_year"": {""1998"": 14, ""1999"": 15, ""2000"": 25, ""2001"": 15, ""2002"": 51, ""2003"": 28, ""2004"": 61, ""2005"": 54, ""2006"": 60, ""2007"": 75, ""2008"": 97, ""2009"": 83, ""2010"": 107, ""2011"": 152, ""2012"": 171, ""2013"": 203, ""2014"": 210, ""2015"": 195, ""2016"": 197, ""2017"": 216, ""2018"": 203, ""2019"": 188, ""2020"": 223, ""2021"": 222, ""2022"": 207, ""2023"": 222, ""2024"": 218, ""2025"": 197, ""2026"": 127}}"
901,google_scholar,2026-09-15,3816,20,23,1066,18,,"{""scholar_id"": ""bP5JjE0AAAAJ"", ""name"": ""Dan Hammel"", ""affiliation"": ""Professor of Geography, University of Toledo"", ""email_domain"": ""@utoledo.edu"", ""interests"": [""Urban Geography"", ""Gentrification"", ""Housing"", ""Housing Finance"", ""Neighborhood Change""], ""homepage"": null, ""citedby"": 3816, ""citedby5y"": 1066, ""hindex"": 20, ""hindex5y"": 18, ""i10index"": 23, ""i10index5y"": 18, ""cites_per_year"": {""2000"": 15, ""2001"": 36, ""2002"": 24, ""2003"": 28, ""2004"": 63, ""2005"": 53, ""2006"": 55, ""2007"": 65, ""2008"": 94, ""2009"": 118, ""2010"": 139, ""2011"": 165, ""2012"": 162, ""2013"": 192, ""2014"": 174, ""2015"": 211, ""2016"": 208, ""2017"": 200, ""2018"": 228, ""2019"": 242, ""2020"": 193, ""2021"": 221, ""2022"": 224, ""2023"": 190, ""2024"": 177, ""2025"": 144, ""2026"": 110}}"
903,google_scholar,2026-09-15,426,11,13,87,5,,"{""scholar_id"": ""JNNCh48AAAAJ"", ""name"": ""David Nemeth"", ""affiliation"": ""Professor of Geography and Planning, University of Toledo"", ""email_domain"": ""@utoledo.edu"", ""interests"": [""Cultural Geography"", ""Romani studies"", ""Jeju Island (ROK)""], ""homepage"": ""http://www.utoledo.edu/llss/geography/facultystaff/deptfaculty/nemeth.html"", ""citedby"": 426, ""citedby5y"": 87, ""hindex"": 11, ""hindex5y"": 5, ""i10index"": 13, ""i10index5y"": 2, ""cites_per_year"": {""1989"": 2, ""1990"": 3, ""1991"": 7, ""1992"": 4, ""1993"": 3, ""1994"": 3, ""1995"": 4, ""1996"": 3, ""1997"": 6, ""1998"": 9, ""1999"": 6, ""2000"": 3, ""2001"": 8, ""2002"": 5, ""2003"": 5, ""2004"": 11, ""2005"": 6, ""2006"": 7, ""2007"": 7, ""2008"": 21, ""2009"": 14, ""2010"": 11, ""2011"": 3, ""2012"": 15, ""2013"": 10, ""2014"": 21, ""2015"": 19, ""2016"": 16, ""2017"": 18, ""2018"": 19, ""2019"": 28, ""2020"": 22, ""2021"": 20, ""2022"": 15, ""2023"": 10, ""2024"": 18, ""2025"": 14, ""2026"": 10}}"
904,google_scholar,2026-09-15,3743,34,63,1541,22,,"{""scholar_id"": ""Lp0BZI0AAAAJ"", ""name"": ""Neil Reid"", ""affiliation"": ""Professor of Geography and Planning"", ""email_domain"": ""@utoledo.edu"", ""interests"": [""Economic Geography""], ""homepage"": null, ""citedby"": 3743, ""citedby5y"": 1541, ""hindex"": 34, ""hindex5y"": 22, ""i10index"": 63, ""i10index5y"": 39, ""cites_per_year"": {""1992"": 23, ""1993"": 32, ""1994"": 27, ""1995"": 34, ""1996"": 26, ""1997"": 31, ""1998"": 19, ""1999"": 40, ""2000"": 42, ""2001"": 27, ""2002"": 44, ""2003"": 23, ""2004"": 28, ""2005"": 48, ""2006"": 45, ""2007"": 46, ""2008"": 62, ""2009"": 59, ""2010"": 58, ""2011"": 57, ""2012"": 109, ""2013"": 69, ""2014"": 102, ""2015"": 98, ""2016"": 130, ""2017"": 134, ""2018"": 182, ""2019"": 214, ""2020"": 321, ""2021"": 265, ""2022"": 301, ""2023"": 340, ""2024"": 216, ""2025"": 262, ""2026"": 156}}"
907,google_scholar,2026-09-15,2898,25,35,2198,23,,"{""scholar_id"": ""M13ND-0AAAAJ"", ""name"": ""Yanqing Xu"", ""affiliation"": ""Professor, Wuhan University"", ""email_domain"": ""@whu.edu.cn"", ""interests"": [""GIS"", ""Health Geography"", ""Crime Geography""], ""homepage"": null, ""citedby"": 2898, ""citedby5y"": 2198, ""hindex"": 25, ""hindex5y"": 23, ""i10index"": 35, ""i10index5y"": 34, ""cites_per_year"": {""2014"": 22, ""2015"": 24, ""2016"": 27, ""2017"": 56, ""2018"": 117, ""2019"": 164, ""2020"": 254, ""2021"": 341, ""2022"": 353, ""2023"": 366, ""2024"": 353, ""2025"": 466, ""2026"": 316}}"
908,google_scholar,2026-09-15,5822,37,80,2984,29,,"{""scholar_id"": ""To-IxBoAAAAJ"", ""name"": ""Karen Chapple"", ""affiliation"": ""Professor, University of Toronto; Professor Emerita, University of California Berkeley"", ""email_domain"": ""@berkeley.edu"", ""interests"": [""Gentrification and displacement"", ""urban climate mitigation"", ""exclusionary zoning"", ""regional governance"", ""economic development""], ""homepage"": ""http://www.karenchapple.com/"", ""citedby"": 5822, ""citedby5y"": 2984, ""hindex"": 37, ""hindex5y"": 29, ""i10index"": 80, ""i10index5y"": 57, ""cites_per_year"": {""2001"": 15, ""2002"": 20, ""2003"": 26, ""2004"": 35, ""2005"": 25, ""2006"": 44, ""2007"": 50, ""2008"": 44, ""2009"": 35, ""2010"": 89, ""2011"": 86, ""2012"": 101, ""2013"": 143, ""2014"": 159, ""2015"": 155, ""2016"": 226, ""2017"": 291, ""2018"": 347, ""2019"": 385, ""2020"": 441, ""2021"": 439, ""2022"": 480, ""2023"": 481, ""2024"": 496, ""2025"": 592, ""2026"": 490}}"
909,google_scholar,2026-09-15,2702,24,32,981,16,,"{""scholar_id"": ""ovfmgh8AAAAJ"", ""name"": ""Kanishka Goonewardena"", ""affiliation"": ""Department of Geography and Planning, University of Toronto"", ""email_domain"": ""@utoronto.ca"", ""interests"": [""Critical Theory"", ""Urban Studies"", ""Architecture"", ""Planning"", ""Geography""], ""homepage"": null, ""citedby"": 2702, ""citedby5y"": 981, ""hindex"": 24, ""hindex5y"": 16, ""i10index"": 32, ""i10index5y"": 21, ""cites_per_year"": {""2005"": 15, ""2006"": 21, ""2007"": 24, ""2008"": 37, ""2009"": 60, ""2010"": 56, ""2011"": 70, ""2012"": 94, ""2013"": 114, ""2014"": 150, ""2015"": 148, ""2016"": 170, ""2017"": 138, ""2018"": 230, ""2019"": 165, ""2020"": 163, ""2021"": 174, ""2022"": 193, ""2023"": 194, ""2024"": 166, ""2025"": 158, ""2026"": 96}}"
910,google_scholar,2026-09-15,6003,27,39,2484,24,,"{""scholar_id"": ""BE-kCpcAAAAJ"", ""name"": ""Paul M. Hess"", ""affiliation"": ""Professor of Urban Geography and Planning, University of Toronto"", ""email_domain"": ""@utoronto.ca"", ""interests"": [""Urban Planning"", ""pedestrians"", ""urban form"", ""public space"", ""urban design""], ""homepage"": null, ""citedby"": 6003, ""citedby5y"": 2484, ""hindex"": 27, ""hindex5y"": 24, ""i10index"": 39, ""i10index5y"": 33, ""cites_per_year"": {""2000"": 19, ""2001"": 36, ""2002"": 25, ""2003"": 37, ""2004"": 39, ""2005"": 64, ""2006"": 52, ""2007"": 63, ""2008"": 66, ""2009"": 72, ""2010"": 116, ""2011"": 147, ""2012"": 177, ""2013"": 231, ""2014"": 295, ""2015"": 308, ""2016"": 300, ""2017"": 314, ""2018"": 316, ""2019"": 353, ""2020"": 378, ""2021"": 389, ""2022"": 410, ""2023"": 434, ""2024"": 463, ""2025"": 443, ""2026"": 322}}"
912,google_scholar,2026-09-15,23,2,1,22,2,,"{""scholar_id"": ""sllHqKQAAAAJ"", ""name"": ""Tyeshia Redden"", ""affiliation"": ""Assistant Professor of Urban Planning, University of Toronto"", ""email_domain"": ""@utoronto.ca"", ""interests"": [""Mega-Project Development"", ""Popular Culture"", ""Social Inequalities"", ""Spatial Injustice"", ""Storytelling""], ""homepage"": ""https://www.geography.utoronto.ca/people/directories/all-faculty/ty-redden"", ""citedby"": 23, ""citedby5y"": 22, ""hindex"": 2, ""hindex5y"": 2, ""i10index"": 1, ""i10index5y"": 1, ""cites_per_year"": {""2022"": 4, ""2023"": 6, ""2024"": 2, ""2025"": 7, ""2026"": 3}}"
915,google_scholar,2026-09-15,163,7,6,151,7,,"{""scholar_id"": ""B3QA-u4AAAAJ"", ""name"": ""Nidhi Subramanyam"", ""affiliation"": ""University of Toronto"", ""email_domain"": ""@utoronto.ca"", ""interests"": [""urban governance"", ""water-sanitation infrastructures"", ""flood resilience"", ""migrant justice""], ""homepage"": ""https://nidhisubramanyam.com/"", ""citedby"": 163, ""citedby5y"": 151, ""hindex"": 7, ""hindex5y"": 7, ""i10index"": 6, ""i10index5y"": 6, ""cites_per_year"": {""2014"": 1, ""2016"": 1, ""2018"": 4, ""2019"": 3, ""2020"": 1, ""2021"": 19, ""2022"": 17, ""2023"": 24, ""2024"": 22, ""2025"": 42, ""2026"": 27}}"
916,google_scholar,2026-09-15,5074,35,77,3165,32,,"{""scholar_id"": ""EIjB7f0AAAAJ"", ""name"": ""Michael J Widener"", ""affiliation"": ""Professor, University of Toronto - St. George"", ""email_domain"": ""@utoronto.ca"", ""interests"": [""access to food"", ""urban health"", ""geographic data science"", ""transportation"", ""urban systems""], ""homepage"": ""http://www.thinkingspatial.com/"", ""citedby"": 5074, ""citedby5y"": 3165, ""hindex"": 35, ""hindex5y"": 32, ""i10index"": 77, ""i10index5y"": 69, ""cites_per_year"": {""2012"": 37, ""2013"": 68, ""2014"": 116, ""2015"": 171, ""2016"": 231, ""2017"": 238, ""2018"": 311, ""2019"": 356, ""2020"": 310, ""2021"": 403, ""2022"": 523, ""2023"": 556, ""2024"": 589, ""2025"": 597, ""2026"": 482}}"
917,google_scholar,2026-09-15,3093,20,24,872,12,,"{""scholar_id"": ""3QSbxggAAAAJ"", ""name"": ""Keith Bartholomew"", ""affiliation"": ""Professor of City & Metropolitan Planning, University of Utah"", ""email_domain"": ""@arch.utah.edu"", ""interests"": [""transportation"", ""land use"", ""climate change"", ""urban design"", ""transit-oriented development""], ""homepage"": null, ""citedby"": 3093, ""citedby5y"": 872, ""hindex"": 20, ""hindex5y"": 12, ""i10index"": 24, ""i10index5y"": 14, ""cites_per_year"": {""2007"": 10, ""2008"": 71, ""2009"": 115, ""2010"": 114, ""2011"": 149, ""2012"": 178, ""2013"": 186, ""2014"": 178, ""2015"": 180, ""2016"": 176, ""2017"": 167, ""2018"": 221, ""2019"": 190, ""2020"": 188, ""2021"": 176, ""2022"": 172, ""2023"": 148, ""2024"": 156, ""2025"": 136, ""2026"": 84}}"
919,google_scholar,2026-09-15,576,11,12,380,9,,"{""scholar_id"": ""QeE2MP0AAAAJ"", ""name"": ""Divya Chandrasekhar"", ""affiliation"": ""Associate Professor, University of Utah"", ""email_domain"": ""@utah.edu"", ""interests"": [""Urban Planning"", ""Disaster Studies"", ""Public Participation"", ""Community Development""], ""homepage"": ""https://faculty.utah.edu/u6001523-DIVYA_CHANDRASEKHAR/biography/index.hml"", ""citedby"": 576, ""citedby5y"": 380, ""hindex"": 11, ""hindex5y"": 9, ""i10index"": 12, ""i10index5y"": 9, ""cites_per_year"": {""2010"": 5, ""2011"": 2, ""2012"": 7, ""2013"": 6, ""2014"": 12, ""2015"": 12, ""2016"": 12, ""2017"": 19, ""2018"": 34, ""2019"": 36, ""2020"": 40, ""2021"": 52, ""2022"": 76, ""2023"": 62, ""2024"": 62, ""2025"": 81, ""2026"": 45}}"
920,google_scholar,2026-09-15,51777,83,220,20982,60,,"{""scholar_id"": ""dyhRzZgAAAAJ"", ""name"": ""Reid Ewing"", ""affiliation"": ""Distinguished Professor of City and Metropolitan Planning, University of Utah"", ""email_domain"": ""@arch.utah.edu"", ""interests"": [""urban planning"", ""transportation"", ""public health"", ""climate change"", ""urban design""], ""homepage"": null, ""citedby"": 51777, ""citedby5y"": 20982, ""hindex"": 83, ""hindex5y"": 60, ""i10index"": 220, ""i10index5y"": 166, ""cites_per_year"": {""2001"": 160, ""2002"": 153, ""2003"": 293, ""2004"": 385, ""2005"": 606, ""2006"": 663, ""2007"": 720, ""2008"": 905, ""2009"": 1047, ""2010"": 1327, ""2011"": 1353, ""2012"": 1623, ""2013"": 1902, ""2014"": 2044, ""2015"": 2101, ""2016"": 2471, ""2017"": 2564, ""2018"": 2786, ""2019"": 3019, ""2020"": 3268, ""2021"": 3600, ""2022"": 3683, ""2023"": 3501, ""2024"": 3552, ""2025"": 3829, ""2026"": 2809}}"
921,google_scholar,2026-09-15,4440,22,27,3109,17,,"{""scholar_id"": ""M7WLlCkAAAAJ"", ""name"": ""Stacy Anne Harwood"", ""affiliation"": ""Department of City & Metropolitan Planning, University of Utah"", ""email_domain"": ""@arch.utah.edu"", ""interests"": [""Urban Planning"", ""Immigration"", ""Community Development"", ""Social Justice"", ""Race & Space""], ""homepage"": ""http://plan.cap.utah.edu/"", ""citedby"": 4440, ""citedby5y"": 3109, ""hindex"": 22, ""hindex5y"": 17, ""i10index"": 27, ""i10index5y"": 21, ""cites_per_year"": {""2006"": 13, ""2007"": 19, ""2008"": 24, ""2009"": 26, ""2010"": 34, ""2011"": 24, ""2012"": 29, ""2013"": 47, ""2014"": 57, ""2015"": 53, ""2016"": 85, ""2017"": 152, ""2018"": 169, ""2019"": 223, ""2020"": 322, ""2021"": 385, ""2022"": 499, ""2023"": 644, ""2024"": 568, ""2025"": 581, ""2026"": 428}}"
922,google_scholar,2026-09-15,2252,25,37,2017,24,,"{""scholar_id"": ""RzWxizkAAAAJ"", ""name"": ""Andy Hong"", ""affiliation"": ""University of Utah"", ""email_domain"": ""@utah.edu"", ""interests"": [""urban planning"", ""healthy aging"", ""age-friendly community"", ""environmental health"", ""transportation""], ""homepage"": ""http://andyhong.org/"", ""citedby"": 2252, ""citedby5y"": 2017, ""hindex"": 25, ""hindex5y"": 24, ""i10index"": 37, ""i10index5y"": 33, ""cites_per_year"": {""2014"": 6, ""2015"": 9, ""2016"": 11, ""2017"": 11, ""2018"": 27, ""2019"": 49, ""2020"": 98, ""2021"": 165, ""2022"": 293, ""2023"": 330, ""2024"": 426, ""2025"": 451, ""2026"": 338}}"
923,google_scholar,2026-09-15,482,12,16,424,12,,"{""scholar_id"": ""1zQsUjsAAAAJ"", ""name"": ""C. Aujean Lee"", ""affiliation"": ""Assistant Professor, University of Utah"", ""email_domain"": ""@utah.edu"", ""interests"": [""City & Metropolitan Planning""], ""homepage"": ""https://aujeanlee.com/"", ""citedby"": 482, ""citedby5y"": 424, ""hindex"": 12, ""hindex5y"": 12, ""i10index"": 16, ""i10index5y"": 15, ""cites_per_year"": {""2017"": 3, ""2018"": 6, ""2019"": 15, ""2020"": 23, ""2021"": 26, ""2022"": 68, ""2023"": 110, ""2024"": 83, ""2025"": 83, ""2026"": 48}}"
924,google_scholar,2026-09-15,1610,23,39,963,18,,"{""scholar_id"": ""saYhPjYAAAAJ"", ""name"": ""Alexandra Ponette-González"", ""affiliation"": ""Professor, City & Metropolitan Planning, Natural History Museum of Utah, University of"", ""email_domain"": ""@utah.edu"", ""interests"": [""atmosphere-land interactions"", ""atmospheric deposition"", ""montane watersheds"", ""air quality and global""], ""homepage"": ""https://ponettelab.cargo.site/"", ""citedby"": 1610, ""citedby5y"": 963, ""hindex"": 23, ""hindex5y"": 18, ""i10index"": 39, ""i10index5y"": 34, ""cites_per_year"": {""2010"": 13, ""2011"": 16, ""2012"": 23, ""2013"": 25, ""2014"": 38, ""2015"": 51, ""2016"": 83, ""2017"": 77, ""2018"": 76, ""2019"": 81, ""2020"": 142, ""2021"": 176, ""2022"": 134, ""2023"": 183, ""2024"": 186, ""2025"": 167, ""2026"": 116}}"
925,google_scholar,2026-09-15,11246,46,79,10263,44,,"{""scholar_id"": ""NTTlUnoAAAAJ"", ""name"": ""Alessandro Rigolon"", ""affiliation"": ""University of Utah"", ""email_domain"": ""@utah.edu"", ""interests"": [""Urban planning"", ""Urban green space"", ""Environmental justice"", ""Gentrification"", ""Public health""], ""homepage"": null, ""citedby"": 11246, ""citedby5y"": 10263, ""hindex"": 46, ""hindex5y"": 44, ""i10index"": 79, ""i10index5y"": 75, ""cites_per_year"": {""2017"": 47, ""2018"": 93, ""2019"": 241, ""2020"": 416, ""2021"": 947, ""2022"": 1503, ""2023"": 1749, ""2024"": 2066, ""2025"": 2273, ""2026"": 1654}}"
926,google_scholar,2026-09-15,17793,47,102,5717,29,,"{""scholar_id"": ""jNU-JocAAAAJ"", ""name"": ""Tim Beatley"", ""affiliation"": ""University of Virginia"", ""email_domain"": ""@virginia.edu"", ""interests"": [""Environmental Planning"", ""Biophilic Cities"", ""Urban Planning"", ""Resilience"", ""Coastal Planning""], ""homepage"": ""http://timbeatley.org/"", ""citedby"": 17793, ""citedby5y"": 5717, ""hindex"": 47, ""hindex5y"": 29, ""i10index"": 102, ""i10index5y"": 56, ""cites_per_year"": {""1993"": 49, ""1994"": 73, ""1995"": 80, ""1996"": 84, ""1997"": 101, ""1998"": 107, ""1999"": 138, ""2000"": 165, ""2001"": 187, ""2002"": 261, ""2003"": 237, ""2004"": 252, ""2005"": 234, ""2006"": 290, ""2007"": 292, ""2008"": 348, ""2009"": 408, ""2010"": 450, ""2011"": 546, ""2012"": 630, ""2013"": 781, ""2014"": 769, ""2015"": 798, ""2016"": 826, ""2017"": 811, ""2018"": 838, ""2019"": 943, ""2020"": 873, ""2021"": 879, ""2022"": 838, ""2023"": 854, ""2024"": 1055, ""2025"": 1271, ""2026"": 819}}"
927,google_scholar,2026-09-15,1572,19,28,1146,16,,"{""scholar_id"": ""J1oqHDsAAAAJ"", ""name"": ""Andrew Mondschein"", ""affiliation"": ""Associate Professor of Urban and Environmental Planning, University of Virginia"", ""email_domain"": ""@virginia.edu"", ""interests"": [""Transportation"", ""Accessibility"", ""Future Mobility"", ""Information Technologies"", ""Cognitive Mapping""], ""homepage"": null, ""citedby"": 1572, ""citedby5y"": 1146, ""hindex"": 19, ""hindex5y"": 16, ""i10index"": 28, ""i10index5y"": 21, ""cites_per_year"": {""2008"": 14, ""2009"": 12, ""2010"": 21, ""2011"": 14, ""2012"": 19, ""2013"": 23, ""2014"": 19, ""2015"": 18, ""2016"": 35, ""2017"": 32, ""2018"": 42, ""2019"": 62, ""2020"": 92, ""2021"": 167, ""2022"": 216, ""2023"": 200, ""2024"": 185, ""2025"": 213, ""2026"": 164}}"
929,google_scholar,2026-09-15,608,16,18,479,13,,"{""scholar_id"": ""arxHS-YAAAAJ"", ""name"": ""Andrea Roberts"", ""affiliation"": ""University of Virginia"", ""email_domain"": ""@virginia.edu"", ""interests"": [""cultural landscapes"", ""digital humanities"", ""historic preservation"", ""planning history & theory"", ""Black""], ""homepage"": ""http://andrearobertsphd.com/"", ""citedby"": 608, ""citedby5y"": 479, ""hindex"": 16, ""hindex5y"": 13, ""i10index"": 18, ""i10index5y"": 14, ""cites_per_year"": {""2003"": 3, ""2004"": 3, ""2005"": 1, ""2006"": 2, ""2007"": 4, ""2008"": 1, ""2009"": 4, ""2010"": 1, ""2011"": 3, ""2012"": 4, ""2014"": 3, ""2015"": 4, ""2016"": 4, ""2017"": 5, ""2018"": 7, ""2019"": 22, ""2020"": 30, ""2021"": 67, ""2022"": 70, ""2023"": 111, ""2024"": 89, ""2025"": 71, ""2026"": 70}}"
930,google_scholar,2026-09-15,11870,37,65,7951,31,,"{""scholar_id"": ""9hTL_nkAAAAJ"", ""name"": ""Jenny Roe"", ""affiliation"": ""Center for Design and Health, University of Virginia"", ""email_domain"": ""@virginia.edu"", ""interests"": [], ""homepage"": null, ""citedby"": 11870, ""citedby5y"": 7951, ""hindex"": 37, ""hindex5y"": 31, ""i10index"": 65, ""i10index5y"": 54, ""cites_per_year"": {""2011"": 31, ""2012"": 50, ""2013"": 124, ""2014"": 221, ""2015"": 259, ""2016"": 385, ""2017"": 474, ""2018"": 548, ""2019"": 706, ""2020"": 806, ""2021"": 1079, ""2022"": 1243, ""2023"": 1289, ""2024"": 1475, ""2025"": 1653, ""2026"": 1198}}"
931,google_scholar,2026-09-15,1982,20,27,1541,16,,"{""scholar_id"": ""-y4JRccAAAAJ"", ""name"": ""Bev Wilson"", ""affiliation"": ""University of Virginia"", ""email_domain"": ""@virginia.edu"", ""interests"": [""Land Use Planning"", ""Civic Technology"", ""Environmental Planning"", ""GIS"", ""Planning Methods""], ""homepage"": ""https://bev-wilson.com/"", ""citedby"": 1982, ""citedby5y"": 1541, ""hindex"": 20, ""hindex5y"": 16, ""i10index"": 27, ""i10index5y"": 21, ""cites_per_year"": {""2012"": 5, ""2013"": 12, ""2014"": 12, ""2015"": 24, ""2016"": 47, ""2017"": 43, ""2018"": 80, ""2019"": 84, ""2020"": 105, ""2021"": 150, ""2022"": 221, ""2023"": 301, ""2024"": 307, ""2025"": 328, ""2026"": 231}}"
932,google_scholar,2026-09-15,401,10,10,257,8,,"{""scholar_id"": ""u93hCkgAAAAJ"", ""name"": ""Barbara Brown Wilson"", ""affiliation"": ""Associate Professor, Urban and Environmental Planning, University of Virginia"", ""email_domain"": ""@virginia.edu"", ""interests"": [""Community-engaged Scholarship"", ""Climate Justice"", ""Urban Social Movements""], ""homepage"": ""https://www.barbarabrownwilson.com/"", ""citedby"": 401, ""citedby5y"": 257, ""hindex"": 10, ""hindex5y"": 8, ""i10index"": 10, ""i10index5y"": 8, ""cites_per_year"": {""2009"": 1, ""2010"": 5, ""2011"": 1, ""2012"": 4, ""2013"": 13, ""2014"": 10, ""2015"": 11, ""2016"": 9, ""2017"": 15, ""2018"": 17, ""2019"": 19, ""2020"": 29, ""2021"": 25, ""2022"": 38, ""2023"": 45, ""2024"": 56, ""2025"": 48, ""2026"": 42}}"
934,google_scholar,2026-09-15,25715,56,77,10707,45,,"{""scholar_id"": ""sP0cHYgAAAAJ"", ""name"": ""marina alberti"", ""affiliation"": ""Professor of Urban and Environmental Planning, University of Washington"", ""email_domain"": ""@uw.edu"", ""interests"": [""Urban Ecology"", ""Urban Modeling"", ""Resilience Science""], ""homepage"": null, ""citedby"": 25715, ""citedby5y"": 10707, ""hindex"": 56, ""hindex5y"": 45, ""i10index"": 77, ""i10index5y"": 63, ""cites_per_year"": {""2004"": 85, ""2005"": 136, ""2006"": 125, ""2007"": 206, ""2008"": 302, ""2009"": 474, ""2010"": 671, ""2011"": 829, ""2012"": 871, ""2013"": 1048, ""2014"": 1169, ""2015"": 1196, ""2016"": 1296, ""2017"": 1389, ""2018"": 1501, ""2019"": 1513, ""2020"": 1568, ""2021"": 1854, ""2022"": 1850, ""2023"": 1728, ""2024"": 1832, ""2025"": 1987, ""2026"": 1437}}"
936,google_scholar,2026-09-15,477,9,9,261,8,,"{""scholar_id"": ""fNjo9pAAAAAJ"", ""name"": ""Rachel Berney"", ""affiliation"": ""University of Washington, Seattle"", ""email_domain"": ""@uw.edu"", ""interests"": [""urban design"", ""public space"", ""mobility & well-being"", ""urban equity"", ""data science in the built""], ""homepage"": ""https://urbdp.be.uw.edu/people/rachel-berney/"", ""citedby"": 477, ""citedby5y"": 261, ""hindex"": 9, ""hindex5y"": 8, ""i10index"": 9, ""i10index5y"": 7, ""cites_per_year"": {""2010"": 3, ""2011"": 6, ""2012"": 7, ""2013"": 13, ""2014"": 17, ""2015"": 18, ""2016"": 19, ""2017"": 27, ""2018"": 28, ""2019"": 31, ""2020"": 32, ""2021"": 33, ""2022"": 44, ""2023"": 58, ""2024"": 35, ""2025"": 55, ""2026"": 35}}"
937,google_scholar,2026-09-15,2478,9,9,809,8,,"{""scholar_id"": ""YgDubuQAAAAJ"", ""name"": ""Branden Born"", ""affiliation"": ""University of Washington"", ""email_domain"": ""@uw.edu"", ""interests"": [""urban planning"", ""food systems"", ""democracy"", ""community development"", ""autonomy""], ""homepage"": null, ""citedby"": 2478, ""citedby5y"": 809, ""hindex"": 9, ""hindex5y"": 8, ""i10index"": 9, ""i10index5y"": 7, ""cites_per_year"": {""2007"": 11, ""2008"": 25, ""2009"": 42, ""2010"": 55, ""2011"": 71, ""2012"": 94, ""2013"": 124, ""2014"": 162, ""2015"": 176, ""2016"": 185, ""2017"": 178, ""2018"": 191, ""2019"": 159, ""2020"": 150, ""2021"": 141, ""2022"": 178, ""2023"": 143, ""2024"": 146, ""2025"": 125, ""2026"": 75}}"
938,google_scholar,2026-09-15,5105,40,78,2858,30,,"{""scholar_id"": ""ALTsdGwAAAAJ"", ""name"": ""Yu-chen Karen Chen-Wiegart"", ""affiliation"": ""Associate Professor, Department of Materials Science and Chemical Engineering at Stony Brook"", ""email_domain"": ""@stonybrook.edu"", ""interests"": [""Functional Materials"", ""Porous Materials"", ""Energy Storage Materials"", ""Synchrotron Techniques"", ""X-ray""], ""homepage"": ""https://www.stonybrook.edu/commcms/chen-wiegart/"", ""citedby"": 5105, ""citedby5y"": 2858, ""hindex"": 40, ""hindex5y"": 30, ""i10index"": 78, ""i10index5y"": 70, ""cites_per_year"": {""2012"": 20, ""2013"": 88, ""2014"": 135, ""2015"": 209, ""2016"": 326, ""2017"": 338, ""2018"": 301, ""2019"": 359, ""2020"": 420, ""2021"": 521, ""2022"": 479, ""2023"": 482, ""2024"": 482, ""2025"": 515, ""2026"": 378}}"
940,google_scholar,2026-09-15,14271,37,50,5029,23,,"{""scholar_id"": ""Zk5yIpsAAAAJ"", ""name"": ""Mark Purcell"", ""affiliation"": ""University of Washington"", ""email_domain"": ""@uw.edu"", ""interests"": [""Democracy"", ""urban studies"", ""political theory"", ""Human Geography"", ""urban geography""], ""homepage"": ""http://faculty.washington.edu/mpurcell"", ""citedby"": 14271, ""citedby5y"": 5029, ""hindex"": 37, ""hindex5y"": 23, ""i10index"": 50, ""i10index5y"": 35, ""cites_per_year"": {""2004"": 47, ""2005"": 55, ""2006"": 114, ""2007"": 141, ""2008"": 185, ""2009"": 251, ""2010"": 295, ""2011"": 343, ""2012"": 492, ""2013"": 634, ""2014"": 714, ""2015"": 781, ""2016"": 843, ""2017"": 923, ""2018"": 1026, ""2019"": 1068, ""2020"": 955, ""2021"": 953, ""2022"": 968, ""2023"": 902, ""2024"": 834, ""2025"": 773, ""2026"": 598}}"
941,google_scholar,2026-09-15,8122,41,77,3428,31,,"{""scholar_id"": ""gPnD5gYAAAAJ"", ""name"": ""Qing Shen"", ""affiliation"": ""Professor of Urban Design and Planning, University of Washington"", ""email_domain"": ""@uw.edu"", ""interests"": [""Urban Economics"", ""Urban Transportation Planning and Policy""], ""homepage"": null, ""citedby"": 8122, ""citedby5y"": 3428, ""hindex"": 41, ""hindex5y"": 31, ""i10index"": 77, ""i10index5y"": 58, ""cites_per_year"": {""1998"": 31, ""1999"": 19, ""2000"": 31, ""2001"": 40, ""2002"": 72, ""2003"": 80, ""2004"": 76, ""2005"": 84, ""2006"": 67, ""2007"": 102, ""2008"": 88, ""2009"": 125, ""2010"": 157, ""2011"": 187, ""2012"": 231, ""2013"": 236, ""2014"": 324, ""2015"": 297, ""2016"": 390, ""2017"": 450, ""2018"": 413, ""2019"": 489, ""2020"": 582, ""2021"": 548, ""2022"": 633, ""2023"": 546, ""2024"": 647, ""2025"": 671, ""2026"": 381}}"
942,google_scholar,2026-09-15,3,1,0,3,1,,"{""scholar_id"": ""Jbuqs8IAAAAJ"", ""name"": ""Dylan Stevenson"", ""affiliation"": ""Assistant Professor, University of Washington"", ""email_domain"": ""@uw.edu"", ""interests"": [""Indigenous Planning"", ""Heritage Planning"", ""Environmental Stewardship""], ""homepage"": ""https://dylanmstevenson.com/"", ""citedby"": 3, ""citedby5y"": 3, ""hindex"": 1, ""hindex5y"": 1, ""i10index"": 0, ""i10index5y"": 0, ""cites_per_year"": {""2025"": 2, ""2026"": 1}}"
943,google_scholar,2026-09-15,913,15,17,428,10,,"{""scholar_id"": ""K_llbN8AAAAJ"", ""name"": ""Jan Whittington"", ""affiliation"": ""Professor of Urban Design and Planning, University of Washington"", ""email_domain"": ""@uw.edu"", ""interests"": [""Economics"", ""Infrastructure"", ""Climate Change"", ""Internet"", ""Privacy""], ""homepage"": null, ""citedby"": 913, ""citedby5y"": 428, ""hindex"": 15, ""hindex5y"": 10, ""i10index"": 17, ""i10index5y"": 11, ""cites_per_year"": {""2005"": 4, ""2006"": 6, ""2007"": 4, ""2008"": 3, ""2009"": 3, ""2010"": 4, ""2011"": 2, ""2012"": 11, ""2013"": 19, ""2014"": 21, ""2015"": 46, ""2016"": 49, ""2017"": 48, ""2018"": 57, ""2019"": 78, ""2020"": 88, ""2021"": 83, ""2022"": 69, ""2023"": 89, ""2024"": 84, ""2025"": 69, ""2026"": 34}}"
944,google_scholar,2026-09-15,2403,18,24,1675,18,,"{""scholar_id"": ""JqcxamAAAAAJ"", ""name"": ""Martine August"", ""affiliation"": ""University of Waterloo"", ""email_domain"": ""@uwaterloo.ca"", ""interests"": [""Financialization"", ""Housing"", ""Social Justice"", ""Gentrification"", ""Urban Planning""], ""homepage"": null, ""citedby"": 2403, ""citedby5y"": 1675, ""hindex"": 18, ""hindex5y"": 18, ""i10index"": 24, ""i10index5y"": 21, ""cites_per_year"": {""2009"": 15, ""2010"": 18, ""2011"": 20, ""2012"": 25, ""2013"": 25, ""2014"": 48, ""2015"": 48, ""2016"": 40, ""2017"": 88, ""2018"": 77, ""2019"": 108, ""2020"": 162, ""2021"": 194, ""2022"": 235, ""2023"": 282, ""2024"": 329, ""2025"": 329, ""2026"": 298}}"
945,google_scholar,2026-09-15,1181,14,18,758,13,,"{""scholar_id"": ""DwtbmIgAAAAJ"", ""name"": ""Janice Barry"", ""affiliation"": ""School of Planning, University of Waterloo"", ""email_domain"": ""@uwaterloo.ca"", ""interests"": [""Indigenous peoples"", ""urban planning"", ""environmental planning""], ""homepage"": ""https://uwaterloo.ca/planning/people-profiles/janice-barry"", ""citedby"": 1181, ""citedby5y"": 758, ""hindex"": 14, ""hindex5y"": 13, ""i10index"": 18, ""i10index5y"": 16, ""cites_per_year"": {""2010"": 3, ""2011"": 3, ""2012"": 9, ""2013"": 15, ""2014"": 24, ""2015"": 35, ""2016"": 44, ""2017"": 65, ""2018"": 52, ""2019"": 72, ""2020"": 71, ""2021"": 91, ""2022"": 122, ""2023"": 143, ""2024"": 129, ""2025"": 161, ""2026"": 111}}"
947,google_scholar,2026-09-15,2440,24,29,1453,22,,"{""scholar_id"": ""CZ1SucoAAAAJ"", ""name"": ""Jennifer Dean"", ""affiliation"": ""Associate Professor, School of Planning, University of Waterloo"", ""email_domain"": ""@uwaterloo.ca"", ""interests"": [""Planning healthy and inclusive communities"", ""immigration and settlement"", ""active transportation""], ""homepage"": ""https://uwaterloo.ca/planning/people-profiles/jennifer-dean"", ""citedby"": 2440, ""citedby5y"": 1453, ""hindex"": 24, ""hindex5y"": 22, ""i10index"": 29, ""i10index5y"": 28, ""cites_per_year"": {""2009"": 13, ""2010"": 17, ""2011"": 39, ""2012"": 63, ""2013"": 58, ""2014"": 61, ""2015"": 78, ""2016"": 110, ""2017"": 94, ""2018"": 107, ""2019"": 134, ""2020"": 177, ""2021"": 189, ""2022"": 223, ""2023"": 249, ""2024"": 295, ""2025"": 281, ""2026"": 211}}"
948,google_scholar,2026-09-15,1559,20,27,857,18,,"{""scholar_id"": ""VP_AYC4AAAAJ"", ""name"": ""Brian Doucet"", ""affiliation"": ""Associate Professor, University of Waterloo"", ""email_domain"": ""@uwaterloo.ca"", ""interests"": [""urban geography"", ""housing"", ""gentrification"", ""inequalities"", ""transportation""], ""homepage"": ""https://uwaterloo.ca/planning/profiles/brian-doucet"", ""citedby"": 1559, ""citedby5y"": 857, ""hindex"": 20, ""hindex5y"": 18, ""i10index"": 27, ""i10index5y"": 24, ""cites_per_year"": {""2010"": 6, ""2011"": 17, ""2012"": 39, ""2013"": 45, ""2014"": 71, ""2015"": 55, ""2016"": 41, ""2017"": 78, ""2018"": 112, ""2019"": 99, ""2020"": 108, ""2021"": 125, ""2022"": 146, ""2023"": 151, ""2024"": 169, ""2025"": 147, ""2026"": 118}}"
949,google_scholar,2026-09-15,2886,26,35,1534,20,,"{""scholar_id"": ""n3TldkEAAAAJ"", ""name"": ""Michael Drescher"", ""affiliation"": ""Universty of Waterloo"", ""email_domain"": ""@uwaterloo.ca"", ""interests"": [], ""homepage"": ""http://uwaterloo.ca/planning/people-profiles/michael-drescher"", ""citedby"": 2886, ""citedby5y"": 1534, ""hindex"": 26, ""hindex5y"": 20, ""i10index"": 35, ""i10index5y"": 30, ""cites_per_year"": {""2008"": 18, ""2009"": 21, ""2010"": 29, ""2011"": 45, ""2012"": 53, ""2013"": 69, ""2014"": 91, ""2015"": 136, ""2016"": 124, ""2017"": 133, ""2018"": 157, ""2019"": 218, ""2020"": 207, ""2021"": 248, ""2022"": 253, ""2023"": 220, ""2024"": 285, ""2025"": 322, ""2026"": 201}}"
950,google_scholar,2026-09-15,1708,22,33,653,17,,"{""scholar_id"": ""LEkOcDoAAAAJ"", ""name"": ""Rob Feick"", ""affiliation"": ""University of Waterloo"", ""email_domain"": ""@uwaterloo.ca"", ""interests"": [""GIS"", ""spatial decision support"", ""multi criteria analysis"", ""GIScience"", ""public participation""], ""homepage"": null, ""citedby"": 1708, ""citedby5y"": 653, ""hindex"": 22, ""hindex5y"": 17, ""i10index"": 33, ""i10index5y"": 22, ""cites_per_year"": {""2003"": 16, ""2004"": 13, ""2005"": 16, ""2006"": 30, ""2007"": 22, ""2008"": 14, ""2009"": 20, ""2010"": 57, ""2011"": 52, ""2012"": 69, ""2013"": 88, ""2014"": 73, ""2015"": 87, ""2016"": 93, ""2017"": 98, ""2018"": 89, ""2019"": 92, ""2020"": 85, ""2021"": 95, ""2022"": 112, ""2023"": 98, ""2024"": 122, ""2025"": 120, ""2026"": 103}}"
951,google_scholar,2026-09-15,2250,22,31,1873,18,,"{""scholar_id"": ""KiN6gZAAAAAJ"", ""name"": ""Luna Khirfan"", ""affiliation"": ""Associate Professor of Urban Planning, The University of Waterloo"", ""email_domain"": ""@uwaterloo.ca"", ""interests"": [""urban design"", ""climate change adaptation"", ""heritage"", ""governance"", ""public participation""], ""homepage"": ""https://uwaterloo.ca/planning/people-profiles/luna-khirfan"", ""citedby"": 2250, ""citedby5y"": 1873, ""hindex"": 22, ""hindex5y"": 18, ""i10index"": 31, ""i10index5y"": 26, ""cites_per_year"": {""2013"": 11, ""2014"": 18, ""2015"": 16, ""2016"": 30, ""2017"": 45, ""2018"": 55, ""2019"": 78, ""2020"": 92, ""2021"": 133, ""2022"": 228, ""2023"": 340, ""2024"": 358, ""2025"": 448, ""2026"": 351}}"
952,google_scholar,2026-09-15,2241,27,50,1065,19,,"{""scholar_id"": ""7a5DHmMAAAAJ"", ""name"": ""Jane Law"", ""affiliation"": ""Associate Professor, University of Waterloo"", ""email_domain"": ""@uwaterloo.ca"", ""interests"": [""Bayesian Spatial Analysis"", ""Spatial Epidemiology"", ""Environmental Criminology"", ""Geographic Information Science"", ""Public""], ""homepage"": null, ""citedby"": 2241, ""citedby5y"": 1065, ""hindex"": 27, ""hindex5y"": 19, ""i10index"": 50, ""i10index5y"": 33, ""cites_per_year"": {""2005"": 6, ""2006"": 19, ""2007"": 31, ""2008"": 23, ""2009"": 43, ""2010"": 49, ""2011"": 52, ""2012"": 36, ""2013"": 50, ""2014"": 91, ""2015"": 81, ""2016"": 124, ""2017"": 135, ""2018"": 112, ""2019"": 145, ""2020"": 139, ""2021"": 164, ""2022"": 168, ""2023"": 185, ""2024"": 208, ""2025"": 198, ""2026"": 138}}"
954,google_scholar,2026-09-15,3775,35,90,2644,29,,"{""scholar_id"": ""KpiNvAkAAAAJ"", ""name"": ""Leia Minaker"", ""affiliation"": ""Associate Professor"", ""email_domain"": ""@uwaterloo.ca"", ""interests"": [""Public health"", ""Planning"", ""Healthy Cities"", ""Food Environments""], ""homepage"": null, ""citedby"": 3775, ""citedby5y"": 2644, ""hindex"": 35, ""hindex5y"": 29, ""i10index"": 90, ""i10index5y"": 80, ""cites_per_year"": {""2008"": 11, ""2009"": 14, ""2010"": 6, ""2011"": 8, ""2012"": 20, ""2013"": 22, ""2014"": 42, ""2015"": 48, ""2016"": 97, ""2017"": 159, ""2018"": 161, ""2019"": 239, ""2020"": 259, ""2021"": 329, ""2022"": 412, ""2023"": 438, ""2024"": 479, ""2025"": 589, ""2026"": 387}}"
955,google_scholar,2026-09-15,1440,15,18,1022,12,,"{""scholar_id"": ""NZdIdD4AAAAJ"", ""name"": ""Carrie Mitchell"", ""affiliation"": ""AssociateProfessor, School of Planning, University of Waterloo"", ""email_domain"": ""@uwaterloo.ca"", ""interests"": [""climate change"", ""resilience"", ""planning"", ""communication"", ""equity""], ""homepage"": ""http://carrielmitchell.com/"", ""citedby"": 1440, ""citedby5y"": 1022, ""hindex"": 15, ""hindex5y"": 12, ""i10index"": 18, ""i10index5y"": 16, ""cites_per_year"": {""2009"": 6, ""2010"": 11, ""2011"": 11, ""2012"": 13, ""2013"": 14, ""2014"": 22, ""2015"": 22, ""2016"": 19, ""2017"": 35, ""2018"": 44, ""2019"": 76, ""2020"": 116, ""2021"": 180, ""2022"": 173, ""2023"": 185, ""2024"": 164, ""2025"": 192, ""2026"": 127}}"
956,google_scholar,2026-09-15,2999,25,39,1575,20,,"{""scholar_id"": ""p5X4YggAAAAJ"", ""name"": ""Markus Moos"", ""affiliation"": ""University of Waterloo"", ""email_domain"": ""@uwaterloo.ca"", ""interests"": [], ""homepage"": ""http://www.markus-moos.com/"", ""citedby"": 2999, ""citedby5y"": 1575, ""hindex"": 25, ""hindex5y"": 20, ""i10index"": 39, ""i10index5y"": 28, ""cites_per_year"": {""2008"": 11, ""2009"": 33, ""2010"": 37, ""2011"": 46, ""2012"": 74, ""2013"": 90, ""2014"": 99, ""2015"": 99, ""2016"": 124, ""2017"": 183, ""2018"": 164, ""2019"": 187, ""2020"": 226, ""2021"": 269, ""2022"": 254, ""2023"": 246, ""2024"": 303, ""2025"": 282, ""2026"": 219}}"
957,google_scholar,2026-09-15,10560,36,52,3975,22,,"{""scholar_id"": ""eg8HiDIAAAAJ"", ""name"": ""Dawn Parker"", ""affiliation"": ""University of Waterloo"", ""email_domain"": ""@uwaterloo.ca"", ""interests"": [], ""homepage"": null, ""citedby"": 10560, ""citedby5y"": 3975, ""hindex"": 36, ""hindex5y"": 22, ""i10index"": 52, ""i10index5y"": 35, ""cites_per_year"": {""2003"": 31, ""2004"": 83, ""2005"": 115, ""2006"": 151, ""2007"": 193, ""2008"": 243, ""2009"": 306, ""2010"": 355, ""2011"": 422, ""2012"": 344, ""2013"": 414, ""2014"": 508, ""2015"": 493, ""2016"": 527, ""2017"": 544, ""2018"": 541, ""2019"": 578, ""2020"": 555, ""2021"": 511, ""2022"": 505, ""2023"": 610, ""2024"": 759, ""2025"": 878, ""2026"": 691}}"
958,google_scholar,2026-09-15,223,4,2,75,3,,"{""scholar_id"": ""I22I9DYAAAAJ"", ""name"": ""Katherine Perrott"", ""affiliation"": ""University of Waterloo"", ""email_domain"": ""@uwaterloo.ca"", ""interests"": [""Urban Planning"", ""Urban Design"", ""Housing"", ""Rentals"", ""Development""], ""homepage"": ""https://www.linkedin.com/in/katherine-perrott/"", ""citedby"": 223, ""citedby5y"": 75, ""hindex"": 4, ""hindex5y"": 3, ""i10index"": 2, ""i10index5y"": 2, ""cites_per_year"": {""2010"": 1, ""2011"": 5, ""2012"": 8, ""2013"": 14, ""2014"": 20, ""2015"": 10, ""2016"": 10, ""2017"": 24, ""2018"": 20, ""2019"": 12, ""2020"": 21, ""2021"": 7, ""2022"": 4, ""2023"": 16, ""2024"": 20, ""2025"": 13, ""2026"": 15}}"
959,google_scholar,2026-09-15,5358,31,65,4207,28,,"{""scholar_id"": ""eB55IYYAAAAJ"", ""name"": ""Jeremy Pittman"", ""affiliation"": ""University of Waterloo"", ""email_domain"": ""@uwaterloo.ca"", ""interests"": [], ""homepage"": null, ""citedby"": 5358, ""citedby5y"": 4207, ""hindex"": 31, ""hindex5y"": 28, ""i10index"": 65, ""i10index5y"": 59, ""cites_per_year"": {""2013"": 14, ""2014"": 24, ""2015"": 34, ""2016"": 61, ""2017"": 105, ""2018"": 169, ""2019"": 274, ""2020"": 370, ""2021"": 529, ""2022"": 608, ""2023"": 735, ""2024"": 704, ""2025"": 914, ""2026"": 707}}"
962,google_scholar,2026-09-15,1340,13,15,407,10,,"{""scholar_id"": ""ddWrU1MAAAAJ"", ""name"": ""Clarence Woudsma"", ""affiliation"": ""Professor, School of Planning, University of Waterloo"", ""email_domain"": ""@uwaterloo.ca"", ""interests"": [""transportation"", ""logistics"", ""land development"", ""trucking""], ""homepage"": null, ""citedby"": 1340, ""citedby5y"": 407, ""hindex"": 13, ""hindex5y"": 10, ""i10index"": 15, ""i10index5y"": 11, ""cites_per_year"": {""2001"": 5, ""2002"": 7, ""2003"": 21, ""2004"": 16, ""2005"": 18, ""2006"": 27, ""2007"": 16, ""2008"": 30, ""2009"": 25, ""2010"": 38, ""2011"": 41, ""2012"": 65, ""2013"": 55, ""2014"": 58, ""2015"": 78, ""2016"": 57, ""2017"": 81, ""2018"": 86, ""2019"": 78, ""2020"": 86, ""2021"": 60, ""2022"": 67, ""2023"": 82, ""2024"": 84, ""2025"": 69, ""2026"": 45}}"
964,google_scholar,2026-09-15,938,8,8,896,8,,"{""scholar_id"": ""wO1LpmkAAAAJ"", ""name"": ""Wenwen Cheng"", ""affiliation"": ""Assistant Professor, University of Wisconsin-Madison"", ""email_domain"": ""@wisc.edu"", ""interests"": [], ""homepage"": null, ""citedby"": 938, ""citedby5y"": 896, ""hindex"": 8, ""hindex5y"": 8, ""i10index"": 8, ""i10index5y"": 7, ""cites_per_year"": {""2017"": 4, ""2018"": 3, ""2019"": 11, ""2020"": 13, ""2021"": 35, ""2022"": 117, ""2023"": 133, ""2024"": 190, ""2025"": 222, ""2026"": 195}}"
965,google_scholar,2026-09-15,1684,20,31,658,12,,"{""scholar_id"": ""TBvz3IUAAAAJ"", ""name"": ""Ken Genskow"", ""affiliation"": ""University of Wisconsin-Madison & UW-Extension"", ""email_domain"": ""@wisc.edu"", ""interests"": [""Environmental Policy and Planning"", ""Human Dimensions of Natural Resource and Environmental Management""], ""homepage"": ""http://urpl.wisc.edu/people/genskow/"", ""citedby"": 1684, ""citedby5y"": 658, ""hindex"": 20, ""hindex5y"": 12, ""i10index"": 31, ""i10index5y"": 15, ""cites_per_year"": {""2000"": 12, ""2001"": 22, ""2002"": 37, ""2003"": 24, ""2004"": 14, ""2005"": 15, ""2006"": 31, ""2007"": 26, ""2008"": 35, ""2009"": 45, ""2010"": 48, ""2011"": 47, ""2012"": 59, ""2013"": 50, ""2014"": 61, ""2015"": 77, ""2016"": 73, ""2017"": 77, ""2018"": 78, ""2019"": 85, ""2020"": 85, ""2021"": 105, ""2022"": 124, ""2023"": 131, ""2024"": 104, ""2025"": 97, ""2026"": 97}}"
966,google_scholar,2026-09-15,1567,14,14,457,9,,"{""scholar_id"": ""8GlQHMMAAAAJ"", ""name"": ""James A. LaGro Jr."", ""affiliation"": ""Professor, University of Wisconsin-Madison / Editor-in-Chief, Landscape Journal"", ""email_domain"": ""@wisc.edu"", ""interests"": [""land use policy"", ""urban design"", ""landscape ecology"", ""site planning"", ""sustainability transitions""], ""homepage"": ""https://dpla.wisc.edu/staff/james-a-lagro-jr/"", ""citedby"": 1567, ""citedby5y"": 457, ""hindex"": 14, ""hindex5y"": 9, ""i10index"": 14, ""i10index5y"": 9, ""cites_per_year"": {""1991"": 6, ""1992"": 8, ""1993"": 8, ""1994"": 10, ""1995"": 7, ""1996"": 21, ""1997"": 17, ""1998"": 20, ""1999"": 13, ""2000"": 29, ""2001"": 32, ""2002"": 23, ""2003"": 26, ""2004"": 34, ""2005"": 24, ""2006"": 24, ""2007"": 20, ""2008"": 37, ""2009"": 23, ""2010"": 33, ""2011"": 32, ""2012"": 39, ""2013"": 57, ""2014"": 50, ""2015"": 61, ""2016"": 74, ""2017"": 80, ""2018"": 91, ""2019"": 89, ""2020"": 83, ""2021"": 85, ""2022"": 79, ""2023"": 86, ""2024"": 89, ""2025"": 79, ""2026"": 39}}"
967,google_scholar,2026-09-15,181,8,6,172,8,,"{""scholar_id"": ""70U7emgAAAAJ"", ""name"": ""Edna Ely-Ledesma"", ""affiliation"": ""Associate Professor, University of Wisconsin-Madison"", ""email_domain"": ""@wisc.edu"", ""interests"": [""planning"", ""urban design"", ""architecture"", ""markets"", ""Latinos""], ""homepage"": ""https://dpla.wisc.edu/staff/ledesma-edna/"", ""citedby"": 181, ""citedby5y"": 172, ""hindex"": 8, ""hindex5y"": 8, ""i10index"": 6, ""i10index5y"": 6, ""cites_per_year"": {""2017"": 1, ""2019"": 2, ""2020"": 4, ""2021"": 13, ""2022"": 29, ""2023"": 16, ""2024"": 32, ""2025"": 48, ""2026"": 31}}"
968,google_scholar,2026-09-15,6624,39,75,1684,22,,"{""scholar_id"": ""ydzOUwcAAAAJ"", ""name"": ""David W. Marcouiller"", ""affiliation"": ""University of Wisconsin - Madison"", ""email_domain"": ""@wisc.edu"", ""interests"": [""tourism economics"", ""forest economics"", ""rural development..""], ""homepage"": ""http://urpl.wisc.edu/people/marcouiller/"", ""citedby"": 6624, ""citedby5y"": 1684, ""hindex"": 39, ""hindex5y"": 22, ""i10index"": 75, ""i10index5y"": 42, ""cites_per_year"": {""1995"": 17, ""1996"": 30, ""1997"": 32, ""1998"": 30, ""1999"": 47, ""2000"": 52, ""2001"": 65, ""2002"": 69, ""2003"": 76, ""2004"": 143, ""2005"": 181, ""2006"": 194, ""2007"": 213, ""2008"": 227, ""2009"": 276, ""2010"": 244, ""2011"": 318, ""2012"": 262, ""2013"": 329, ""2014"": 301, ""2015"": 238, ""2016"": 246, ""2017"": 254, ""2018"": 296, ""2019"": 340, ""2020"": 274, ""2021"": 317, ""2022"": 335, ""2023"": 316, ""2024"": 271, ""2025"": 253, ""2026"": 191}}"
969,google_scholar,2026-09-15,842,17,25,523,12,,"{""scholar_id"": ""-x9OGtsAAAAJ"", ""name"": ""Carolyn McAndrews"", ""affiliation"": ""University of Wisconsin–Madison"", ""email_domain"": ""@wisc.edu"", ""interests"": [""Transportation"", ""Urban Planning"", ""Public Health"", ""Injury Prevention"", ""Public Policy""], ""homepage"": ""https://dpla.wisc.edu/facstaff/faculty/mcandrews"", ""citedby"": 842, ""citedby5y"": 523, ""hindex"": 17, ""hindex5y"": 12, ""i10index"": 25, ""i10index5y"": 15, ""cites_per_year"": {""2009"": 4, ""2010"": 12, ""2011"": 19, ""2012"": 6, ""2013"": 19, ""2014"": 18, ""2015"": 18, ""2016"": 31, ""2017"": 39, ""2018"": 36, ""2019"": 58, ""2020"": 45, ""2021"": 59, ""2022"": 71, ""2023"": 93, ""2024"": 99, ""2025"": 120, ""2026"": 77}}"
970,google_scholar,2026-09-15,2539,23,51,1034,17,,"{""scholar_id"": ""_m9LetFspOUC"", ""name"": ""Alfonso Morales"", ""affiliation"": ""Vilas Distinguished Achievement Professor of Planning and Landscape Architecture, University of"", ""email_domain"": ""@wisc.edu"", ""interests"": [""social theory and methods"", ""food systems"", ""community economic development"", ""law and regulation""], ""homepage"": ""https://dpla.wisc.edu/facstaff/faculty/morales"", ""citedby"": 2539, ""citedby5y"": 1034, ""hindex"": 23, ""hindex5y"": 17, ""i10index"": 51, ""i10index5y"": 30, ""cites_per_year"": {""2000"": 10, ""2001"": 5, ""2002"": 11, ""2003"": 21, ""2004"": 5, ""2005"": 5, ""2006"": 29, ""2007"": 48, ""2008"": 44, ""2009"": 49, ""2010"": 53, ""2011"": 111, ""2012"": 78, ""2013"": 103, ""2014"": 73, ""2015"": 131, ""2016"": 132, ""2017"": 133, ""2018"": 121, ""2019"": 146, ""2020"": 160, ""2021"": 195, ""2022"": 208, ""2023"": 158, ""2024"": 174, ""2025"": 195, ""2026"": 101}}"
972,google_scholar,2026-09-15,298,7,6,181,7,,"{""scholar_id"": ""PVPzSb8AAAAJ"", ""name"": ""J. Revel Sims"", ""affiliation"": ""Assistant Professor, University of Wisconsin-Madison"", ""email_domain"": ""@wisc.edu"", ""interests"": [""Gentrification"", ""Displacement"", ""Eviction"", ""Urban theory"", ""Housing policy""], ""homepage"": null, ""citedby"": 298, ""citedby5y"": 181, ""hindex"": 7, ""hindex5y"": 7, ""i10index"": 6, ""i10index5y"": 6, ""cites_per_year"": {""2012"": 2, ""2013"": 1, ""2014"": 9, ""2015"": 5, ""2016"": 9, ""2017"": 16, ""2018"": 21, ""2019"": 26, ""2020"": 25, ""2021"": 44, ""2022"": 30, ""2023"": 33, ""2024"": 28, ""2025"": 26, ""2026"": 20}}"
976,google_scholar,2026-09-15,31,4,0,20,2,,"{""scholar_id"": ""WQ_yR-YAAAAJ"", ""name"": ""Lauren E. Nolan"", ""affiliation"": ""Assistant Professor, Urban Planning, University of Wisconsin - Milwaukee"", ""email_domain"": ""@uwm.edu"", ""interests"": [""Urban Planning"", ""Economic Development"", ""Housing"", ""Community Development""], ""homepage"": null, ""citedby"": 31, ""citedby5y"": 20, ""hindex"": 4, ""hindex5y"": 2, ""i10index"": 0, ""i10index5y"": 0, ""cites_per_year"": {""2017"": 3, ""2018"": 1, ""2019"": 2, ""2020"": 5, ""2021"": 1, ""2022"": 6, ""2024"": 4, ""2025"": 6, ""2026"": 3}}"
977,google_scholar,2026-09-15,4273,37,81,2133,25,,"{""scholar_id"": ""IDOfbMYAAAAJ"", ""name"": ""Robert J. Schneider"", ""affiliation"": ""Professor of Urban Planning, University of Wisconsin-Milwaukee"", ""email_domain"": ""@uwm.edu"", ""interests"": [""Pedestrian and Bicycle Transportation"", ""Travel Behavior"", ""Planning"", ""Safety"", ""Data Collection""], ""homepage"": ""http://www.robertjschneider.com/"", ""citedby"": 4273, ""citedby5y"": 2133, ""hindex"": 37, ""hindex5y"": 25, ""i10index"": 81, ""i10index5y"": 60, ""cites_per_year"": {""2005"": 11, ""2006"": 18, ""2007"": 32, ""2008"": 29, ""2009"": 33, ""2010"": 61, ""2011"": 64, ""2012"": 70, ""2013"": 131, ""2014"": 112, ""2015"": 154, ""2016"": 214, ""2017"": 259, ""2018"": 249, ""2019"": 333, ""2020"": 301, ""2021"": 372, ""2022"": 352, ""2023"": 342, ""2024"": 395, ""2025"": 408, ""2026"": 260}}"
978,google_scholar,2026-09-15,17211,55,107,4460,33,,"{""scholar_id"": ""j0TAsZAAAAAJ"", ""name"": ""Marlon Boarnet"", ""affiliation"": ""Professor of Urban Planning and Public Policy at University of Southern California"", ""email_domain"": ""@usc.edu"", ""interests"": [""urban planning"", ""transportation"", ""regional science"", ""urban economics"", ""real estate""], ""homepage"": ""https://priceschool.usc.edu/people/marlon-boarnet/"", ""citedby"": 17211, ""citedby5y"": 4460, ""hindex"": 55, ""hindex5y"": 33, ""i10index"": 107, ""i10index5y"": 74, ""cites_per_year"": {""1999"": 52, ""2000"": 98, ""2001"": 133, ""2002"": 148, ""2003"": 235, ""2004"": 268, ""2005"": 382, ""2006"": 467, ""2007"": 482, ""2008"": 555, ""2009"": 583, ""2010"": 658, ""2011"": 683, ""2012"": 758, ""2013"": 780, ""2014"": 802, ""2015"": 866, ""2016"": 887, ""2017"": 920, ""2018"": 872, ""2019"": 850, ""2020"": 896, ""2021"": 856, ""2022"": 882, ""2023"": 809, ""2024"": 747, ""2025"": 733, ""2026"": 430}}"
979,google_scholar,2026-09-15,7944,34,56,6757,31,,"{""scholar_id"": ""xaKBPQQAAAAJ"", ""name"": ""Geoff Boeing"", ""affiliation"": ""University of Southern California"", ""email_domain"": ""@usc.edu"", ""interests"": [""Spatial Networks"", ""Urban Morphology"", ""Street Networks"", ""Urban Data Science"", ""Geographic Data Science""], ""homepage"": ""https://geoffboeing.com/"", ""citedby"": 7944, ""citedby5y"": 6757, ""hindex"": 34, ""hindex5y"": 31, ""i10index"": 56, ""i10index5y"": 52, ""cites_per_year"": {""2017"": 65, ""2018"": 148, ""2019"": 350, ""2020"": 483, ""2021"": 618, ""2022"": 900, ""2023"": 1035, ""2024"": 1268, ""2025"": 1508, ""2026"": 1388}}"
980,google_scholar,2026-09-15,975,15,22,838,15,,"{""scholar_id"": ""OozbhUgAAAAJ"", ""name"": ""Santina Contreras"", ""affiliation"": ""Assistant Professor of Urban Planning and Spatial Analysis, University of Southern California"", ""email_domain"": ""@usc.edu"", ""interests"": [""Environmental Planning"", ""Natural Hazards"", ""Community Engagement"", ""International Development"", ""Engineering for Development""], ""homepage"": ""http://www.santinacontreras.com/"", ""citedby"": 975, ""citedby5y"": 838, ""hindex"": 15, ""hindex5y"": 15, ""i10index"": 22, ""i10index5y"": 21, ""cites_per_year"": {""2016"": 4, ""2017"": 13, ""2018"": 13, ""2019"": 27, ""2020"": 66, ""2021"": 82, ""2022"": 108, ""2023"": 108, ""2024"": 153, ""2025"": 210, ""2026"": 173}}"
981,google_scholar,2026-09-15,4307,25,33,1419,19,,"{""scholar_id"": ""E9il5l0AAAAJ"", ""name"": ""Elizabeth Currid-Halkett"", ""affiliation"": ""Professor of Public Policy, University of Southern California"", ""email_domain"": ""@usc.edu"", ""interests"": [""cultural industries and the arts"", ""the consumer economy"", ""status and social signifiers"", ""economic geography"", ""economic development""], ""homepage"": ""http://www.elizabethcurridhalkett.com/"", ""citedby"": 4307, ""citedby5y"": 1419, ""hindex"": 25, ""hindex5y"": 19, ""i10index"": 33, ""i10index5y"": 27, ""cites_per_year"": {""2008"": 44, ""2009"": 75, ""2010"": 130, ""2011"": 167, ""2012"": 219, ""2013"": 237, ""2014"": 279, ""2015"": 227, ""2016"": 258, ""2017"": 281, ""2018"": 265, ""2019"": 307, ""2020"": 291, ""2021"": 272, ""2022"": 279, ""2023"": 221, ""2024"": 237, ""2025"": 241, ""2026"": 167}}"
982,google_scholar,2026-09-15,1994,12,12,1189,12,,"{""scholar_id"": ""6PhMbRIAAAAJ"", ""name"": ""Jorge De la Roca"", ""affiliation"": ""Associate Professor, Sol Price School of Public Policy, University of Southern California"", ""email_domain"": ""@usc.edu"", ""interests"": [""Urban Economics"", ""Labor Economics""], ""homepage"": ""http://jorgedelaroca.name/"", ""citedby"": 1994, ""citedby5y"": 1189, ""hindex"": 12, ""hindex5y"": 12, ""i10index"": 12, ""i10index5y"": 12, ""cites_per_year"": {""2010"": 12, ""2011"": 7, ""2012"": 16, ""2013"": 19, ""2014"": 28, ""2015"": 61, ""2016"": 63, ""2017"": 119, ""2018"": 122, ""2019"": 155, ""2020"": 157, ""2021"": 193, ""2022"": 214, ""2023"": 219, ""2024"": 240, ""2025"": 205, ""2026"": 116}}"
983,google_scholar,2026-09-15,16428,54,136,4645,33,,"{""scholar_id"": ""3g76V9YAAAAJ"", ""name"": ""genevieve giuliano"", ""affiliation"": ""Professor, Urban Planning, University of Southern California"", ""email_domain"": ""@usc.edu"", ""interests"": [""transportation policy"", ""planning"", ""geography"", ""urban geography""], ""homepage"": ""http://genevievegiuliano.com/"", ""citedby"": 16428, ""citedby5y"": 4645, ""hindex"": 54, ""hindex5y"": 33, ""i10index"": 136, ""i10index5y"": 68, ""cites_per_year"": {""1992"": 53, ""1993"": 64, ""1994"": 88, ""1995"": 121, ""1996"": 123, ""1997"": 149, ""1998"": 153, ""1999"": 135, ""2000"": 155, ""2001"": 200, ""2002"": 207, ""2003"": 237, ""2004"": 258, ""2005"": 391, ""2006"": 306, ""2007"": 392, ""2008"": 385, ""2009"": 447, ""2010"": 565, ""2011"": 498, ""2012"": 582, ""2013"": 632, ""2014"": 627, ""2015"": 676, ""2016"": 661, ""2017"": 762, ""2018"": 822, ""2019"": 750, ""2020"": 836, ""2021"": 775, ""2022"": 790, ""2023"": 827, ""2024"": 838, ""2025"": 859, ""2026"": 554}}"
984,google_scholar,2026-09-15,7513,33,65,1790,21,,"{""scholar_id"": ""dzGevgIAAAAJ"", ""name"": ""Richard Green"", ""affiliation"": ""Price School, Marshall School, Lusk Center, University of Southern California"", ""email_domain"": ""@usc.edu"", ""interests"": [""Housing"", ""Mortgage Finance"", ""Real Estate"", ""Urban Economics""], ""homepage"": null, ""citedby"": 7513, ""citedby5y"": 1790, ""hindex"": 33, ""hindex5y"": 21, ""i10index"": 65, ""i10index5y"": 37, ""cites_per_year"": {""1996"": 22, ""1997"": 38, ""1998"": 40, ""1999"": 36, ""2000"": 66, ""2001"": 92, ""2002"": 105, ""2003"": 138, ""2004"": 117, ""2005"": 188, ""2006"": 194, ""2007"": 212, ""2008"": 273, ""2009"": 320, ""2010"": 323, ""2011"": 329, ""2012"": 388, ""2013"": 331, ""2014"": 334, ""2015"": 347, ""2016"": 375, ""2017"": 297, ""2018"": 305, ""2019"": 304, ""2020"": 337, ""2021"": 319, ""2022"": 341, ""2023"": 287, ""2024"": 335, ""2025"": 314, ""2026"": 188}}"
985,google_scholar,2026-09-15,1924,22,36,381,12,,"{""scholar_id"": ""UiKzYNMAAAAJ"", ""name"": ""Eric Heikkila"", ""affiliation"": ""Professor and Director of International Initiatives, Price School of Public Policy, University of Southern California"", ""email_domain"": ""@usc.edu"", ""interests"": [""Economic"", ""geographic"", ""and cultural aspects of urbanization"", ""methodological and modelling issues pertaining to urbanization""], ""homepage"": null, ""citedby"": 1924, ""citedby5y"": 381, ""hindex"": 22, ""hindex5y"": 12, ""i10index"": 36, ""i10index5y"": 13, ""cites_per_year"": {""1988"": 5, ""1989"": 7, ""1990"": 6, ""1991"": 11, ""1992"": 24, ""1993"": 16, ""1994"": 14, ""1995"": 15, ""1996"": 18, ""1997"": 36, ""1998"": 40, ""1999"": 37, ""2000"": 45, ""2001"": 41, ""2002"": 43, ""2003"": 58, ""2004"": 52, ""2005"": 49, ""2006"": 51, ""2007"": 65, ""2008"": 67, ""2009"": 49, ""2010"": 72, ""2011"": 62, ""2012"": 76, ""2013"": 68, ""2014"": 65, ""2015"": 70, ""2016"": 72, ""2017"": 63, ""2018"": 59, ""2019"": 86, ""2020"": 60, ""2021"": 64, ""2022"": 60, ""2023"": 65, ""2024"": 84, ""2025"": 67, ""2026"": 41}}"
986,google_scholar,2026-09-15,1582,17,25,794,15,,"{""scholar_id"": ""fWC-YFcAAAAJ"", ""name"": ""Annette Kim"", ""affiliation"": ""University of Southern California"", ""email_domain"": ""@usc.edu"", ""interests"": [], ""homepage"": ""https://priceschool.usc.edu/annette-kim/"", ""citedby"": 1582, ""citedby5y"": 794, ""hindex"": 17, ""hindex5y"": 15, ""i10index"": 25, ""i10index5y"": 18, ""cites_per_year"": {""2007"": 12, ""2008"": 10, ""2009"": 21, ""2010"": 16, ""2011"": 39, ""2012"": 37, ""2013"": 34, ""2014"": 37, ""2015"": 57, ""2016"": 77, ""2017"": 83, ""2018"": 86, ""2019"": 121, ""2020"": 124, ""2021"": 113, ""2022"": 148, ""2023"": 145, ""2024"": 132, ""2025"": 137, ""2026"": 118}}"
987,google_scholar,2026-09-15,7981,43,97,1725,23,,"{""scholar_id"": ""sD5jAUAAAAAJ"", ""name"": ""Dowell Myers"", ""affiliation"": ""Professor USC"", ""email_domain"": ""@usc.edu"", ""interests"": [""demography"", ""housing"", ""intergenerational""], ""homepage"": ""http://www-bcf.usc.edu/~dowell/"", ""citedby"": 7981, ""citedby5y"": 1725, ""hindex"": 43, ""hindex5y"": 23, ""i10index"": 97, ""i10index5y"": 41, ""cites_per_year"": {""1990"": 23, ""1991"": 19, ""1992"": 21, ""1993"": 29, ""1994"": 28, ""1995"": 34, ""1996"": 52, ""1997"": 73, ""1998"": 106, ""1999"": 84, ""2000"": 89, ""2001"": 125, ""2002"": 112, ""2003"": 183, ""2004"": 159, ""2005"": 233, ""2006"": 184, ""2007"": 225, ""2008"": 286, ""2009"": 278, ""2010"": 352, ""2011"": 286, ""2012"": 363, ""2013"": 376, ""2014"": 290, ""2015"": 349, ""2016"": 328, ""2017"": 368, ""2018"": 311, ""2019"": 320, ""2020"": 335, ""2021"": 329, ""2022"": 293, ""2023"": 427, ""2024"": 291, ""2025"": 250, ""2026"": 134}}"
988,google_scholar,2026-09-15,5737,37,67,2154,26,,"{""scholar_id"": ""Cb-z1MwAAAAJ"", ""name"": ""Gary Painter"", ""affiliation"": ""Professor and BEARE Chair, UC Lindner School of Business"", ""email_domain"": ""@ucmail.uc.edu"", ""interests"": [""Urban economics"", ""Housing"", ""Immigrant Integration"", ""Social Innovation""], ""homepage"": null, ""citedby"": 5737, ""citedby5y"": 2154, ""hindex"": 37, ""hindex5y"": 26, ""i10index"": 67, ""i10index5y"": 46, ""cites_per_year"": {""2000"": 20, ""2001"": 36, ""2002"": 33, ""2003"": 49, ""2004"": 94, ""2005"": 96, ""2006"": 92, ""2007"": 110, ""2008"": 138, ""2009"": 105, ""2010"": 163, ""2011"": 205, ""2012"": 232, ""2013"": 204, ""2014"": 232, ""2015"": 235, ""2016"": 226, ""2017"": 266, ""2018"": 305, ""2019"": 299, ""2020"": 294, ""2021"": 335, ""2022"": 324, ""2023"": 354, ""2024"": 406, ""2025"": 437, ""2026"": 290}}"
1000,google_scholar,2026-09-15,98,4,2,63,4,,"{""scholar_id"": ""5yFqkpIAAAAJ"", ""name"": ""Shruti Syal"", ""affiliation"": ""Virginia Commonwealth University"", ""email_domain"": ""@vcu.edu"", ""interests"": [""Social-Ecological Systems"", ""urban informality"", ""waste and water management"", ""infrastructure"", ""institutions""], ""homepage"": null, ""citedby"": 98, ""citedby5y"": 63, ""hindex"": 4, ""hindex5y"": 4, ""i10index"": 2, ""i10index5y"": 1, ""cites_per_year"": {""2013"": 2, ""2014"": 4, ""2015"": 4, ""2016"": 4, ""2017"": 5, ""2018"": 3, ""2019"": 5, ""2020"": 8, ""2021"": 2, ""2022"": 12, ""2023"": 9, ""2024"": 11, ""2025"": 21, ""2026"": 8}}"
1003,google_scholar,2026-09-15,518,13,17,223,8,,"{""scholar_id"": ""l_KyksEAAAAJ"", ""name"": ""David Bieri"", ""affiliation"": ""Associate Professor, Virginia Tech"", ""email_domain"": ""@vt.edu"", ""interests"": [""regional and urban economics"", ""money and finance"", ""history of economic thought""], ""homepage"": ""http://www.david-bieri.com/"", ""citedby"": 518, ""citedby5y"": 223, ""hindex"": 13, ""hindex5y"": 8, ""i10index"": 17, ""i10index5y"": 6, ""cites_per_year"": {""2005"": 2, ""2006"": 1, ""2007"": 2, ""2008"": 6, ""2009"": 11, ""2010"": 11, ""2011"": 5, ""2012"": 12, ""2013"": 24, ""2014"": 14, ""2015"": 16, ""2016"": 31, ""2017"": 36, ""2018"": 23, ""2019"": 53, ""2020"": 28, ""2021"": 41, ""2022"": 40, ""2023"": 41, ""2024"": 46, ""2025"": 22, ""2026"": 31}}"
1004,google_scholar,2026-09-15,22037,62,97,10979,50,,"{""scholar_id"": ""woKkxz0AAAAJ"", ""name"": ""Ralph Buehler"", ""affiliation"": ""Professor in Urban Affairs and Planning, Virginia Polytechnic Institute and State"", ""email_domain"": ""@vt.edu"", ""interests"": [""Urban planning"", ""transportation"", ""public transport"", ""bicycling""], ""homepage"": ""http://ralphbu.wordpress.com/"", ""citedby"": 22037, ""citedby5y"": 10979, ""hindex"": 62, ""hindex5y"": 50, ""i10index"": 97, ""i10index5y"": 86, ""cites_per_year"": {""2009"": 107, ""2010"": 243, ""2011"": 344, ""2012"": 584, ""2013"": 760, ""2014"": 916, ""2015"": 975, ""2016"": 1101, ""2017"": 1260, ""2018"": 1368, ""2019"": 1447, ""2020"": 1511, ""2021"": 1933, ""2022"": 1786, ""2023"": 1887, ""2024"": 1962, ""2025"": 2090, ""2026"": 1302}}"
1005,google_scholar,2026-09-15,2288,11,11,1073,9,,"{""scholar_id"": ""2_RsG9IAAAAJ"", ""name"": ""Margaret Cowell"", ""affiliation"": ""Virginia Tech"", ""email_domain"": ""@vt.edu"", ""interests"": [""economic development"", ""urban planning"", ""regionalism""], ""homepage"": ""https://margaretcowell.wordpress.com/"", ""citedby"": 2288, ""citedby5y"": 1073, ""hindex"": 11, ""hindex5y"": 9, ""i10index"": 11, ""i10index5y"": 9, ""cites_per_year"": {""2010"": 22, ""2011"": 28, ""2012"": 58, ""2013"": 70, ""2014"": 105, ""2015"": 124, ""2016"": 144, ""2017"": 157, ""2018"": 155, ""2019"": 125, ""2020"": 177, ""2021"": 157, ""2022"": 214, ""2023"": 196, ""2024"": 188, ""2025"": 187, ""2026"": 130}}"
1006,google_scholar,2026-09-15,2792,24,39,1667,20,,"{""scholar_id"": ""aydS2XsAAAAJ"", ""name"": ""Ralph P. Hall"", ""affiliation"": ""Professor, Virginia Tech"", ""email_domain"": ""@vt.edu"", ""interests"": [], ""homepage"": ""http://ralphphall.com/"", ""citedby"": 2792, ""citedby5y"": 1667, ""hindex"": 24, ""hindex5y"": 20, ""i10index"": 39, ""i10index5y"": 30, ""cites_per_year"": {""2006"": 9, ""2007"": 7, ""2008"": 10, ""2009"": 5, ""2010"": 8, ""2011"": 19, ""2012"": 27, ""2013"": 61, ""2014"": 64, ""2015"": 70, ""2016"": 114, ""2017"": 122, ""2018"": 168, ""2019"": 172, ""2020"": 207, ""2021"": 332, ""2022"": 310, ""2023"": 293, ""2024"": 254, ""2025"": 283, ""2026"": 194}}"
1007,google_scholar,2026-09-15,4024,34,56,2782,30,,"{""scholar_id"": ""HLK7uAkAAAAJ"", ""name"": ""Steve Hankey"", ""affiliation"": ""Assistant Professor of Urban Affairs and Planning, Virginia Tech"", ""email_domain"": ""@vt.edu"", ""interests"": [], ""homepage"": ""http://www.stevenhankey.com/"", ""citedby"": 4024, ""citedby5y"": 2782, ""hindex"": 34, ""hindex5y"": 30, ""i10index"": 56, ""i10index5y"": 50, ""cites_per_year"": {""2011"": 16, ""2012"": 21, ""2013"": 46, ""2014"": 60, ""2015"": 63, ""2016"": 114, ""2017"": 190, ""2018"": 173, ""2019"": 249, ""2020"": 275, ""2021"": 425, ""2022"": 438, ""2023"": 432, ""2024"": 486, ""2025"": 572, ""2026"": 418}}"
1008,google_scholar,2026-09-15,3597,20,28,1845,17,,"{""scholar_id"": ""ayTL4a0AAAAJ"", ""name"": ""Shalini Misra"", ""affiliation"": ""Professor, School of Public and International Affairs, Virginia Tech"", ""email_domain"": ""@vt.edu"", ""interests"": [""environmental psychology"", ""social ecology"", ""team science"", ""sustainability"", ""technology studies""], ""homepage"": ""https://pitechlab.isce.vt.edu/"", ""citedby"": 3597, ""citedby5y"": 1845, ""hindex"": 20, ""hindex5y"": 17, ""i10index"": 28, ""i10index5y"": 24, ""cites_per_year"": {""2008"": 19, ""2009"": 29, ""2010"": 41, ""2011"": 73, ""2012"": 100, ""2013"": 91, ""2014"": 104, ""2015"": 123, ""2016"": 154, ""2017"": 198, ""2018"": 214, ""2019"": 240, ""2020"": 272, ""2021"": 274, ""2022"": 278, ""2023"": 304, ""2024"": 330, ""2025"": 352, ""2026"": 307}}"
1009,google_scholar,2026-09-15,2694,18,23,1725,15,,"{""scholar_id"": ""1-CwLYIAAAAJ"", ""name"": ""Todd Schenk"", ""affiliation"": ""Virginia Tech"", ""email_domain"": ""@vt.edu"", ""interests"": [""Climate change adaptation"", ""multi-stakeholder decision-making"", ""public participation"", ""infrastructure planning"", ""role-play simulatio""], ""homepage"": ""http://www.toddschenk.com/"", ""citedby"": 2694, ""citedby5y"": 1725, ""hindex"": 18, ""hindex5y"": 15, ""i10index"": 23, ""i10index5y"": 21, ""cites_per_year"": {""2010"": 11, ""2011"": 21, ""2012"": 18, ""2013"": 36, ""2014"": 37, ""2015"": 57, ""2016"": 76, ""2017"": 111, ""2018"": 162, ""2019"": 158, ""2020"": 216, ""2021"": 243, ""2022"": 264, ""2023"": 333, ""2024"": 282, ""2025"": 332, ""2026"": 270}}"
1010,google_scholar,2026-09-15,2173,21,43,828,14,,"{""scholar_id"": ""Pbk2fbEAAAAJ"", ""name"": ""Max Stephenson"", ""affiliation"": ""Professor of Public and international Affairs, Virginia Tech"", ""email_domain"": ""@vt.edu"", ""interests"": [""international development"", ""community change dynamics"", ""democratic theory""], ""homepage"": null, ""citedby"": 2173, ""citedby5y"": 828, ""hindex"": 21, ""hindex5y"": 14, ""i10index"": 43, ""i10index5y"": 24, ""cites_per_year"": {""1992"": 6, ""1993"": 15, ""1994"": 8, ""1995"": 5, ""1996"": 10, ""1997"": 8, ""1998"": 4, ""1999"": 6, ""2000"": 6, ""2001"": 12, ""2002"": 8, ""2003"": 4, ""2004"": 7, ""2005"": 9, ""2006"": 13, ""2007"": 34, ""2008"": 51, ""2009"": 46, ""2010"": 61, ""2011"": 71, ""2012"": 73, ""2013"": 91, ""2014"": 84, ""2015"": 88, ""2016"": 119, ""2017"": 91, ""2018"": 128, ""2019"": 133, ""2020"": 107, ""2021"": 122, ""2022"": 113, ""2023"": 137, ""2024"": 158, ""2025"": 173, ""2026"": 121}}"
1011,google_scholar,2026-09-15,92,4,3,89,4,,"{""scholar_id"": ""Qfm-WKEAAAAJ"", ""name"": ""Paroma Wagle"", ""affiliation"": ""Virginia Tech"", ""email_domain"": ""@vt.edu"", ""interests"": [], ""homepage"": null, ""citedby"": 92, ""citedby5y"": 89, ""hindex"": 4, ""hindex5y"": 4, ""i10index"": 3, ""i10index5y"": 3, ""cites_per_year"": {""2020"": 2, ""2021"": 4, ""2022"": 5, ""2023"": 16, ""2024"": 15, ""2025"": 25, ""2026"": 23}}"
1012,google_scholar,2026-09-15,1004,18,18,700,13,,"{""scholar_id"": ""ZCofoaAAAAAJ"", ""name"": ""Dara M Wald"", ""affiliation"": ""Associate Professor, Virginia Tech University"", ""email_domain"": ""@vt.edu"", ""interests"": [""environmental communication"", ""conflict communication"", ""public policy"", ""environmental governance""], ""homepage"": ""https://experts.vt.edu/31622-dara-m-wald"", ""citedby"": 1004, ""citedby5y"": 700, ""hindex"": 18, ""hindex5y"": 13, ""i10index"": 18, ""i10index5y"": 16, ""cites_per_year"": {""2012"": 4, ""2013"": 4, ""2014"": 12, ""2015"": 11, ""2016"": 19, ""2017"": 30, ""2018"": 45, ""2019"": 75, ""2020"": 87, ""2021"": 98, ""2022"": 114, ""2023"": 120, ""2024"": 114, ""2025"": 137, ""2026"": 114}}"
1016,google_scholar,2026-09-15,73,4,2,36,3,,"{""scholar_id"": ""5Wm29jgAAAAJ"", ""name"": ""Patrick Cooper-McCann"", ""affiliation"": ""Assistant Professor, Wayne State University"", ""email_domain"": ""@wayne.edu"", ""interests"": [""shrinking cities"", ""open space"", ""spatial justice"", ""Detroit""], ""homepage"": ""http://www.patrickcoopermccann.com/"", ""citedby"": 73, ""citedby5y"": 36, ""hindex"": 4, ""hindex5y"": 3, ""i10index"": 2, ""i10index5y"": 0, ""cites_per_year"": {""2012"": 1, ""2015"": 2, ""2016"": 1, ""2017"": 7, ""2018"": 9, ""2019"": 7, ""2020"": 10, ""2021"": 4, ""2023"": 6, ""2024"": 8, ""2025"": 8, ""2026"": 10}}"
1017,google_scholar,2026-09-15,642,12,12,292,9,,"{""scholar_id"": ""-jw3EdQAAAAJ"", ""name"": ""Andrew Guinn"", ""affiliation"": ""Assistant Professor of Urban Studies and Planning, Wayne State University"", ""email_domain"": ""@wayne.edu"", ""interests"": [""economic development"", ""global development"", ""labor"", ""Detroit"", ""Brazil""], ""homepage"": ""https://clasprofiles.wayne.edu/profile/ha3487"", ""citedby"": 642, ""citedby5y"": 292, ""hindex"": 12, ""hindex5y"": 9, ""i10index"": 12, ""i10index5y"": 8, ""cites_per_year"": {""2013"": 2, ""2014"": 19, ""2015"": 30, ""2016"": 59, ""2017"": 45, ""2018"": 46, ""2019"": 67, ""2020"": 67, ""2021"": 51, ""2022"": 53, ""2023"": 51, ""2024"": 54, ""2025"": 49, ""2026"": 34}}"
1018,google_scholar,2026-09-15,902,16,18,665,14,,"{""scholar_id"": ""RjhjeEEAAAAJ"", ""name"": ""Carolyn G. Loh"", ""affiliation"": ""Professor, Urban Studies and Planning, Wayne State University"", ""email_domain"": ""@wayne.edu"", ""interests"": [""Planning process"", ""plan implementation"", ""consultants"", ""regional planning""], ""homepage"": null, ""citedby"": 902, ""citedby5y"": 665, ""hindex"": 16, ""hindex5y"": 14, ""i10index"": 18, ""i10index5y"": 15, ""cites_per_year"": {""2012"": 4, ""2013"": 7, ""2014"": 14, ""2015"": 28, ""2016"": 21, ""2017"": 30, ""2018"": 31, ""2019"": 56, ""2020"": 31, ""2021"": 67, ""2022"": 82, ""2023"": 108, ""2024"": 154, ""2025"": 133, ""2026"": 119}}"
1020,google_scholar,2026-09-15,3548,17,29,1165,12,,"{""scholar_id"": ""5nx_sdAAAAAJ"", ""name"": ""K Pothukuchi"", ""affiliation"": ""Wayne State University"", ""email_domain"": ""@wayne.edu"", ""interests"": [""food systems"", ""sustainability"", ""community development"", ""gender""], ""homepage"": ""http://clas.wayne.edu/k-pothukuchi"", ""citedby"": 3548, ""citedby5y"": 1165, ""hindex"": 17, ""hindex5y"": 12, ""i10index"": 29, ""i10index5y"": 15, ""cites_per_year"": {""2001"": 11, ""2002"": 11, ""2003"": 22, ""2004"": 44, ""2005"": 20, ""2006"": 30, ""2007"": 54, ""2008"": 55, ""2009"": 94, ""2010"": 79, ""2011"": 112, ""2012"": 159, ""2013"": 167, ""2014"": 168, ""2015"": 228, ""2016"": 201, ""2017"": 233, ""2018"": 203, ""2019"": 197, ""2020"": 191, ""2021"": 240, ""2022"": 217, ""2023"": 200, ""2024"": 225, ""2025"": 180, ""2026"": 100}}"
1022,google_scholar,2026-09-15,111,5,2,48,2,,"{""scholar_id"": ""ybNYWkgAAAAJ"", ""name"": ""Dr. Dorothy Ives Dewey, AICP, PP"", ""affiliation"": ""West Chester University"", ""email_domain"": ""@wcupa.edu"", ""interests"": [""Land Use"", ""Planning"", ""Zoning""], ""homepage"": ""http://www.wcupa.edu/business-publicManagement/dIvesDewey.aspx"", ""citedby"": 111, ""citedby5y"": 48, ""hindex"": 5, ""hindex5y"": 2, ""i10index"": 2, ""i10index5y"": 1, ""cites_per_year"": {""2009"": 1, ""2010"": 9, ""2011"": 5, ""2013"": 4, ""2014"": 1, ""2015"": 3, ""2016"": 7, ""2017"": 8, ""2018"": 8, ""2019"": 8, ""2020"": 8, ""2021"": 8, ""2022"": 8, ""2023"": 13, ""2024"": 3, ""2025"": 9, ""2026"": 7}}"
1023,google_scholar,2026-09-15,83,4,3,21,3,,"{""scholar_id"": ""pC7ynw8AAAAJ"", ""name"": ""Dr. Joy Fritschle"", ""affiliation"": ""Professor of Geography, Santa Monica College"", ""email_domain"": ""@smc.edu"", ""interests"": [""GIS"", ""Sustainability"", ""Environmental Conservation"", ""Ecological Restoration"", ""Urban Forestry""], ""homepage"": ""https://www.linkedin.com/in/joyfritschle/"", ""citedby"": 83, ""citedby5y"": 21, ""hindex"": 4, ""hindex5y"": 3, ""i10index"": 3, ""i10index5y"": 1, ""cites_per_year"": {""2009"": 4, ""2010"": 10, ""2011"": 6, ""2012"": 4, ""2013"": 8, ""2014"": 6, ""2015"": 5, ""2016"": 6, ""2017"": 2, ""2018"": 4, ""2019"": 3, ""2020"": 4, ""2021"": 7, ""2022"": 4, ""2023"": 4, ""2024"": 4, ""2025"": 1, ""2026"": 1}}"
1024,google_scholar,2026-09-15,1101,13,16,758,13,,"{""scholar_id"": ""AnI_WTkAAAAJ"", ""name"": ""Megan Heckert"", ""affiliation"": ""West Chester University"", ""email_domain"": ""@wcupa.edu"", ""interests"": [""GIS"", ""urban greening"", ""parks"", ""sustainability""], ""homepage"": null, ""citedby"": 1101, ""citedby5y"": 758, ""hindex"": 13, ""hindex5y"": 13, ""i10index"": 16, ""i10index5y"": 13, ""cites_per_year"": {""2013"": 4, ""2014"": 6, ""2015"": 35, ""2016"": 25, ""2017"": 56, ""2018"": 54, ""2019"": 67, ""2020"": 83, ""2021"": 113, ""2022"": 125, ""2023"": 147, ""2024"": 146, ""2025"": 152, ""2026"": 72}}"
1025,google_scholar,2026-09-15,256,7,6,101,5,,"{""scholar_id"": ""iKgl46QAAAAJ"", ""name"": ""Matin Katirai"", ""affiliation"": ""West Chester University of Pennslyvania"", ""email_domain"": ""@wcupa.edu"", ""interests"": [""Urban Sprawl"", ""Disaster Prepardeness"", ""Fire Response"", ""Public Health"", ""GIS""], ""homepage"": null, ""citedby"": 256, ""citedby5y"": 101, ""hindex"": 7, ""hindex5y"": 5, ""i10index"": 6, ""i10index5y"": 4, ""cites_per_year"": {""2006"": 1, ""2007"": 3, ""2009"": 3, ""2010"": 5, ""2011"": 7, ""2012"": 10, ""2013"": 12, ""2014"": 15, ""2015"": 13, ""2016"": 7, ""2017"": 8, ""2018"": 8, ""2019"": 20, ""2020"": 23, ""2021"": 24, ""2022"": 13, ""2023"": 19, ""2024"": 23, ""2025"": 15, ""2026"": 7}}"
1031,google_scholar,2026-09-15,749,14,14,380,11,,"{""scholar_id"": ""ra5uAdYAAAAJ"", ""name"": ""Paul Stangl"", ""affiliation"": ""Western Washington University"", ""email_domain"": ""@wwu.edu"", ""interests"": [""urban planning"", ""urban cultural geography"", ""urban history""], ""homepage"": ""https://wp.wwu.edu/paulstangl/"", ""citedby"": 749, ""citedby5y"": 380, ""hindex"": 14, ""hindex5y"": 11, ""i10index"": 14, ""i10index5y"": 11, ""cites_per_year"": {""2007"": 4, ""2008"": 4, ""2009"": 4, ""2010"": 8, ""2011"": 15, ""2012"": 19, ""2013"": 22, ""2014"": 34, ""2015"": 25, ""2016"": 29, ""2017"": 36, ""2018"": 48, ""2019"": 60, ""2020"": 44, ""2021"": 73, ""2022"": 67, ""2023"": 83, ""2024"": 68, ""2025"": 62, ""2026"": 27}}"
1032,google_scholar,2026-09-15,234,7,6,53,4,,"{""scholar_id"": ""Amz2TKIAAAAJ"", ""name"": ""nicholas c zaferatos"", ""affiliation"": ""western washington university"", ""email_domain"": ""@wwu.edu"", ""interests"": [], ""homepage"": null, ""citedby"": 234, ""citedby5y"": 53, ""hindex"": 7, ""hindex5y"": 4, ""i10index"": 6, ""i10index5y"": 2, ""cites_per_year"": {""2001"": 2, ""2002"": 2, ""2003"": 3, ""2004"": 6, ""2005"": 5, ""2006"": 5, ""2007"": 1, ""2008"": 10, ""2009"": 1, ""2010"": 5, ""2011"": 14, ""2012"": 10, ""2013"": 13, ""2014"": 23, ""2015"": 13, ""2016"": 14, ""2017"": 8, ""2018"": 13, ""2019"": 12, ""2020"": 13, ""2021"": 14, ""2022"": 7, ""2023"": 14, ""2024"": 9, ""2025"": 6, ""2026"": 3}}"
1036,google_scholar,2026-09-15,447,8,7,219,7,,"{""scholar_id"": ""vJiwFDMAAAAJ"", ""name"": ""Timothy LeDoux"", ""affiliation"": ""Westfield State University"", ""email_domain"": ""@westfield.ma.edu"", ""interests"": [""Supermarket Restructuring"", ""Sustainable and equitable food systems"", ""Detroit"", ""racial residential segregation""], ""homepage"": null, ""citedby"": 447, ""citedby5y"": 219, ""hindex"": 8, ""hindex5y"": 7, ""i10index"": 7, ""i10index5y"": 7, ""cites_per_year"": {""2013"": 6, ""2014"": 23, ""2015"": 35, ""2016"": 30, ""2017"": 40, ""2018"": 28, ""2019"": 33, ""2020"": 26, ""2021"": 48, ""2022"": 42, ""2023"": 32, ""2024"": 36, ""2025"": 42, ""2026"": 19}}"
1039,google_scholar,2026-09-15,1624,19,27,633,13,,"{""scholar_id"": ""rYlme9cAAAAJ"", ""name"": ""Martin Bunch"", ""affiliation"": ""Professor of Environmental and Urban Change, York University"", ""email_domain"": ""@yorku.ca"", ""interests"": [""Environmental Managment"", ""Ecosystem Approaches to Health (Ecohealth)"", ""Systems Thinking"", ""Complexity"", ""GIS""], ""homepage"": ""https://martinbunch.academia.edu/"", ""citedby"": 1624, ""citedby5y"": 633, ""hindex"": 19, ""hindex5y"": 13, ""i10index"": 27, ""i10index5y"": 15, ""cites_per_year"": {""2004"": 8, ""2005"": 8, ""2006"": 15, ""2007"": 8, ""2008"": 17, ""2009"": 16, ""2010"": 24, ""2011"": 50, ""2012"": 67, ""2013"": 54, ""2014"": 71, ""2015"": 109, ""2016"": 114, ""2017"": 82, ""2018"": 110, ""2019"": 102, ""2020"": 98, ""2021"": 112, ""2022"": 91, ""2023"": 93, ""2024"": 111, ""2025"": 144, ""2026"": 80}}"
1040,google_scholar,2026-09-15,533,11,11,178,7,,"{""scholar_id"": ""EfIEhvkAAAAJ"", ""name"": ""Foster Jennifer"", ""affiliation"": ""York University"", ""email_domain"": ""@yorku.ca"", ""interests"": [""Urban Ecologies"", ""Urban Planning"", ""Environmental Justice"", ""Environmental Aesthetics""], ""homepage"": null, ""citedby"": 533, ""citedby5y"": 178, ""hindex"": 11, ""hindex5y"": 7, ""i10index"": 11, ""i10index5y"": 7, ""cites_per_year"": {""2007"": 4, ""2008"": 10, ""2009"": 15, ""2010"": 5, ""2011"": 23, ""2012"": 16, ""2013"": 29, ""2014"": 36, ""2015"": 36, ""2016"": 26, ""2017"": 38, ""2018"": 32, ""2019"": 35, ""2020"": 29, ""2021"": 30, ""2022"": 48, ""2023"": 29, ""2024"": 26, ""2025"": 29, ""2026"": 16}}"
1041,google_scholar,2026-09-15,159,6,3,131,6,,"{""scholar_id"": ""AZa4JiYAAAAJ"", ""name"": ""Mahtot Gebresselassie"", ""affiliation"": ""Assistant Professor, York University"", ""email_domain"": ""@yorku.ca"", ""interests"": [""The intersection of transportation innovation and disability""], ""homepage"": ""http://mahtotegebresselassie.com/"", ""citedby"": 159, ""citedby5y"": 131, ""hindex"": 6, ""hindex5y"": 6, ""i10index"": 3, ""i10index5y"": 3, ""cites_per_year"": {""2017"": 1, ""2018"": 3, ""2019"": 10, ""2020"": 10, ""2021"": 14, ""2022"": 12, ""2023"": 13, ""2024"": 16, ""2025"": 40, ""2026"": 35}}"
1042,google_scholar,2026-09-15,1423,17,25,424,11,,"{""scholar_id"": ""SqrsKgQAAAAJ"", ""name"": ""Liette Gilbert"", ""affiliation"": ""Unknown affiliation"", ""email_domain"": null, ""interests"": [], ""homepage"": null, ""citedby"": 1423, ""citedby5y"": 424, ""hindex"": 17, ""hindex5y"": 11, ""i10index"": 25, ""i10index5y"": 11, ""cites_per_year"": {""2004"": 5, ""2005"": 6, ""2006"": 13, ""2007"": 9, ""2008"": 17, ""2009"": 23, ""2010"": 39, ""2011"": 55, ""2012"": 60, ""2013"": 67, ""2014"": 85, ""2015"": 81, ""2016"": 116, ""2017"": 74, ""2018"": 99, ""2019"": 100, ""2020"": 106, ""2021"": 97, ""2022"": 88, ""2023"": 82, ""2024"": 63, ""2025"": 48, ""2026"": 46}}"
1043,google_scholar,2026-09-15,15890,65,161,6457,41,,"{""scholar_id"": ""t6bK08gAAAAJ"", ""name"": ""Roger Keil"", ""affiliation"": ""Distinguished Research Professor Emeritus, Faculty of Environmental & Urban Change, York University"", ""email_domain"": ""@yorku.ca"", ""interests"": [""Suburbanization"", ""globalizing cities"", ""urban and regional governance"", ""urban political ecology"", ""cities""], ""homepage"": ""http://fes.yorku.ca/faculty/full-time-faculty/member/?Roger%20H-Keil...&mid=5206"", ""citedby"": 15890, ""citedby5y"": 6457, ""hindex"": 65, ""hindex5y"": 41, ""i10index"": 161, ""i10index5y"": 100, ""cites_per_year"": {""1997"": 42, ""1998"": 55, ""1999"": 55, ""2000"": 77, ""2001"": 58, ""2002"": 124, ""2003"": 150, ""2004"": 184, ""2005"": 171, ""2006"": 253, ""2007"": 282, ""2008"": 230, ""2009"": 331, ""2010"": 361, ""2011"": 502, ""2012"": 455, ""2013"": 565, ""2014"": 608, ""2015"": 700, ""2016"": 734, ""2017"": 764, ""2018"": 724, ""2019"": 655, ""2020"": 971, ""2021"": 1191, ""2022"": 1271, ""2023"": 1134, ""2024"": 1029, ""2025"": 1106, ""2026"": 705}}"
1045,google_scholar,2026-09-15,1588,17,23,448,8,,"{""scholar_id"": ""GDyHr80AAAAJ"", ""name"": ""Ute Lehrer"", ""affiliation"": ""York University"", ""email_domain"": ""@yorku.ca"", ""interests"": [""Cities and Globalization • Economic Restructuring and Urban Form • Political Economy of the Built Environment • Theory and""], ""homepage"": ""http://fes.yorku.ca/faculty/full-time-faculty/member/?Ute%20A-Lehrer...&mid=498673"", ""citedby"": 1588, ""citedby5y"": 448, ""hindex"": 17, ""hindex5y"": 8, ""i10index"": 23, ""i10index5y"": 8, ""cites_per_year"": {""1996"": 8, ""1997"": 14, ""1998"": 13, ""1999"": 17, ""2000"": 9, ""2001"": 19, ""2002"": 14, ""2003"": 18, ""2004"": 23, ""2005"": 24, ""2006"": 23, ""2007"": 14, ""2008"": 24, ""2009"": 45, ""2010"": 35, ""2011"": 30, ""2012"": 41, ""2013"": 81, ""2014"": 79, ""2015"": 92, ""2016"": 75, ""2017"": 87, ""2018"": 114, ""2019"": 111, ""2020"": 101, ""2021"": 87, ""2022"": 99, ""2023"": 76, ""2024"": 71, ""2025"": 60, ""2026"": 55}}"
1047,google_scholar,2026-09-15,628,12,16,521,12,,"{""scholar_id"": ""iU6GPuEAAAAJ"", ""name"": ""Luisa Sotomayor"", ""affiliation"": ""University of Toronto"", ""email_domain"": ""@utoronto.ca"", ""interests"": [""Urban Policy and Governance"", ""City Planning"", ""Housing"", ""Global Urbanisms"", ""Latin American cities""], ""homepage"": ""https://www.geography.utoronto.ca/people/directories/all-faculty/luisa-sotomayor"", ""citedby"": 628, ""citedby5y"": 521, ""hindex"": 12, ""hindex5y"": 12, ""i10index"": 16, ""i10index5y"": 13, ""cites_per_year"": {""2014"": 3, ""2015"": 2, ""2016"": 3, ""2017"": 12, ""2018"": 25, ""2019"": 21, ""2020"": 26, ""2021"": 27, ""2022"": 24, ""2023"": 78, ""2024"": 104, ""2025"": 160, ""2026"": 122}}"
1048,google_scholar,2026-09-15,726,10,10,211,7,,"{""scholar_id"": ""3yiEgloAAAAJ"", ""name"": ""Laura E. Taylor"", ""affiliation"": ""Associate Professor of Environmental Studies, York University"", ""email_domain"": ""@yorku.ca"", ""interests"": [""exurbs"", ""suburbs"", ""nature"", ""climate change"", ""urban planning""], ""homepage"": ""http://taylorl9.blog.yorku.ca/"", ""citedby"": 726, ""citedby5y"": 211, ""hindex"": 10, ""hindex5y"": 7, ""i10index"": 10, ""i10index5y"": 6, ""cites_per_year"": {""2006"": 2, ""2007"": 3, ""2008"": 6, ""2009"": 2, ""2010"": 8, ""2011"": 20, ""2012"": 26, ""2013"": 46, ""2014"": 31, ""2015"": 43, ""2016"": 64, ""2017"": 51, ""2018"": 66, ""2019"": 90, ""2020"": 47, ""2021"": 44, ""2022"": 56, ""2023"": 38, ""2024"": 35, ""2025"": 25, ""2026"": 13}}"
1049,google_scholar,2026-09-15,1278,19,36,435,11,,"{""scholar_id"": ""VRqom1AAAAAJ"", ""name"": ""Mark Winfield"", ""affiliation"": ""Professor of Environmental Studies, York University"", ""email_domain"": ""@yorku.ca"", ""interests"": [""Enegy Policy"", ""Climate Change Policy"", ""Environmental Policy""], ""homepage"": null, ""citedby"": 1278, ""citedby5y"": 435, ""hindex"": 19, ""hindex5y"": 11, ""i10index"": 36, ""i10index5y"": 11, ""cites_per_year"": {""1996"": 6, ""1997"": 3, ""1998"": 3, ""1999"": 8, ""2000"": 10, ""2001"": 8, ""2002"": 17, ""2003"": 8, ""2004"": 15, ""2005"": 19, ""2006"": 19, ""2007"": 24, ""2008"": 20, ""2009"": 28, ""2010"": 40, ""2011"": 46, ""2012"": 51, ""2013"": 39, ""2014"": 55, ""2015"": 68, ""2016"": 48, ""2017"": 55, ""2018"": 71, ""2019"": 65, ""2020"": 90, ""2021"": 99, ""2022"": 63, ""2023"": 69, ""2024"": 74, ""2025"": 81, ""2026"": 49}}"
455,google_scholar,2026-09-15,4989,26,36,2281,19,,"{""scholar_id"": ""Ewp2vKYAAAAJ"", ""name"": ""T. William Lester"", ""affiliation"": ""Associate Professor"", ""email_domain"": ""@uci.edu"", ""interests"": [""Economic Development"", ""Labor Markets"", ""Housing and Neighborhood Change""], ""homepage"": ""https://faculty.sites.uci.edu/tlester/"", ""citedby"": 4989, ""citedby5y"": 2281, ""hindex"": 26, ""hindex5y"": 19, ""i10index"": 36, ""i10index5y"": 26, ""cites_per_year"": {""2008"": 22, ""2009"": 34, ""2010"": 39, ""2011"": 68, ""2012"": 97, ""2013"": 148, ""2014"": 203, ""2015"": 238, ""2016"": 247, ""2017"": 318, ""2018"": 369, ""2019"": 358, ""2020"": 376, ""2021"": 376, ""2022"": 376, ""2023"": 392, ""2024"": 427, ""2025"": 382, ""2026"": 326}}"
456,google_scholar,2026-09-15,468,13,13,378,12,,"{""scholar_id"": ""krBpDDUAAAAJ"", ""name"": ""Nicholas Marantz"", ""affiliation"": ""Associate Professor, Department of Urban Planning & Public Policy, University of California, Irvine"", ""email_domain"": ""@uci.edu"", ""interests"": [], ""homepage"": ""https://faculty.sites.uci.edu/marantz/"", ""citedby"": 468, ""citedby5y"": 378, ""hindex"": 13, ""hindex5y"": 12, ""i10index"": 13, ""i10index5y"": 13, ""cites_per_year"": {""2016"": 8, ""2017"": 11, ""2018"": 8, ""2019"": 7, ""2020"": 36, ""2021"": 40, ""2022"": 47, ""2023"": 59, ""2024"": 66, ""2025"": 97, ""2026"": 64}}"
457,google_scholar,2026-09-15,8960,45,99,4360,31,,"{""scholar_id"": ""RBU0xkYAAAAJ"", ""name"": ""Richard A Matthew"", ""affiliation"": ""Professor, University of California Irvine"", ""email_domain"": ""@uci.edu"", ""interests"": [""International relations"", ""environment"", ""climate change"", ""peacebuilding"", ""human security""], ""homepage"": null, ""citedby"": 8960, ""citedby5y"": 4360, ""hindex"": 45, ""hindex5y"": 31, ""i10index"": 99, ""i10index5y"": 62, ""cites_per_year"": {""1996"": 26, ""1997"": 31, ""1998"": 29, ""1999"": 46, ""2000"": 64, ""2001"": 59, ""2002"": 78, ""2003"": 84, ""2004"": 103, ""2005"": 97, ""2006"": 81, ""2007"": 95, ""2008"": 143, ""2009"": 159, ""2010"": 196, ""2011"": 185, ""2012"": 227, ""2013"": 244, ""2014"": 282, ""2015"": 236, ""2016"": 265, ""2017"": 319, ""2018"": 410, ""2019"": 411, ""2020"": 558, ""2021"": 690, ""2022"": 708, ""2023"": 701, ""2024"": 781, ""2025"": 898, ""2026"": 577}}"
458,google_scholar,2026-09-15,2498,15,19,2263,14,,"{""scholar_id"": ""aEcI3P0AAAAJ"", ""name"": ""Michael Mendez"", ""affiliation"": ""University of California, Irvine"", ""email_domain"": ""@uci.edu"", ""interests"": [""climate change"", ""environmental justice"", ""public health"", ""environmental planning & policy"", ""disasters""], ""homepage"": ""http://www.michaelanthonymendez.com/"", ""citedby"": 2498, ""citedby5y"": 2263, ""hindex"": 15, ""hindex5y"": 14, ""i10index"": 19, ""i10index5y"": 17, ""cites_per_year"": {""2012"": 9, ""2013"": 7, ""2014"": 9, ""2015"": 5, ""2016"": 5, ""2017"": 5, ""2018"": 12, ""2019"": 19, ""2020"": 100, ""2021"": 202, ""2022"": 274, ""2023"": 401, ""2024"": 488, ""2025"": 530, ""2026"": 366}}"
459,google_scholar,2026-09-15,5832,37,56,2579,26,,"{""scholar_id"": ""O6q8ZLQAAAAJ"", ""name"": ""Walter J. Nicholls"", ""affiliation"": ""Professor, Urban Planning and Public Policy, University of California, Irvine"", ""email_domain"": ""@uci.edu"", ""interests"": [""urban studies"", ""social movements"", ""immigration""], ""homepage"": ""https://faculty.sites.uci.edu/nicholls/"", ""citedby"": 5832, ""citedby5y"": 2579, ""hindex"": 37, ""hindex5y"": 26, ""i10index"": 56, ""i10index5y"": 47, ""cites_per_year"": {""2007"": 17, ""2008"": 31, ""2009"": 48, ""2010"": 46, ""2011"": 73, ""2012"": 105, ""2013"": 150, ""2014"": 232, ""2015"": 292, ""2016"": 374, ""2017"": 381, ""2018"": 415, ""2019"": 473, ""2020"": 490, ""2021"": 519, ""2022"": 465, ""2023"": 454, ""2024"": 411, ""2025"": 394, ""2026"": 335}}"
460,google_scholar,2026-09-15,2422,25,38,740,15,,"{""scholar_id"": ""UH054roAAAAJ"", ""name"": ""Virginia Parks"", ""affiliation"": ""Professor of Urban Planning and Public Policy, University of California, Irvine"", ""email_domain"": ""@uci.edu"", ""interests"": [""urban inequality"", ""labor and employment"", ""community development"", ""race"", ""immigration""], ""homepage"": ""https://faculty.sites.uci.edu/virginiaparks/"", ""citedby"": 2422, ""citedby5y"": 740, ""hindex"": 25, ""hindex5y"": 15, ""i10index"": 38, ""i10index5y"": 21, ""cites_per_year"": {""2004"": 17, ""2005"": 30, ""2006"": 36, ""2007"": 77, ""2008"": 59, ""2009"": 84, ""2010"": 81, ""2011"": 109, ""2012"": 123, ""2013"": 117, ""2014"": 139, ""2015"": 138, ""2016"": 134, ""2017"": 123, ""2018"": 137, ""2019"": 117, ""2020"": 123, ""2021"": 141, ""2022"": 142, ""2023"": 137, ""2024"": 105, ""2025"": 113, ""2026"": 101}}"
462,google_scholar,2026-09-15,509,9,9,186,7,,"{""scholar_id"": ""uF5PRRcAAAAJ"", ""name"": ""Maria G. Rendon"", ""affiliation"": ""Associate Professor, University of California, Irvine"", ""email_domain"": ""@uci.edu"", ""interests"": [""urban contexts"", ""inequality"", ""latinos"", ""immigration"", ""poverty""], ""homepage"": ""https://socialecology.uci.edu/faculty/mgrendon"", ""citedby"": 509, ""citedby5y"": 186, ""hindex"": 9, ""hindex5y"": 7, ""i10index"": 9, ""i10index5y"": 6, ""cites_per_year"": {""2008"": 7, ""2009"": 17, ""2010"": 17, ""2011"": 19, ""2012"": 29, ""2013"": 19, ""2014"": 24, ""2015"": 33, ""2016"": 33, ""2017"": 43, ""2018"": 21, ""2019"": 27, ""2020"": 28, ""2021"": 30, ""2022"": 31, ""2023"": 36, ""2024"": 32, ""2025"": 30, ""2026"": 26}}"
463,google_scholar,2026-09-15,234,8,7,219,8,,"{""scholar_id"": ""dNUYoDUAAAAJ"", ""name"": ""Alejandra Reyes"", ""affiliation"": ""University of California, Irvine"", ""email_domain"": ""@uci.edu"", ""interests"": [""Housing policy"", ""governance"", ""financialization"", ""Mexico"", ""Southern California""], ""homepage"": ""https://faculty.sites.uci.edu/laurareyes/"", ""citedby"": 234, ""citedby5y"": 219, ""hindex"": 8, ""hindex5y"": 8, ""i10index"": 7, ""i10index5y"": 7, ""cites_per_year"": {""2018"": 3, ""2019"": 3, ""2020"": 5, ""2021"": 23, ""2022"": 22, ""2023"": 27, ""2024"": 39, ""2025"": 63, ""2026"": 45}}"
464,google_scholar,2026-09-15,4392,31,48,3933,30,,"{""scholar_id"": ""kVoSdycAAAAJ"", ""name"": ""Nicola Ulibarri"", ""affiliation"": ""Professor, University of California Irvine"", ""email_domain"": ""@uci.edu"", ""interests"": [""Environmental governance"", ""Water management"", ""Collaborative governance"", ""Environmental policy""], ""homepage"": ""http://faculty.sites.uci.edu/ulibarri/"", ""citedby"": 4392, ""citedby5y"": 3933, ""hindex"": 31, ""hindex5y"": 30, ""i10index"": 48, ""i10index5y"": 47, ""cites_per_year"": {""2015"": 14, ""2016"": 15, ""2017"": 41, ""2018"": 57, ""2019"": 114, ""2020"": 164, ""2021"": 161, ""2022"": 429, ""2023"": 658, ""2024"": 838, ""2025"": 1006, ""2026"": 806}}"
721,google_scholar,2026-09-15,6141,33,71,1980,23,,"{""scholar_id"": ""EPD8e8gAAAAJ"", ""name"": ""Casey J Dawkins"", ""affiliation"": ""Professor of Urban Studies and Planning, University of Maryland"", ""email_domain"": ""@umd.edu"", ""interests"": [""housing policy"", ""urban planning"", ""regional planning"", ""local public finance"", ""urban economics""], ""homepage"": ""https://caseydawkins.com/"", ""citedby"": 6141, ""citedby5y"": 1980, ""hindex"": 33, ""hindex5y"": 23, ""i10index"": 71, ""i10index5y"": 56, ""cites_per_year"": {""2000"": 21, ""2001"": 24, ""2002"": 27, ""2003"": 51, ""2004"": 62, ""2005"": 109, ""2006"": 120, ""2007"": 184, ""2008"": 179, ""2009"": 206, ""2010"": 173, ""2011"": 209, ""2012"": 208, ""2013"": 243, ""2014"": 270, ""2015"": 239, ""2016"": 304, ""2017"": 327, ""2018"": 329, ""2019"": 351, ""2020"": 348, ""2021"": 353, ""2022"": 371, ""2023"": 375, ""2024"": 312, ""2025"": 313, ""2026"": 251}}"
722,google_scholar,2026-09-15,5887,32,49,1896,20,,"{""scholar_id"": ""CHE-z2kAAAAJ"", ""name"": ""Chengri Ding"", ""affiliation"": ""Professor of Urban Studies and Planning at University of Maryland"", ""email_domain"": ""@umd.edu"", ""interests"": [""Urban Economics"", ""Regional Science"", ""Land and Urban Policy"", ""Urban Planning"", ""China""], ""homepage"": null, ""citedby"": 5887, ""citedby5y"": 1896, ""hindex"": 32, ""hindex5y"": 20, ""i10index"": 49, ""i10index5y"": 30, ""cites_per_year"": {""2002"": 28, ""2003"": 34, ""2004"": 41, ""2005"": 61, ""2006"": 52, ""2007"": 93, ""2008"": 99, ""2009"": 154, ""2010"": 161, ""2011"": 189, ""2012"": 228, ""2013"": 229, ""2014"": 306, ""2015"": 285, ""2016"": 383, ""2017"": 329, ""2018"": 387, ""2019"": 399, ""2020"": 424, ""2021"": 319, ""2022"": 414, ""2023"": 318, ""2024"": 311, ""2025"": 314, ""2026"": 220}}"
723,google_scholar,2026-09-15,1138,17,21,1029,17,,"{""scholar_id"": ""qWImUjUAAAAJ"", ""name"": ""Marccus D. Hendricks"", ""affiliation"": ""Associate Professor, Urban Studies and Planning Program, University of Maryland"", ""email_domain"": ""@umd.edu"", ""interests"": [""infrastructure"", ""stormwater management"", ""environmental justice"", ""social vulnerability to disaster"", ""participatory action research""], ""homepage"": ""http://www.arch.umd.edu/ursp/faculty/marccus-hendricks"", ""citedby"": 1138, ""citedby5y"": 1029, ""hindex"": 17, ""hindex5y"": 17, ""i10index"": 21, ""i10index5y"": 21, ""cites_per_year"": {""2018"": 12, ""2019"": 23, ""2020"": 62, ""2021"": 78, ""2022"": 106, ""2023"": 153, ""2024"": 222, ""2025"": 272, ""2026"": 192}}"
724,google_scholar,2026-09-15,504,13,16,416,12,,"{""scholar_id"": ""XzbowdEAAAAJ"", ""name"": ""Kathryn Howell"", ""affiliation"": ""University of Maryland"", ""email_domain"": ""@umd.edu"", ""interests"": [""housing"", ""tenant rights"", ""community power""], ""homepage"": null, ""citedby"": 504, ""citedby5y"": 416, ""hindex"": 13, ""hindex5y"": 12, ""i10index"": 16, ""i10index5y"": 15, ""cites_per_year"": {""2016"": 4, ""2017"": 4, ""2018"": 21, ""2019"": 28, ""2020"": 26, ""2021"": 35, ""2022"": 41, ""2023"": 58, ""2024"": 61, ""2025"": 99, ""2026"": 120}}"
725,google_scholar,2026-09-15,3287,30,62,1582,21,,"{""scholar_id"": ""HwMQKTUAAAAJ"", ""name"": ""Clara Irazabal"", ""affiliation"": ""University of Maryland, College Park"", ""email_domain"": ""@umd.edu"", ""interests"": [""Urban Planning"", ""Latin American Studies"", ""Latinx Studies""], ""homepage"": ""https://arch.umd.edu/people/clara-irazabal"", ""citedby"": 3287, ""citedby5y"": 1582, ""hindex"": 30, ""hindex5y"": 21, ""i10index"": 62, ""i10index5y"": 41, ""cites_per_year"": {""2007"": 18, ""2008"": 26, ""2009"": 73, ""2010"": 54, ""2011"": 56, ""2012"": 102, ""2013"": 112, ""2014"": 130, ""2015"": 149, ""2016"": 133, ""2017"": 165, ""2018"": 147, ""2019"": 182, ""2020"": 270, ""2021"": 265, ""2022"": 279, ""2023"": 282, ""2024"": 272, ""2025"": 298, ""2026"": 183}}"
726,google_scholar,2026-09-15,3605,29,44,1321,18,,"{""scholar_id"": ""k5lcdMIAAAAJ"", ""name"": ""Hiroyuki Iseki"", ""affiliation"": ""Associate Professor of Urban Studies and Planning, University of Maryland, College Park"", ""email_domain"": ""@umd.edu"", ""interests"": [""transportation"", ""land use"", ""travel behavior"", ""transportation finance"", ""sustainable transportation""], ""homepage"": ""http://smartgrowth.umd.edu/hiseki.html"", ""citedby"": 3605, ""citedby5y"": 1321, ""hindex"": 29, ""hindex5y"": 18, ""i10index"": 44, ""i10index5y"": 30, ""cites_per_year"": {""2001"": 9, ""2002"": 15, ""2003"": 18, ""2004"": 25, ""2005"": 33, ""2006"": 38, ""2007"": 40, ""2008"": 60, ""2009"": 69, ""2010"": 77, ""2011"": 145, ""2012"": 120, ""2013"": 139, ""2014"": 149, ""2015"": 187, ""2016"": 210, ""2017"": 174, ""2018"": 241, ""2019"": 217, ""2020"": 248, ""2021"": 207, ""2022"": 235, ""2023"": 216, ""2024"": 244, ""2025"": 272, ""2026"": 147}}"
989,google_scholar,2026-09-15,2426,18,24,624,14,,"{""scholar_id"": ""vmdRIzYAAAAJ"", ""name"": ""Christian Redfearn"", ""affiliation"": ""University of Southern California"", ""email_domain"": ""@usc.edu"", ""interests"": [""Urban Economics"", ""Real Estate Economics""], ""homepage"": null, ""citedby"": 2426, ""citedby5y"": 624, ""hindex"": 18, ""hindex5y"": 14, ""i10index"": 24, ""i10index5y"": 17, ""cites_per_year"": {""1999"": 7, ""2000"": 7, ""2001"": 5, ""2002"": 16, ""2003"": 24, ""2004"": 31, ""2005"": 32, ""2006"": 35, ""2007"": 42, ""2008"": 49, ""2009"": 70, ""2010"": 93, ""2011"": 108, ""2012"": 140, ""2013"": 133, ""2014"": 130, ""2015"": 149, ""2016"": 136, ""2017"": 151, ""2018"": 146, ""2019"": 126, ""2020"": 136, ""2021"": 133, ""2022"": 142, ""2023"": 94, ""2024"": 109, ""2025"": 80, ""2026"": 64}}"
990,google_scholar,2026-09-15,2792,26,42,939,17,,"{""scholar_id"": ""7DARvqwAAAAJ"", ""name"": ""Lisa Schweitzer"", ""affiliation"": ""University of Southern Californ"", ""email_domain"": ""@usc.edu"", ""interests"": [""social justice"", ""planning theory"", ""transportation"", ""environment""], ""homepage"": null, ""citedby"": 2792, ""citedby5y"": 939, ""hindex"": 26, ""hindex5y"": 17, ""i10index"": 42, ""i10index5y"": 24, ""cites_per_year"": {""2001"": 14, ""2002"": 12, ""2003"": 22, ""2004"": 22, ""2005"": 22, ""2006"": 29, ""2007"": 41, ""2008"": 40, ""2009"": 86, ""2010"": 93, ""2011"": 105, ""2012"": 98, ""2013"": 113, ""2014"": 150, ""2015"": 124, ""2016"": 149, ""2017"": 168, ""2018"": 175, ""2019"": 168, ""2020"": 159, ""2021"": 196, ""2022"": 152, ""2023"": 170, ""2024"": 174, ""2025"": 149, ""2026"": 98}}"
991,google_scholar,2026-09-15,3321,24,35,845,18,,"{""scholar_id"": ""Cmsrsv8AAAAJ"", ""name"": ""David Sloane"", ""affiliation"": ""Professor, Price School of Public Policy, University of Southern California"", ""email_domain"": ""@price.usc.edu"", ""interests"": [""Urban history"", ""urban planning"", ""public health""], ""homepage"": ""http://davidcsloane.com/"", ""citedby"": 3321, ""citedby5y"": 845, ""hindex"": 24, ""hindex5y"": 18, ""i10index"": 35, ""i10index5y"": 21, ""cites_per_year"": {""1994"": 12, ""1995"": 6, ""1996"": 10, ""1997"": 10, ""1998"": 20, ""1999"": 8, ""2000"": 10, ""2001"": 11, ""2002"": 23, ""2003"": 30, ""2004"": 39, ""2005"": 50, ""2006"": 100, ""2007"": 102, ""2008"": 100, ""2009"": 133, ""2010"": 140, ""2011"": 142, ""2012"": 135, ""2013"": 149, ""2014"": 150, ""2015"": 181, ""2016"": 187, ""2017"": 149, ""2018"": 149, ""2019"": 190, ""2020"": 165, ""2021"": 145, ""2022"": 179, ""2023"": 139, ""2024"": 156, ""2025"": 137, ""2026"": 89}}"
992,google_scholar,2026-09-15,4773,34,70,1579,22,,"{""scholar_id"": ""7uu9O28AAAAJ"", ""name"": ""Lois Takahashi"", ""affiliation"": ""Associate Dean for Research and Faculty Success, San Jose State University"", ""email_domain"": ""@sjsu.edu"", ""interests"": [""health disparities"", ""HIV prevention"", ""spatial determinants of health"", ""unstable housing""], ""homepage"": ""https://loistakahashi.wixsite.com/website"", ""citedby"": 4773, ""citedby5y"": 1579, ""hindex"": 34, ""hindex5y"": 22, ""i10index"": 70, ""i10index5y"": 41, ""cites_per_year"": {""1997"": 13, ""1998"": 19, ""1999"": 17, ""2000"": 41, ""2001"": 48, ""2002"": 65, ""2003"": 80, ""2004"": 73, ""2005"": 114, ""2006"": 116, ""2007"": 128, ""2008"": 125, ""2009"": 140, ""2010"": 120, ""2011"": 132, ""2012"": 184, ""2013"": 193, ""2014"": 169, ""2015"": 177, ""2016"": 179, ""2017"": 249, ""2018"": 198, ""2019"": 257, ""2020"": 269, ""2021"": 280, ""2022"": 290, ""2023"": 284, ""2024"": 281, ""2025"": 273, ""2026"": 170}}"
994,google_scholar,2026-09-15,555,13,16,303,9,,"{""scholar_id"": ""4MFlCpQAAAAJ"", ""name"": ""Xueming (Jimmy) Chen"", ""affiliation"": ""Virginia Commonwealth University"", ""email_domain"": ""@vcu.edu"", ""interests"": [""transportation planning""], ""homepage"": null, ""citedby"": 555, ""citedby5y"": 303, ""hindex"": 13, ""hindex5y"": 9, ""i10index"": 16, ""i10index5y"": 9, ""cites_per_year"": {""2010"": 3, ""2011"": 14, ""2012"": 4, ""2013"": 17, ""2014"": 16, ""2015"": 10, ""2016"": 21, ""2017"": 29, ""2018"": 46, ""2019"": 31, ""2020"": 47, ""2021"": 43, ""2022"": 50, ""2023"": 64, ""2024"": 58, ""2025"": 57, ""2026"": 30}}"
995,google_scholar,2026-09-15,813,13,15,398,10,,"{""scholar_id"": ""FwdCDX0AAAAJ"", ""name"": ""Meghan Z. Gough"", ""affiliation"": ""Associate Professor, Virginia Commonwealth University"", ""email_domain"": ""@vcu.edu"", ""interests"": [""Urban Planning""], ""homepage"": ""https://wilder.vcu.edu/people/faculty/meghan-gough-.html"", ""citedby"": 813, ""citedby5y"": 398, ""hindex"": 13, ""hindex5y"": 10, ""i10index"": 15, ""i10index5y"": 10, ""cites_per_year"": {""2003"": 4, ""2004"": 6, ""2005"": 13, ""2006"": 17, ""2007"": 10, ""2008"": 21, ""2009"": 11, ""2010"": 17, ""2011"": 24, ""2012"": 20, ""2013"": 17, ""2014"": 34, ""2015"": 18, ""2016"": 31, ""2017"": 38, ""2018"": 38, ""2019"": 38, ""2020"": 48, ""2021"": 72, ""2022"": 70, ""2023"": 50, ""2024"": 77, ""2025"": 65, ""2026"": 62}}"
996,google_scholar,2026-09-15,693,10,10,367,8,,"{""scholar_id"": ""FCIgaFcAAAAJ"", ""name"": ""Elsie Harper-Anderson"", ""affiliation"": ""Virginia Commonwealth University"", ""email_domain"": ""@vcu.edu"", ""interests"": [], ""homepage"": null, ""citedby"": 693, ""citedby5y"": 367, ""hindex"": 10, ""hindex5y"": 8, ""i10index"": 10, ""i10index5y"": 7, ""cites_per_year"": {""2008"": 2, ""2009"": 7, ""2010"": 3, ""2011"": 7, ""2012"": 8, ""2013"": 11, ""2014"": 25, ""2015"": 32, ""2016"": 25, ""2017"": 39, ""2018"": 48, ""2019"": 42, ""2020"": 66, ""2021"": 63, ""2022"": 73, ""2023"": 62, ""2024"": 59, ""2025"": 67, ""2026"": 42}}"
997,google_scholar,2026-09-15,568,13,14,223,9,,"{""scholar_id"": ""1hIl3F4AAAAJ"", ""name"": ""Dr. Damian Pitt, PhD, AICP"", ""affiliation"": ""Urban and Regional Planning, Virginia Commonwealth University"", ""email_domain"": ""@vcu.edu"", ""interests"": [""sustainable energy"", ""climate change policy"", ""land use planning""], ""homepage"": null, ""citedby"": 568, ""citedby5y"": 223, ""hindex"": 13, ""hindex5y"": 9, ""i10index"": 14, ""i10index5y"": 9, ""cites_per_year"": {""2009"": 6, ""2010"": 5, ""2011"": 5, ""2012"": 22, ""2013"": 27, ""2014"": 31, ""2015"": 38, ""2016"": 35, ""2017"": 32, ""2018"": 53, ""2019"": 41, ""2020"": 43, ""2021"": 55, ""2022"": 49, ""2023"": 35, ""2024"": 29, ""2025"": 35, ""2026"": 20}}"
998,google_scholar,2026-09-15,704,15,23,649,14,,"{""scholar_id"": ""Ok_y4wcAAAAJ"", ""name"": ""Sarah E Raskin"", ""affiliation"": ""Associate Professor, Virginia Commonwealth University"", ""email_domain"": ""@vcu.edu"", ""interests"": [""oral health equity"", ""dental safety net policy"", ""dental safety net service delivery""], ""homepage"": null, ""citedby"": 704, ""citedby5y"": 649, ""hindex"": 15, ""hindex5y"": 14, ""i10index"": 23, ""i10index5y"": 22, ""cites_per_year"": {""2013"": 3, ""2014"": 1, ""2015"": 3, ""2016"": 1, ""2017"": 2, ""2018"": 5, ""2019"": 11, ""2020"": 22, ""2021"": 57, ""2022"": 96, ""2023"": 131, ""2024"": 112, ""2025"": 139, ""2026"": 111}}"
