person_id,first_name,middle_name,last_name,display_name,phd_year,phd_institution,interests,google_scholar_id,openalex_author_id,orcid,semantic_scholar_id,researchgate_url,linkedin_url,personal_url,notes
1,Florina,,Dutt,Florina Dutt,2023,Georgia Tech,,TdEfQoUAAAAJ,,,,,,,
2,Himanshu,,Grover,Himanshu Grover,2010,Texas A&M,"Environmental Planning, Comprehensive Plans, Sustainable Development and Climate Change",VTq1CqgAAAAJ,,,,,https://linkedin.com/in/himanshu-grover-ba508730,,
3,Jacob,,Oluwoye,Jacob Oluwoye,1988,University of New South Wales,Transportation,J16Ac4kAAAAJ,,,,https://researchgate.net/profile/Jacob_Oluwoye,https://linkedin.com/in/jacob-oluwoye-b3965440,,
4,Ahmed,,Ouf,Ahmed Ouf,1989,University of Pennsylvania,,OL3It70AAAAJ,,,,,,,
5,Joyce,,Pressley,Joyce Pressley,1994,University of Pennsylvania,,,,,,,,,
6,Jordan,,Yin,Jordan Yin,2017,Cornell University,,2dsmPtcAAAAJ,,,,,,,
7,Chris,,Quattro,Chris Quattro,2023,University of Pennsylvania,,,,,,,,,
8,Elizabeth,,Shay,Elizabeth Shay,2007,UNC,,,,,,,,,
9,Bhuwan,,Thapa,Bhuwan Thapa,2018,University of Arizona,,Z-Y1scYAAAAJ,,,,,,,
10,Maura,,Allaire,Maura Allaire,2015,UNC,,pE7IqHwAAAAJ,,,,,,,
11,Sharmistha,,Bagchi-Sen,Sharmistha Bagchi-Sen,1989,University of Georgia,,YQmcJlwAAAAJ,,,,,,,
12,Dylan,,Connor,Dylan Connor,2017,UCLA,,QXQhGBwAAAAJ,,,,,,,
13,Meagan,,Ehlenz,Meagan Ehlenz,2015,University of Pennsylvania,,BI0L1WIAAAAJ,,,,,,,
14,Hue-Tam,,Jamme,Hue-Tam Jamme,2020,USC,,Nipmwg8AAAAJ,,,,,,,
15,David,,King,David King,2008,UCLA,,uFu5Z2YAAAAJ,,,,,,,
16,Kelli,,Larson,Kelli Larson,2005,Oregon State University,Water Resource Governance and Human-Environmental Interactions,zKNhDfAAAAAJ,,,,https://researchgate.net/profile/Kelli_Larson,https://linkedin.com/in/kelli-larson-3427416,,
17,Sara,,Meerow,Sara Meerow,2017,University of Michigan,,qOlVh-UAAAAJ,,,,,,,
18,Lindsay,,Oluyede,Lindsay Oluyede,2022,UNC,,45EO_0AAAAAJ,,,,,,,
19,Deirdre,,Pfeiffer,Deirdre Pfeiffer,2011,UCLA,"Public Participation, Quaolitative Analysis, Urban Housing Analysis",4wtcHfkAAAAJ,,,,https://researchgate.net/profile/Deirdre_Pfeiffer,https://linkedin.com/in/deirdre-pfeiffer-a29a393,,
20,Jose-Benito,,Rosales Chavez,Jose-Benito Rosales Chavez,2020,Arizona State University,,xYAqTLIAAAAJ,,,,,,,
21,Mark,,Roseland,Mark Roseland,1992,University of British Columbia,,HSr3W8AAAAAJ,,,,,,,
22,David,,Sailor,David Sailor,1993,UC Berkeley,,qAeVtqwAAAAJ,,,,,,,
23,Deborah,,Salon,Deborah Salon,2006,UC Davis,,cvqNuosAAAAJ,,,,,,,
24,Daoqin,,Tong,Daoqin Tong,2007,Ohio State University,,xolGcEIAAAAJ,,,,,,,
25,Elizabeth,,Wentz,Elizabeth Wentz,1997,Pennsylvania State University,,pdxbJg0AAAAJ,,,,,,,
26,Sweta,,Byahut,Sweta Byahut,2012,University of Cincinnati,"Land management, development regulation, disaster mitigation, planning in Indian cities",kpbXtqsAAAAJ,,,,,,,
27,Megan,E.,LaFrombois,Megan LaFrombois,2014,"University of Illinois, Chicago",,CM-d0S0AAAAJ,,,,,,,
28,Binita,,Mahato,Binita Mahato,2018,University of Cincinnati,,LOmY700AAAAJ,,,,,,,
29,Jay,,Mittal,Jay Mittal,2011,University of Cincinnati,"GIS, Urban Economics, Real Estate Development",iS703cMAAAAJ,,,,https://researchgate.net/profile/Jay_Mittal2,https://linkedin.com/in/jaymit,,
30,Rebecca,,Retzlaff,Rebecca Retzlaff,2006,"University of Illinois, Chicago","Environmental Planning and Policy, Historic Preservation, Land Use Planning and Regulation, Growth Management",oSoTwbYAAAAJ,,,,,https://linkedin.com/in/rebecca-retzlaff-4529a6a,,
31,Michael,A.,Burayidi,Michael Burayidi,1993,University of Louisville,"Land Use Planning, Economic Development, Comparative Planning Systems, Housing and Real Estate Development.",,,,,,https://linkedin.com/in/michael-burayidi-a382b210,,
32,Lohren,,Deeg,Lohren Deeg,2004,Ball State University,"Urban and Town Design, Design Comm Media, Theory, History, Graphic layout",RFYdIqQAAAAJ,,,,https://researchgate.net/profile/Lohren_Deeg,https://linkedin.com/in/lohren-deeg-30054b12,,
33,Scott,I.,Truex,Scott Truex,1982,Ball State University,"Urban Design, Community Design & Sustainable Development Practices",,,,,,https://linkedin.com/in/scott-truex-0298a72,,
34,John,,West,John West,2015,Columbia University,,,,,,,,,
35,Sanglim,,Yoo,Sanglim Yoo,2012,SUNY College of Environmental Science and Forestry,,,,,,https://researchgate.net/profile/Sanglim_Yoo,https://linkedin.com/in/sanglim-yoo-19946626,,
36,Dina,,Adbulkarim,Dina Adbulkarim,2012,Ohio State University,,,,,,,,,
37,So-Ra,,Baek,So-Ra Baek,2013,University of Washington,"Demography and statistics for planning, GIS for planning, research approaches to planning, and local transportation planning",,,,,,,,
38,Chris,,Giamarino,Chris Giamarino,2023,UCLA,,JFjdQ94AAAAJ,,,,,,,
39,Alvaro,,Huerta,Alvaro Huerta,2011,UC Berkeley,Community Development.,hZSH7SEAAAAJ,,,,,,,
40,Dohyung,,Kim,Dohyung Kim,2005,University of Florida,,s8hqUgMAAAAJ,,,,,,,
41,Nicole,,Lambrou,Nicole Lambrou,2022,UCLA,,ghfUm28AAAAJ,,,,,,,
42,Xijing,,Li,Xijing Li,2024,UNC,,dTKY41IAAAAJ,,,,,,,
43,David,,Amos,David Amos,2020,UC Berkeley,,d23fm7kAAAAJ,,,,,,,
44,Michael,,Boswell,Michael Boswell,2000,Florida State University,"Environmental Planning, Hazard Mitigation, Planning Theory, Climate Action Planning, Sustainability",0ScZwpcAAAAJ,,,,,https://linkedin.com/in/mrboswell,,
45,Adrienne,,Greve,Adrienne Greve,2006,University of Washington,"Urban Ecology, Planning and Climate Change, Urban Hydrology and Stormwater",f-lzoR4AAAAJ,,,,https://researchgate.net/profile/Adrienne_Greve/,https://linkedin.com/in/adrienne-greve-58718513,,
46,Amir,,Hajrasouliha,Amir Hajrasouliha,2015,University of Utah,,Z1qu-3MAAAAJ,,,,,,,
47,Kelly,,Main,Kelly Main,2007,UCLA,"Community Planning, Land Use Planning, Public Realm, Cultural Aspects of Planning, Place Attachment",,,,,,https://linkedin.com/in/kelly-main-a545a341,,
48,Cornelius,,Nuworsoo,Cornelius Nuworsoo,2004,UC Berkeley,"Transportation Engineering, Transportation and Land Use Planning, Quantitative Methods in Planning",,,,,https://researchgate.net/profile/Cornelius_Nuworsoo,,,
49,Ryan,,Sandwick,Ryan Sandwick,2013,University of Glasgow,,,,,,,,,
50,Anahita,,Shadkam,Anahita Shadkam,2024,University of Waterloo,,11m1T1cAAAAJ,,,,,,,
51,Miriam,,Giottonini-Badilla,Miriam Giottonini-Badilla,2018,UCLA,,,,,,,,,
52,Henrik,P.,Minassians,Henrik Minassians,2002,SUNY Albany,"Public Administration, Urban Policy Design and Management, Urban Governance, Contract Design and Management, Policy Implementation Theory.",NWlpZX4AAAAJ,,,,https://researchgate.net/profile/Henrik_Minassians,https://linkedin.com/in/henrik-minassians-3bb82751,,
53,Craig,,Olwert,Craig Olwert,2010,Ohio State University,"Urban Economics, Sustainability, Environmental Planning, City Form, GIS, Quantitative Methods",,,,,,https://linkedin.com/in/craig-olwert-84357b6,,
54,Ward,,Thomas,Ward Thomas,1997,UCLA,"Economic Development, Public Policy Analysis, Environmental Planning",,,,,,,,
55,Zeynep,,Toker,Zeynep Toker,2004,North Carolina State University,"Community Participation, Research Based Urban Design, Housing and Gender in Planning, Research Methods",,,,,https://researchgate.net/profile/Zeynep_Aytug3,,,
56,Mintesnot,,Woldeamanuel,Mintesnot Woldeamanuel,2007,Hokkaido University,"Urban Transportation Planning, Urban Land Use Planning, Travel Behavior, Community Development, and Sustainability",0aopPI8AAAAJ,,,,,https://linkedin.com/in/mintesnot-woldeamanuel-070b9a10,,
57,Caitlin,,Dyckman,Caitlin Dyckman,2005,UC Berkeley,"Environmental Planning, Planning Law, Water Policy and Law, Land Use Planning Process",5MjUqx0AAAAJ,,,,https://researchgate.net/profile/Caitlin_Dyckman,https://linkedin.com/in/caitlin-dyckman-2608364,,
58,John,,Gaber,John Gaber,1993,Columbia University,,WM_NNugAAAAJ,,,,,,,
59,Eric,A.,Morris,Eric Morris,2011,UCLA,"Transportation Planning, Policy, Economics, Equity and History, Transportation and Land Use, Transportation and the Environment, Travel Behavior, Regional Economics and Economic Geography, Cities, Planning and Well-Being.",Fc1IlK8AAAAJ,,,,https://researchgate.net/profile/Eric_Morris6,,,
60,Roland,,Anglin,Roland Anglin,1991,University of Chicago,,,,,,,,,
61,Joanna,,Ganning,Joanna Ganning,2010,"University of Illinois, Urbana-Champaign","Regional and Community Economic Development: Urban-Rural Linkages, Urban and Rural Amenities, and the Economic Role of Universities in Regions",tEoLIlAAAAAJ,,,,,,,
62,Thomas,,Hilde,Thomas Hilde,2017,"University of Texas, Austin",,9pJph3wAAAAJ,,,,,,,
63,Brian,A.,Mikelbank,Brian Mikelbank,2000,Ohio State University,"Quantitative Spatial Analysis, Urban Geographic Information Systems, Urban Geography, Economic Geography.",ZlxKpwEAAAAJ,,,,,https://linkedin.com/in/brian-mikelbank-99843984,,
64,Stephanie,,Ryberg-Webster,Stephanie Ryberg-Webster,2010,University of Pennsylvania,,iwUHlEgAAAAJ,,,,,,,
65,Hiba,,Akar,Hiba Bou Akar,2012,UC Berkeley,,hvXw6qgAAAAJ,,,,,,,
66,Hugo,,Sarmiento,Hugo Sarmiento,2023,UCLA,,,,,,,,,
67,Tom,,Slater,Tom Slater,2003,King's College London,,oasQsCgAAAAJ,,,,,,,
68,Anthony,,Vanky,Anthony Vanky,2017,MIT,,rKjkv7sAAAAJ,,,,,,,
69,Weiping,,Wu,Weiping Wu,1996,Rutgers University,"Comparative Urban Development, Urban Economic Policy, China",0-jEvAcAAAAJ,,,,,https://linkedin.com/in/weiping-wu-25825295,,
70,Victoria,A.,Beard,Victoria Beard,1999,University of British Columbia,,eMY0_XUAAAAJ,,,,,https://linkedin.com/in/victoria-beard-2b66b566,,
71,Sara,,Bronin,Sara Bronin,2006,Yale,,eeCNqPYAAAAJ,,,,,,,
72,Nancy,,Brooks,Nancy Brooks,1995,University of Pennsylvania,,,,,,,,,
73,Thomas,J.,Campanella,Thomas Campanella,1999,MIT,,9QvYdroAAAAJ,,,,https://researchgate.net/profile/Thomas_Campanella2,https://linkedin.com/in/thomas-j-campanella-002a1a75,,
74,John,,Carruthers,John Carruthers,2001,University of Washington,"Sustainable Urban Development, Economic Geography, Urban and Regional Economics, Environmental Quality of Life, Geospatial and Econometric Analysis",rWBq01YAAAAJ,,,,,,,
75,Suzanne,Lanyi,Charles,Suzanne Charles,2011,Harvard University,,xfZKraEAAAAJ,,,,,,,
76,Jeffrey,,Chusid,Jeffrey Chusid,1982,UC Berkeley,"Historic Preservation Design & Planning, Architecture, Cultural Landscapes",,,,,,https://linkedin.com/in/jeffrey-chusid-466bb0ba,,
77,Ding,,Fei,Ding Fei,2018,University of Minnesota,,FniXG3wAAAAJ,,,,,,,
78,Nicholas,,Klein,Nicholas Klein,2014,Rutgers University,,Kq3hMdYAAAAJ,,,,,,,
79,Neema,,Kudva,Neema Kudva,2001,UC Berkeley,"International Development Planning, Non-Government Organizations, Community Based Planning Practices, International Urbanization",QvnzVtMAAAAJ,,,,,https://linkedin.com/in/neema-kudva-67731329,,
80,Jennifer,,Minner,Jennifer Minner,2013,"University of Texas, Austin","Land Use Planning, Geographic Information Systems, Historic Preservation, Sustainability. 607.255.5561",0jPZTmUAAAAJ,,,,https://researchgate.net/profile/Jennifer_Minner,,,
81,Sophie,,Oldfield,Sophie Oldfield,2000,University of Minnesota,,tP5O4C4AAAAJ,,,,,,,
82,Stephan,,Schmidt,Stephan Schmidt,2006,Rutgers University,,UNn68ykAAAAJ,,,,https://researchgate.net/profile/Stephan_Schmidt9,https://linkedin.com/in/stephanschmidtcornell,,
83,Linda,,Shi,Linda Shi,2017,MIT,,NBCtqiIAAAAJ,,,,,,,
84,Michael,,Tomlan,Michael Tomlan,1976,Cornell University,"Building Conservation Technology, Documentation Methods for Preservation, History of the Preservation Movement, China, India, Canada",b1xSziEAAAAJ,,,,,https://linkedin.com/in/michael-tomlan-37a9329,,
85,Mildred,,Warner,Mildred Warner,1997,Cornell University,"Community Development, Economic Development, State & Local Government Policy",v1dOouMAAAAJ,,,,https://researchgate.net/profile/Mildred_Warner,https://linkedin.com/in/mildred-warner-b5758223,,
86,Wenfei,,Xu,Wenfei Xu,2022,Columbia University,,-VP9js8AAAAJ,,,,,,,
87,Lisa,,Berglund,Lisa Berglund,2017,UCLA,,vxeLlLIAAAAJ,,,,,,,
88,Ahsan,,Habib,Ahsan Habib,2009,University of Toronto,,EqK6qS0AAAAJ,,,,,,,
89,Patricia,,Manuel,Patricia Manuel,1992,Dalhousie University,,,,,,,,,
90,Eric,,Rapaport,Eric Rapaport,2002,"Royal Institute of Technology, Stockholm",,jNEOn3cAAAAJ,,,,,,,
91,Mikiko,,Terashima,Mikiko Terashima,2011,Dalhousie University,,2zPJKmAAAAAJ,,,,,,,
92,Ren,,Thomas,Ren Thomas,2011,University of British Columbia,,fmEGMO8AAAAJ,,,,,,,
93,Misun,,Hur,Misun Hur,2008,Ohio State University,"Community Development, Urban Design, GIS & Visualization Technology, Environmental Behavior",Q7Rwqu8AAAAJ,,,,https://researchgate.net/profile/Misun_Hur,https://linkedin.com/in/misunhur,,
94,Andrew,,Jacobs,Andrew Jacobs,1999,Michigan State University,,,,,,,,,
95,Anuradha,,Mukherji,Anuradha Mukherji,2008,UC Berkeley,"Housing, Hazard Mitigation and Recovery, Disaster Planning and Management, International Development",88FnzbsAAAAJ,,,,https://researchgate.net/profile/Anuradha_Mukherji,https://linkedin.com/in/anuradhamukherji,,
96,Steven,,Richter,Steven Richter,2021,"University of Texas, Austin",,fRQbhxoAAAAJ,,,,,,,
97,Heather,,Khan-Welsh,Heather Khan-Welsh,2008,Florida State University,,,,,,,,,
98,RJ,,Koscielniak,RJ Koscielniak,2020,University of Michigan,,,,,,,,,
99,Matthew,,Anderson,Matthew Anderson,2012,"University of Illinois, Urbana-Champaign",,wHzEVFkAAAAJ,,,,,,,
100,Margo,,Hill,Margo Hill,1998,Gonzaga University,"Tribal Law, Tribal Planning and Management, Planning Law, Tribal Economic Development.",,,,,,https://linkedin.com/in/margo-hill-6880bb48,,
101,Jason,,Scully,Jason Scully,2015,University of Washington,,,,,,,,,
102,Eric,,Dumbaugh,Eric Dumbaugh,2005,Georgia Tech,Transportation Planning and Design,QePeI0EAAAAJ,,,,https://researchgate.net/profile/Eric_Dumbaugh,https://linkedin.com/in/eric-dumbaugh-9818b913,,
103,Yanmei,,Li,Yanmei Li,2006,Ohio State University,"Statistics, Geography and Urban Planning",ZaF71qUAAAAJ,,,,https://researchgate.net/profile/Yanmei_Li8,https://linkedin.com/in/yanmeili,,
104,Melina,,Matos,Melina Matos,2021,Texas A&M,,HalduD8AAAAJ,,,,,,,
105,Louis,,Merlin,Louis Merlin,2014,"University of North Carolina, Chapel Hill",,RpdvnXkAAAAJ,,,,,,,
106,Diana,,Mitsova,Diana Mitsova,2008,University of Cincinnati,"GIS Applications, GIS Data Collection, Environmental Modeling",tIME-ekAAAAJ,,,,https://researchgate.net/profile/Diana_Mitsova,https://linkedin.com/in/diana-mitsova-a220547b,,
107,Stephanie,,Wakefield,Stephanie Wakefield,2016,CUNY,,UTzKlfYAAAAJ,,,,,,,
108,Jeff,,Brown,Jeff Brown,2003,UCLA,,EPPBXzYAAAAJ,,,,,,,
109,William,H.,Butler,William Butler,2009,Virginia Tech,,Mk29S08AAAAJ,,,,https://researchgate.net/profile/William_Butler11,,,
110,Aurora,,Canales,Aurora Echavarria Canales,2025,UCLA,,,,,,,,,
111,Timothy,S.,Chapin,Timothy Chapin,1999,University of Washington,,YdGhnsIAAAAJ,,,,https://researchgate.net/profile/Timothy_Chapin,https://linkedin.com/in/tim-chapin-64b0a46,,
112,Christopher,,Coutts,Christopher Coutts,2006,University of Michigan,Community Health and Health Behavior,l1E3KCoAAAAJ,,,,,,,
113,Michael,,Duncan,Michael Duncan,2007,UC Berkeley,"Transportation and Land Use, Sustainable Transportation, Pedestrian Communities, Planning Alternatives Evaluation",H3h-6zMAAAAJ,,,,https://researchgate.net/profile/Michael_Duncan9,,,
114,Tisha,,Holmes,Tisha Holmes,2015,UCLA,,,,,,,,,
115,Kelly,L.,Kinahan,Kelly Kinahan,2016,Cleveland State University,,dUgx9EoAAAAJ,,,,,,,
116,Meaghan,,McSorley,Meaghan McSorley,2023,Georgia Tech,,Ro12WEYAAAAJ,,,,,,,
117,Mehak,,Sachdeva,Mehak Sachdeva,2022,Arizona State University,,,,,,,,,
118,Fariba,,Siddiq,Fariba Siddiq,2024,UCLA,,0YloEXcAAAAJ,,,,,,,
119,Uwe,,Brandes,Uwe Brandes,1995,Harvard University,,,,,,,,,
120,Gulsah,,Akar,Gulsah Akar,2009,University of Maryland,"Transportation, Energy, Public Health",hAkNdIYAAAAJ,,,,https://researchgate.net/profile/Gulsah_Akar,,,
121,Clio,,Andris,Clio Andris,2011,MIT,,D9jCEIkAAAAJ,,,,,,,
122,Emily,,Barrett,Emily Barrett,2025,Vanderbilt University,,,,,,,,,
123,Ellen,M.,Bassett,Ellen Bassett,2001,"University of Wisconsin, Madison","Land Use/ Growth Management, International Development",_fEEqz8AAAAJ,,,,https://researchgate.net/profile/Ellen_Bassett,https://linkedin.com/in/ellen-bassett-a722287a,,
124,Rounaq,,Basu,Rounaq Basu,2022,MIT,,Zx4Sk7YAAAAJ,,,,,,,
125,Paige,,Clayton,Paige Clayton,2020,UNC,,PoDA8vUAAAAJ,,,,,,,
126,William,J.,Drummond,William Drummond,1989,UNC,"Computer Applications, Historic Preservation, Geographic Information Systems, Land Use/ Growth Management, Quantitative Methods",,,,,https://researchgate.net/profile/William_Drummond2,https://linkedin.com/in/bill-drummond-14950b9,,
127,Alberto,,Fuentes,Alberto Fuentes,2014,MIT,,H4iL3V0AAAAJ,,,,,,,
128,Randall,L.,Guensler,Randall Guensler,1993,University of California at Davis,,LRMzl7IAAAAJ,,,,,,,
129,Subhrajit,,Guhathakurta,Subhrajit Guhathakurta,1991,UC Berkeley,International Development and Planning; Urban Modeling and GIS; Computer Applications; Economic Development Planning; Environmental Planning,q6VQWEUAAAAJ,,,,,,,
130,Yiyi,,He,Yiyi He,2022,UC Berkeley,,xoUOI-wAAAAJ,,,,,,,
131,Gregory,,Randolph,Gregory Randolph,2023,USC,,LzsZrdgAAAAJ,,,,,,,
132,Elora,,Raymond,Elora Raymond,2017,Georgia Tech,,15wl6EoAAAAJ,,,,,,,
133,Brian,,Stone,Brian Stone,2001,Georgia Tech,"Environmental Planning, Urban Ecology, Land Use and Air Quality, Climate Change and Urban Heat Island",C6lK4ZQAAAAJ,,,,,https://linkedin.com/in/brian-stone-574b656,,
134,Perry,,Yang,Perry Yang,2001,National Taiwan University,,xgr9J9MAAAAJ,,,,,,,
135,Diane,E.,Davis,Diane Davis,1986,UCLA,"Comparative Urbanization, Urban Politics, International Development.",S0y4lCAAAAAJ,,,,,,,
136,Ann,,Forsyth,Ann Forsyth,1993,Cornell University,"Social Aspects of Physical Planning and Urban Design, Urban and Environmental Theory, Gender and Diversity, Research Methods, Professional Ethics, Planning and Design Education",TCt3q_AAAAAJ,,,,,,,
137,Jerold,S.,Kayden,Jerold Kayden,1979,Harvard University,"Planning and Environmental Law, Public and Private Development, International Planning and Development, Public Space, Historic Preservation",,,,,,,,
138,Magda,,Maaoui,Magda Maaoui,2021,Columbia University,,GQYlya0AAAAJ,,,,,,,
139,Rahul,,Mehrotra,Rahul Mehrotra,1987,Harvard University,"Physical Planning/Urban Design, International Planning, Historic Preservation",,,,,,,,
140,Rachel,,Meltzer,Rachel Meltzer,2009,NYU,"Economic Development, Quantitative Methods, Housing",aXJNIvMAAAAJ,,,,https://researchgate.net/profile/Rachel_Meltzer,,,
141,Richard,B.,Peiser,Richard Peiser,1980,University of Cambridge,"New Towns, Development Finance, International Development, Real Estate",,,,,https://researchgate.net/profile/Richard_Peiser,https://linkedin.com/in/richard-peiser-3a6942a,,
142,Peter,G.,Rowe,Peter Rowe,1986,Harvard University,"Housing and Neighborhood Planning, Physical Planning/ Urban Design, Planning History, Planning Theory, International Planning and Design",,,,,https://researchgate.net/profile/Peter_Rowe8,https://linkedin.com/in/peter-rowe-168ba646,,
143,Hannah,,Teicher,Hannah Teicher,2019,MIT,,TQXBGWsAAAAJ,,,,,,,
144,Carole,,Voulgaris,Carole Voulgaris,2017,UCLA,,BmzXltMAAAAJ,,,,,,,
145,Rachel,,Weber,Rachel Weber,1998,Cornell University,"Economic Development Planning, Planning Theory, Public Finance and Fiscal Planning",-nMertYAAAAJ,,,,https://researchgate.net/profile/Rachel_Weber,https://linkedin.com/in/rachel-weber-1b6404a,,
146,Stefan,,AL,Stefan Al,2010,UC Berkeley,,IrrSGOYAAAAJ,,,,,,,
147,Nicholas,,Bloom,Nicholas Bloom,1999,Brandeis University,,,,,,,,,
148,John,,Chin,John Chin,2001,Columbia University,"community participation, urban health, immigrant communities and non-profits",gV7SKuUAAAAJ,,,,,,,
149,Owen,,Gutfreund,Owen Gutfreund,1998,Columbia University,"urban history, transportation policy, suburbanization, sustainable development, public finance, and comparative urbanization",P9xC7acAAAAJ,,,,,,,
150,Mehdi,,Heris,Mehdi Heris,2018,"University of Colorado, Denver",,JO0Whw8AAAAJ,,,,,,,
151,Edwin,,Meléndez,Edwin Meléndez,1990,"University of Massachusetts, Amherst","Latino studies, economic development, labor markets, poverty",NlgFyD4AAAAJ,,,,,,,
152,Lily,,Pollans,Lily Baum Pollans,2017,MIT,,5k0u8OUAAAAJ,,,,,,,
153,Sigmund,,Shipp,Sigmund Shipp,1990,Howard University,"economic development, community development, cultural competency and diversity, poverty",,,,,,,,
154,Laura,,Wolf-Powers,Laura Wolf-Powers,2004,Rutgers University,"Neighborhood revitalization, urban and regional economic urban development policy and planning",HpXFwjkAAAAJ,,,,,,,
155,John,E.,Benhart,John Benhart,1995,University of Tennessee,"Environmental Planning, Geographic Information Systems, Transportation, Urbanization",,,,,,https://linkedin.com/in/john-benhart-74280132,,
156,Sudeshna,,Ghosh,Sudeshna Ghosh,2013,University of Cincinnati,"Land Use and Land Cover Change Modeling, GIS, Community Economic Development, Regional Planning and Development, Small Town and Rural Development Planning, Planning in the Developing World",kzHi8cQAAAAJ,,,,https://researchgate.net/profile/Sudeshna_Ghosh,https://linkedin.com/in/sudeshna-ghosh-87809721,,
157,Richard,J.,Hoch,Richard Hoch,2005,West Virginia University,"Environmental Planning, Geospatial Applications for Land Use Planning, Urban Development",,,,,,https://linkedin.com/in/richard-hoch-3aa24610,,
158,Calvin,O.,Masilela,Calvin Masilela,1989,Virginia Tech,"Land Use Policy, Planning Techniques, Planning Theory, Urban Planning",,,,,https://researchgate.net/profile/Calvin_Masilela3,https://linkedin.com/in/calvin-masilela-13b01325,,
159,Carlton,,Basmajian,Carlton Basmajian,2008,University of Michigan,"Regional Planning, Planning History, Suburbia, Land Use",i-VJ0sIAAAAJ,,,,,https://linkedin.com/in/carlton-basmajian-861b8b2,,
160,Susan,L.,Bradbury,Susan Bradbury,1989,University of Florida,"Community Economic Development, Telecommunications Planning, Small Town and Rural Planning, Plan Development and Implementation",,,,,https://researchgate.net/profile/Monica_Haddad,https://linkedin.com/in/steven-p-bradbury-7b611597,,
161,Biswa,R.,Das,Biswa Das,2004,Texas Tech University,"Economic Development, Public Finance, Natural Resource and Environmental Economics.",rxa2w2oAAAAJ,,,,,https://linkedin.com/in/061997,,
162,Jiwnath,,Ghimire,Jiwnath Ghimire,2018,University of Hawaii,,nF_4y2oAAAAJ,,,,,,,
163,Ted,,Grevstad-Nordbrock,Ted Grevstad-Nordbrock,2015,Michigan State University,,giSAkYEAAAAJ,,,,,,,
164,Monica,A.,Haddad,Monica Haddad,2003,"University of Illinois, Urbana-Champaign","Spatial Analysis (GIS), Human Development, Social Equity, Public Investments, Regional Policies",BZCjLCUAAAAJ,,,,https://researchgate.net/profile/Monica_Haddad,https://linkedin.com/in/monica-haddad-79937015,,
165,Francis,Y.,Owusu,Francis Owusu,2000,University of Minnesota,"Community Economic Development, Environmental Planning, Planning Methods, GIS, Third World Development",1UvO8dcAAAAJ,,,,https://researchgate.net/profile/Francis_Owusu3,https://linkedin.com/in/francisowusu,,
166,Alenka,,Poplin,Alenka Poplin,2002,Vienna University of Technology,,hfAW1i8AAAAJ,,,,,,,
167,Jane,,Rongerude,Jane Rongerude,2009,UC Berkeley,"Housing, Community-based Organizations, Regionalism and Regional Planning",MKWAzCUAAAAJ,,,,,https://linkedin.com/in/janerongerude,,
168,Gary,D.,Taylor,Gary Taylor,1988,University of Nebraska,"Planning Law and Implementation, Intergovernmental Coordination, Small Town Planning",YpkooCgAAAAJ,,,,,,,
169,Moe,,Chowdhury,Moe Chowdhury,1994,"University of Wisconsin, Madison",,,,,,,,,
170,Berneece,,Herbert,Berneece Herbert,2007,Alabama A&M University,,wFI7_EAAAAAJ,,,,,,,
171,Mukesh,,Kumar,Mukesh Kumar,2004,Cleveland State University,Economic Development,zdTB77IAAAAJ,,,,,,,
172,Edmund,,Merem,Edmund Merem,2003,Jackson State University,Environment and Land Use Planning,,,,,https://researchgate.net/profile/Edmund_Merem,https://linkedin.com/in/edmund-merem-a995b319,,
173,Talya,,Thomas,Talya Thomas,2011,Texas Southern University,,,,,,,,,
174,Joan,M.,Wesley,Joan Wesley,2002,Jackson State University,Community Development and Housing,,,,,,https://linkedin.com/in/joan-wesley-70965810,,
175,Huston,,Gibson,Huston Gibson,2009,Florida State University,"Interdisciplinary Planning, Sustainable Community Development, School Facilities & Housing Prices",,,,,,https://linkedin.com/in/huston-gibson-28155337,,
176,Shakil,,Kashem,Shakil Kashem,2020,"University of Illinois, Urbana-Champaign",,duB_ExwAAAAJ,,,,,,,
177,Clemens,,Pilgram,Clemens Pilgram,2024,USC,,y_6AbfcAAAAJ,,,,,,,
178,Susmita,,Rishi,Susmita Rishi,2019,University of Washington,,JnJ0ewoAAAAJ,,,,,,,
179,LaBarbara,,Wigfall,La Barbara Wigfall,1977,Harvard University,Community Development and Historic Preservation,,,,,https://researchgate.net/profile/La_Barbara_Wigfall,https://linkedin.com/in/labarbara-wigfall-2a30358,,
180,Madhav,,Badami,Madhav Badami,2001,University of British Columbia,"Environmental Policy and Planning, Sustainable Urban Transport, International Planning, Environment and Development",Y4LlGqYAAAAJ,,,,https://researchgate.net/profile/Madhav_Badami,https://linkedin.com/in/madhav-badami-78592526,,
181,Lisa,,Bornstein,Lisa Bornstein,2002,UC Berkeley,"International Planning, Economic Development, Environmental Policy and Planning, Institutions and Governance",,,,,,https://linkedin.com/in/lisa-bornstein-83194b3,,
182,Ahmed,,El-Geneidy,Ahmed El-Geneidy,2005,Portland State University,"Land Use and Transportation Planning, Public Transit Planning and Operations, Travel Behaviour, GIS Applications",xyV9lRMAAAAJ,,,,https://researchgate.net/profile/Ahmed_El-Geneidy,https://linkedin.com/in/ahmed-el-geneidy-0a135841,,
183,Anna,,Kramer,Anna Kramer,2013,University of Waterloo,,,,,,,,,
184,Nik,,Luka,Nik Luka,2006,University of Toronto,"Urban Design, Landscape Planning, Housing, Urban Form, Environment and Behavior, Public Space",,,,,,https://linkedin.com/in/nik-luka-31031a1,,
185,Richard,,Shearmur,Richard Shearmur,1999,Montreal University,"Economic Geography, Spatial Analysis, Urban & Regional Economic Development, Property Development, Innovation.",39owLE0AAAAJ,,,,https://researchgate.net/profile/Richard_Shearmur,,,
186,David,,Wachsmuth,David Wachsmuth,2014,New York University,,qg1e5xsAAAAJ,,,,,,,
187,Bruce,,D'Arcus,Bruce D'Arcus,2001,Syracuse University,,,,,,,,,
188,Marcia,,England,Marcia England,2006,University of Kentucky,,,,,,,,,
189,David,,Prytherch,David Prytherch,2003,University of Arizona,,Uc4F40cAAAAJ,,,,,,,
190,Damon,,Scott,Damon Scott,2008,"University of Texas, Austin",,q48wRmAAAAAJ,,,,,,,
191,Si,,Chen,Si Chen,2021,"University of Illinois, Urbana-Champaign",,,,,,,,,
192,Noah,,Durst,Noah Durst,2017,"University of Texas, Austin",,1E6fpHgAAAAJ,,,,,,,
193,Zenia,Z.,Kotval,Zenia Kotval,1994,"University of Massachusetts, Amherst","Local Economic Development, Industrial Development/Redevelopment Policy",P508SQkAAAAJ,,,,https://researchgate.net/profile/Zenia_Kotval,,,
194,Zeenat,,Kotval-Karamchandani,Zeenat Kotval-Karamchandani,2013,"University of Massachusetts, Amherst",,,,,,,https://linkedin.com/in/zeenat-kotval-k-ba7b8913,,
195,Jesus,J.,Lara,Jesus Lara,2006,Arizona State University,"Sustainable Urban Design, Social and Cultural Factors in Design, Community Planning, University-Community Partnerships.",6NKqhUIAAAAJ,,,,https://researchgate.net/profile/Jesus_Lara3,https://linkedin.com/in/jjlara,,
196,Patricia,L.,Machemer,Patricia Machemer,1998,Michigan State University,"Growth Management, Land Use, Participatory Design Process",K-c6LREAAAAJ,,,,,https://linkedin.com/in/patricia-machemer-0019bb72,,
197,Deyanira,Nevarez,Martinez,Deyanira Nevarez Martinez,2021,UC Irvine,,GxvkeLcAAAAJ,,,,,,,
198,Victoria,,Morckel,Victoria Morckel,2012,Ohio State University,,uR6_4DUAAAAJ,,,,,,,
199,Mark,I.,Wilson,Mark Wilson,1987,University of Pennsylvania,"Urban and Regional Technology Planning, Economic Development, Non-Profit Organizations and Management",3Ptw1dwAAAAJ,,,,,https://linkedin.com/in/mark-wilson-b538509,,
200,Raymond,,Asomani-Boateng,Raymond Asomani-Boateng,1999,University of Waterloo,"Environmental Planning, GIS, Planning Process",Yfw_SakAAAAJ,,,,https://researchgate.net/profile/Raymond_Asomani-Boateng,https://linkedin.com/in/asomani-boateng-raymond-462b7522,,
201,Russell,J.,Fricano,Russell Fricano,1997,USC,"Environmental Planning, Growth Management, Land Use Planning, Urban Economics, Food Systems Planning",,,,,https://researchgate.net/profile/Russell_Fricano,https://linkedin.com/in/russell-j-fricano-ph-d-aicp-6b20b027,,
202,Scott,,Granberg-Rademacker,Scott Granberg-Rademacker,2002,University of Nebraska,,eBb1xIsAAAAJ,,,,,,,
203,Beth,Wielde,Heidelberg,Beth Heidelberg,2006,Hamline University,"Urban Aesthetic, Historic Preservation, Design",,,,,,https://linkedin.com/in/beth-wielde-heidelberg-66284b18,,
204,Kevin,,Parsneau,Kevin Parsneau,2007,University of Minnesota,,,,,,,,,
205,Miriam,,Porter,Miriam Porter,2000,Hamline University,"Local Government Management, Human Resource Management, Civic Engagement, Global Trends.",,,,,,https://linkedin.com/in/dr-miriam-porter-4372a4b,,
206,Krista,,Evans,Krista Evans,2017,Clemson University,,MIP_NUwAAAAJ,,,,,,,
207,Evan,,Iacobucci,Evan Iacobucci,2021,Rutgers University,,-irSXwwAAAAJ,,,,,,,
208,Ronald,,Malega,Ronald Malega,2010,University of Georgia,,_vKaB3IAAAAJ,,,,,,,
209,Gary,,Michelfelder,Gary Michelfelder,2013,Montana State,,,,,,,,,
210,Mariana,,Arcaya,Mariana Arcaya,2013,Harvard University,,t-7_VOkAAAAJ,,,,,,,
211,Eran,,Ben-Joseph,Eran Ben-Joseph,1995,UC Berkeley,"Landscape Architecture, Site Planning and Design, Design Standards, Urban Simulation",Tj1Zk98AAAAJ,,,,,,,
212,Alan,M.,Berger,Alan Berger,1990,University of Pennsylvania,landscape and urbanization,,,,,https://researchgate.net/profile/Alice_Berger2,https://linkedin.com/in/alan-berger-b346b976,,
213,Devin,,Bunten,Devin Bunten,2016,UCLA,,YwkatPgAAAAJ,,,,,,,
214,Gabriella,Y.,Carolini,Gabriella Carolini,2008,Columbia University,"International Urban Development, Informal Settlements, Public Sector Accounting, Development Finance",5wsSlFwAAAAJ,,,,,,,
215,Karilyn,,Crockett,Karilyn Crockett,2014,Yale University,,,,,,,,,
216,Catherine,,D’Ignazio,Catherine D’Ignazio,2014,MIT,"Artificial Intelligence, Civic Participation, Community Development, Computation, Feminism, Gender Studies, Health, Machine Learning, Postcolonialism, Public Art, Public Participation, Social Equity, Urban Information, Technology, and Media and Analytics, Visualization",yHJdpokAAAAJ,,,,,,,
217,Joe,,Ferreira,Joe Ferreira,1971,MIT,"Transportation and Mobility, Urban Information, Technology, and Media and Analytics",zlSPLp8AAAAJ,,,,,,,
218,Dennis,,Frenchman,Dennis Frenchman,2000,MIT,"Urban Design, Advanced Media and Design of Public Space, Heritage and Cultural Development, Transformation of Former Industrial Areas",,,,,,https://linkedin.com/in/dennis-frenchman-b027756,,
219,David,,Geltner,David Geltner,1989,MIT,"Real Estate Finance, Real Estate Investment",5S2bRsUAAAAJ,,,,https://researchgate.net/profile/David_Geltner,https://linkedin.com/in/david-geltner-70414181,,
220,Amy,K.,Glasmeier,Amy Glasmeier,1986,UC Berkeley,Geography and Regional Economic Development; Poverty,HO7_3i8AAAAJ,,,,,https://linkedin.com/in/amy-glasmeier-0184b918,,
221,David,,Hsu,David Hsu,2010,University of Washington,Urban & Environmental Infrastructure,bZ98GoIAAAAJ,,,,,https://linkedin.com/in/david-hsu-49a362,,
222,Jason,,Jackson,Jason Jackson,2013,MIT,,orC6GycAAAAJ,,,,,,,
223,Erica,,James,Erica James,2003,Harvard University,,EKnh-r0AAAAJ,,,,,,,
224,Janelle,,Knox-Hayes,Janelle Knox-Hayes,2009,University of Oxford,,0ls-w1wAAAAJ,,,,,,,
225,Ceasar,,McDowell,Ceasar McDowell,1988,Harvard University,,,,,,,,,
226,Balakrishnan,,Rajagopal,Balakrishnan Rajagopal,2000,Harvard University,"Human Rights, Property and Land Use Law, Displacement and Resettlement, Globalization",dJwLfrQAAAAJ,,,,,https://linkedin.com/in/balakrishnan-rajagopal-8a96043b,,
227,Carlo,,Ratti,Carlo Ratti,2001,University of Cambridge,,UF2gBtMAAAAJ,,,,,,,
228,Brent,D.,Ryan,Brent Ryan,2002,MIT,"Urban Design and Development, Urban Revitalization.",IYZUu40AAAAJ,,,,,https://linkedin.com/in/brent-ryan-7b255a5,,
229,Albert,,Saiz,Albert Saiz,2002,Harvard University,Housing and Urban Economics.,sy06iWUAAAAJ,,,,,https://linkedin.com/in/albert-saiz-526b2762,,
230,Bishwapriya,,Sanyal,Bishwapriya Sanyal,1984,UCLA,"Development Planning, Informal Economy, Planning Theory.",IpR0_88Q5r8C,,,,,,,
231,Andres,,Sevtsuk,Andres Sevtsuk,2010,MIT,"Urban design, planning, city form, urban computing, architecture",2tjH9nEAAAAJ,,,,,,,
232,Anne,Whiston,Spirn,Anne Whiston Spirn,1974,University of Pennsylvania,"Urban Landscape Planning and Design, Landscape History and Theory, Landscape Photography",nvhhXUsAAAAJ,,,,,https://linkedin.com/in/annewhistonspirn,,
233,Justin,,Steil,Justin Steil,2015,Columbia University,,0evtZSYAAAAJ,,,,,,,
234,Lawrence,,Susskind,Lawrence Susskind,1973,MIT,"Environmental Policy, Negotiation, Public Dispute Resolution",80PRsgsAAAAJ,,,,,https://linkedin.com/in/lawrence-susskind-20a1b53,,
235,Phillip,,Thompson,J. Phillip Thompson,1983,CUNY,"Urban Politics, Race Relations, Labor and Local Economic Development, Community Organization",,,,,,https://linkedin.com/in/phillip-thompson-7243381,,
236,Lawrence,J.,Vale,Lawrence Vale,1985,Oxford University,"Design Politics, Public Housing, Qualitative Methods, Disaster Recovery",wJatmOgAAAAJ,,,,,,,
237,Delia,,Wendel,Delia Wendel,2016,Harvard University,,c0T-MBoAAAAJ,,,,,,,
238,Sarah,,Williams,Sarah Williams,2005,MIT,,90NR720AAAAJ,,,,,https://linkedin.com/in/sarah-williams-9a051b4,,
239,Christopher,,Zegras,Christopher Zegras,2005,MIT,"Urban Transportation, Transportation and Environmental Sustainability",3OQUG7IAAAAJ,,,,https://researchgate.net/profile/Chris_Zegras,https://linkedin.com/in/christopher-zegras-902a331,,
240,Jinhua,,Zhao,Jinhua Zhao,1997,MIT,"Urban Development & Planning in China, Urban Transportation Systems in China, Transportation Economics, Public Transportaiton Management",bC0BOGoAAAAJ,,,,,https://linkedin.com/in/jinhuazhao,,
241,Siqi,,Zheng,Siqi Zheng,2005,Tsinghua University,,xdGRNpwAAAAJ,,,,,,,
242,Daniel,,Campo,Daniel Campo,2004,University of Pennsylvania,,uWPCdKQAAAAJ,,,,,,,
243,Greg,,Newmark,Greg Newmark,2011,UC Berkeley,,-Ws1rSEAAAAJ,,,,,,,
244,Siddhartha,,Sen,Siddhartha Sen,2001,"University of Illinois, Urbana-Champaign","International Development and Planning, Race and Ethnicity, Urban Design, Planning Theory and Practice, Transportation Planning and Policy, Housing & Community Development",,,,,https://researchgate.net/profile/Siddhartha_Sen5,https://linkedin.com/in/siddhartha-sen-12b68433,,
245,Hyeon-Shic,,Shin,Hyeon-Shic Shin,2005,"University of Illinois, Chicago","Transportation Planning, Transportation Economics, Planning Methods, GIS.",-GG7MfEAAAAJ,,,,https://researchgate.net/profile/Hyeonshic_Shin,https://linkedin.com/in/hyeonshic-shin-5661368a,,
246,Tonya,,Thach,Tonya Sanders Thach,2012,"University of Illinois, Chicago",,,,,,,,,
247,Zeynep,,Celik,Zeynep Celik,1986,UC Berkeley,,,,,,,,,
248,Gabrielle,,Esperdy,Gabrielle Esperdy,1995,City University of New York,,,,,,,,,
249,Jesse,,LeCavalier,Jesse LeCavalier,2012,ETH Zurich,,2ygYangAAAAJ,,,,,,,
250,Taro,,Narahara,Taro Narahara,2010,Harvard University,,RRVZtWgAAAAJ,,,,,,,
251,Darius,,Sollohub,Darius Sollohub,1988,Columbia University,"Infrastructure Planning, Sustainable Transportation, Community Planning, Urban Design.",M-uLFi8AAAAJ,,,,,https://linkedin.com/in/darius-sollohub-b250b2a1,,
252,Georgeen,,Theodore,Georgeen Theodore,2002,Harvard University,"Urban Design, Infrastructure Planning, Visualizing Infrastructure, Community Planning, Contemporary Urbanism.",33nLt00AAAAJ,,,,,,,
253,Andrzej,,Zarzycki,Andrzej Zarzycki,1994,MIT,,3flRpM4AAAAJ,,,,,,,
254,Salo,,Coslovsky,Salo Coslovsky,2009,MIT,,08z7YHAAAAAJ,,,,,,,
255,Ingrid,,Ellen,Ingrid Gould Ellen,1996,Harvard University,"Community Development, Economic Development Planning, Housing and Neighborhood Planning, Race/Ethnicity Planning, and Urban and Regional Economics.",8k2NhngAAAAJ,,,,https://researchgate.net/profile/Ingrid_Ellen,,,
256,Zhan,,Guo,Zhan Guo,2008,MIT,,0AzBJXMAAAAJ,,,,https://researchgate.net/profile/Zhan_Guo,https://linkedin.com/in/zhan-guo-479a0414,,
257,Natasha,,Iskander,Natasha Iskander,2006,MIT,,doce54QAAAAJ,,,,,,,
258,Mitchell,,Moss,Mitchell Moss,1975,USC,"Economic Development, Urban Policy and Politics, and Technology and Regional Development.",7_aWvEQAAAAJ,,,,https://researchgate.net/profile/Mitchell_Moss,https://linkedin.com/in/mitchell-moss-34640413,,
259,Katherine,,O’Regan,Katherine O’Regan,1990,UC Berkeley,"Economic Development Planning, Housing, Race and Ethnicity Planning, and Urban and Regional Economics.",XIOc-p8AAAAJ,,,,,,,
260,Paul,,Smoke,Paul Smoke,1988,MIT,"Public Finance and Management, Public Finance Reform, Urban/Regional Economics, International Economic Development.",RYM94sIAAAAJ,,,,https://researchgate.net/profile/Paul_Smoke,https://linkedin.com/in/paul-smoke-a9292b1b,,
261,Christopher,,Bosso,Christopher Bosso,1985,University of Pittsburgh,,jIxt_PUAAAAJ,,,,,,,
262,Joan,,Fitzgerald,Joan Fitzgerald,1988,Pennsylvania State University,,_bXYlvoAAAAJ,,,,,,,
263,Cara,,Michell,Cara Michell,2016,Harvard University,,,,,,,,,
264,Kaitlyn,,Noli,Kaitlyn Alvarez Noli,2020,UC Irvine,,,,,,,,,
265,Daniel,,O’Brien,Daniel O’Brien,2010,Binghamton University,,935Cc7wAAAAJ,,,,,,,
266,Alicia,,Sasser Modestino,Alicia Sasser Modestino,2001,Harvard University,,QD-QMp4AAAAJ,,,,,,,
267,Gavin,,Shatkin,Gavin Shatkin,2001,Rutgers University,,fo2N4SAAAAAJ,,,,,,,
268,Lily,,Song,Lily Song,2020,MIT,,0qk7s30AAAAJ,,,,,,,
269,Tom,,Vicino,Thomas Vicino,2006,University of Maryland,,I7RwuMgAAAAJ,,,,,,,
270,Moira,,Zellner,Moira Zellner,2005,University of Michigan,,D60rc7gAAAAJ,,,,,,,
271,Seung,,Choi,Seung Jun Choi,2025,"University of Texas, Austin",,eAgMSOMAAAAJ,,,,,,,
272,David,,Folch,David Folch,2011,Arizona State University,,6Vb5yE4AAAAJ,,,,,,,
273,Steven,,Gehrke,Steven Gehrke,2017,Portland State University,,xQqnkVgAAAAJ,,,,,,,
274,Dawn,,Hawley,R. Dawn Hawley,1994,Arizona State University,"Land Use Planning, Public Participation, Economic Geography",,,,,,,,
275,Ruihong,,Huang,Ruihong Huang,2003,"University of Wisconsin, Milwaukee",,L-y59HgAAAAJ,,,,,,,
276,Brian,,Petersen,Brian Petersen,2008,UC Santa Cruz,,-rON9VEAAAAJ,,,,,,,
277,Kelsea,,Best,Kelsea Best,2022,Vanderbilt University,,isMyIb4AAAAJ,,,,,,,
278,Richardo,,Cardoso,Ricardo Cardoso,2018,UC Berkeley,,Tcifuz4AAAAJ,,,,,,,
279,Andre,,Carrel,Andre Carrel,2013,UC Berkeley,,a7um54AAAAAJ,,,,,,,
280,Zhenhua,,Chen,Zhenhua Chen,2014,George Mason University,,ghp3SkwAAAAJ,,,,,,,
281,Jennifer,,Clark,Jennifer Clark,2004,Cornell University,,6pQQuqEAAAAJ,,,,,,,
282,Maria,Manta,Conroy,Maria Conroy,2000,UNC,"Sustainability, Negotiation and Conflict Management, Environmental Planning, Citizen Participation",1gka4DcAAAAJ,,,,https://researchgate.net/profile/Maria_Conroy,https://linkedin.com/in/maria-manta-conroy-a98309,,
283,Harley,F.,Etienne,Harley Etienne,2008,Cornell University,"Urban Community Development, Inner-city Revitalization, Neighborhood Change, Urban Poverty and Qualitative Research Issues in Planning",,,,,,,,
284,Bernadette,,Hanlon,Bernadette Hanlon,2007,"University of Maryland, Baltimore County",Suburbs and Housing,jC0i14kAAAAJ,,,,https://researchgate.net/profile/Bernadette_Hanlon,https://linkedin.com/in/bernadette-hanlon-60a9655,,
285,Rachel,G.,Kleit,Rachel Kleit,1999,UNC,"Public and Affordable Housing, Social Networks, Poverty, Community Development.",dPSTEEcAAAAJ,,,,,https://linkedin.com/in/rachelgarshickkleit,,
286,Yasuyuki,,Motoyama,Yasuyuki Motoyama,2006,UC Berkeley,,gm5AlOoAAAAJ,,,,,,,
287,Manuel,,Palacios,Manuel Santana Palacios,2021,UC Berkeley,,mEaBWLQAAAAJ,,,,,,,
288,Jason,,Reece,Jason Reece,2016,Ohio State University,,mwhaXroAAAAJ,,,,,,,
289,Kareem,M.,Usher,Kareem Usher,2015,Florida State University,,BQE_nsYAAAAJ,,,,,,,
290,Mattijs,,Van Maasakkers,Mattijs Van Maasakkers,2013,MIT,"Environmental Planning, Ecosytem Services, Conflict Resolution",nwnBOYMAAAAJ,,,,https://researchgate.net/profile/Mattijs_Van_Maasakkers,https://linkedin.com/in/mattijs-van-maasakkers-6316843,,
291,Chryl,,Corbin,Chryl Corbin,2020,UC Berkeley,,,,,,,,,
292,Jennifer,,Dill,Jennifer Dill,2001,UC Berkeley,"Transportation, Infrastructure/Public Services, Environmental Planning, Land Use/Growth Management",GNyEzcMAAAAJ,,,,,https://linkedin.com/in/jennifer-dill-bb749840,,
293,Yiping,,Fang,Yiping Fang,2005,"University of Colorado, Denver","International Planning, Housing, GIS",NQc4iR0AAAAJ,,,,https://researchgate.net/profile/Yiping_Fang,https://linkedin.com/in/yiping-fang-6a185274,,
294,Matthew,,Gebhardt,Matthew Gebhardt,2009,Columbia University,"Real Estate Development, Neighborhood and Community Change, Planning Design, History and Theory",,,,,,https://linkedin.com/in/matthew-gebhardt-04482153,,
295,Aaron,,Golub,Aaron Golub,2003,UC Berkeley,"Urban Transportation Planning, Environmental and Social Impacts of Transportation, Environmental Justice, and International Transportation",wKT8TeMAAAAJ,,,,https://researchgate.net/profile/Aaron_Golub,https://linkedin.com/in/aaron-golub-1301565,,
296,Jenny,H.,Liu,Jenny Liu,2010,UC Berkeley,"Environment and Resource Economics, Transportation, Energy, Development Economics and Public Policy.",oirhrhsAAAAJ,,,,,https://linkedin.com/in/jenny-liu-5221bb8,,
297,Greg,,Schrock,Greg Schrock,2010,"University of Illinois, Chicago","Regional Economic Development, Labor Market and Workforce Development Policy",2YfHTPIAAAAJ,,,,,https://linkedin.com/in/greg-schrock-60a24056,,
298,Ozcan,,Tunalilar,Ozcan Tunalilar,2016,University of Florida,,wHwKAK4AAAAJ,,,,,,,
299,Liming,,Wang,Liming Wang,2009,University of Washington,"Transportation Planning, Urban Modeling, Planning Support Systems, Housing Markets and Real Estate Development.",jgcEZPgAAAAJ,,,,,https://linkedin.com/in/liming-wang-16b8a341,,
300,Yu,,Xiao,Yu Xiao,2008,"University of Illinois, Urbana-Champaign","Economic Development, Community Resiliency, Disaster Impact, Economic Resiliency",nDF5G30AAAAJ,,,,,,,
301,Marisa,,Zapata,Marisa Zapata,2009,"University of Illinois, Urbana-Champaign","Participatory Planning Processes, Land Use Planning, Culutral Diversity",-P2oJ9sAAAAJ,,,,https://researchgate.net/profile/Marisa_Zapata,https://linkedin.com/in/marisa-zapata-7746184,,
302,Eve,,Baron,Eve Baron,2003,Rutgers University,,,,,,,,,
303,Courtney,,Knapp,Courtney Knapp,2014,Cornell University,,E1msbDkAAAAJ,,,,,,,
304,Jonathan,,Martin,Jonathan Martin,1996,Cornell University,"Land Use Regulation and Growth Management, Planning Methods",,,,,,,,
305,Juan,,Osorio,Juan Osorio,2020,MIT,,xK7aVxYAAAAJ,,,,,,,
306,John,,Shapiro,John Shapiro,1979,Pratt Institute,Physical Planning & Land Use,,,,,,https://nl.linkedin.com/in/john-shapiro-96283934?trk=pub-pbmap,,
307,Ajay,,Agarwal,Ajay Agarwal,2009,USC,,AOP2DRQAAAAJ,,,,,,,
308,Patricia,,Collins,Patricia Collins,2009,Simon Fraser University,,VeNqwrEAAAAJ,,,,,,,
309,Betsy,,Donald,Betsy Donald,1999,University of Toronto,,byrLx34AAAAJ,,,,,,,
310,David,,Gordon,David Gordon,1994,Harvard University,,VkCclDUAAAAJ,,,,,,,
311,Maxwell,,Hartt,Maxwell Hartt,2016,University of Waterloo,,yGHXP6kAAAAJ,,,,,,,
312,John,,Meligrana,John Meligrana,1998,Simon Fraser University,,,,,,,,,
313,Graham,,Whitelaw,Graham Whitelaw,2006,University of Waterloo,,,,,,,,,
314,Zachary,,Christman,Zachary Christman,2010,Clark University,,2B6CoLQAAAAJ,,,,,,,
315,John,,Hasse,John Hasse,2002,Rutgers University,,,,,,,,,
316,Qian,,He,Qian He,2022,"University of Texas, Arlington",,Voq-KhIAAAAJ,,,,,,,
317,Kevin,,Keenan,Kevin Keenan,2009,Clark University,,,,,,,,,
318,Jennifer,,Kitson,Jennifer Kitson,2013,Arizona State University,,0cNt_VcAAAAJ,,,,,,,
319,Mahbubur,,Meenar,Mahbubur Meenar,2014,Temple University,,lJgw7TMAAAAJ,,,,https://www.researchgate.net/profile/Mahbubur-Meenar,,,
320,Hooshang,,Amirahmadi,Hooshang Amirahmadi,1982,Cornell University,,c0_9n5gAAAAJ,,,,,,,
321,Clinton,J.,Andrews,Clinton Andrews,1990,MIT,"Environmental Planning, Energy Policy, Planning Methods",aRLbkQcAAAAJ,,,,https://researchgate.net/profile/Clinton_Andrews,https://linkedin.com/in/clinton-andrews-276b4a6,,
322,Bernadette,,Baird-Zars,Bernadette Baird-Zars,2021,Columbia University,,rP_BIkoAAAAJ,,,,,,,
323,James,,DeFilippis,James DeFilippis,2000,Rutgers University,"Urban Political Economy, Housing, Community Development",eZDymw0AAAAJ,,,,https://researchgate.net/profile/James_Defilippis2,https://linkedin.com/in/james-defilippis-711b0254,,
324,James,W.,Hughes,James Hughes,1999,Rutgers University,"Housing & Real Estate Markets, Demographics, Analysis of Regional & State Economies",,,,,,,,
325,Carmelo,,Ignaccolo,Carmelo Ignaccolo,2025,MIT,,g8Q6IToAAAAJ,,,,,,,
326,Radha,,Jagannathan,Radha Jagannathan,1999,Princeton University,,DDopjFkAAAAJ,,,,,,,
327,David,,Listokin,David Listokin,1978,Rutgers University,"Housing, Fiscal Impacts, Historic Preservation",,,,,,https://linkedin.com/in/david-listokin-7276b717,,
328,Kathe,,Newman,Kathe Newman,2001,CUNY,"Urban Politics, Urban Revitalization, Community Development",a9NL4mwAAAAJ,,,,https://researchgate.net/profile/Kathe_Newman,,,
329,Robert,,Noland,Robert Noland,1992,University of Pennsylvania,,QQOnlW8AAAAJ,,,,,,,
330,Will,,Payne,Will Payne,2020,UC Berkeley,,OkqzTFcAAAAJ,,,,,,,
331,Kelcie,,Ralph,Kelcie Ralph,2015,UCLA,,1TPJPWwAAAAJ,,,,,,,
332,Andrea,,Restrepo-Mieth,Andrea Restrepo-Mieth,2019,Cornell University,,ws6Obu8AAAAJ,,,,,,,
333,Hal,,Salzman,Hal Salzman,1998,Brandeis University,,,,,,,,,
334,Eric,,Seymour,Eric Seymour,2016,University of Michigan,,2sca56AAAAAJ,,,,,,,
335,Mi,,Shih,Mi Shih,2010,Rutgers University,"Processes of Urbanization in China and how they shape Chinese Cities, Local Places, and People’s Everyday Lives, Urban Redevelopment and its impact on Property and Civil Rights, Land Commodification, Urban Expansion and Rural Land Conversion in Peri-urban Areas, and Grassroots Participation and Urban Planning.",Yu63i0UAAAAJ,,,,,https://linkedin.com/in/mi-shih-69b32343,,
336,Michael,,Smart,Michael Smart,2011,UCLA,"How Social Networks Influence Activity Patterns in Neighborhoods, Urban Modeling and Simulation, and Geographic Information Science.",pZuyPwYAAAAJ,,,,https://researchgate.net/profile/Michael_Smart2,https://linkedin.com/in/mike-smart-3b5a363,,
337,Piyushimita,,Thakuriah,Piyushimita Thakuriah,1994,"University of Illinois, Chicago",,,,,,,,,
338,Wenwen,,Zhang,Wenwen Zhang,2017,Georgia Tech,,FBjPT3wAAAAJ,,,,,,,
339,Richard,,Alomar,Richard Alomar,1994,Louisiana State University,,9pl5xI8AAAAJ,,,,,,,
340,Anette,,Freytag,Anette Freytag,2011,ETH Zurich,,B1-st0oAAAAJ,,,,,,,
341,Jean Marie,,Hartman,Jean Hartman,1984,University of Connecticut,"Plant Ecology, Ecological Design",thJhOCUAAAAJ,,,,,https://linkedin.com/in/jeanmarie-hartman-226450a,,
342,Wolfram,,Hoefer,Wolfram Hoefer,2000,TU Munich,,,,,,,https://linkedin.com/in/wolfram-hoefer-4917942b,,
343,Kate,,John-Adler,Kathleen John-Alder,2008,Yale University,,,,,,,,,
344,Laura,,Lawson,Laura Lawson,2000,UC Berkeley,"Urban Open Space, Community Gardening, Social Factors in Design",_7calRUAAAAJ,,,,,https://linkedin.com/in/laura-lawson-7b856246,,
345,David,,Tulloch,David Tulloch,1997,"University of Wisconsin, Madison","Geographic Information Systems, Regional Design",lOLIQZ8AAAAJ,,,,,https://linkedin.com/in/drtulloch,,
346,Amal,,Ali,Amal Ali,2005,Florida State University,"Planning, Smart Growth, Land Use",,,,,,,,
347,Bruce,,Appleyard,Bruce Appleyard,2010,UC Berkeley,,ghYGG94AAAAJ,,,,,,,
348,Jenna,,Dublin-Boc,Jenna Dublin-Boc,2020,Columbia University,,ohJqKaAAAAAJ,,,,,,,
349,Anna,,Joo Kim,Anna Joo Kim,2011,UCLA,,OaHXcpsAAAAJ,,,,,,,
350,Valerie,,Stahl,Valerie Stahl,2021,Columbia University,,oMm6CBUAAAAJ,,,,,,,
351,Madison,,Swayne,Madison Swayne,2020,USC,,o86m64IAAAAJ,,,,,,,
352,Asha,Weinstein,Agrawal,Asha Agrawal,2002,UC Berkeley,"Transportation Planning and Finance, Planning History, and Communication Skills for Planners",N0pt2mgAAAAJ,,,,https://researchgate.net/profile/Asha_Agrawal,https://linkedin.com/in/asha-weinstein-agrawal-41267b9,,
353,Vincent,,Del Casino,Vincent Del Casino,2000,University of Kentucky,,ObmDWOcAAAAJ,,,,,,,
354,Gordon,,Douglas,Gordon Douglas,2014,University of Chicago,,6U4EpNgAAAAJ,,,,,,,
355,Lauren,,Hom,Laureen Hom,2018,UC Irvine,,iv3ev14AAAAJ,,,,,,,
356,Sophie,,Kelmenson,Sophie Kelmenson,2022,UNC,,,,,,,,,
357,Ayda,,Kianmehr,Ayda Kianmehr,2023,Virginia Tech,,7NSAY8gAAAAJ,,,,,,,
358,Shishir,,Mathur,Shishir Mathur,2003,University of Washington,"Housing, Growth Management, Public Finance, Strategic Planning and Management",,,,,https://researchgate.net/profile/Shishir_Mathur2,https://linkedin.com/in/shishir-mathur-b158402b,,
359,Marcel,,Moran,Marcel Moran,2023,UC Berkeley,,GvdJ5eEAAAAJ,,,,,,,
360,Kathrine,,Richardson,Kathrine Richardson,2006,University of British Columbia,,,,,,,,,
361,Ahoura,,Zandiatashbar,Ahoura Zandiatashbar,2019,"University of Texas, Arlington",,Bg1_iWcAAAAJ,,,,,,,
362,Behrooz,,Kalantari,Behrooz Kalantari,1990,Southern Illinois University,"Human Resource Management, Ethics, Organization Theory, Alternative Dispute Resolution, Strategic Planning, Government and Politics of the Middle East.",,,,,,https://linkedin.com/in/behrooz-kalantari-b004b448,,
363,Clifford,,Atleo,Clifford Atleo,2018,University of Alberta,,KokNYC0AAAAJ,,,,,,,
364,Jonathan,,Boron,Jonathan Boron,2022,Simon Fraser University,,MUWeReEAAAAJ,,,,,,,
365,Andréanne,,Doyon,Andreanne Doyon,2016,University of Melbourne,,hTFSt6kAAAAJ,,,,,,,
366,Thomas,,Gunton,Thomas Gunton,1981,University of British Columbia,,,,,,,,,
367,Megan,,Holden,Meg Holden,2004,New School for Social Research,,ErO8B9MAAAAJ,,,,,,,
368,Sean,,Markey,Sean Markey,2003,Simon Fraser University,,FoFnJMYAAAAJ,,,,,,,
369,Tammara,,Soma,Tammara Soma,2018,University of Toronto,,T2Ljk-sAAAAJ,,,,,,,
370,Shiguo,,Jiang,Shiguo Jiang,2012,Ohio State University,,tJaShosAAAAJ,,,,,,,
371,Catherine,T.,Lawson,Catherine Lawson,1998,Portland State University,"Transportation Planning, Quantitative Methods & Data Management, GIS, Freight",MepaZWoAAAAJ,,,,,,,
372,David,A.,Lewis,David Lewis,2003,Rutgers University,"Regional Planning and Regional Science, Brownfield Redevelopment, Local and Regional Economic Development, Globalization and Economic Restructuring",,,,,,,,
373,Rui,,Li,Rui Li,2012,Pennsylvania State University,,Cei2NNEAAAAJ,,,,,,,
374,Ryan,,Devlin,Ryan Devlin,2010,UC Berkeley,,,,,,,,,
375,Jeffrey,,Doshna,Jeffrey Doshna,2015,Rutgers University,,to9o38sAAAAJ,,,,,,,
376,Lynn,,Mandarano,Lynn Mandarano,2004,University of Pennsylvania,"Collaborative Planning Negotiations, Sustainable Communities",trL3_roAAAAJ,,,,https://researchgate.net/profile/Lynn_Mandarano,https://linkedin.com/in/lynn-mandarano-63341634,,
377,Robert,,Brown,Robert Brown,1985,University of Guelph,,uGmaJv4AAAAJ,,,,,,,
378,Xinyu,,Fu,Xinyu Fu,2018,University of Florida,,005MlWQAAAAJ,,,,,,,
379,Ivis,,Garcia,Ivis Garcia,2015,"University of Illinois, Chicago",,x45RIOYAAAAJ,,,,,,,
380,Ivy,Lingqian,Hu,Ivy Hu,2010,USC,"Transportation Planning and Policy, Land Use-transportation Relationships, Urban and Regional Economics",GfgKO2AAAAAJ,,,,,https://linkedin.com/in/lingqian-hu-9644b012,,
381,Sungmin,,Lee,Sungmin Lee,2018,Texas A&M,,Mq-u-9MAAAAJ,,,,,,,
382,Chanam,,Lee,Chanam Lee,2004,University of Washington,Active Living,B-H2Wq0AAAAJ,,,,https://researchgate.net/profile/Chanam_Lee,https://linkedin.com/in/chanam-lee-37a20442,,
383,Dongying,,Li,Dongying Li,2016,"University of Illinois, Urbana-Champaign",,ccTwEaMAAAAJ,,,,,,,
384,Wei,,Li,Wei Li,2011,UC Irvine,,-1mV8HcAAAAJ,,,,,,,
385,Michelle,,Meyer,Michelle Meyer,2013,Colorado State University,,tvPBT_MAAAAJ,,,,,,,
386,Galen,D.,Newman,Galen Newman,2010,Clemson University,,NWRrbEoAAAAJ,,,,,,,
387,Youngre,,Noh,Youngre Noh,2015,Texas A&M,,KbXwJTYAAAAJ,,,,,,,
388,Walter,G.,Peacock,Walter Peacock,1986,University of Georgia,"Sustainability, Natural Disaster Management, Quantitative Methods, Community Impact Assessment",5Jjuc0gAAAAJ,,,,https://researchgate.net/profile/Walter_Peacock/,,,
389,Thomas,W.,Sanchez,Thomas Sanchez,1996,Georgia Tech,"Transportation, Land Use, Residential Location Behavior, and Questions of Social Equity in Planning; Technology",UGzbgaIAAAAJ,,,,https://researchgate.net/profile/Thomas_Sanchez,https://linkedin.com/in/tomwsanchez,http://tomwsanchez.com/,
390,Laura,,Schmahmann,Laura Schmahmann,2025,UCLA,,_ssFG7cAAAAJ,,,,,,,
391,Yang,,Song,Yang Song,2016,Clemson University,,I-h_YWoAAAAJ,,,,,,,
392,Shannon,,Van Zandt,Shannon Van Zandt,2004,UNC,Sustainability and Housing and Community Development,SUDDNJAAAAAJ,,,,https://researchgate.net/profile/Shannon_Van_Zandt,https://linkedin.com/in/shannon-van-zandt-5b872312,,
393,Siyu,,Yu,Siyu Yu,2019,Texas A&M,,XvwWvVMAAAAJ,,,,,,,
394,Sinan,,Zhong,Sinan Zhong,2020,Texas A&M,,6E0GShcAAAAJ,,,,,,,
395,Robert,,Bullard,Robert Bullard,1976,Iowa State University,,wvDQBB4AAAAJ,,,,,,,
396,Bumseok,,Chun,Bum Seok Chun,2011,Ohio State University,,D7vYZmQAAAAJ,,,,,,,
397,Glenn,S.,Johnson,Glenn Johnson,1996,University of Tennessee,"Environmental Justice, Environmental Policy, Emergency Response and Community Preparedness",_9COXIoAAAAJ,,,,https://researchgate.net/profile/Glenn_Johnson5,https://linkedin.com/in/glenn-s-johnson-ph-d-925673ab,,
398,Jeffrey,,Lowe,Jeffrey Lowe,2010,Rutgers University,Community Development.,H0eHS0MAAAAJ,,,,,https://linkedin.com/in/jeffrey-lowe-38234b6,,
399,Sheri,,Smith,Sheri Smith,2002,Texas A&M,"Housing and Community Development, Infrastructure",,,,,,,,
400,Laura,,Solitare,Laura Solitare,2003,Rutgers University,"Community Development, Environmental Justice, Brownfields",GenOUgcAAAAJ,,,,https://researchgate.net/profile/Laura_Solitare,https://linkedin.com/in/laura-solitare-5b370584,,
401,Darrick,,Hamilton,Darrick Hamilton,1999,UNC,"Econometrics, Racial Disparities",11fhzgEAAAAJ,,,,https://researchgate.net/profile/Darrick_Hamilton,https://linkedin.com/in/darrick-hamilton-37010b15,,
402,Joseph,,Heathcott,Joseph Heathcott,2001,Indiana University,,wEi_FlMAAAAJ,,,,,,,
403,David,R.,Howell,David Howell,1982,New School for Social Research,"Labor Economics, Comparative Social Policy, Immigration.",rHvFzZUAAAAJ,,,,,,,
404,Bryna,,Sanger,Bryna Sanger,1976,Brandeis University,,GpfgZSQAAAAJ,,,,,,,
405,Alex,,Schwartz,Alex Schwartz,1989,Rutgers University,Housing and Community Development,0HRgapQAAAAJ,,,,,https://linkedin.com/in/alex-schwartz-3aa5903,,
406,Yemi,,Adediji,Yemi Adediji,2018,Rutgers University,,,,,,,,,
407,Samantha,,Biglieri,Samantha Biglieri,2019,University of Waterloo,,lb1YlBoAAAAJ,,,,,,,
408,Christopher,,DeSousa,Christopher DeSousa,2000,University of Toronto,"Environmental Planning, Sustainable Development, Urban Development, Brownfield Redevelopment Policy & Practice, Sustainability Reporting and Project Assessment, Parks & Open Space.",zRahaZUAAAAJ,,,,https://researchgate.net/profile/Christopher_De_Sousa/,,,
409,Nemoy,,Lewis,Nemoy Lewis,2018,Queen's University,,VsZAUdIAAAAJ,,,,,,,
410,Nina-Marie,,Lister,Nina-Marie Lister,1998,University of Toronto,"Urban/ex-urban Parklands, Urban Ecology, Landscape & Ecological Design, Landscape Urbanism; Edible Landscapes & Food Security, Biodiversity Conservation",X21AFaMAAAAJ,,,,,https://linkedin.com/in/nina-marie-lister-47b143a,,
411,Sneha,,Mandhan,Sneha Mandhan,2024,University of Toronto,,4_S4Zg8AAAAJ,,,,,,,
412,Shelagh,,McCartney,Shelagh McCartney,2012,Harvard University,,oHSO70gAAAAJ,,,,,https://linkedin.com/in/shelagh-mccartney-a248391,,
413,Raktim,,Mitra,Raktim Mitra,2011,University of Toronto,"Built Environment & Travel Behavior, Active Transportation & Physical Activity, Children’s Mobility, Urban Design, Urban Growth & Travel in Space-Time.",FNtreSgAAAAJ,,,,https://researchgate.net/profile/Raktim_Mitra,https://linkedin.com/in/raktimmitra,,
414,Victor,,Perez-Amado,Victor Perez-Amado,2019,Harvard University,,FIQx7OUAAAAJ,,,,,,,
415,Pamela,,Robinson,Pamela Robinson,2000,University of Toronto,"Urban Sustainability, Environmental Design, Environmental Planning, Urban Governance, Public Engagement and Progressive Pedagogy",U5H2bdUAAAAJ,,,,https://www.researchgate.net/profile/Pamela_Robinson7,https://linkedin.com/in/pamela-robinson-9681ab12,,
416,Matthias,,Sweet,Matthias Sweet,2012,University of Pennsylvania,,9nASgH4AAAAJ,,,,,,,
417,Magdalena,,Ugarte,Magdalena Ugarte,2018,University of British Columbia,,,,,,,,,
418,Christine,,Wen,Christine Wen,2019,Cornell University,,RO4oI-8AAAAJ,,,,,,,
419,Zhixi,Cecilia,Zhuang,Zhixi Zhuang,2008,University of Waterloo,"Urban Design, Retailing, Revitalization and Urban Growth, Multicultural Planning, Immigration Settlement, Cross-cultural Studies",uH0nG6wAAAAJ,,,,,https://ca.linkedin.com/in/zhixi-cecilia-zhuang-6b354a39,,
420,Julian,,Agyeman,Julian Agyeman,1996,University of London,"Sustainable Communities, Environmental Justice, Environmental Education",gibRYHMAAAAJ,,,,,https://linkedin.com/in/julianagyeman,,
421,Mary,E.,Davis,Mary Davis,2003,University of Florida,Environmental Health,F95JTaQAAAAJ,,,,,https://linkedin.com/in/mary-davis-0539b726,,
422,Peilei,,Fan,Peilei Fan,2003,MIT,,rUiGAwgAAAAJ,,,,,,,
423,Justin,,Hollander,Justin Hollander,2007,Rutgers University,Urban Planning,jFQ8F0YAAAAJ,,,,,https://linkedin.com/in/justin-hollander-4675933,,
424,Shan,,Jiang,Shan Jiang,2015,MIT,,YzZGA_UAAAAJ,,,,,,,
425,Hassaan,Furqan,Khan,Hassaan Furqan Khan,2019,University of Massachusetts-Amherst,,,,,,,,,
426,Shomon,,Shamsuddin,Shomon Shamsuddin,2013,MIT,,9L3ZVM4AAAAJ,,,,,,,
427,Kristin,,Skrabut,Kristin Skrabut,2014,Brown University,,4JcITvcAAAAJ,,,,,,,
428,Fallon,,Aidoo,Fallon Samuels Aidoo,2017,Harvard University,,znN_wjIAAAAJ,,,,,,,
429,Aarthi,,Janakiraman,Aarthi Janakiraman,2024,MIT,,O0B28P8AAAAJ,,,,,,,
430,Jesse,,Keenan,Jesse Keenan,2015,Delft University of Technology,,pW6ezM8AAAAJ,,,,,,,
431,Yeonhwa,,Lee,Yeonhwa Lee,2023,University of Pennsylvania,,ZjNTLiwAAAAJ,,,,,,,
432,John,,Renne,John Renne,2005,Rutgers University,,mMAhI9IAAAAJ,,,,,,,
433,Charisma,,Acey,Charisma Acey,2009,UCLA,"International Development, Social Equity, Governance, Poverty",t3fTZggAAAAJ,,,,https://researchgate.net/profile/Charisma_Acey,https://linkedin.com/in/aceycharisma,,
434,Sai,,Balakrishnan,Sai Balakrishnan,2014,Harvard University,,,,,,,,,
435,Teresa,,Caldeira,Teresa Caldeira,1980,UC Berkeley,,psu2IAcAAAAJ,,,,,,,
436,Daniel,G.,Chatman,Daniel Chatman,2005,UCLA,"Transportation, Land Use, Economic Development, Smart Growth",DUDe9-QAAAAJ,,,,https://researchgate.net/profile/Daniel_Chatman,https://linkedin.com/in/daniel-chatman-a3362178,,
437,Stephen,,Collier,Stephen Collier,2001,UC Berkeley,,PTbCmfEAAAAJ,,,,,,,
438,Jason,,Corburn,Jason Corburn,2002,MIT,Environmental Policy & Planning; Environmental Health; Urban Environmental Justice; Social & Spatial Epidemiology; Health Impact Assessment; Science & Technology Studies; Social Theory; Environmental Dispute Resolution,l2_HUikAAAAJ,,,,https://researchgate.net/profile/Jason_Corburn,https://linkedin.com/in/jason-corburn-5036499,,
439,Karen,,Frick,Karen Frick,2005,UC Berkeley,,FbqhZ9AAAAAJ,,,,,,,
440,Marta,,Gonzalez,Marta Gonzalez,2006,Stuttgart University,,YAGjro8AAAAJ,,,,,,,
441,Zoe,,Hamstead,Zoe Hamstead,2016,The New School,,0NcBk8UAAAAJ,,,,,,,
442,Justin,,Hosbey,Justin Hosbey,2016,University of Florida,"Cultural and political economy of racism, Black ecologies, racial capitalism, digital and spatial humanities",,,,,,,,
443,Zachary,,Lamb,Zachary Lamb,2018,MIT,,RXZEj-YAAAAJ,,,,,,,
444,Elizabeth,,Macdonald,Elizabeth Macdonald,1999,UC Berkeley,"Urban Design Theory, History of Urban Design and Urban Form, Public Space Design, and Environmental Behavior Research, Street Design",v4p_U2MAAAAJ,,,,,https://linkedin.com/in/elizabeth-macdonald-2907b73a,,
445,Carolina,K.,Reid,Carolina Reid,2004,University of Washington,"Housing Policy and Affordable Housing, Urban Poverty and Inequality, Community Development, Land Tenure Rights, Sustainable Development.",Q5V6-2MAAAAJ,,,,,https://linkedin.com/in/carolina-reid-02467010,,
446,Daniel,,Rodriguez,Daniel Rodriguez,2000,University of Michigan,"Transportation & Land Use Policy, Urban Spatial Structure, Traveler Behavior, Public Health & Safety",YmyOoaYAAAAJ,,,,https://researchgate.net/profile/Daniel_Rodriguez87,https://linkedin.com/in/daniel-rodriguez-81657633,,
447,Dominic,,Bednar,Dominic Bednar,2021,University of Michigan,,Z0nJlToAAAAJ,,,,,,,
448,Ajay,M.,Garde,Ajay Garde,2003,USC,"Urban Design, Urban Form, Sustainable Growth, Physical Planning",6M-FNBEAAAAJ,,,,,,,
449,Jessica,,Garrison,Jessica Garrison,2016,MIT,,,,,,,,,
450,Douglas,,Houston,Douglas Houston,2005,UCLA,"Transportation, Air Quality, Urban Inequality, Environmental Equity, Spatial Analysis",zISdnLwAAAAJ,,,,,,,
451,Hun,,Kim,Hun Kim,2015,UC Berkeley,,,,,,,,,
452,Jae,Hong,Kim,Jae Hong Kim,2010,University of Illinois,"Land Development, Local & Regional Economies, Transportation, Business Location Decisions",DH8FiDAAAAAJ,,,,,https://linkedin.com/in/jae-hong-kim-902b4578,,
453,Eli,,Knaap,Eli Knaap,2016,University of Maryland,,,,,,,,,
454,Mukul,,Kumar,Mukul Kumar,2021,UC Berkeley,,LGBwO3oAAAAJ,,,,,,,
455,William,,Lester,William Lester,2009,UC Berkeley,"Economic Development, Labor Economics, Urban Politics",Ewp2vKYAAAAJ,,,,https://researchgate.net/profile/T_Lester,https://linkedin.com/in/bill-lester-0564735?authType=NAME_SEARCH&authToken=htSm&locale=en_US&srchid=3569073011462609180161&srchindex=1&srchtotal=1&trk=vsrp_people_res_name&trkInfo=VSRPsearchId%3A3569073011462609180161%2CVSRPtargetId%3A16075650%2CVSRPcmpt%3Aprimary%2CVSRPnm%3Atrue%2CauthType%3ANAME_SEARCH,,
456,Nicholas,J.,Marantz,Nicholas Marantz,2014,MIT,,krBpDDUAAAAJ,,,,,,,
457,Richard,A.,Matthew,Richard Matthew,1993,Princeton University,"Environmental Change, Conflict and Security, Sustainable Development, Global Governance, Urban Security.",RBU0xkYAAAAJ,,,,,https://linkedin.com/in/richard-matthew-62755b9,,
458,Michael,,Mendez,Michael Mendez,2015,UC Berkeley,"Climate change, environmental justice, public health, urban planning, environmental policy",aEcI3P0AAAAJ,,,,,,,
459,Walter,,Nicholls,Walter Nicholls,2004,UCLA,,O6q8ZLQAAAAJ,,,,,,,
460,Virginia,,Parks,Virginia Parks,2002,UCLA,"Urban Inequality, Urban Labor Markets, Labor, Community Organizing and Development, Racial Inequality, Immigration",UH054roAAAAJ,,,,,,,
461,Seth,,Pipkin,Seth Pipkin,2012,MIT,,,,,,https://researchgate.net/profile/Seth_Pipkin,https://linkedin.com/in/seth-pipkin-27328239,,
462,Maria,,Rendon,Maria Rendon,2009,Harvard University,"Urban Policy, Community Empowerment, Social Justice",uF5PRRcAAAAJ,,,,,https://linkedin.com/in/maria-rendon-40148b8b,,
463,Alejandra,,Reyes,Alejandra Reyes,2019,"University of Texas, Austin",,dNUYoDUAAAAJ,,,,,,,
464,Nicola,,Ulibarri,Nicola Ulibarri,2015,Stanford University,,kVoSdycAAAAJ,,,,,,,
465,Abigail,,Andrews,Abigail Andrews,2014,UC Berkeley,,haBJXXsAAAAJ,,,,,,,
466,John,,Arroyo,John Arroyo,2018,MIT,,,,,,,,,
467,Deepti,,Chatti,Deepti Chatti,2019,Yale,,,,,,,,,
468,Caroline,,Collins,Caroline Collins,2019,UC San Diego,,,,,,,,,
469,Lawrence,,Frank,Lawrence Frank,1993,University of Washington,,sF_AKKQAAAAJ,,,,,,,
470,Guadalupe,,Garcia,Guadalupe Garcia,2016,UNC,,,,,,,,,
471,Nancy,,Kwak,Nancy Kwak,2016,Columbia University,,,,,,,,,
472,Amy,,Lerner,Amy Lerner,2011,UCSB,,Ud4ENSQAAAAJ,,,,,,,
473,Isaac,,Martin,Isaac Martin,2003,UC Berkeley,,9VwAZ8cAAAAJ,,,,,,,
474,Kelema,,Moses,Kelema Moses,2015,Pennsylvania State University,,,,,,,,,
475,Mai,,Nguyen,Mai Nguyen,2004,UC Irvine,,zpYl8EcAAAAJ,,,,,,,
476,Keith,,Pezzoli,Keith Pezzoli,1990,UCLA,,2hoi_p4AAAAJ,,,,,,,
477,Mirle,,Rabinowitz Bussell,Mirle Rabinowitz Bussell,1999,UCLA,,NZXc5asAAAAJ,,,,,,,
478,Nora,,Schwaller,Nora Schwaller,2022,UNC,,j8kdmdEAAAAJ,,,,,,,
479,Feiyang,,Sun,Feiyang Sun,2021,University of Washington,,gZDjZuMAAAAJ,,,,,,,
480,Behram,,Wali,Behram Wali,2018,University of Tennessee,,,,,,,,,
481,Teo,,Wickland,Teo Wickland,2021,UCLA,,S-LfLs8AAAAJ,,,,,,,
482,Amada,,Armenta,Amada Armenta,2011,UCLA,,96LNqvkAAAAJ,,,,,,,
483,Evelyn,,Blumenberg,Evelyn Blumenberg,1995,UCLA,"Urban Poverty and Low Wage Labor Markets, Social Policy and Planning, Social Economic Inequality, Gender and Planning",f--ZeF4AAAAJ,,,,https://researchgate.net/profile/Evelyn_Blumenberg/,https://linkedin.com/in/evelyn-blumenberg-b433b89,,
484,Dana,,Cuff,Dana Cuff,1982,UC Berkeley,,,,,,,,,
485,Kian,,Goh,Kian Goh,2015,MIT,,FvVr6oAAAAAJ,,,,,,,
486,Susanna,B.,Hecht,Susanna Hecht,1982,UC Berkeley,,yWNwg7gAAAAJ,,,,https://researchgate.net/profile/Susanna_Hecht,https://linkedin.com/in/susanna-hecht-32138913,,
487,Veronica,,Herrera,Veronica Herrera,2011,UC Berkeley,,pkWm4ZAAAAAJ,,,,,,,
488,Minjee,,Kim,Minjee Kim,2018,MIT,,V13wjL8AAAAJ,,,,,,,
489,Liz,,Koslov,Liz Koslov,2017,New York University,,nQDpRdAAAAAJ,,,,,,,
490,Michael,,Lens,Michael Lens,2011,NYU,"Affordable Housing, Crime, Applied Econometric Methods",BNAax5UAAAAJ,,,,https://researchgate.net/profile/Michael_Lens,https://linkedin.com/in/michael-lens-a0b4a8,,
491,Anastasia,,Loukaitou-Sideris,Anastasia Loukaitou-Sideris,1988,USC,"Physical Planning, Urban Design, Planning History, Public Environment of the City, Privatization of Public Space, Safety and Security in Inner City Areas and Bus Stop Crime",Scpju_AAAAAJ,,,,,,,
492,Jose,,Loya,Jose Loya,2020,University of Pennsylvania,,LEw3D3oAAAAJ,,,,,,,
493,Michael,,Manville,Michael Manville,2009,UCLA,"Transportation and Land Use, Local Public Finance, Politics of Policy Implementation",8HN5ZwIAAAAJ,,,,https://researchgate.net/profile/Michael_Manville,,,
494,Adam,,Millard-Ball,Adam Millard-Ball,2011,Stanford University,,ko53eXsAAAAJ,,,,,,,
495,Paavo,,Monkkonen,Paavo Monkkonen,2009,UC Berkeley,"Housing Policy Analysis, the Role of Finance, Policy and Economic Restructuring in the Changing Spatial Structures of Cities, Housing Markets and Household Formation, and the Regularization of Informally Developed Neighborhoods.",PRwkFbgAAAAJ,,,,https://researchgate.net/profile/Paavo_Monkkonen,https://linkedin.com/in/paavo-monkkonen-41b9163b,,
496,Vinit,,Mukhija,Vinit Mukhija,2000,MIT,"Housing and Land Development, Urban & Neighborhood Revitalization, Development Strategies for Low Income Communities, Physical Planning and Urban Design",,,,,,,,
497,Paul,,Ong,Paul Ong,1983,UC Berkeley,"Economic Development Planning, Race/ Ethnicity and Planning, Urban Labor Markets, Immigrants in the Urban Economy",ViBzERkAAAAJ,,,,,https://linkedin.com/in/paul-ong-b18ba718,,
498,Ananya,,Roy,Ananya Roy,1999,UC Berkeley,"Comparative Urban Studies, Global Poverty & Practice, International Development, Social Theory",PwgIqWoAAAAJ,,,,,,,
499,Kristen,,Schwarz,Kristen Schwarz,2010,Rutgers University,,qLEymbcAAAAJ,,,,,,,
500,Michael,,Storper,Michael Storper,1982,UC Berkeley,"International Development and Planning, Urban and Regional Economics, Political Economy, Trade and Location Patterns and Labor Markets",-j3tHfMAAAAJ,,,,https://researchgate.net/profile/Michael_Storper,https://linkedin.com/in/michael-storper-5383236,,
501,Brian,,Taylor,Brian Taylor,1992,UCLA,"Transportation Policy, Planning and Finance, Transportation and Urban Form, Planning for Special Populations",JAJbzF0AAAAJ,,,,https://researchgate.net/profile/Brian_Taylor10,https://linkedin.com/in/brian-taylor-59389b6,,
502,Veronica,,Terriquez,Veronica Terriquez,2009,UCLA,,,,,,,,,
503,Chris,,Tilly,Chris Tilly,1989,MIT,"Work and labor markets, poverty and inequality, community and regional development, social movements; His research focuses on the US and Mexico, with some broader comparative work; Also Director, Institute for Research on Labor and Employment",sGcFnWwAAAAJ,,,,https://researchgate.net/profile/Chris_Tilly/,,,
504,Kelly,,Turner,V. Kelly Turner,2013,Arizona State University,,8hH5IngAAAAJ,,,,,,,
505,Marques,,Vestal,Marques Vestal,2020,UCLA,,,,,,,,,
506,Todd,,BenDor,Todd BenDor,2007,"University of Illinois, Urbana-Champaign","Environmental Planning, Land Use Dynamics, Environmental Markets, Spatial Analysis, System Dynamics",B04iO5MAAAAJ,,,,https://researchgate.net/profile/Todd_Bendor2,https://linkedin.com/in/toddbendor,,
507,Phil,,Berke,Phil Berke,1981,Texas A&M,,jMEA5yMAAAAJ,,,,,,,
508,Matthew,,Bhagat-Conway,Matthew Bhagat-Conway,2021,Arizona State University,,GmslJ3cAAAAJ,,,,,,,
509,Ashley,,Hernandez,Ashley Hernandez,2022,UC Irvine,,i_3TlV8AAAAJ,,,,,,,
510,Miyuki,,Hino,Miyuki Hino,2019,Stanford University,,X5Q2-B0AAAAJ,,,,,,,
511,Nikhil,,Kaza,Nikhil Kaza,2008,"University of Illinois, Urbana-Champaign","Plans, Land Use Planning, Planning Support Systems, Complex Systems, Decision Theory.",F0FfN00AAAAJ,,,,,https://linkedin.com/in/nikhilkaza,,
512,Noreen,,McDonald,Noreen McDonald,2005,UC Berkeley,"Transportation Policy, Physical Activity, Transportation & Land Use, School Travel, School Siting",gVh74ZgAAAAJ,,,,,https://linkedin.com/in/noreen-mcdonald-84b11419,,
513,Matthew,,Palm,Matthew Palm,2016,UC Davis,,MObQjEUAAAAJ,,,,,,,
514,Roberto,G.,Quercia,Roberto Quercia,1991,UNC,,o1BUz-MAAAAJ,,,,,https://linkedin.com/in/roberto-quercia-33956615,,
515,William,,Rohe,William Rohe,1978,Pennsylvania State University,"Urban Redevelopment, Neighborhood Revitalization, Community Development Planning & Policy, Affordable & Workforce Housing Programs",n5WmOJ0AAAAJ,,,,,https://linkedin.com/in/bill-rohe-178b5814,,
516,Yan,,Song,Yan Song,2002,"University of Illinois, Urbana-Champaign","Land Use Planning & Design, Spatial Analysis of Urban Form, Planning Support Systems, Urban Planning in China",ky5sX-0AAAAJ,,,,,https://linkedin.com/in/yan-song-2b435619,,
517,Danielle,,Spurlock,Danielle Spurlock,2015,"University of North Carolina, Chapel Hill","Plan & Policy Implementation, Environmental & Social Justice, and Dispute Resolution.",dVWUC64AAAAJ,,,,https://researchgate.net/profile/Spurlock_Danielle,https://linkedin.com/in/danielle-spurlock-7b543017,,
518,Meenu,,Tewari,Meenu Tewari,1996,MIT,"Economic Development, International Development, Local Political Economy, Poverty Alleviation, Small Firms & the Informal Sector",fL5sYiQAAAAJ,,,,https://researchgate.net/profile/Meenu_Tewari,https://linkedin.com/in/meenu-tewari-5827197,,
519,Allie,,Thomas,Allie Thomas,2014,UC Berkeley,,k-PyJakAAAAJ,,,,,,,
520,Andrew,,Whittemore,Andrew Whittemore,2010,UCLA,"History and Theory of the Built Environment in Western Societies, Planning History in the United States and Europe, Land Use Planning in the United States",vfdT-50AAAAJ,,,,,https://linkedin.com/in/andrew-whittemore-578b063,,
521,Dale,,Whittington,Dale Whittington,1980,"University of Texas, Austin",,ABWbHGAAAAAJ,,,,,,,
522,Gérard,,Beaudet,Gérard Beaudet,1980,University of Montreal,,,,,,,,,
523,Raphaël,,Fischler,Raphaël Fischler,1990,UC Berkeley,,8zmqW9AAAAAJ,,,,,,,
524,Jacques,,Fisette,Jacques Fisette,1982,Universite de Montreal,,,,,,,,,
525,Michel,,Guenette,Michel Guenet,1990,Universite Laval,,,,,,,,,
526,Danielle,,Labbé,Danielle Labbé,2011,University of British Columbia,,HbdpCYsAAAAJ,,,,,,,
527,Sébastien,,Lord,Sébastien Lord,2009,Université Laval,,mgAKQw0AAAAJ,,,,,,,
528,Jean-Philippe,,Meloche,Jean-Philippe Meloche,2009,Universite de Montreal,,XRYodhsAAAAJ,,,,,,,
529,Paula,,Negron-Poblete,Paula Negron-Poblete,2002,"Université de Montréal, Québec, Canada",,byXzQ4sAAAAJ,,,,,,,
530,Max,Michel,Raynaud,Max Raynaud,2010,Universite de Montreal,,,,,,,,,
531,Franck,,Scherrer,Franck Scherrer,1992,l’Institut d’urbanisme de Paris (Paris 12),,cDP7vs4AAAAJ,,,,,,,
532,Isabelle,,Thomas,Isabelle Thomas,2004,"Université de Paris IV- Sorbonne, France",,7Q9a6oAAAAAJ,,,,,,,
533,Juan,,Torres,Juan Torres,2008,Universite de Montreal,,,,,,,,,
534,Johanne,,Brochu,Johanne Brochu,2011,Universite de Montreal,,,,,,,,,
535,Mario,,Carrier,Mario Carrier,1992,Universite Laval,,,,,,,,,
536,Genevieve,,Cloutier,Genevieve Cloutier,2009,"INRS - Urbanisation, Culture et Societe (Institute National de la recherche scientifique)",,5RQSmioAAAAJ,,,,,,,
537,Jean,,Dubé,Jean Dubé,2010,Université Laval,,UpPlMYwAAAAJ,,,,,,,
538,Florent,,Joerin,Florent Joerin,1998,École Polytechnique Fédérale de Lausanne,,5-gYUd4AAAAJ,,,,,,,
539,Roxane,,Lavoie,Roxane Lavoie,2013,Université Laval,,J2SGlSQAAAAJ,,,,,,,
540,Claude,,Lavoie,Claude Lavoie,1994,Université Laval,,Q00ktPsAAAAJ,,,,,,,
541,Alexandre,,Lebel,Alexandre Lebel,2011,Université Laval,,NBcJNaYAAAAJ,,,,,,,
542,Martin,,Lee-Gosselin,Martin Lee-Gosselin,1980,University of Michigan,,,,,,,,,
543,Jean,,Morin,Jean Morin,2001,INRS (Institut national de la recherche scientifique),,sswn0tcAAAAJ,,,,,,,
544,Francois,,Proulx,Francois Proulx,2009,Université Laval,,Y2mu1nAAAAAJ,,,,,,,
545,Manuel,J.,Rodriguez,Manuel Rodriguez,1996,Université Laval,,gYKMgEUAAAAJ,,,,,,,
546,Owen,,Waygood,Owen Waygood,2009,Kyoto University,,dADJ0sUAAAAJ,,,,,,,
547,Emmanuel,,Boamah,Emmanuel Boamah,2017,University of Louisville,,hra8PVAAAAAJ,,,,,,,
548,Alissa,,Diamond,Alissa Ujie Diamond,2024,University of Virginia,,bsxlAWcAAAAJ,,,,,,,
549,Lauren,,Fischer,Lauren Fischer,2019,Columbia University,,ATK9K6wAAAAJ,,,,,,,
550,Kelly,,Gregg,Kelly Gregg,2019,University of Toronto,,gyJwNBQAAAAJ,,,,,,,
551,Daniel,B.,Hess,Daniel Hess,2004,UCLA,"Transportation Planning and Policy, Planning History, Transportation, Land Use and Urban Form, Urban Design",1_FINjQAAAAJ,,,,,,,
552,Alexandra,,Judelsohn,Alexandra Judelsohn,2023,University of Michigan,,kKauU2sAAAAJ,,,,,,,
553,Lucie,,Laurian,Lucie Laurian,2001,UNC,"Urban and Environmental Planning, Plan Implementation, Public Participation in Environmental Decision Making, Demography: Population-Environment Interactions, Migration",KGmQ_24AAAAJ,,,,,https://linkedin.com/in/lucie-laurian-81223459,,
554,Jordana,,Maisel,Jordana Maisel,2014,"University at Buffalo, The State University of New York",,shLDtSEAAAAJ,,,,,,,
555,Xuanyi,,Nie,Xuanyi “Maxwell” Nie,2021,Harvard University,,,,,,,,,
556,JiYoung,,Park,JiYoung Park,2007,USC,"Analytical, Quantitative and Research Methods, Emergency Preparedness and Disaster Mitigation",6BCysMwAAAAJ,,,,,https://linkedin.com/in/jiyoung-park-4bba181b,,
557,Samina,,Raja,Samina Raja,2002,"University of Wisconsin, Madison","International Development, Fiscal Impacts of Growth, Quantitative Methods, Community Food Security",MTFceFMAAAAJ,,,,https://researchgate.net/profile/Samina_Raja2,https://linkedin.com/in/samina-raja-b35802b,,
558,Robert,G.,Shibley,Robert Shibley,1973,The Catholic University of America,"Urban Design, Placemaking, Downtown Redevelopment, Waterfront Planning, Architectural Design",8-MUCNkAAAAJ,,,,https://researchgate.net/profile/Robert_Shibley,https://linkedin.com/in/robert-g-shibley-faia-aicp-18335312,,
559,Robert,M.,Silverman,Robert Silverman,1997,"University of Wisconsin, Milwaukee","Citizen Participation and Community Organizing, Community Development, Public Finance, Research Methods",hR1VV0EAAAAJ,,,,https://researchgate.net/profile/Robert_Silverman5,https://linkedin.com/in/rob-silverman-3831aa2,,
560,Ernest,,Sternberg,Ernest Sternberg,1990,Cornell University,"Economic Development, Planning Theory, Disaster and Domestic Security, Physical Planning",Kg4UUj4AAAAJ,,,,https://researchgate.net/profile/Ernest_Sternberg,,,
561,Henry,Louis,Taylor,Henry Taylor,1979,SUNY Buffalo,"Race, Class and Gender, Urban History, Urban Management, Community Development, Health and the Built Environment",_3N8dz0AAAAJ,,,,https://researchgate.net/profile/Henry_Taylor_Jr,https://linkedin.com/in/henry-taylor-4223838,,
562,Li,,Yin,Li Yin,2004,"University of Colorado, Denver","Land Use and Environmental Planning and Modeling, Information Technology for Planning, Sustainability Planning",Pfeebk0AAAAJ,,,,https://researchgate.net/profile/Ying_Liu38,,,
563,Sandeep,Kumar,Agrawal,Sandeep Agrawal,2001,"University of Illinois, Urbana-Champaign","Urban Design, Design Review, Ethnic Enclaves, Multiculturalism and Planning Policies, Immigration and Settlement",2AmEsKEAAAAJ,,,,,https://linkedin.com/in/sandeep-agrawal-9b64b74a,,
564,Paul,,Akaabre,Paul Boniface Akaabre,2023,UBC,,dvXACn8AAAAJ,,,,,,,
565,Carl,,Amrhein,Carl Amrhein,1984,SUNY Buffalo,,,,,,,,,
566,Elmond,,Bandauko,Elmond Bandauko,2024,Western University,,2VPCUpEAAAAJ,,,,,,,
567,Jeff,,Birchall,Jeff Birchall,2013,"University of Canterbury, Christchurch, New Zealand",,NFXN5TQAAAAJ,,,,,,,
568,Damian,,Collins,Damian Collins,2004,Simon Fraser University,"Housing and Homelessness, Public Space.",wDQswpQAAAAJ,,,,,,,
569,Josh,,Evans,Josh Evans,2009,McMaster University,,NDE6b-AAAAAJ,,,,,,,
570,Theresa,,Garvin,Theresa Garvin,1999,McMaster University,,tZ24ViQAAAAJ,,,,https://researchgate.net/profile/Theresa_Garvin,https://linkedin.com/in/theresa-garvin-5475993a,,
571,Emily,,Grisé,Emily Grisé,2019,McGill University,,fqUfReEAAAAJ,,,,,,,
572,Tara,,McGee,Tara McGee,1996,Australian National University,,COxIKCIAAAAJ,,,,https://researchgate.net/profile/T_Mcgee2,https://linkedin.com/in/tara-mcgee-11156929,,
573,Rob,,Shields,Rob Shields,1998,University of Sussex,"Social Meaning of the Built Spaces, Urban Cultural Studies.",efWsZUoAAAAJ,,,,https://researchgate.net/profile/Rob_Shields,https://linkedin.com/in/rob-shields-9009a530,,
574,Robert,,Summers,Robert Summers,2005,University of Guelph,,tk4dMeoAAAAJ,,,,,,,
575,Kristof,,Van Assche,Kristof Assche,2004,Wegeningen University,"Comparative Planning & International Development, Environmental Governance & Planning, Governance of Transition & Innovation.",zBA-sD8AAAAJ,,,,https://researchgate.net/profile/Kristof_Assche,https://linkedin.com/in/kristof-van-assche-2655372,,
576,Kyle,Y.,Whitfield,Kyle Whitfield,2005,University of Waterloo,"Community Planning, Rural Planning, Health Service Planning, Aging Related Issues, Social Planning Policy.",eGRiu4cAAAAJ,,,,https://researchgate.net/profile/Kyle_Whitfield,https://linkedin.com/in/kyle-whitfield-628a942,,
577,Arlie,,Adkins,Arlie Adkins,2014,Portland State University,,M0xBwLcAAAAJ,,,,,,,
578,Kristina,,Currans,Kristina Currans,2017,Portland State University,,KSv7KvMAAAAJ,,,,,,,
579,Aaron,,Flores,Aaron Flores,2022,University of Utah,,OSSzZk4AAAAJ,,,,,,,
580,Ladd,,Keith,Ladd Keith,2019,University of Arizona,,49AGz28AAAAJ,,,,,,,
581,Daniel,,Kuhlmann,Daniel Kuhlmann,2018,Cornell University,,Rqx3ZF0AAAAJ,,,,,,,
582,Shujuan,,Li,Shujuan Li,2009,Texas A&M,,GwW4TtYAAAAJ,,,,,,,
583,Lauri,,Macmillan,Lauri Macmillan,1977,"University of Illinois, Urbana-Champaign",,,,,,,,,
584,Philip,,Stoker,Philip Stoker,2015,University of Utah,,hJyPX4cAAAAJ,,,,,,,
585,Leonora,,Angeles,Leonora Angeles,1995,Queen's University,International and Community Development,wVaPW3wAAAAJ,,,,https://researchgate.net/profile/Leonora_Angeles,https://linkedin.com/in/leonora-angeles-98a4162b,,
586,Jessica,,Barudin,Jessica Barudin,2024,Concordia University,,,,,,,,,
587,Andi,,Binet,Andi Binet,2024,MIT,,2qoz98cAAAAJ,,,,,,,
588,Holly,,Caggiano,Holly Caggiano,2021,Rutgers University,,mdp9wkoAAAAJ,,,,,,,
589,Heather,,Campbell,Heather Campbell,1995,University of Sheffield,,,,,,,,,
590,Stephanie,E.,Chang,Stephanie Chang,1994,Cornell University,Disaster and Risk Management,eyT7IMIAAAAJ,,,,,,,
591,Kelly,,Clifton,Kelly Clifton,2001,"University of Texas, Austin",,7arqrpIAAAAJ,,,,,,,
592,James,,Connolly,James Connolly,2011,Columbia University,,JAkkseIAAAAJ,,,,,,,
593,Julia,,Harten,Julia Harten,2020,USC,,negb3dgAAAAJ,,,,,,,
594,Michael,,Hooper,Michael Hooper,2010,Stanford University,"Land Use Planning, Urban Politics, International Development, Participation in Planning",,,,,https://researchgate.net/profile/Michael_Hooper4,https://linkedin.com/in/michael-hooper-a63a2a18,,
595,Kuni,,Kamizaki,Kuni Kamizaki,2022,University of Toronto,,1LLby7AAAAAJ,,,,,,,
596,Theo,,Lim,Theo Lim,2017,University of Pennsylvania,,rPTIpiUAAAAJ,,,,,,,
597,Maggie,,Low,Maggie Low,2019,University of British Columbia,,,,,,,,,
598,Maged,,Senbel,Maged Senbel,2005,University of British Columbia,Urban Design,sUXmi6YAAAAJ,,,,https://researchgate.net/profile/Maged_Senbel,https://linkedin.com/in/maged-senbel-a9a52621,,
599,Mark,R.,Stevens,Mark Stevens,2008,UNC,Environmental and Land Use Planning.,AAf0iL8AAAAJ,,,,https://researchgate.net/profile/Mark_Stevens12,,,
600,Martino,,Tran,Martino Tran,2011,Oxford University,,MMmkrosAAAAJ,,,,,,,
601,Alberto,,de Salvatierra,Alberto de Salvatierra,2017,Harvard University,,,,,,,,,
602,Rebecca,,Laycock Pedersen,Rebecca Pedersen,2017,Keele University,,eytkhI0AAAAJ,,,,,,,
603,Joseli,,Macedo,Joseli Macedo,2000,University of Florida,,U7N1ZiIAAAAJ,,,,,,,
604,Fabian,,Neuhaus,Fabian Neuhaus,2013,University College London,,,,,,,,,
605,Beverly,A.,Sandalack,Beverly Sandalack,1998,"University of Brookes, Oxford",,,,,,,,,
606,Sasha,,Tsenkova,Sasha Tsenkova,1998,University of Toronto,,LLLNYuEAAAAJ,,,,,,,
607,Mary-Ellen,,Tyler,Mary-Ellen Tyler,1985,University of Calgary,,,,,,,,,
608,Christopher,,Auffrey,Christopher Auffrey,1994,University of Michigan,"Healthy Urban Planning, Environmental Justice, Sustainable Development",i1HJzW0AAAAJ,,,,,https://linkedin.com/in/chris-auffrey-66588330,,
609,Carla,,Chifos,Carla Chifos,1996,Cornell University,"Sustainable Development, Urban Environment, International Development",,,,,,https://linkedin.com/in/carla-chifos-b386709,,
610,David,J.,Edelman,David Edelman,1976,Cornell University,"Urban Environmental Management, Energy Policy Planning, Development Planning and Management",NNs5cqcAAAAJ,,,,,https://linkedin.com/in/david-j-edelman-mcp-phd-faicp-fsu-eur-ing-sia-kivi-260266a,,
611,Jan,Marie,Fritz,Jan Fritz,1978,American University,"Community Development, Environmental Justice, Mediation and Facilitation of Organizational and Public Policy Disputes",XzRcQIAAAAAJ,,,,,,,
612,Rainer,vom,Hofe,Rainer Hofe,2002,Cornell University,"Regional Analysis, Economic Development, Quantitative Methods, Urban and Regional Economics",,,,,,https://linkedin.com/in/rainer-vom-hofe-9295b09,,
613,Leah,,Hollstein,Leah Hollstein,2014,"University of Texas, Austin",,,,,,,,,
614,Hyesung,,Jeong,Hyesun Jeong,2016,Illinois Institute of Technology,,pXhTRzwAAAAJ,,,,,,,
615,Johanna,W.,Looye,Johanna Looye,1998,Cornell University,"Urban and Regional Theory, International Development, Women in International Development, Planning Techniques",yf0VWRIAAAAJ,,,,https://researchgate.net/profile/Johanna_Looye,https://linkedin.com/in/johanna-looye-6163629,,
616,Vikas,,Mehta,Vikas Mehta,2006,University of Maryland,"Urban Design, Relationship between Built Environment and Social Behavior, Public Space, Neighborhood design",72WtdxsAAAAJ,,,,,https://linkedin.com/in/vikas-mehta-3258837,,
617,Danilo,,Palazzo,Danilo Palazzo,1993,Istituto Universitario di Architettura di Venezia,"Urban Design, Physical Planning",t5ooS9UAAAAJ,,,,,https://linkedin.com/in/danilo-palazzo-a9116b19,,
618,Hayden,,Shelby,Hayden Shelby,2019,UC Berkeley,,ueY7xR8AAAAJ,,,,,,,
619,Xinhao,,Wang,Xinhao Wang,1993,University of Pennsylvania,"Environmental Planning, GIS, Modeling",BK9-s6EAAAAJ,,,,https://researchgate.net/profile/Xinhao_Wang,https://linkedin.com/in/xinhao-wang-550a9713,,
620,Priyanka,,DeSouza,Priyanka DeSouza,2021,MIT,,tXec4wQAAAAJ,,,,,,,
621,Nan,,Ellin,Nan Ellin,1994,Columbia University,,bBNRp4kAAAAJ,,,,,,,
622,Carrie,,Makarewicz,Carrie Makarewicz,2014,UC Berkeley,"Community Development, Urban School Reform, Transport Equity, Location Decisions, Sustainable Economic Development Strategies.",JYxqf2gAAAAJ,,,,https://researchgate.net/profile/Carrie_Makarewicz,https://linkedin.com/in/carrie-makarewicz-8a444a4,,
623,Jeremy,,Nemeth,Jeremy Nemeth,2007,Rutgers University,"Urban Design and Public Policy, Politics of Public Space, Land Use Conflict.",r_Ihr_YAAAAJ,,,,,https://linkedin.com/in/jeremy-nemeth-6b543861,,
624,Manish,,Shirgaokar,Manish Shirgaokar,2012,UC Berkeley,"Transportation, International Development, Urban Design",g2lYgo0AAAAJ,,,,https://researchgate.net/profile/Manish_Shirgaokar,https://linkedin.com/in/manish-shirgaokar-99997a8,,
625,Austin,,Troy,Austin Troy,2001,UC Berkeley,"Land Use Policy, Land Use Change Modeling and Simulation, GIS, Spatial Analysis, Remote Sensing, Environmental Planning.",nfQrCJoAAAAJ,,,,https://researchgate.net/profile/Austin_Troy,https://linkedin.com/in/austin-troy-6355b04,,
626,Nina,,David,Nina David,2008,University of Michigan,,SmKFATsAAAAJ,,,,,,,
627,Gregory,,Dobler,Greg Dobler,2006,University of Pennsylvania,,WRTzLdgAAAAJ,,,,,,,
628,Jonathan,,Justice,Jonathan Justice,2003,Rutgers University,,pz0XHdoAAAAJ,,,,,,,
629,John,,McNutt,John McNutt,1991,University of Tennessee,,lhqW9cQAAAAJ,,,,,,,
630,Andrea,,Pierce,Andrea Pierce,2006,George Washington University,,zXIoStcAAAAJ,,,,https://researchgate.net/profile/Andrea_Sarzynski,https://linkedin.com/in/andrea-sarzynski-88831b31,,
631,Abhinav,,Alakshendra,Abhinav Alakshendra,2012,Kansas State University,"Economics, Development Economics, Housing Policy, Transportation, Urban and Regional Economics.",isF20ugAAAAJ,,,,https://researchgate.net/profile/Abhinav_Alakshendra,,,
632,Ilir,,Bejleri,Ilir Bejleri,1994,"Polytechnic University, Tirana, Albania","Urban Design, Urban Simulation, Information Technology for Planning",,,,,,https://linkedin.com/in/ilir-bejleri-06a61010,,
633,Kathryn,,Frank,Kathryn Frank,2009,Georgia Tech,"Ecosystem management, regional sustainability, Collaborative planning and policy making, alternative dispute resolution, water resources and aquatic/coastal ecosystems, children and youth participation in planning",2Jao6ucAAAAJ,,,,,https://linkedin.com/in/kathryn-frank-61773477,,
634,Cleary,,Larkin,Cleary Larkin,2019,University of Florida,,,,,,,,,
635,Kristin,,Larsen,Kristin Larsen,2001,Cornell University,"Planning History, Housing, Historic Preservation",D7jbFnoAAAAJ,,,,,https://linkedin.com/in/kristin-larsen-57423646,,
636,Zhong-Ren,,Peng,Zhong-Ren Peng,1994,Portland State University,"Transportation Planning, Transportation and Land Use Integration, Information Technology for Planning",ngiXpvgAAAAJ,,,,https://researchgate.net/profile/Zhong-Ren_Peng,,,
637,Ruth,L.,Steiner,Ruth Steiner,1996,UC Berkeley,,zbew56MAAAAJ,,,,https://researchgate.net/profile/Ruth_Steiner,https://linkedin.com/in/ruth-steiner-9293218,,
638,Renee,,Tapp,Renee Tapp,2018,Clark University,,83Irs68AAAAJ,,,,,,,
639,Emre,,Tepe,Emre Tepe,2016,Ohio State University,,B7XoIx8AAAAJ,,,,,,,
640,Yan,,Wang,Yan Wang,2018,Virginia Tech,,znl9EkUAAAAJ,,,,,,,
641,Shenhao,,Wang,Shenhao Wang,2020,MIT,,01AmQ8wAAAAJ,,,,,,,
642,Jack,,Crowley,Jack Crowley,1977,University of Oklahoma,,,,,,,,,
643,Stephen,J.,Ramos,Stephen Ramos,2009,Harvard University,,gj7DGI4AAAAJ,,,,https://researchgate.net/profile/Stephen_Ramos,https://linkedin.com/in/stephen-ramos-0324303,,
644,Mark,,Reinberger,Mark Reinberger,1988,Cornell University,,,,,,,,,
645,Rosanna,G.,Rivero,Rosanna Rivero,2006,University of Florida,,pHlUNNUAAAAJ,,,,https://researchgate.net/profile/Rosanna_Rivero,https://linkedin.com/in/rosannarivero,,
646,Alison,L.,Smith,Alison Smith,2010,Auburn University,,,,,,,,,
647,Ashley,,Steffens,Ashley Steffens,1994,University of Georgia,,ttUpWCUAAAAJ,,,,,,,
648,Umit,,Yilmaz,Umit Yilmaz,1981,Istanbul Technical University,,,,,,,https://linkedin.com/in/umit-yilmaz-90a85022,,
649,Nicholas,,Brunet,Nicholas Brunet,2014,McGill University,,mVCOqbcAAAAJ,,,,,,,
650,Wayne,,Caldwell,Wayne Caldwell,1991,University of Waterloo,,G8qs55IAAAAJ,,,,,,,
651,Leith,,Deacon,Leith Deacon,2010,The University of Western Ontario,"Environmental Planning and Management, Environmental Justice, Qualitative Methodology",N1ILuocAAAAJ,,,,,https://linkedin.com/in/leith-deacon-aa79a920,,
652,Sara,,Epp,Sara Epp,2018,University of Guelph,,,,,,,,,
653,Ryan,,Gibson,Ryan Gibson,2014,Memorial University of Newfoundland,,_FWnFqAAAAAJ,,,,,,,
654,Dave,,Guyadeen,Dave Guyadeen,2015,University of Waterloo,,dlhafdkAAAAJ,,,,,,,
655,Silvia,,Sarapura,Silvia Sarapura,2013,University of Guelph,,-IIZav8AAAAJ,,,,,,,
656,Makena,,Coffman,Makena Coffman,2007,University of Hawaii,"Environmental Economics and Planning, Energy and Climate Change Policy, Resource Management, General Equilibrium Modeling",,,,,,,,
657,Ashok,,Das,Ashok Das,2008,UCLA,"Community Participation, Slum Upgrading, Community Managed Microfinance and Disaster Preparedness and Mitigation",8ykdfygAAAAJ,,,,,https://linkedin.com/in/ashok-das-3669a44,,
658,Priyam,,Das,Priyam Das,2009,UCLA,"Urban Development, Basic Environmental Services and Governance in South Asia, Design and Planning of the Built Environment",,,,,,https://linkedin.com/in/priyam-das-80650bb,,
659,Peter,G.,Flachsbart,Peter Flachsbart,1971,Northwestern University,"Planning Methods and Models, Environmental Planning, Land Use Planning, Energy Policy & Urban Transportation Planning.",,,,,https://researchgate.net/profile/Peter_Flachsbart,https://linkedin.com/in/peter-flachsbart-1aba4027,,
660,Karl,,Kim,Karl Kim,1987,MIT,"Planning Theory, Planning Methods, Transportation and Infrastructure Planning, Tourism Planning, and Disaster Management",fvacZ0QAAAAJ,,,,https://researchgate.net/profile/Karl_Kim,https://linkedin.com/in/karl-kim-8765b0,,
661,Dan,,Milz,Dan Milz,2015,"University of Illinois, Chicago",,wv_MNvAAAAAJ,,,,,,,
662,Subhashni,,Raj,Subhashni Raj,2016,"University at Buffalo, The State University of New York","Food Systems Planning, Climate Change Adaptation, Institutional Governance, Natural Resources Management",z1OAemwAAAAJ,,,,https://www.researchgate.net/profile/Subhashni-Raj,https://www.linkedin.com/in/subhashni-raj-phd-6677066/,,
663,Suwan,,Shen,Suwan Shen,2014,University of Florida,,mS9yrUQAAAAJ,,,,,https://linkedin.com/in/shen-suwan-334a5223,,
664,Ning,,Ai,Ning Ai,2011,Georgia Tech,"Environmental Planning and Policy, Environmental Economics",d7RQNe4AAAAJ,,,,,https://linkedin.com/in/ning-ai-1b504744,,
665,Kheir,,Al-Kodmany,Kheir Al-Kodmany,1995,"University of Illinois, Urbana-Champaign","Computer Applications, Geographic Information Systems, Physical Planning/Urban Design, Quantitative Methods",yYvDwKwAAAAJ,,,,,https://linkedin.com/in/kheir-al-kodmany-31533537,,
666,Philip,,Ashton,Philip Ashton,2005,Rutgers University,"Financial Restructuring and Central City Markets, Neighborhood Development and Change, Affordable Housing Development and Preservation; Comparative Urban Policy; Normative Ethical Theory in Policy",1WgeAaUAAAAJ,,,,https://researchgate.net/profile/Philip_Ashton,https://linkedin.com/in/philip-ashton-9a6a765,,
667,John,J.,Betancur,John Betancur,1986,"University of Illinois, Chicago","Community Development, International Development, Race/ Ethnicity & Planning & Social Policy/Human Services.",,,,,https://researchgate.net/profile/John_Betancur,,,
668,Teresa,L.,Cordova,Teresa Cordova,1986,UC Berkeley,,fOszDKwAAAAJ,,,,https://researchgate.net/profile/Teresa_Cordova,https://linkedin.com/in/teresa-cordova-87a593100,,
669,Joshua,,Drucker,Joshua Drucker,2008,UNC,,mjzj_5MAAAAJ,,,,,,,
670,April,,Jackson,April Jackson,2015,"University of Illinois, Chicago",,,,,,,,,
671,Kazuya,,Kawamura,Kazuya Kawamura,1999,UC Berkeley,Quantitative Methods and Transportation,,,,,,https://linkedin.com/in/kazuya-kawamura-a7590927,,
672,David,,Lopez-Garcia,David Lopez-Garcia,2021,The New School,,omddy9sAAAAJ,,,,,,,
673,Kate,,Lowe,Kate Lowe,2011,Cornell University,,scy4f7oAAAAJ,,,,,,,
674,Brenda,,Parker,Brenda Parker,2008,Michigan State University,"Urban policy, urban governance, race, gender, qualitative methods, program, community activism",jikgBYUAAAAJ,,,,https://researchgate.net/profile/Brenda_Parker3,https://linkedin.com/in/brenda-parker-81330484,,
675,Stacey,,Sutton,Stacey Sutton,2006,Rutgers University,"Local Economic Development, Neighborhood Change, Entrepreneurship and Neighborhood Economies, and race as a feature of socio-spatial vision and structure",IFB4ZDoAAAAJ,,,,,https://linkedin.com/in/stacey-sutton-0013a85a,,
676,Nik,,Theodore,Nik Theodore,2000,"University of Illinois, Chicago","Economic Development, Labor Markets",Pj3lRPEAAAAJ,,,,https://researchgate.net/profile/Nik_Theodore,https://linkedin.com/in/nik-theodore-35072b8,,
677,Nebiyou,,Tilahun,Nebiyou Tilahun,2010,University of Minnesota,"Transportation Planning, Travel Behavior, Social Aspects of Transportation",6tlzorcAAAAJ,,,,https://researchgate.net/profile/Nebiyou_Tilahu,https://linkedin.com/in/nebiyou-tilahun-1865985,,
678,Sevin,,Yildiz,Sevin Yildiz,2014,Rutgers University,,,,,,,,,
679,Lindsay,,Braun,Lindsay Braun,2017,UNC,,Tu2FfV8AAAAJ,,,,,,,
680,Colleen,,Chiu-Shee,Colleen Chiu-Shee,2021,MIT,,kVtV0KgAAAAJ,,,,,,,
681,Marc,,Doussard,Marc Doussard,2008,"University of Illinois, Chicago","Economic Development, Regional Development Theory, Research Design.",4Evqn2wAAAAJ,,,,,,,
682,Mary,M.,Edwards,Mary Edwards,1997,"University of Wisconsin, Madison","Fiscal Impact Analysis, Public Finance, Planning Methods.",aul-N4oAAAAJ,,,,,https://linkedin.com/in/elizabethmedwards,,
683,Kerry,Li,Fang,Kerry Li Fang,2018,University of Maryland,,ruA5e9sAAAAJ,,,,,,,
684,Andrew,,Greenlee,Andrew Greenlee,2011,"University of Illinois, Chicago","Housing Policy, Community Development, Inequality, Neighborhood Indicators",PUW7M-oAAAAJ,,,,,https://linkedin.com/in/andrew-greenlee-742aa051,,
685,Bumsoo,,Lee,Bumsoo Lee,2006,USC,"Urban Spatial Structure, Metropolitan Development, Urban Land Use, Travel Behavior and Transportation Planning, Regional Economic Analysis and Modeling",IXfBXPsAAAAJ,,,,https://researchgate.net/profile/Bumsoo_Lee,https://linkedin.com/in/bumsoo-lee-0a2a33b3,,
686,Faranak,,Miraftab,Faranak Miraftab,1995,UC Berkeley,"Globalization and Transnational Linkages, Community Development in Developing Nations, Housing and Gender Issues in International Planning",02B7qPsAAAAJ,,,,https://researchgate.net/profile/Faranak_Miraftab,https://linkedin.com/in/faranak-miraftab-73004366,,
687,Magdalena,,Novoa,Magdalena Novoa,2021,"University of Texas, Austin",,Bz7JalkAAAAJ,,,,,,,
688,Rolf,,Pendall,Rolf Pendall,1995,UC Berkeley,,tuJIbNAAAAAJ,,,,,,,
689,Omar,,Perez-Figueroa,Omar Perez-Figueroa,2022,UC Irvine,,kiZp5E4AAAAJ,,,,,,,
690,Rebecca,,Walker,Rebecca Walker,2022,University of Minnesota,,,,,,,,,
691,Jerry,,Anthony,Jerry Anthony,2000,Florida State University,"Land Use Planning, Housing Policy, Growth Management",,,,,https://researchgate.net/profile/Jerry_Anthony,https://linkedin.com/in/jerryanthony,,
692,Sarah,,Hofmeyer,Sarah Hofmeyer,2024,University of Kansas,,GqoLszYAAAAJ,,,,,,,
693,Bogdan,,Kapatsila,Bogdan Kapatsila,2024,University of Alberta,,DSRdrY8AAAAJ,,,,,,,
694,Phuong,,Nguyen,Phuong Nguyen,2010,Syracuse University,"Public Finance and Budgeting, Development Policy",uSknpnsAAAAJ,,,,,,,
695,Haifeng,,Qian,Haifeng Qian,2010,George Mason University,"Economic Development, GIS.",nE6IM7sAAAAJ,,,,https://researchgate.net/profile/Haifeng_Qian4,https://linkedin.com/in/haifeng-qian-9398016,,
696,Scott,,Spak,Scott Spak,2009,"University of Wisconsin, Madison","Climate Change, Land Use, Air Quality, and Environmental Problems of Mega-Citites",yFS538MAAAAJ,,,,https://researchgate.net/profile/Scott_Spak,,,
697,Samantha,,Zuhlke,Samantha Zuhlke,2021,Texas A&M,,JJHfVmwAAAAJ,,,,,,,
698,Hye-Sung,,Han,Hye-Sung Han,2020,"University of North Carolina, Chapel Hill",,bZjyNVIAAAAJ,,,,,,,
699,Bonnie,,Johnson,Bonnie Johnson,2006,University of Kansas,"Land Use Planning, Planning Practice and Democracy, Organization Behavior",seDOjF4AAAAJ,,,,https://researchgate.net/profile/Bonnie_Johnson4,https://linkedin.com/in/bonnie-johnson-6072356,,
700,Ward,,Lyles,Ward Lyles,2012,"University of North Carolina, Chapel Hill",,C54EMucAAAAJ,,,,https://researchgate.net/profile/Ward_Lyles,https://linkedin.com/in/ward-lyles-925a0a29,,
701,Joel,,Mendez,Joel Mendez,2018,Florida State University,,lHzlmy8AAAAJ,,,,,,,
702,Lisa,,Bjorkman,Lisa Bjorkman,2012,New School for Social Research,,,,,,,,,
703,Daniel,,DeCaro,Daniel DeCaro,2010,Miami University,,sAL9a0sAAAAJ,,,,,,,
704,Patrick,,Exmeyer,Patrick Exmeyer,2017,Mississippi State University,,,,,,,,,
705,John,,Gilderbloom,John Gilderbloom,1983,UCSB,"Housing and Community Development, International Planning",krg22b8AAAAJ,,,,https://researchgate.net/profile/John_Gilderbloom2,https://linkedin.com/in/john-gilderbloom-41a4a899,,
706,Frank,,Goetzke,Frank Goetzke,2006,West Virginia University,"Transportation Policy and Planning, Urban Economics",9xwMDv4AAAAJ,,,,https://researchgate.net/profile/Frank_Goetzke,https://linkedin.com/in/frank-goetzke-40652019,,
707,David,,Imbroscio,David Imbroscio,1993,University of Maryland,,9zJEZhEAAAAJ,,,,https://researchgate.net/profile/David_Imbroscio,,,
708,Janet,,Kelly,Janet Kelly,1992,Wayne State University,,,,,,,,,
709,Steven,G.,Koven,Steven Koven,1982,University of Florida,,YxRHl94AAAAJ,,,,,,,
710,Aaron,,Rollins,Aaron Rollins,2013,Mississippi State University,,,,,,,,,
711,Matthew,,Ruther,Matthew Ruther,2012,University of Pennsylvania,,ewXHmhMAAAAJ,,,,,,,
712,Margath,,Walker,Margath Walker,2009,University of Kentucky,,Wjo2ri0AAAAJ,,,,,,,
713,Sumei,,Zhang,Sumei Zhang,2008,Ohio State University,"Land Use Planning, Planning Theory, Research Methods",KOzyUC0AAAAJ,,,,,,,
714,Raphael,,Ayambire,Raphael Ayambire,2022,University of Waterloo,,nJM_A2EAAAAJ,,,,,,,
715,Rae,,Bridgman,Rae Bridgman,1993,York University,,B7VbV0AAAAAJ,,,,,,,
716,Sarah,,Cooper,Sarah Cooper,2018,"University of Illinois, Chicago",,Avbh3P4AAAAJ,,,,,,,
717,Orly,,Linovski,Orly Linovski,2013,UCLA,,tZAaPyAAAAAJ,,,,,,,
718,Richard,,Milgrom,Richard Milgrom,2003,York University,,,,,,,,,
719,David,,van Vliet,David van Vliet,2000,University of British Columbia,,gqWVZsEAAAAJ,,,,,,,
720,Ariel,,Bierbaum,Ariel Bierbaum,2016,UC Berkeley,,TGNBWx4AAAAJ,,,,,,,
721,Casey,J.,Dawkins,Casey Dawkins,2003,Georgia Tech,"Housing Policy, Growth Management, Urban Economics, Quantitative Methods.",EPD8e8gAAAAJ,,,,https://researchgate.net/profile/Casey_Dawkins,https://linkedin.com/in/casey-dawkins-12a9985,,
722,Chengri,,Ding,Chengri Ding,1996,"University of Illinois, Urbana-Champaign","GIS, Urban and Regional Economic Analysis, International Development Planning",CHE-z2kAAAAJ,,,,,https://linkedin.com/in/chengri-ding-89b27421,,
723,Marccus,,Hendricks,Marccus Hendricks,2017,Texas A&M,"tormwater infrastructure planning and management, social vulnerability to disaster, environmental justice, hazard mitigation, sustainable development, public health and the built environment, and participatory action research",qWImUjUAAAAJ,,,,,,,
724,Kathryn,L.,Howell,Kathryn Howell,2013,"University of Texas, Austin",,XzbowdEAAAAJ,,,,,https://linkedin.com/in/kathryn-howell-851b6850,,
725,Clara,E.,Irazábal-Zurita,Clara Irazábal-Zurita,2002,UC Berkeley,"Community development planning in Latin America; community development planning in/with POC, Latinx, and immigrant communities; and urban studies, planning, and design theory",HwMQKTUAAAAJ,,,,,,,
726,Hiroyuki,,Iseki,Hiroyuki Iseki,2004,UCLA,"Transportation Policy, Transportation and Land Use, Transportation Economics, Application of GIS to Planning and Policy Analysis, Urban Public Finance",k5lcdMIAAAAJ,,,,,https://linkedin.com/in/hiroyuki-iseki-21ba085,,
727,Dawn,,Jourdan,Dawn Jourdan,2004,Florida State University,"Planning Law, Housing Law, Growth Management Law",Gdo8qcsAAAAJ,,,,,https://linkedin.com/in/dawn-jourdan-18a61025,,
728,Gerrit,J.,Knaap,Gerrit Knaap,1982,University of Oregon,"Land Use/Growth Management, Metropolitan/ Regional Planning, Urban and Regional Economics.",0GNDcJQAAAAJ,,,,https://researchgate.net/profile/Gerrit_Jan_Knaap,https://linkedin.com/in/gerrit-knaap-11355110,,
729,Willow,,Lung-Amam,Willow Lung-Amam,2012,UC Berkeley,,i78QCKoAAAAJ,,,,https://researchgate.net/profile/Willow_Lung-Amam_PhD,https://linkedin.com/in/willow-lung-amam-ph-d-020b875,,
730,Michelle,,Magalong,Michelle Magalong,2017,UCLA,,,,,,,,,
731,John,,Park,John Park,2017,Texas A&M,,,,,,,,,
732,Jesse,,Saginor,Jesse Saginor,2006,Cleveland State University,"Economic Development, Housing, Market Analysis, Real Estate Development, Urban Redevelopment.",59-kfsQAAAAJ,,,,https://researchgate.net/profile/Jesse_Saginor,https://linkedin.com/in/jesse-saginor-phd-aicp-19721529,,
733,Camille,,Barchers,Camille Barchers,2018,Georgia Tech,,p0ip6xIAAAAJ,,,,,,,
734,Elizabeth,,Brabec,Elizabeth Brabec,1992,University of Maryland,"Research interests are focused on land conservation and design and planning of sustainable open space, complemented with a strong interest in culture and the historical basis of landscape form",XJzquz0AAAAJ,,,,https://researchgate.net/profile/Elizabeth_Brabec,https://linkedin.com/in/elizabethbrabec,,
735,Theodore,,Eisenman,Theodore Eisenman,2015,University of Pennsylvania,,e-vQNHcAAAAJ,,,,,,,
736,Elisabeth,M.,Hamin,Elisabeth Hamin,1997,University of Pennsylvania,"Instructor of Growth Management, Regional Planning Studio, Real Estate Finance and Climate Change planning seminar",2l8cHzEAAAAJ,,,,,https://linkedin.com/in/elisabeth-hamin-19414580,,
737,Darrel,,Ramsey-Musolf,Darrel Ramsey-Musolf,2013,"University of Wisconsin, Madison","Research focuses on urban morphology, regionalism, and planning research and practice. Teaches planning studio, housing policy, and land-use/growth management.",BuJtkcAAAAAJ,,,,,,,
738,Henry,C.,Renski,Henry Renski,2006,UNC,"Research focuses on understanding forces driving regional economic competitiveness and transformation, and building upon this knowledge to improve the effectiveness of economic development policy. Current work examines regional influences on entrepreneurship, empirical tests of agglomeration theory, industrial cluster analysis and cluster-based development strategies, and the application of spatial-analytical techniques to local economic policy decision-making.",VcmwudUAAAAJ,,,,,https://linkedin.com/in/henry-renski-53205b1a,,
739,Robert,,Ryan,Robert Ryan,1997,University of Michigan,,,,,,,,,
740,Adenrele,,Awotona,Adenrele Awotona,1977,Cambridge University,,,,,,,,,
741,Ellen,,Douglas,Ellen Douglas,2002,Tufts University,,rpxghbMAAAAJ,,,,,,,
742,John,,Duff,John Duff,1997,University of Mississippi,,,,,,,,,
743,Lorena,,Estrada-Martinez,Lorena Estrada-Martinez,2009,University of Michigan,,zxWTHW4AAAAJ,,,,,,,
744,Chi-Kan,Richard,Hung,Richard Hung,1997,Indiana University,,,,,,,,,
745,Michael,,Johnson,Michael Johnson,2000,Northwestern University,,XZ5n0n0AAAAJ,,,,,,,
746,Antonio,,Raciti,Antonio Raciti,2012,University of Catania,"Urban Planning, Community Development, and Urban Design.",SkM-vXkAAAAJ,,,,,,,
747,Kenneth,,Reardon,Kenneth Reardon,1990,Cornell University,,n02_iqAAAAAJ,,,,,,,
748,Eduardo,,Siqueira,Eduardo Siqueira,2004,University of Massachusetts Lowell,,kJY5LJAAAAAJ,,,,,,,
749,Elizabeth,,Sweet,Elizabeth Sweet,2008,Northwestern University,,lBwubQoAAAAJ,,,,,,,
750,Alan,,Wiig,Alan Wiig,2014,Temple University,,1egZe0gAAAAJ,,,,,,,
751,Atyeh,,Ashtari,Atyeh Ashtari,2023,Universirty of Illinois at Urbana Champaign,,bZXPQuIAAAAJ,,,,,,,
752,Reza,,Banai,Reza Banai,1983,University of Pennsylvania,"Planning Theory, Site Planning & Regional Planning, Quantitative Methods, Urban Design",dRVO2WQAAAAJ,,,,,https://linkedin.com/in/reza-banai-a706b121,,
753,Stephen,,Diko,Stephen Kofi Diko,2019,University of Cincinnati,,7Lnw1MgAAAAJ,,,,,,,
754,Andrew,,Guthrie,Andrew Guthrie,2018,University of Minnesota,,S0uWgf8AAAAJ,,,,,,,
755,Charles,,Santo,Charles Santo,2005,Portland State University,"Housing, Economic Development, Youth Participation",IFUwjXcAAAAJ,,,,https://researchgate.net/profile/Charles_Santo,https://linkedin.com/in/charlie-santo-900879aa,,
756,Maria,,Arquero de Alarcon,Maria Arquero de Alarcon,2008,Harvard University,Interdisciplinary Design with a Focus on Multi-scalar Landscape and Urban Strategies; Techniques of Visualization and Representation,,,,,https://researchgate.net/profile/Maria_Arquero_de_Alarcon,https://linkedin.com/in/marquero,,
757,Scott,D.,Campbell,Scott Campbell,1990,UC Berkeley,"Planning Theory & History, Quantitative Methods, Regional Economic Development, Environmental Economics, Comparative Urbanization",2h2zINcAAAAJ,,,,,https://linkedin.com/in/scott-d-campbell-33089b44,,
758,Lan,,Deng,Lan Deng,2004,UC Berkeley,"Urban Economics and Urban Policies, Real Estate Development and Finance, Land Use Economics and Policies, Housing Economics and Policy",0K7uj_gAAAAJ,,,,https://researchgate.net/profile/Lan_Deng2,https://linkedin.com/in/lan-deng-20552813,,
759,Robert,,Goodspeed,Robert Goodspeed,2012,MIT,,QipNk0AAAAAJ,,,,https://researchgate.net/profile/Robert_Goodspeed,https://linkedin.com/in/robertgoodspeed,,
760,Joseph,,Grengs,Joseph Grengs,2002,Cornell University,"Transportation Planning & Policy, Urban Politics, Community Development, Planning Methods & International Development",HIygntMAAAAJ,,,,,,,
761,Lesli,,Hoey,Lesli Hoey,2012,Cornell University,"Food Systems Planning, Planning in Developing Countries, Evaluation and Qualitative Planning Methods.",UUhJBGYAAAAJ,,,,,,,
762,Kimberley,,Kinder,Kimberley Kinder,2011,UC Berkeley,,cYNSNRAAAAAJ,,,,,,,
763,Larissa,,Larsen,Larissa Larsen,1997,"University of Illinois, Urbana-Champaign","Landscape Planning, Neighborhood Design, Social and Natural Capital",NfbC4bgAAAAJ,,,,https://researchgate.net/profile/Larissa_Larsen,,,
764,Jonathan,,Levine,Jonathan Levine,1990,UC Berkeley,"Transportation & Land Use Planning, Regulation & Markets in Metropolitan Development, Public Transit Planning & Evaluation, Public Economics",fUBqE7kAAAAJ,,,,https://researchgate.net/profile/Jonathan_Levine4,,,
765,Xiaofan,,Liang,Xiaofan Liang,2023,Georgia Tech,,0mnFK5AAAAAJ,,,,,,,
766,Martin,,Murray,Martin Murray,1975,"University of Texas, Austin",,Jy1iaUQAAAAJ,,,,,,,
767,Richard,K.,Norton,Richard Norton,2001,UNC,"Environmental Policy and Planning, Sustainable Development, Intergovernmental Growth Management, Coastal Area Resource Management, Land Use and Planning Law.",DZGlBXUAAAAJ,,,,https://researchgate.net/profile/Richard_Norton,https://linkedin.com/in/richard-norton-b2020a26,,
768,Ana Paula,,Pimentel Walker,Anna Paula Pimentel Walker,2013,UC San Diego,"Urban Planning in Developing Countries, Environmental Planning, Master’s Capstone Projects.",w5GSE3MAAAAJ,,,,https://researchgate.net/profile/Ana_Paula_Pimentel_Walker,https://linkedin.com/in/ana-paula-pimentel-walker-175689a7,,
769,David,,Thacher,David Thacher,1999,MIT,,,,,,,,,
770,Ryan,P.,Allen,Ryan Allen,2007,MIT,"Immigrant and Refugee Policy, Social Networks, Urban Planning in Diverse Communities",NAvongwAAAAJ,,,,,https://linkedin.com/in/ryan-allen-731b4410,,
771,Ragui,A.,Assaad,Ragui Assaad,1991,Cornell University,"Community Development, Demography, Economic Development Planning, Impact Assessment, International Development & Planning",KBDa5yMAAAAJ,,,,https://researchgate.net/profile/Ragui_Assaad,https://linkedin.com/in/ragui-assaad-8a78416,,
772,Nisha,,Botchwey,Nisha Botchwey,2003,University of Pennsylvania,"Community Development, Public Health, Environmental and Health Impacts",9RdgBtgAAAAJ,,,,,https://linkedin.com/in/nishabotchwey,,
773,Fernando,,Burga,Fernando Burga,2013,UC Berkeley,,,,,,,,,
774,Jason,,Cao,Jason Cao,2006,UC Davis,,2QrL8M0AAAAJ,,,,,,,
775,Yingling,,Fan,Yingling Fan,2007,UNC,"Land Use/Growth Management, Transportation Planning and Policy, Time Geography, Urban Health",nF_usQsAAAAJ,,,,,https://linkedin.com/in/yingling-fan-7b450a10,,
776,Edward,G.,Goetz,Edward Goetz,1987,Northwestern University,"Community Development, Housing & Neighborhood Planning",kCpd5XEAAAAJ,,,,,https://linkedin.com/in/edward-goetz-965801109,,
777,Elise,,Harrington,Elise Harrington,2020,MIT,,KzqBRzYAAAAJ,,,,,,,
778,Fayola,,Jacobs,Fayola Jacobs,2018,Texas A&M,,w032ZTkAAAAJ,,,,,,,
779,Nichola,J.,Lowe,Nichola Lowe,2003,MIT,,sTbX3FkAAAAJ,,,,,https://linkedin.com/in/nichola-lowe-21970614,,
780,Hilary,,Malson,Hilary Malson,2025,UCLA,,nXsBYmAAAAAJ,,,,,,,
781,Kathy,,Quick,Kathy Quick,2010,UC Irvine,,Xi-5jXIAAAAJ,,,,,,,
782,Rashad,,Williams,Rashad Williams,2023,University of Minnesota,,,,,,,,,
783,Julia,,Crowley,Julia Crowley,2016,University of Hawaii,,mt82ALAAAAAJ,,,,,,,
784,Michael,,Frisch,Michael Frisch,2002,Rutgers University,"Environmental Planning, Economic Development, Land Use and Zoning, Community Development",9ViHWNsAAAAJ,,,,https://researchgate.net/profile/Michael_Frisch5,https://linkedin.com/in/michael-frisch-8587627,,
785,Sungyop,,Kim,Sungyop Kim,2004,University of Washington,"Transportation, Land Use, GIS",LHXzoScAAAAJ,,,,,https://linkedin.com/in/sungyop-kim-49a99269,,
786,Jacob,,Wagner,Jacob Wagner,2004,University of New Orleans,"Community Development, Historic Preservation, Planning History, Planning Theory",0EBm2zwAAAAJ,,,,https://researchgate.net/profile/Jacob_Wagner3,https://linkedin.com/in/jake-wagner-41a9026,,
787,Abigail,,Cochran,Abigail Cochran,2020,UC Berkeley,,sVLuMpMAAAAJ,,,,,,,
788,Yunwoo,,Nam,Yunwoo Nam,2004,University of Pennsylvania,,3jYiZjgAAAAJ,,,,,https://linkedin.com/in/yunwoo-nam-0107b48,,
789,Zhenghong,,Tang,Zhenghong Tang,2007,Texas A&M,,4wapXqYAAAAJ,,,,https://researchgate.net/profile/Zhenghong_Tang,https://linkedin.com/in/zhenghong-tang-90219a70,,
790,Renia,,Ehrenfeucht,Renia Ehrenfeucht,2006,UCLA,"Politics of Public Space Use, Social Production of the Built Environment, Public Participation, Politics of Urban Design, Public Space History",,,,,https://researchgate.net/profile/Renia_Ehrenfeucht,https://linkedin.com/in/renia-ehrenfeucht-1331357,,
791,Moises,,Gonzales,Moises Gonzales,2011,"University of Colorado, Denver","Urban Design, Urbanism of the Southwest, Design Visualization, Sustainable Urbanism",9D84p4QAAAAJ,,,,,https://linkedin.com/in/moises-gonzales-68a36046,,
792,Claudia,B.,Isaac,Claudia Isaac,1993,UCLA,"Community Development, Planning Theory, Latin American Planning, Gender and Development",,,,,https://researchgate.net/profile/Claudia_Isaac,https://linkedin.com/in/claudia-isaac-42aa877,,
793,Theodore,,Jojola,Theodore Jojola,1982,University of Hawaii,"Community Development, Indigenous Human Rights, Indigenous Planning, Tribal Economic Development, Microcomputer Applications in Education and Planning",,,,,,https://linkedin.com/in/ted-jojola-10314510,,
794,Caroline,E.,Scruggs,Caroline Scruggs,2012,Stanford University,"Environmental Policy, Public Health, Stakeholder Analysis, Chemicals in consumer products.",,,,,https://researchgate.net/profile/Caroline_Scruggs,https://linkedin.com/in/carolinescruggs,,
795,Lani,,Tsinnajinnie,Lani Tsinnajinnie,2020,New Mexico Tech,,,,,,,,,
796,Jennifer,,Tucker,Jennifer Tucker,2016,UC Berkeley,,4TDh378AAAAJ,,,,,,,
797,Monica,Teets,Farris,Monica Teets Farris,2002,University of New Orleans,,,,,,,,,
798,David,L.,Gladstone,David Gladstone,2001,Rutgers University,"Urban and Regional Development, Social Policy, Tourism Planning, Real Estate Development, International Development.",,,,,,,,
799,John,,Kiefer,John Kiefer,2001,Old Dominion University,,IXPeZWUAAAAJ,,,,,,,
800,Marla,K.,Nelson,Marla Nelson,2003,"University of Massachusetts, Amherst","Metropolitan Development Patterns, Planning Policy Analysis, Public Facilities Planning and Finance, Land Development impact Assessment, Public-private Partnerships for Real Estate Development, Applied Demographic and Economic Analysis, Projecting development Trends and Needs.",IDlEWUIAAAAJ,,,,https://researchgate.net/profile/Marla_Nelson/,https://linkedin.com/in/marla-nelson-aa097b1b,,
801,Bethany,M.,Stich,Bethany Stich,2006,Virginia Tech,"Transportation Policy, Economic Development, Maritime and Rail Transportation Planning.",kpqbdqAAAAAJ,,,,https://researchgate.net/profile/Bethany_Stich,https://linkedin.com/in/bethany-stich-b14a9477,,
802,Guang,,Tian,Guang Tian,2016,University of Utah,,1hU4dd8AAAAJ,,,,,,,
803,Tara,,Clapp,Tara Lynne Clapp,2003,USC,,dd2JyDIAAAAJ,,,,,,,
804,Rylan,,Graham,Rylan Graham,2019,University of Calgary,,bVXpJCYAAAAJ,,,,,,,
805,Mark,,Groulx,Mark Groulx,2015,University of Waterloo,,6Ya0ym4AAAAJ,,,,,,,
806,Theresa,,Healy,Theresa Healy,1999,Simon Fraser University,,,,,,,,,
807,John,C.,Harris,John Harris,2012,Florida State University,"Community Development, International Planning, and Urban Economics.",sQhmYNwAAAAJ,,,,,,,
808,Bryce,,Lowery,Bryce Lowery,2014,USC,"Environmental Planning, Geo-Design, Public Health, Spatial Inequality",qDjmiRoAAAAJ,,,,https://researchgate.net/profile/Bryce_Lowery,https://linkedin.com/in/bryce-lowery-09b26814,,
809,Charles,,Warnken,Charles Warnken,2003,Florida State University,"Economic Development, Land Use Planning",,,,,,,,
810,Anne,,Brown,Anne Brown,2018,UCLA,,X4Hp8ykAAAAJ,,,,,,,
811,Ben,,Clark,Ben Clark,2009,University of Georgia,,y-101_oAAAAJ,,,,,,,
812,Jordy,,Coutin,Jordy Coutin,2025,USC,,,,,,,,,
813,Patrick,,Hunnicut,Patrick Hunnicut,2022,UCSB,,,,,,,,,
814,Renee,,Irvin,Renee Irvin,1998,University of Washington,,65RhKbUAAAAJ,,,,,,,
815,Patricia,,Lambert,Patricia Lambert,2004,Ohio State University,,,,,,,,,
816,Laura,,Leete,Laura Leete,1992,Harvard University,,Lq2d16sAAAAJ,,,,,,,
817,Rebecca,C.,Lewis,Rebecca Lewis,2011,University of Maryland,"Land Use Policy, Sustainable Development, State and Local Finance.",DwCrbKMAAAAJ,,,,,https://linkedin.com/in/rebecca-lewis-6205934,,
818,Richard,D.,Margerum,Richard Margerum,1995,"University of Wisconsin, Madison","Environmental Planning and Management, Planning Processes, Collaborative Planning.",1Vu9j3oAAAAJ,,,,https://researchgate.net/profile/Richard_Margerum,,,
819,Dyana,,Mason,Dyana Mason,2014,USC,,NuvqUNQAAAAJ,,,,,,,
820,Jose,,Melendez,Jose Melendez,2016,"University of Illinois, Chicago",,O6FnPuEAAAAJ,,,,,,,
821,Nicole,,Ngo,Nicole Ngo,2013,Columbia University,,bsLcmGkAAAAJ,,,,,,,
822,Eleonora,,Redaelli,Eleonora Redaelli,2008,Ohio State University,,WLKF3cAAAAAJ,,,,,,,
823,Gerard,,Sandoval,Gerardo Sandoval,2007,UC Berkeley,"Economic and Community Development, Urban Revitalization, Immigrant Neighborhoods",,,,,,https://linkedin.com/in/gerardo-sandoval-113b1a31,,
824,Marc,,Schlossberg,Marc Schlossberg,2001,University of Michigan,"Geographic Information Systems, Social Planning, Transportation Planning",QS8xUxoAAAAJ,,,,https://researchgate.net/profile/Marc_Schlossberg,https://linkedin.com/in/marc-schlossberg-1148715,,
825,Yizhao,,Yang,Yizhao Yang,2007,Cornell University,"Environmental Planning, Sustainable Living Design and Analysis, Geographic Information Systems",,,,,https://researchgate.net/profile/Yizhao_Yang,,,
826,Francesca,,Ammon,Francesca Ammon,2012,Yale University,"Urban History, Built Forms.",ouQGyL8AAAAJ,,,,,,,
827,Eugenie,L.,Birch,Eugenie Birch,1975,Columbia University,"Planning History, Anchor Insitutions, Urban Development",VD8Apj4AAAAJ,,,,https://researchgate.net/profile/Eugenie_Birch,https://linkedin.com/in/eugenie-birch-08ba1710,,
828,Sanya,,Carley,Sanya Carley,2010,UNC,,62WhEF0AAAAJ,,,,,,,
829,Thomas,L.,Daniels,Thomas Daniels,1984,Oregon State University,"Environmental Planning, Land Use Planning, Land Preservation",f-lnktAAAAAJ,,,,https://researchgate.net/profile/Thomas_Daniels5,https://linkedin.com/in/tom-daniels-772b844,,
830,Elizabeth,,Delmelle,Elizabeth Delmelle,2012,"UNC, Charlotte",,BjewFecAAAAJ,,,,,,,
831,Xiaoxia,,Dong,Xiaoxia Dong,2020,University of Pennsylvania,,7oHYQMwAAAAJ,,,,,,,
832,Akira,,Drake-Rodriguez,Akira Drake Rodriguez,2014,Rutgers University,,SmnQ2pAAAAAJ,,,,,,,
833,Lance,,Freeman,Lance Freeman,1997,UNC,"Housing, Affordable Housing, Gentrification, Neighbhorhood Revitalization",KBd7ttQAAAAJ,,,,https://researchgate.net/profile/Lance_Freeman,https://linkedin.com/in/lance-freeman-16a0246,,
834,Jamaal,,Green,Jamaal Green,2019,Portland State University,,wFdKXXkAAAAJ,,,,,,,
835,Erick,,Guerra,Erick Guerra,2013,UC Berkeley,"Transportation Planning, International Transportation.",tLJUoA0AAAAJ,,,,,https://linkedin.com/in/erick-guerra-8522406,,
836,Allison,,Lassiter,Allison Lassiter,2015,UC Berkeley,,F_dlC5AAAAAJ,,,,,,,
837,Xiaojiang,,Li,Xiaojiang Li,2016,University of Connecticut,,DmlvbiMAAAAJ,,,,,,,
838,Zhongjie,,Lin,Zhongjie Lin,2005,University of Pennsylvania,,QiFgTZkAAAAJ,,,,,,,
839,Sarah,,Lopez,Sarah Lopez,2011,UC Berkeley,,,,,,,,,
840,Randall,,Mason,Randall Mason,2000,Columbia University,,itZCVfIAAAAJ,,,,,,,
841,Vincent,,Reina,Vincent Reina,2016,USC,"Urban Economics, Housing Policy, Mobility, Community and Economic Development",eC15r2EAAAAJ,,,,,,,
842,Megan,,Ryerson,Megan Ryerson,2010,UC Berkeley,"Transportation Planning, Freight and Air Planning.",JL54S94AAAAJ,,,,,https://linkedin.com/in/megan-s-ryerson-031b721,,
843,Lisa,,Servon,Lisa Servon,1995,UC Berkeley,,eVinatUAAAAJ,,,,,,,
844,Domenic,,Vitiello,Domenic Vitiello,2004,University of Pennsylvania,"Community and Economic Development, Immigration, Urban Agriculture",Fyr_MT0AAAAJ,,,,https://researchgate.net/profile/D_Vitiello,,,
845,Angeliz,Encarnación,Burgos,Angeliz Encarnacion Burgos,2016,"University of Texas, Austin",,CncYjd8AAAAJ,,,,,,,
846,Rafael,L.,Irizarry,Rafael Odlum,1981,Harvard University,,,,,,,,,
847,Criseida,,Navarro-Diaz,Criseida Navarro-Diaz,2005,MIT,,,,,,https://researchgate.net/profile/Criseida_Navarro-Diaz,https://linkedin.com/in/criseida-navarro-diaz-phd-01a7a946,,
848,Maritza,Barreto,Orta,Maritza Orta,1997,University of Puerto Rico,,,,,,,,,
849,Norma,I.,Peña-Rivera,Norma Peña-Rivera,2006,"University of Illinois, Chicago",,GhNpICQAAAAJ,,,,,,,
850,Raul,,Santiago-Bartolomei,Raul Santiago-Bartolomei,2019,USC,,gQsk-F0AAAAJ,,,,,,,
851,Ariam,,Torres-Cordero,Ariam Torres-Cordero,2022,"University of Illinois, Urbana-Champaign",,iHXEXv0AAAAJ,,,,,,,
852,Priscilla,,Ananian,Priscilla Ananian,2010,Catholic University of Louvain,,3em5Jf0AAAAJ,,,,,,,
853,Hélène,,Bélanger,Hélène Bélanger,2005,"INRS - Urbanisation, Culture et Societe (Institute National de la recherche scientifique)",,Kl1hf6oAAAAJ,,,,,,,
854,Guillaume,,Éthier,Guillaume Éthier,2012,University of Quebec in Montreal,,3aYAtfcAAAAJ,,,,,,,
855,Benoît,,Frate,Benoît Frate,2010,University of Ottawa,,,,,,,,,
856,Yona,,Jébrak,Yona Jébrak,2010,"INRS - Urbanisation, Culture et Societe (Institute National de la recherche scientifique)",,,,,,,,,
857,Ugo,,Lachapelle,Ugo Lachapelle,2010,University of British Columbia,,HipFEskAAAAJ,,,,,,,
858,Lucie,K.,Morisset,Lucie K.Morisset,1996,University of Bretagne Occidentale,,NW23feAAAAAJ,,,,,,,
859,Luc,,Noppen,Luc Noppen,2001,University of Quebec in Montreal,,aaDVBREAAAAJ,,,,,,,
860,Sophie,,Paquin,Sophie Paquin,2006,University of Quebec in Montreal,,Q9I0Mo8AAAAJ,,,,,,,
861,Sylvie,,Paré,Sylvie Paré,1998,Montreal University,,,,,,,,,
862,Florence,,Paulhiac,Florence Paulhiac,2002,"INRS - Urbanisation, Culture et Societe (Institute National de la recherche scientifique)",,,,,,,,,
863,Thi,Thanh Hiên,Pham,Thi Thanh Hiên Pham,2009,University of Sherbrooke,,P_RYmLkAAAAJ,,,,,,,
864,François,,Racine,François Racine,1998,Montreal University,,,,,,,,,
865,Juste,,Rajaonson,Juste Rajaonson,2017,University of Quebec in Montreal,,ZZE6WDwAAAAJ,,,,,,,
866,Michel,,Rochefort,Michel Rochefort,2001,University of Quebec in Montreal,,,,,,,,,
867,Georges,A.,Tanguay,Georges A.Tanguay,1998,University of Laval,,X300o5YAAAAJ,,,,,,,
868,Jill,A.E.,Blakley,Jill Blakley,2009,University of Saskatchewan,,nnfQsFAAAAAJ,,,,,,,
869,Ehab,,Diab,Ehab Diab,2015,McGill University,,GT_aYVEAAAAJ,,,,,,,
870,Robert,,Patrick,Robert Patrick,2007,University of Guelph,,,,,,,,,
871,Ryan,,Walker,Ryan Walker,2004,Queen's University,,,,,,,,,
872,Peng,,Chen,Peng Chen,2016,University of Washington,,rKagxSUAAAAJ,,,,,,,
873,Robin,,Ersing,Robin Ersing,2000,"University of New York, Buffalo",,cBkIw6wAAAAJ,,,,https://researchgate.net/profile/Robin_Ersing,https://linkedin.com/in/robin-ersing-8b616047,,
874,Youjung,,Kim,Youjung Kim,2019,Texas A&M,,t73xROEAAAAJ,,,,,,,
875,Evangeline,,Linkous,Evangeline Linkous,2012,University of Pennsylvania,,1UOH1jEAAAAJ,,,,,,,
876,Elizabeth,,Strom,Elizabeth Strom,1996,CUNY,,c_4ip-gAAAAJ,,,,,,,
877,Carolyn,,Ball,Carolyn Ball,1990,Purdue University,,NDDMft0AAAAJ,,,,,,,
878,Yuseung,,Kim,Yuseung Kim,2010,University of Colorado,"Urban design, GIS, landscape analysis, planning support systems",,,,,,https://linkedin.com/in/yu-seung-kim-b93ba05,,
879,Jianling,,Li,Jianling Li,1997,UCLA,Transportation Research and Planning; Geographic Information Systems (GIS); Intelligent Transportation Systems (ITS),,,,,,,,
880,Qisheng,,Pan,Qisheng Pan,2003,USC,,LkPJJDAAAAAJ,,,,,,,
881,Julene,,Paul,Julene Paul,2023,UCLA,,CzdEhGEAAAAJ,,,,,,,
882,Ariadna,,Reyes-Sanchez,Ariadna Reyes-Sanchez,2019,"University of Texas, Austin",,,,,,,,,
883,Malini,,Roy,Malini Roy,2023,Texas A&M,,araqOKEAAAAJ,,,,,,,
884,Deden,,Rukmana,Deden Rukmana,2006,Florida State University,"Housing and Community Development, Urban Planning, International Development and Planning, Homelessness and Poverty and Quantitative Methods.",mZYV-z0AAAAJ,,,,https://researchgate.net/profile/Deden_Rukmana,https://linkedin.com/in/dedenrukmana,,
885,Wei,,Zhai,Wei Zhai,2021,University of Florida,,Vz8kG8IAAAAJ,,,,,,,
886,Junfeng,,Jiao,Junfeng Jiao,2010,University of Washington,"urban informatics, transit/food deserts, shared mobility, and public health",7vjmZsIAAAAJ,,,,,https://linkedin.com/in/junfeng-jiao-6386b122,,
887,Alex,,Karner,Alex Karner,2012,"University of California, Davis",,YC_-mUAAAAAJ,,,,,,,
888,Katherine,,Lieberknecht,Katherine Lieberknecht,2007,Cornell University,,mF3IsbsAAAAJ,,,,,,,
889,Elizabeth,J.,Mueller,Elizabeth Mueller,1992,UC Berkeley,"Community Development, Housing & Poverty, Urban Politics, Qualitative Methods.",dRX7LuEAAAAJ,,,,https://researchgate.net/profile/Elizabeth_Mueller2,https://linkedin.com/in/elizabeth-mueller-37834a8,,
890,Michael,,Oden,Michael Oden,1992,New School for Social Research,"Economic Development Planning, Applied Planning Methods, Housing Policy, Regional Theory",,,,,,https://linkedin.com/in/michael-oden-5301a23a,,
891,Robert,G.,Paterson,Robert Paterson,2001,UNC,"Environmental Planning, Growth Management, Sustainable Community Development, Public Policy Dispute Resolution, Community Consensus Building",-v4CggQAAAAJ,,,,,,,
892,Gian Claudia,,Sciara,Gian Claudia Sciara,2009,UC Berkeley,,61a8w9EAAAAJ,,,,,,,
893,Bjorn,,Sletto,Bjorn Sletto,2006,Cornell University,"Geographic Information Systems, Planning in Latin America, Urban Environmental Analysis, Indigenous Cartographies",,,,,,https://linkedin.com/in/bjorn-sletto-bbb0028,,
894,Miriam,,Solis,Miriam Solis,2018,UC Berkeley,,Q2Ck504AAAAJ,,,,,https://www.linkedin.com/in/solism/,,
895,Jake,,Wegmann,Jake Wegmann,2014,UC Berkeley,,BG5iIkoAAAAJ,,,,,https://linkedin.com/in/jake-wegmann-b325aa3,,
896,Ming,,Zhang,Ming Zhang,2002,MIT,"Urban Transportation Planning, Urban Form and Travel Behavior, GIS Applications in Planning, International Planning",YKHNB98AAAAJ,,,,https://researchgate.net/profile/Ming_Zhang34,https://linkedin.com/in/mingzhang-yin-724ab8103,,
897,Ryun,Jung,Lee,Ryun Jung Lee,2018,Texas A&M,,A4CMrP0AAAAJ,,,,,,,
898,Esteban,López,Ochoa,Esteban López Ochoa,2016,"University of Illinois, Urbana-Champaign",,JW1waTwAAAAJ,,,,,,,
899,Bhuiyan,,Alam,Bhuiyan Alam,2005,Florida State University,"GIS Applications in Transportation, Environmental Planning, Urban and Regional Planning, Quantitative Methods/Spatial Statistics, Transportation Planning and Modeling, Regional Development",,,,,https://researchgate.net/profile/Bhuiyan_Alam,,,
900,Kevin,P.,Czajkowski,Kevin Czajkowski,1995,University of Michigan,"Remote Sensing, Computer Applications, Environmental Planning, GIS, Systems & Natural Resource Planning",QArBWJkAAAAJ,,,,https://researchgate.net/profile/Kevin_Czajkowski,https://linkedin.com/in/czajkowski-kevin-6313a412,,
901,Daniel,J.,Hammel,Daniel Hammel,1994,University of Minnesota,"Community and Economic Development Planning, Urban and Regional Economics, Housing",bP5JjE0AAAAJ,,,,,https://linkedin.com/in/dan-hammel-452054ba,,
902,Patrick,L.,Lawrence,Patrick Lawrence,1996,University of Waterloo,,,,,,https://researchgate.net/profile/Patrick_Lawrence2,,,
903,David,J.,Nemeth,David Nemeth,1984,UCLA,"Historic Preservation, Natural Resource Planning, Physical Planning, Urban Design",JNNCh48AAAAJ,,,,https://researchgate.net/profile/David_Nemeth,https://linkedin.com/in/nemeth-david-11385624,,
904,Neil,,Reid,Neil Reid,1991,Arizona State University,Demography & Economic Development Planning,Lp0BZI0AAAAJ,,,,https://researchgate.net/profile/Neil_Reid2,https://linkedin.com/in/neil-reid-b9188a10,,
905,Mary Beth,,Schlemper,Mary Schlemper,2003,"University of Wisconsin, Madison",Cultural and Historical Geography,,,,,https://researchgate.net/profile/M_Schlemper,,,
906,Sujata,,Shetty,Sujata Shetty,2003,University of Michigan,"Community and Economic Development Planning, Gender and Planning, International Development",,,,,https://researchgate.net/profile/Sujata_Shetty,https://linkedin.com/in/sujata-shetty-641a1310,,
907,Yanqing,,Xu,Yanqing Xu,2014,Louisiana State University,,M13ND-0AAAAJ,,,,,,,
908,Karen,,Chapple,Karen Chapple,2000,UC Berkeley,"Local Economic Development, Poverty, Metropolitan Planning",To-IxBoAAAAJ,,,,https://researchgate.net/profile/Karen_Chapple,https://linkedin.com/in/karen-chapple-7128476,,
909,Kanishka,,Goonewardena,Kanishka Goonewardena,1998,Cornell University,"Cultural Studies, Urban Planning Theory, Globalization",ovfmgh8AAAAJ,,,,https://researchgate.net/profile/Kanishka_Goonewardena,https://linkedin.com/in/kanishka-goonewardena-0aa127a,,
910,Paul,,Hess,Paul Hess,2001,University of Washington,"History of Planning, Travel Behavior, Urban Form Analysis",BE-kCpcAAAAJ,,,,https://researchgate.net/profile/Paul_Hess4,https://linkedin.com/in/paul-hess-743a578,,
911,Katharine,N.,Rankin,Katharine Rankin,1999,Cornell University,,,,,,,,,
912,Tyeshia,,Redden,Tyeshia Redden,2017,University of Florida,,sllHqKQAAAAJ,,,,,,,
913,Tim,,Ross,Tim Ross,2017,University of Toronto,,,,,,,,,
914,Matti,,Siemiatycki,Matti Siemiatycki,2006,University of British Columbia,"Transporttation Policy and Planning; Infrastructure Finance and Delivery; Community and Regional Planning Space and the Public Sphere, Urban Political Economy",,,,,,,,
915,Nidhi,,Subramanyam,Nidhi Subramanyam,2021,Cornell University,,B3QA-u4AAAAJ,,,,,,,
916,Michael,,Widener,Michael Widener,2012,"University at Buffalo, The State University of New York",,EIjB7f0AAAAJ,,,,,,,
917,Keith,,Bartholomew,Keith Bartholomew,1987,University of Oregon,"Environmental Planning, Land Use/Growth Management, Planning Law, Metropolitan/ Regional Planning",3QSbxggAAAAJ,,,,,https://linkedin.com/in/keith-bartholomew-a8a3b46,,
918,Arnab,,Chakraborty,Arnab Chakraborty,2007,University of Maryland,"Land Use, Scenario Planning, Participatory Planning, Smart Growth",,,,,https://researchgate.net/profile/Arnab_Chakraborty8,https://linkedin.com/in/arnabchakraborty,,
919,Divya,,Chandrasekhar,Divya Chandrasekhar,2010,"University of Illinois, Urbana-Champaign","Emergency Management Planning, Coastal Environmental Emergency Assessment & Modeling",QeE2MP0AAAAJ,,,,,,,
920,Reid,,Ewing,Reid Ewing,1978,MIT,,dyhRzZgAAAAJ,,,,,https://linkedin.com/in/reid-ewing-3aa78a30,,
921,Stacy,,Harwood,Stacy Harwood,2001,USC,"Neighborhood Planning, Community Development in Immigrant Communities, Qualitative Methods, Social Inequality and Social Planning",M7WLlCkAAAAJ,,,,,https://linkedin.com/in/stacy-harwood-13531365,,
922,Andy,,Hong,Andy Hong,2016,USC,,RzWxizkAAAAJ,,,,,,,
923,Aujean,,Lee,Aujean Lee,2018,UCLA,,1zQsUjsAAAAJ,,,,,,,
924,Alexandra,,Ponette-González,Alexandra Ponette-González,2009,Yale University,,saYhPjYAAAAJ,,,,,,,
925,Alessandro,,Rigolon,Alessandro Rigolon,2015,University of Colorado Denver,,NTTlUnoAAAAJ,,,,,,,
926,Timothy,,Beatley,Timothy Beatley,1986,UNC,"Sustainability, Environmental Planning, Food Systems, Natural Resource Planning",jNU-JocAAAAJ,,,,https://researchgate.net/profile/Tim_Beatley,https://linkedin.com/in/tim-beatley-3b290010,,
927,Andrew,,Mondschein,Andrew Mondschein,2012,UCLA,,J1oqHDsAAAAJ,,,,https://researchgate.net/profile/Andrew_Mondschein,https://linkedin.com/in/andrew-mondschein-77ab2493,,
928,Suzanne,Morse,Moomaw,Suzanne Morse Moomaw,1982,University of Alabama,,,,,,,https://linkedin.com/in/suzanne-moomaw-93146174,,
929,Andrea,,Roberts,Andrea Roberts,2016,"University of Texas, Austin",,arxHS-YAAAAJ,,,,,,,
930,Jennifer,,Roe,Jennifer Roe,1995,Heriot Watt University,,9hTL_nkAAAAJ,,,,,,,
931,Bev,,Wilson,Bev Wilson,2009,UNC,"Land Use and Environmental Planning and Policy; Growth Management; Spatial Analysis; GIS, Sustainability; Urban Simulation Modeling",-y4JRccAAAAJ,,,,https://researchgate.net/profile/Bev_Wilson,https://linkedin.com/in/bev-wilson-aicp-0a00545,,
932,Barbara,,Wilson,Barbara Wilson,2010,"University of Texas, Austin",,u93hCkgAAAAJ,,,,,,,
933,Daniel,B.,Abramson,Daniel Abramson,1998,Tsinghua University,,,,,,,https://linkedin.com/in/dan-abramson-7132866,,
934,Marina,,Alberti,Marina Alberti,1992,MIT,"Urban Ecology, Environmental Planning",sP0cHYgAAAAJ,,,,https://researchgate.net/profile/Marina_Alberti,https://linkedin.com/in/marina-alberti-b8111921,,
935,Christine,,Bae,Christine Bae,1994,USC,"Land Use, Transportation Planning, Analytical Techniques in Planning, Community Planning for Diverse Neighborhoods",,,,,https://researchgate.net/profile/Christine_Bae2,https://linkedin.com/in/christine-bae-17092ab,,
936,Rachel,,Berney,Rachel Berney,2008,UC Berkeley,,fNjo9pAAAAAJ,,,,,,,
937,Branden,,Born,Branden Born,2003,University of Wisconsin,"Land Use, Food Systems Planning, Planning Process & Social Justice",YgDubuQAAAAJ,,,,,https://linkedin.com/in/branden-born-8b5b543,,
938,Karen,,Chen,Karen Chen,2020,Aarhus University,,ALTsdGwAAAAJ,,,,,https://www.linkedin.com/in/tzu-hsin-karen-chen/,,
939,Sofia,,Dermisi,Sofia Dermisi,2002,Harvard University,,,,,,https://researchgate.net/profile/Sofia_Dermisi,https://linkedin.com/in/sofia-dermisi-1962185,,
940,Mark,,Purcell,Mark Purcell,1998,UCLA,"Urban Democracy, Urban Social Movements",Zk5yIpsAAAAJ,,,,,https://linkedin.com/in/mark-purcell-a5b11520,,
941,Qing,,Shen,Qing Shen,1993,UC Berkeley,"Urban Economics, Transportation Planning, Statistical Methods and Geographic Information Systems",gPnD5gYAAAAJ,,,,https://researchgate.net/profile/Qing_Shen9,https://linkedin.com/in/qing-shen-6534025,,
942,Dylan,,Stevenson,Dylan Stevenson,2023,Cornell University,,Jbuqs8IAAAAJ,,,,,https://www.linkedin.com/in/dmstevenson/,,
943,Jan,,Whittington,Jan Whittington,2008,UC Berkeley,"Infrastructure Development and Management, Transportation Project Delivery",K_llbN8AAAAJ,,,,https://researchgate.net/profile/Jan_Whittington,https://linkedin.com/in/jan-whittington-a6b68210,,
944,Martine,,August,Martine August,2014,University of Toronto,,JqcxamAAAAAJ,,,,,,,
945,Janice,,Barry,Janice Barry,2011,University of British Columbia,,DwtbmIgAAAAJ,,,,,,,
946,Jeff,,Casello,Jeff Casello,2003,University of Pennsylvania,"Urban transportation systems, Public transport system planning, design and operation, Multimodal transportation modeling, Transportation and land use impacts, Urban spatial analysis, GIS applications; Jointly appointed with Civil Engineering",,,,,https://researchgate.net/profile/Jeffrey_Casello,,,
947,Jennifer,,Dean,Jennifer Dean,2012,McMaster University,,CZ1SucoAAAAJ,,,,,,,
948,Brian,,Doucet,Brian Doucet,2010,Utrecth University,,VP_AYC4AAAAJ,,,,,,,
949,Michael,,Drescher,Michael Drescher,2003,Wageningen University,"forestry dynamics, environmental planning, simulation and forecasting, coupled human-natural systems in urbanizing regions",n3TldkEAAAAJ,,,,,https://linkedin.com/in/mdrescher,,
950,Robert,,Feick,Robert Feick,2000,University of Waterloo,,LEkOcDoAAAAJ,,,,,,,
951,Luna,,Khirfan,Luna Khirfan,2007,University of Michigan,"Urban design and place making, International development and comparative planning, Participatory planning, Historic preservation and cultural resource management, Museum studies",KiN6gZAAAAAJ,,,,https://researchgate.net/profile/Luna_Khirfan,https://linkedin.com/in/luna-khirfan-6779752b,,
952,Jane,,Law,Jane Law,2000,University of New Brunswick,"GIS and Public Health; Spatial Demography; Bayesian Spatial Analysis; Hierarchical Spatial Modeling and Analysis; Disease Mapping; Crime Mapping; Spatial/Environmental Epidemiology; Environmental Criminology; Healthy communities and the built environment; Neighbourhood/community effect; Health Geomatics, Land Information Systems; Jointly appointed with Health Studies and Gerontology",7a5DHmMAAAAJ,,,,,,,
953,John,,Lewis,John Lewis,2006,University of British Columbia,,,,,,,,,
954,Leia,,Minaker,Leia Minaker,2012,University of Alberta,,KpiNvAkAAAAJ,,,,,,,
955,Carrie,,Mitchell,Carrie Mitchell,2008,University of Toronto,,NZdIdD4AAAAJ,,,,,,,
956,Markus,,Moos,Markus Moos,2012,University of British Columbia,"housing markets, urban restructuring and sustainability, land use and real estate development",p5X4YggAAAAJ,,,,https://researchgate.net/profile/Markus_Moos/,,,
957,Dawn,C.,Parker,Dawn Parker,2000,UC Davis,,eg8HiDIAAAAJ,,,,,https://linkedin.com/in/christinaparker1,,
958,Katherine,,Perrott,Katherine Perrott,2018,University of Toronto,,I22I9DYAAAAJ,,,,,,,
959,Jeremy,,Pittman,Jeremy Pittman,2016,University of Waterloo,,eB55IYYAAAAJ,,,,,,,
960,Joe,,Qian,Joe Qian,2008,Texas A&M,,,,,,,,,
961,Mark,,Seasons,Mark Seasons,1989,University of Waterloo,"Urban and regional planning, Strategic planning, Policy and program evaluation, Local economic development, Public administration",,,,,https://researchgate.net/profile/Mark_Seasons,https://linkedin.com/in/mark-seasons-328b3112,,
962,Clarence,,Woudsma,Clarence Woudsma,2005,McMaster University,"Freight transportation and logistics - policy and practice, urban transportation policy issues, climate change and transportation, regulation/deregulation of transportation provision, urban freight planning and city logistics",ddWrU1MAAAAJ,,,,,https://linkedin.com/in/clarence-woudsma-208b3ab,,
963,Anna,,Bierbrauer,Anna Bierbrauer,2022,"University of Colorado, Denver",,,,,,,https://www.linkedin.com/in/anna-bierbrauer/,,
964,Wenwen,,Cheng,Wenwen Cheng,2020,Texas A&M,"Landscape Architecture, microclimatic, design, thermal comfort, human health",wO1LpmkAAAAJ,,,,,https://www.linkedin.com/in/wenwen-cheng-165609a3/,,
965,Kenneth,D.,Genskow,Kenneth Genskow,2001,"University of Wisconsin, Madison","Water Resources Policy, Watershed Planning, Collaborative Planning, Program Evaluation",TBvz3IUAAAAJ,,,,https://researchgate.net/profile/Kenneth_Genskow,https://linkedin.com/in/ken-genskow-2a8a8711,,
966,James,A.,Lagro,James Lagro,1991,Cornell University,"Sustainability of the Built Environment, Smart Growth Implementation, Climate Change Mitigation and Adaption, Urban Open Space Systems, Pedestrian Circulation Systems, Site Analysis and Planning, Landscape Ecology",8GlQHMMAAAAJ,,,,https://researchgate.net/profile/James_Lagro_Jr,https://linkedin.com/in/james-lagro-jr-31528a10,,
967,Edna,,Ledesma,Edna Ledesma,2018,Texas A&M,,70U7emgAAAAJ,,,,,,,
968,David,W.,Marcouiller,David Marcouiller,1992,Oklahoma State University,"Natural Amenity-Driven Development, Economics of Exurban Land Uses, Rural Resource Dependency, Integrative Tourism & Recreation Planning, Regional Science",ydzOUwcAAAAJ,,,,https://researchgate.net/profile/David_Marcouiller,https://linkedin.com/in/david-marcouiller-14569a45,,
969,Carolyn,,McAndrews,Carolyn McAndrews,2006,UC Berkeley,"Transportation Planning, Policy, and Design, Comparative International Development and Transportation, Public Participation, Public Health, Safety, and the Social Determinants of Health.",-x9OGtsAAAAJ,,,,,,,
970,Alfonso,,Morales,Alfonso Morales,1993,Northwestern University,"Markets and Food Systems, Community Development, Social, Political and Economic Contexts of Planning Processes, Qualitative Methods",_m9LetFspOUC,,,,,https://linkedin.com/in/alfonso-morales-53aa289,,
971,Kurt,G.,Paulsen,Kurt Paulsen,2004,Rutgers University,"Land Use and Comprehensive Planning, Quantitative Methods, Spatial Analysis, Public Finance, Housing",,,,,,https://linkedin.com/in/kurt-paulsen-a0437923,,
972,Revel,,Sims,Revel Sims,2014,UCLA,,PVPzSb8AAAAJ,,,,,,,
973,Gaylan,,Williams,Gaylan Williams,2022,Southern University and A&M College,,,,,,,https://www.linkedin.com/in/gaylan-williams-90095627/,,
974,Carolyn,,Esswein,Carolyn Esswein,1994,"University of Wisconsin, Milwaukee",,,,,,,,,
975,Kirk,E.,Harris,Kirk Harris,1992,Cornell University,,,,,,https://researchgate.net/profile/Kirk_Harris,https://linkedin.com/in/dr-kirk-e-harris-06410912,,
976,Lauren,,Nolan,Lauren Nolan,2025,Rutgers University,,WQ_yR-YAAAAJ,,,,,,,
977,Robert,,Schneider,Robert Schneider,2011,UC Berkeley,,IDOfbMYAAAAJ,,,,https://researchgate.net/profile/Robert_Schneider22/,https://linkedin.com/in/robertjschneider,,
978,Marlon,,Boarnet,Marlon Boarnet,1992,Princeton University,"Transportation Planning, Economic Development, Urban Economics",j0TAsZAAAAAJ,,,,https://researchgate.net/profile/Marlon_Boarnet,https://linkedin.com/in/marlon-boarnet-6875ba6,,
979,Geoff,,Boeing,Geoff Boeing,2017,UC Berkeley,,xaKBPQQAAAAJ,,,,,,,
980,Santina,,Contreras,Santina Contreras,2016,UC Irvine,"Urban Planning, International Development, Natural Hazards",OozbhUgAAAAJ,,,,,,,
981,Elizabeth,,Currid-Halkett,Elizabeth Currid-Halkett,2006,Columbia University,,E9il5l0AAAAJ,,,,,,,
982,Jorge,,De La Roca,Jorge de la Roca,2012,CEMFI,,6PhMbRIAAAAJ,,,,,,,
983,Genevieve,,Giuliano,Genevieve Giuliano,1980,UC Irvine,"Transportation Planning and Policy, Urban/Regional Economics, Land Use/Growth Management",3g76V9YAAAAJ,,,,,https://linkedin.com/in/genevieve-giuliano-853436a,,
984,Richard,,Green,Richard Green,1990,"University of Wisconsin, Madison",,dzGevgIAAAAJ,,,,,,,
985,Eric,J.,Heikkila,Eric Heikkila,1986,University of British Columbia,"International Development and Planning, Urban and Regional Economics, Metropolitan/Regional Planning",UiKzYNMAAAAJ,,,,https://researchgate.net/profile/Eric_Heikkila,,,
986,Annette,M.,Kim,Annette Kim,2002,UC Berkeley,,fWC-YFcAAAAJ,,,,,,,
987,Dowell,,Myers,Dowell Myers,1981,MIT,"Demography, Housing, Planning Theory, Race/Ethnicity and Planning, Land Use/Growth Management",sD5jAUAAAAAJ,,,,https://researchgate.net/profile/Dowell_Myers,https://linkedin.com/in/dowell-myers-35084014,,
988,Gary,Dean,Painter,Gary Painter,1996,UC Berkeley,,Cb-z1MwAAAAJ,,,,,,,
989,Christian,L.,Redfearn,Christian Redfearn,2000,UC Berkeley,,vmdRIzYAAAAJ,,,,https://researchgate.net/profile/Christian_Redfearn,https://linkedin.com/in/christian-redfearn-2127a097,,
990,Lisa,,Schweitzer,Lisa Schweitzer,2004,UCLA,"Transportation Planning and Policy, Environmental Planning",7DARvqwAAAAJ,,,,https://researchgate.net/profile/Lisa_Schweitzer,https://linkedin.com/in/lisa-schweitzer-987b0614,,
991,David,C.,Sloane,David Sloane,1984,Syracuse University,,Cmsrsv8AAAAJ,,,,https://researchgate.net/profile/David_Sloane2,https://linkedin.com/in/david-sloane-23606a34,,
992,Lois,,Takahashi,Lois Takahashi,1992,USC,,7uu9O28AAAAJ,,,,,,,
993,John,J.,Accordino,John Accordino,1987,MIT,"Economic Development Planning, Commercial District Revitalization, Community Development, European Planning",,,,,,,,
994,Xueming,,Chen,Xueming Chen,1991,USC,,4MFlCpQAAAAJ,,,,,,,
995,Meghan,,Gough,Meghan Gough,2008,Ohio State University,"Planning Theory and Processes, Citizen Participation, Sustainable Development, Regional Cooperation",FwdCDX0AAAAJ,,,,,https://linkedin.com/in/meghanzgough,,
996,Elsie,,Harper-Anderson,Elsie Harper-Anderson,2002,UC Berkeley,"Workforce Development, Economic Development, and Social Program Evaluation",FCIgaFcAAAAJ,,,,https://researchgate.net/profile/Elsie_Harper-Anderson,https://linkedin.com/in/drelsieharperanderson,,
997,Damian,,Pitt,Damian Pitt,2009,Virginia Tech,"Land Use and Environmental Planning; Sustainable Urban Development, Energy and Climate Policy",1hIl3F4AAAAJ,,,,,https://linkedin.com/in/damian-pitt-53a9267,,
998,Sarah,,Raskin,Sarah Raskin,2015,University of Arizona,,Ok_y4wcAAAAJ,,,,,,,
999,James,,Smither,James Smither,2005,University of Melbourne,,,,,,,,,
1000,Shruti,,Syal,Shruti Syal,2019,Universirty of Illinois at Urbana Champaign,,5yFqkpIAAAAJ,,,,,,,
1001,Benjamin,,Teresa,Benjamin Teresa,2015,Rutgers University,,,,,,,,,
1002,Niraj,,Verma,Niraj Verma,1991,UC Berkeley,"Planning Theory, Urban Planning and Management",,,,,,https://linkedin.com/in/niraj-verma-2659aa95,,
1003,David,,Bieri,David Bieri,2010,Virginia Tech,"Real Estate Finance, Urban Economics",l_KyksEAAAAJ,,,,,https://linkedin.com/in/david-bieri-a586262,,
1004,Ralph,,Buehler,Ralph Buehler,2008,Rutgers University,"Transportation Policy and Planning, Land Use, Energy, and Regional Governance",woKkxz0AAAAJ,,,,,https://linkedin.com/in/ralph-buehler-94959061,,
1005,Maggie,,Cowell,Maggie Cowell,2010,Cornell University,,2_RsG9IAAAAJ,,,,,,,
1006,Ralph,P.,Hall,Ralph Hall,2006,MIT,,aydS2XsAAAAJ,,,,https://researchgate.net/profile/Ralph_Hall4,https://linkedin.com/in/ralphphall,,
1007,Steve,C.,Hankey,Steve Hankey,2014,University of Minnesota,"Transportation, Air Pollution, Climate Change, Environment and Health",HLK7uAkAAAAJ,,,,,https://linkedin.com/in/shankey,,
1008,Shalini,,Misra,Shalini Misra,2010,UC Irvine,,ayTL4a0AAAAJ,,,,,https://linkedin.com/in/shalini-misra-6b807a9a,,
1009,Todd,,Schenk,Todd Schenk,2015,MIT,,1-CwLYIAAAAJ,,,,,,,
1010,Max,O.,Stephenson,Max Stephenson,1985,University of Virginia,"Public Administration, Policy Implementation, Nonprofit Organizations & Management",Pbk2fbEAAAAJ,,,,https://researchgate.net/profile/Max_Stephenson/,,,
1011,Paroma,,Wagle,Paroma Wagle,2020,UC Irvine,,Qfm-WKEAAAAJ,,,,,,,
1012,Dara,,Wald,Dara Wald,2012,University of Florida,,ZCofoaAAAAAJ,,,,,,,
1013,Diane,L.,Zahm,Diane Zahm,1986,Syracuse University,"Crime & Terrorism Prevention/Homeland Security, Environmental Design, Neighborhood Planning, Land Use Planning",,,,,,https://linkedin.com/in/diane-zahm-9a834a18,,
1014,Yang,,Zhang,Yang Zhang,2006,Texas A&M,"Urban Land Use Planning, natural Hazards Mitigation, Post Disaster Re-development, and Sustainable Urban Form, Geographic Information Systems",,,,,,https://linkedin.com/in/yang-zhang-40232a35,,
1015,Eric,,Bettis,Eric Bettis,2023,University of Michigan,,,,,,,,,
1016,Patrick,,Cooper-McCann,Patrick Cooper-McCann,2019,University of Michigan,,5Wm29jgAAAAJ,,,,,,,
1017,Andrew,,Guinn,Andrew Guinn,2019,UNC,,-jw3EdQAAAAJ,,,,,,,
1018,Carolyn,G.,Loh,Carolyn Loh,2008,University of Michigan,"Land Use, Growth Management, Planning Methods, GIS",RjhjeEEAAAAJ,,,,,https://linkedin.com/in/carolyn-loh-5a812343,,
1019,Rayman,,Mohamed,Rayman Mohamed,2002,Cornell University,,,,,,,,,
1020,Kami,,Pothukuchi,Kami Pothukuchi,1995,University of Michigan,,5nx_sdAAAAAJ,,,,,,,
1021,Gary,W.,Coutu,Gary Coutu,2001,Texas A&M,"GIS, Watershed Analysis, Remote Sensing",,,,,,https://linkedin.com/in/gary-coutu-44969452,,
1022,Dorothy,Ives,Dewey,Dorothy Dewey,1997,University of Pennsylvania,"Land Use Planning, GIS",ybNYWkgAAAAJ,,,,,https://linkedin.com/in/dorothy-ives-dewey-a202012,,
1023,Joy,A.,Fritschle,Joy Fritschle,2007,"University of Wisconsin, Madison","Biogeography, Environmental Planning, GIS",pC7ynw8AAAAJ,,,,,https://linkedin.com/in/joyfritschle,,
1024,Megan,L.,Heckert,Megan Heckert,2012,Temple University,,AnI_WTkAAAAJ,,,,,,,
1025,Matin,,Katirai,Matin Katirai,2009,University of Louisville,"Urban Planning, Business GIS, Public Health, Transportation",iKgl46QAAAAJ,,,,,https://linkedin.com/in/matin-katirai-phd-mph-gisp-994672106,,
1026,Jongwoong,,Kim,Jongwoong Kim,2017,University of Cincinnati,,,,,,,,,
1027,Joan,M.,Welch,Joan Welch,1990,Boston University,"Physical, Conservation, Environmental Planning",,,,,,,,
1028,Nabil,,Kamel,Nabil Kamel,2004,UCLA,,,,,,,,,
1029,Tamara,,Laninga,Tamara Laninga,2005,"University of Colorado, Denver",,,,,,,,,
1030,Jean,,Melious,Jean Melious,1984,University of Edinburgh,,,,,,,,,
1031,Paul,,Stangl,Paul Stangl,2001,"University of Texas, Austin",,ra5uAdYAAAAJ,,,,,,,
1032,Nicholas,,Zaferatos,Nicholas Zaferatos,1996,University of Washington,,Amz2TKIAAAAJ,,,,,,,
1033,Carsten,,Braun,Carsten Braun,2006,"University of Massachusetts, Amherst",,,,,,https://researchgate.net/profile/Carsten_Braun2,,,
1034,Brian,,Conz,Brian Conz,2008,"University of Massachusetts, Amherst",,,,,,,https://linkedin.com/in/brian-conz-16586231,,
1035,Alina,,Gross,Alina Gross,2014,"University of Massachusetts, Amherst",,,,,,,,,
1036,Timothy,,LeDoux,Timothy LeDoux,2013,Michigan State University,,vJiwFDMAAAAJ,,,,https://researchgate.net/profile/Timothy_Ledoux2,,,
1037,Samuel,,Ndegeah,Samuel Ndegeah,2015,University of Idaho,,,,,,,,,
1038,Dristi,,Neog,Dristi Neog,2009,Florida State University,,,,,,,https://linkedin.com/in/dristi-neog-b8761978,,
1039,Martin,,Bunch,Martin Bunch,2000,University of Waterloo,,rYlme9cAAAAJ,,,,,,,
1040,Jennifer,J.,Foster,Jennifer Foster,2006,York University,,EfIEhvkAAAAJ,,,,,,,
1041,Mahtot,,Gebresselassie,Mahtot Gebresselassie,2022,Virginia Tech,,AZa4JiYAAAAJ,,,,,,,
1042,Liette,,Gilbert,Liette Gilbert,1999,UCLA,,SqrsKgQAAAAJ,,,,,,,
1043,Roger,H.,Keil,Roger Keil,1992,Goethe University Frankfurt,,t6bK08gAAAAJ,,,,,,,
1044,Stefan,,Kipfer,Stefan Kipfer,2004,York University,,,,,,,,,
1045,Ute,A.,Lehrer,Ute Lehrer,2002,UCLA,,GDyHr80AAAAJ,,,,,,,
1046,Peter,R.,Mulvihill,Peter Mulvihill,1997,Universite de Montreal,,,,,,,,,
1047,Luisa,,Sotomayor,Luisa Sotomayor,2014,University of Toronto,,iU6GPuEAAAAJ,,,,,,,
1048,Laura,E.,Taylor,Laura Taylor,2007,University of Toronto,,3yiEgloAAAAJ,,,,,,,
1049,Mark,S.,Winfield,Mark Winfield,1992,University of Toronto,,VRqom1AAAAAJ,,,,,,,
