person_id,source,collected_at,total_citations,h_index,i10_index,citations_5yr,h_index_5yr,works_count,raw_json
5,pop,2026-09-13,401,20,,,,,"{""workbook_row"": {""Name"": ""Joyce Pressley"", ""Year"": 1994, ""Cites2017"": 401, ""%Cites2017"": 0.301, ""%Rank"": 0.571, ""H-Index"": 20, ""%RankH"": 0.664, ""CurrentSchool"": ""Alabama A&M University"", ""Position"": ""Assistant Professor"", ""PhDYear"": 1994, ""PhDSchool"": ""University of Pennsylvania"", ""Years"": 31, ""CY2017"": 12.935483870967742, ""First"": ""Joyce"", ""Last"": ""Pressley""}}"
7,pop,2026-09-13,1,1,,,,,"{""workbook_row"": {""Name"": ""Chris Quattro"", ""Year"": 2023, ""Cites2017"": 1, ""%Cites2017"": 0, ""%Rank"": 0, ""H-Index"": 1, ""%RankH"": 0, ""CurrentSchool"": ""Appalachian State University"", ""Position"": ""Assistant Professor"", ""PhDYear"": 2023, ""PhDSchool"": ""University of Pennsylvania"", ""Years"": 2, ""CY2017"": 0.5, ""First"": ""Chris"", ""Last"": ""Quattro""}}"
8,pop,2026-09-13,774,12,,,,,"{""workbook_row"": {""Name"": ""Elizabeth Shay"", ""Year"": 2007, ""Cites2017"": 774, ""%Cites2017"": 0.457, ""%Rank"": 0.478, ""H-Index"": 12, ""%RankH"": 0.409, ""CurrentSchool"": ""Appalachian State University"", ""Position"": ""Associate Professor"", ""PhDYear"": 2007, ""PhDSchool"": ""UNC"", ""Years"": 18, ""CY2017"": 43, ""First"": ""Elizabeth"", ""Last"": ""Shay""}}"
31,pop,2026-09-13,909,15,,,,,"{""workbook_row"": {""Name"": ""Michael Burayidi"", ""Year"": 1993, ""Cites2017"": 909, ""%Cites2017"": 0.485, ""%Rank"": 0.264, ""H-Index"": 15, ""%RankH"": 0.516, ""CurrentSchool"": ""Ball State University"", ""Position"": ""Professor"", ""PhDYear"": 1993, ""PhDSchool"": ""University of Louisville"", ""Years"": 32, ""First"": ""Michael"", ""Middle"": ""A."", ""Last"": ""Burayidi"", ""Interests"": ""Land Use Planning, Economic Development, Comparative Planning Systems, Housing and Real Estate Development."", ""LinkedIn"": ""https://linkedin.com/in/michael-burayidi-a382b210""}}"
33,pop,2026-09-13,8,1,,,,,"{""workbook_row"": {""Name"": ""Scott Truex"", ""Year"": 1982, ""Cites2017"": 8, ""%Cites2017"": 0.02, ""%Rank"": 0.024, ""H-Index"": 1, ""%RankH"": 0, ""CurrentSchool"": ""Ball State University"", ""Position"": ""Associate Professor"", ""PhDYear"": 1982, ""PhDSchool"": ""Ball State University"", ""Years"": 43, ""CY2017"": 0.18604651162790697, ""First"": ""Scott"", ""Middle"": ""I."", ""Last"": ""Truex"", ""Interests"": ""Urban Design, Community Design & Sustainable Development Practices"", ""LinkedIn"": ""https://linkedin.com/in/scott-truex-0298a72""}}"
34,pop,2026-09-13,80,3,,,,,"{""workbook_row"": {""Name"": ""John West"", ""Year"": 2015, ""Cites2017"": 80, ""%Cites2017"": 0.1, ""%Rank"": 0.2, ""H-Index"": 3, ""%RankH"": 0.051, ""CurrentSchool"": ""Ball State University"", ""Position"": ""Assistant Professor"", ""PhDYear"": 2015, ""PhDSchool"": ""Columbia University"", ""Years"": 10, ""CY2017"": 8, ""First"": ""John"", ""Last"": ""West""}}"
35,pop,2026-09-13,321,7,,,,,"{""workbook_row"": {""Name"": ""Sanglim Yoo"", ""Year"": 2012, ""Cites2017"": 321, ""%Cites2017"": 0.266, ""%Rank"": 0.233, ""H-Index"": 7, ""%RankH"": 0.218, ""CurrentSchool"": ""Ball State University"", ""Position"": ""Associate Professor"", ""PhDYear"": 2012, ""PhDSchool"": ""SUNY College of Environmental Science and Forestry"", ""Years"": 13, ""CY2017"": 24.692307692307693, ""First"": ""Sanglim"", ""Last"": ""Yoo"", ""ResearchGate"": ""https://researchgate.net/profile/Sanglim_Yoo"", ""LinkedIn"": ""https://linkedin.com/in/sanglim-yoo-19946626""}}"
36,pop,2026-09-13,1,1,,,,,"{""workbook_row"": {""Name"": ""Dina Adbulkarim"", ""Year"": 2012, ""Cites2017"": 1, ""%Cites2017"": 0, ""%Rank"": 0, ""H-Index"": 1, ""%RankH"": 0, ""CurrentSchool"": ""Cal Poly, Pomona"", ""Position"": ""Associate Professor"", ""PhDYear"": 2012, ""PhDSchool"": ""Ohio State University"", ""Years"": 13, ""CY2017"": 0.07692307692307693, ""First"": ""Dina"", ""Last"": ""Adbulkarim""}}"
37,pop,2026-09-13,95,3,,,,,"{""workbook_row"": {""Name"": ""So-Ra Baek"", ""Year"": 2013, ""Cites2017"": 95, ""%Cites2017"": 0.113, ""%Rank"": 0.109, ""H-Index"": 3, ""%RankH"": 0.051, ""CurrentSchool"": ""Cal Poly, Pomona"", ""Position"": ""Associate Professor"", ""PhDYear"": 2013, ""PhDSchool"": ""University of Washington"", ""Years"": 12, ""CY2017"": 7.916666666666667, ""First"": ""So-Ra"", ""Last"": ""Baek"", ""Interests"": ""Demography and statistics for planning, GIS for planning, research approaches to planning, and local transportation planning""}}"
47,pop,2026-09-13,535,8,,,,,"{""workbook_row"": {""Name"": ""Kelly Main"", ""Year"": 2007, ""Cites2017"": 535, ""%Cites2017"": 0.364, ""%Rank"": 0.351, ""H-Index"": 8, ""%RankH"": 0.261, ""CurrentSchool"": ""Cal Poly, San Luis Obispo"", ""Position"": ""Associate Professor"", ""PhDYear"": 2007, ""PhDSchool"": ""UCLA"", ""Years"": 18, ""CY2017"": 29.72222222222222, ""First"": ""Kelly"", ""Last"": ""Main"", ""Interests"": ""Community Planning, Land Use Planning, Public Realm, Cultural Aspects of Planning, Place Attachment"", ""LinkedIn"": ""https://linkedin.com/in/kelly-main-a545a341""}}"
48,pop,2026-09-13,470,11,,,,,"{""workbook_row"": {""Name"": ""Cornelius Nuworsoo"", ""Year"": 2004, ""Cites2017"": 470, ""%Cites2017"": 0.336, ""%Rank"": 0.155, ""H-Index"": 11, ""%RankH"": 0.374, ""CurrentSchool"": ""Cal Poly, San Luis Obispo"", ""Position"": ""Professor"", ""PhDYear"": 2004, ""PhDSchool"": ""UC Berkeley"", ""Years"": 21, ""CY2017"": 22.38095238095238, ""First"": ""Cornelius"", ""Last"": ""Nuworsoo"", ""Interests"": ""Transportation Engineering, Transportation and Land Use Planning, Quantitative Methods in Planning"", ""ResearchGate"": ""https://researchgate.net/profile/Cornelius_Nuworsoo""}}"
49,pop,2026-09-13,1,1,,,,,"{""workbook_row"": {""Name"": ""Ryan Sandwick"", ""Year"": 2013, ""Cites2017"": 1, ""%Cites2017"": 0, ""%Rank"": 0, ""H-Index"": 1, ""%RankH"": 0, ""CurrentSchool"": ""Cal Poly, San Luis Obispo"", ""Position"": ""Assistant Professor"", ""PhDYear"": 2013, ""PhDSchool"": ""University of Glasgow"", ""Years"": 12, ""CY2017"": 0.08333333333333333, ""First"": ""Ryan"", ""Last"": ""Sandwick""}}"
51,pop,2026-09-13,1,1,,,,,"{""workbook_row"": {""Name"": ""Miriam Giottonini-Badilla"", ""Year"": 2018, ""Cites2017"": 1, ""%Cites2017"": 0, ""%Rank"": 0, ""H-Index"": 1, ""%RankH"": 0, ""CurrentSchool"": ""California State University, Northridge"", ""Position"": ""Associate Professor"", ""PhDYear"": 2018, ""PhDSchool"": ""UCLA"", ""Years"": 7, ""CY2017"": 0.14285714285714285, ""First"": ""Miriam"", ""Last"": ""Giottonini-Badilla""}}"
53,pop,2026-09-13,28,4,,,,,"{""workbook_row"": {""Name"": ""Craig Olwert"", ""Year"": 2010, ""Cites2017"": 28, ""%Cites2017"": 0.051, ""%Rank"": 0.007, ""H-Index"": 4, ""%RankH"": 0.09, ""CurrentSchool"": ""California State University, Northridge"", ""Position"": ""Professor"", ""PhDYear"": 2010, ""PhDSchool"": ""Ohio State University"", ""Years"": 15, ""CY2017"": 1.8666666666666667, ""First"": ""Craig"", ""Last"": ""Olwert"", ""Interests"": ""Urban Economics, Sustainability, Environmental Planning, City Form, GIS, Quantitative Methods"", ""LinkedIn"": ""https://linkedin.com/in/craig-olwert-84357b6""}}"
54,pop,2026-09-13,407,6,,,,,"{""workbook_row"": {""Name"": ""Ward Thomas"", ""Year"": 1997, ""Cites2017"": 407, ""%Cites2017"": 0.304, ""%Rank"": 0.143, ""H-Index"": 6, ""%RankH"": 0.173, ""CurrentSchool"": ""California State University, Northridge"", ""Position"": ""Professor"", ""PhDYear"": 1997, ""PhDSchool"": ""UCLA"", ""Years"": 28, ""CY2017"": 14.535714285714286, ""First"": ""Ward"", ""Last"": ""Thomas"", ""Interests"": ""Economic Development, Public Policy Analysis, Environmental Planning""}}"
55,pop,2026-09-13,465,10,,,,,"{""workbook_row"": {""Name"": ""Zeynep Toker"", ""Year"": 2004, ""Cites2017"": 465, ""%Cites2017"": 0.331, ""%Rank"": 0.15, ""H-Index"": 10, ""%RankH"": 0.335, ""CurrentSchool"": ""California State University, Northridge"", ""Position"": ""Professor"", ""PhDYear"": 2004, ""PhDSchool"": ""North Carolina State University"", ""Years"": 21, ""CY2017"": 22.142857142857142, ""First"": ""Zeynep"", ""Last"": ""Toker"", ""Interests"": ""Community Participation, Research Based Urban Design, Housing and Gender in Planning, Research Methods"", ""ResearchGate"": ""https://researchgate.net/profile/Zeynep_Aytug3""}}"
60,pop,2026-09-13,323,9,,,,,"{""workbook_row"": {""Name"": ""Roland Anglin"", ""Year"": 1991, ""Cites2017"": 323, ""%Cites2017"": 0.268, ""%Rank"": 0.123, ""H-Index"": 9, ""%RankH"": 0.292, ""CurrentSchool"": ""Cleveland State University"", ""Position"": ""Professor"", ""PhDYear"": 1991, ""PhDSchool"": ""University of Chicago"", ""Years"": 34, ""CY2017"": 9.5, ""First"": ""Roland"", ""Last"": ""Anglin""}}"
66,pop,2026-09-13,175,4,,,,,"{""workbook_row"": {""Name"": ""Hugo Sarmiento"", ""Year"": 2023, ""Cites2017"": 175, ""%Cites2017"": 0.188, ""%Rank"": 0.382, ""H-Index"": 4, ""%RankH"": 0.09, ""CurrentSchool"": ""Columbia University"", ""Position"": ""Assistant Professor"", ""PhDYear"": 2023, ""PhDSchool"": ""UCLA"", ""Years"": 2, ""CY2017"": 87.5, ""First"": ""Hugo"", ""Last"": ""Sarmiento""}}"
72,pop,2026-09-13,925,11,,,,,"{""workbook_row"": {""Name"": ""Nancy Brooks"", ""Year"": 1995, ""Cites2017"": 925, ""%Cites2017"": 0.49, ""%Rank"": 0.524, ""H-Index"": 11, ""%RankH"": 0.374, ""CurrentSchool"": ""Cornell University"", ""Position"": ""Associate Professor"", ""PhDYear"": 1995, ""PhDSchool"": ""University of Pennsylvania"", ""Years"": 30, ""CY2017"": 30.833333333333332, ""First"": ""Nancy"", ""Last"": ""Brooks""}}"
76,pop,2026-09-13,95,6,,,,,"{""workbook_row"": {""Name"": ""Jeffrey Chusid"", ""Year"": 1982, ""Cites2017"": 95, ""%Cites2017"": 0.113, ""%Rank"": 0.109, ""H-Index"": 6, ""%RankH"": 0.173, ""CurrentSchool"": ""Cornell University"", ""Position"": ""Associate Professor"", ""PhDYear"": 1982, ""PhDSchool"": ""UC Berkeley"", ""Years"": 43, ""CY2017"": 2.2093023255813953, ""First"": ""Jeffrey"", ""Last"": ""Chusid"", ""Interests"": ""Historic Preservation Design & Planning, Architecture, Cultural Landscapes"", ""LinkedIn"": ""https://linkedin.com/in/jeffrey-chusid-466bb0ba""}}"
89,pop,2026-09-13,708,13,,,,,"{""workbook_row"": {""Name"": ""Patricia Manuel"", ""Year"": 1992, ""Cites2017"": 708, ""%Cites2017"": 0.427, ""%Rank"": 0.215, ""H-Index"": 13, ""%RankH"": 0.45, ""CurrentSchool"": ""Dalhousie University"", ""Position"": ""Professor"", ""PhDYear"": 1992, ""PhDSchool"": ""Dalhousie University"", ""Years"": 33, ""CY2017"": 21.454545454545453, ""First"": ""Patricia"", ""Last"": ""Manuel""}}"
94,pop,2026-09-13,78,2,,,,,"{""workbook_row"": {""Name"": ""Andrew Jacobs"", ""Year"": 1999, ""Cites2017"": 78, ""%Cites2017"": 0.096, ""%Rank"": 0.024, ""H-Index"": 2, ""%RankH"": 0.024, ""CurrentSchool"": ""East Carolina University"", ""Position"": ""Professor"", ""PhDYear"": 1999, ""PhDSchool"": ""Michigan State University"", ""Years"": 26, ""CY2017"": 3, ""First"": ""Andrew"", ""Last"": ""Jacobs""}}"
97,pop,2026-09-13,29,2,,,,,"{""workbook_row"": {""Name"": ""Heather Khan-Welsh"", ""Year"": 2008, ""Cites2017"": 29, ""%Cites2017"": 0.053, ""%Rank"": 0.012, ""H-Index"": 2, ""%RankH"": 0.024, ""CurrentSchool"": ""Eastern Michigan University"", ""Position"": ""Professor"", ""PhDYear"": 2008, ""PhDSchool"": ""Florida State University"", ""Years"": 17, ""CY2017"": 1.7058823529411764, ""First"": ""Heather"", ""Last"": ""Khan-Welsh""}}"
98,pop,2026-09-13,7,2,,,,,"{""workbook_row"": {""Name"": ""RJ Koscielniak"", ""Year"": 2020, ""Cites2017"": 7, ""%Cites2017"": 0.018, ""%Rank"": 0.021, ""H-Index"": 2, ""%RankH"": 0.024, ""CurrentSchool"": ""Eastern Michigan University"", ""Position"": ""Associate Professor"", ""PhDYear"": 2020, ""PhDSchool"": ""University of Michigan"", ""Years"": 5, ""CY2017"": 1.4, ""First"": ""RJ"", ""Last"": ""Koscielniak""}}"
100,pop,2026-09-13,90,5,,,,,"{""workbook_row"": {""Name"": ""Margo Hill"", ""Year"": 1998, ""Cites2017"": 90, ""%Cites2017"": 0.106, ""%Rank"": 0.032, ""H-Index"": 5, ""%RankH"": 0.129, ""CurrentSchool"": ""Eastern Washington"", ""Position"": ""Professor"", ""PhDYear"": 1998, ""PhDSchool"": ""Gonzaga University"", ""Years"": 27, ""CY2017"": 3.3333333333333335, ""First"": ""Margo"", ""Last"": ""Hill"", ""Interests"": ""Tribal Law, Tribal Planning and Management, Planning Law, Tribal Economic Development."", ""LinkedIn"": ""https://linkedin.com/in/margo-hill-6880bb48""}}"
101,pop,2026-09-13,331,9,,,,,"{""workbook_row"": {""Name"": ""Jason Scully"", ""Year"": 2015, ""Cites2017"": 331, ""%Cites2017"": 0.271, ""%Rank"": 0.236, ""H-Index"": 9, ""%RankH"": 0.292, ""CurrentSchool"": ""Eastern Washington"", ""Position"": ""Associate Professor"", ""PhDYear"": 2015, ""PhDSchool"": ""University of Washington"", ""Years"": 10, ""CY2017"": 33.1, ""First"": ""Jason"", ""Last"": ""Scully""}}"
110,pop,2026-09-13,24,4,,,,,"{""workbook_row"": {""Name"": ""Aurora Echavarria Canales"", ""Year"": 2025, ""Cites2017"": 24, ""%Cites2017"": 0.045, ""%Rank"": 0.103, ""H-Index"": 4, ""%RankH"": 0.09, ""CurrentSchool"": ""Florida State University"", ""Position"": ""Assistant Professor"", ""PhDYear"": 2025, ""PhDSchool"": ""UCLA"", ""Years"": 0, ""First"": ""Aurora"", ""Last"": ""Canales""}}"
114,pop,2026-09-13,897,12,,,,,"{""workbook_row"": {""Name"": ""Tisha Holmes"", ""Year"": 2015, ""Cites2017"": 897, ""%Cites2017"": 0.482, ""%Rank"": 0.51, ""H-Index"": 12, ""%RankH"": 0.409, ""CurrentSchool"": ""Florida State University"", ""Position"": ""Associate Professor"", ""PhDYear"": 2015, ""PhDSchool"": ""UCLA"", ""Years"": 10, ""CY2017"": 89.7, ""First"": ""Tisha"", ""Last"": ""Holmes""}}"
117,pop,2026-09-13,377,11,,,,,"{""workbook_row"": {""Name"": ""Mehak Sachdeva"", ""Year"": 2022, ""Cites2017"": 377, ""%Cites2017"": 0.293, ""%Rank"": 0.56, ""H-Index"": 11, ""%RankH"": 0.374, ""CurrentSchool"": ""Florida State University"", ""Position"": ""Assistant Professor"", ""PhDYear"": 2022, ""PhDSchool"": ""Arizona State University"", ""Years"": 3, ""CY2017"": 125.66666666666667, ""First"": ""Mehak"", ""Last"": ""Sachdeva""}}"
119,pop,2026-09-13,55,5,,,,,"{""workbook_row"": {""Name"": ""Uwe Brandes"", ""Year"": 1995, ""Cites2017"": 55, ""%Cites2017"": 0.074, ""%Rank"": 0.076, ""H-Index"": 5, ""%RankH"": 0.129, ""CurrentSchool"": ""Georgetown University"", ""Position"": ""Associate Professor"", ""PhDYear"": 1995, ""PhDSchool"": ""Harvard University"", ""Years"": 30, ""CY2017"": 1.8333333333333333, ""First"": ""Uwe"", ""Last"": ""Brandes""}}"
122,pop,2026-09-13,10,1,,,,,"{""workbook_row"": {""Name"": ""Emily Barrett"", ""Year"": 2025, ""Cites2017"": 10, ""%Cites2017"": 0.024, ""%Rank"": 0.05, ""H-Index"": 1, ""%RankH"": 0, ""CurrentSchool"": ""Georgia Tech"", ""Position"": ""Assistant Professor"", ""PhDYear"": 2025, ""PhDSchool"": ""Vanderbilt University"", ""Years"": 0, ""First"": ""Emily"", ""Last"": ""Barrett""}}"
126,pop,2026-09-13,625,10,,,,,"{""workbook_row"": {""Name"": ""William Drummond"", ""Year"": 1989, ""Cites2017"": 625, ""%Cites2017"": 0.396, ""%Rank"": 0.395, ""H-Index"": 10, ""%RankH"": 0.335, ""CurrentSchool"": ""Georgia Tech"", ""Position"": ""Associate Professor"", ""PhDYear"": 1989, ""PhDSchool"": ""UNC"", ""Years"": 36, ""CY2017"": 17.36111111111111, ""First"": ""William"", ""Middle"": ""J."", ""Last"": ""Drummond"", ""Interests"": ""Computer Applications, Historic Preservation, Geographic Information Systems, Land Use/ Growth Management, Quantitative Methods"", ""ResearchGate"": ""https://researchgate.net/profile/William_Drummond2"", ""LinkedIn"": ""https://linkedin.com/in/bill-drummond-14950b9""}}"
137,pop,2026-09-13,1695,15,,,,,"{""workbook_row"": {""Name"": ""Jerold Kayden"", ""Year"": 1979, ""Cites2017"": 1695, ""%Cites2017"": 0.63, ""%Rank"": 0.398, ""H-Index"": 15, ""%RankH"": 0.516, ""CurrentSchool"": ""Harvard University"", ""Position"": ""Professor"", ""PhDYear"": 1979, ""PhDSchool"": ""Harvard University"", ""Years"": 46, ""CY2017"": 36.84782608695652, ""First"": ""Jerold"", ""Middle"": ""S."", ""Last"": ""Kayden"", ""Interests"": ""Planning and Environmental Law, Public and Private Development, International Planning and Development, Public Space, Historic Preservation""}}"
139,pop,2026-09-13,1335,15,,,,,"{""workbook_row"": {""Name"": ""Rahul Mehrotra"", ""Year"": 1987, ""Cites2017"": 1335, ""%Cites2017"": 0.571, ""%Rank"": 0.334, ""H-Index"": 15, ""%RankH"": 0.516, ""CurrentSchool"": ""Harvard University"", ""Position"": ""Professor"", ""PhDYear"": 1987, ""PhDSchool"": ""Harvard University"", ""Years"": 38, ""CY2017"": 35.13157894736842, ""First"": ""Rahul"", ""Last"": ""Mehrotra"", ""Interests"": ""Physical Planning/Urban Design, International Planning, Historic Preservation""}}"
141,pop,2026-09-13,3996,28,,,,,"{""workbook_row"": {""Name"": ""Richard Peiser"", ""Year"": 1980, ""Cites2017"": 3996, ""%Cites2017"": 0.836, ""%Rank"": 0.66, ""H-Index"": 28, ""%RankH"": 0.832, ""CurrentSchool"": ""Harvard University"", ""Position"": ""Professor"", ""PhDYear"": 1980, ""PhDSchool"": ""University of Cambridge"", ""Years"": 45, ""CY2017"": 88.8, ""First"": ""Richard"", ""Middle"": ""B."", ""Last"": ""Peiser"", ""Interests"": ""New Towns, Development Finance, International Development, Real Estate"", ""ResearchGate"": ""https://researchgate.net/profile/Richard_Peiser"", ""LinkedIn"": ""https://linkedin.com/in/richard-peiser-3a6942a""}}"
142,pop,2026-09-13,4790,23,,,,,"{""workbook_row"": {""Name"": ""Peter Rowe"", ""Year"": 1986, ""Cites2017"": 4790, ""%Cites2017"": 0.87, ""%Rank"": 0.722, ""H-Index"": 23, ""%RankH"": 0.744, ""CurrentSchool"": ""Harvard University"", ""Position"": ""Professor"", ""PhDYear"": 1986, ""PhDSchool"": ""Harvard University"", ""Years"": 39, ""CY2017"": 122.82051282051282, ""First"": ""Peter"", ""Middle"": ""G."", ""Last"": ""Rowe"", ""Interests"": ""Housing and Neighborhood Planning, Physical Planning/ Urban Design, Planning History, Planning Theory, International Planning and Design"", ""ResearchGate"": ""https://researchgate.net/profile/Peter_Rowe8"", ""LinkedIn"": ""https://linkedin.com/in/peter-rowe-168ba646""}}"
147,pop,2026-09-13,770,11,,,,,"{""workbook_row"": {""Name"": ""Nicholas Bloom"", ""Year"": 1999, ""Cites2017"": 770, ""%Cites2017"": 0.454, ""%Rank"": 0.232, ""H-Index"": 11, ""%RankH"": 0.374, ""CurrentSchool"": ""Hunter College"", ""Position"": ""Professor"", ""PhDYear"": 1999, ""PhDSchool"": ""Brandeis University"", ""Years"": 26, ""First"": ""Nicholas"", ""Last"": ""Bloom""}}"
153,pop,2026-09-13,143,6,,,,,"{""workbook_row"": {""Name"": ""Sigmund Shipp"", ""Year"": 1990, ""Cites2017"": 143, ""%Cites2017"": 0.166, ""%Rank"": 0.137, ""H-Index"": 6, ""%RankH"": 0.173, ""CurrentSchool"": ""Hunter College"", ""Position"": ""Associate Professor"", ""PhDYear"": 1990, ""PhDSchool"": ""Howard University"", ""Years"": 35, ""CY2017"": 4.085714285714285, ""First"": ""Sigmund"", ""Last"": ""Shipp"", ""Interests"": ""economic development, community development, cultural competency and diversity, poverty""}}"
155,pop,2026-09-13,96,5,,,,,"{""workbook_row"": {""Name"": ""John Benhart"", ""Year"": 1995, ""Cites2017"": 96, ""%Cites2017"": 0.12, ""%Rank"": 0.047, ""H-Index"": 5, ""%RankH"": 0.129, ""CurrentSchool"": ""Indiana University of Pennsylvania"", ""Position"": ""Professor"", ""PhDYear"": 1995, ""PhDSchool"": ""University of Tennessee"", ""Years"": 30, ""CY2017"": 3.2, ""First"": ""John"", ""Middle"": ""E."", ""Last"": ""Benhart"", ""Interests"": ""Environmental Planning, Geographic Information Systems, Transportation, Urbanization"", ""LinkedIn"": ""https://linkedin.com/in/john-benhart-74280132""}}"
157,pop,2026-09-13,55,3,,,,,"{""workbook_row"": {""Name"": ""Richard Hoch"", ""Year"": 2005, ""Cites2017"": 55, ""%Cites2017"": 0.074, ""%Rank"": 0.019, ""H-Index"": 3, ""%RankH"": 0.051, ""CurrentSchool"": ""Indiana University of Pennsylvania"", ""Position"": ""Professor"", ""PhDYear"": 2005, ""PhDSchool"": ""West Virginia University"", ""Years"": 20, ""CY2017"": 2.75, ""First"": ""Richard"", ""Middle"": ""J."", ""Last"": ""Hoch"", ""Interests"": ""Environmental Planning, Geospatial Applications for Land Use Planning, Urban Development"", ""LinkedIn"": ""https://linkedin.com/in/richard-hoch-3aa24610""}}"
158,pop,2026-09-13,121,7,,,,,"{""workbook_row"": {""Name"": ""Calvin Masilela"", ""Year"": 1989, ""Cites2017"": 121, ""%Cites2017"": 0.145, ""%Rank"": 0.064, ""H-Index"": 7, ""%RankH"": 0.218, ""CurrentSchool"": ""Indiana University of Pennsylvania"", ""Position"": ""Professor"", ""PhDYear"": 1989, ""PhDSchool"": ""Virginia Tech"", ""Years"": 36, ""CY2017"": 3.361111111111111, ""First"": ""Calvin"", ""Middle"": ""O."", ""Last"": ""Masilela"", ""Interests"": ""Land Use Policy, Planning Techniques, Planning Theory, Urban Planning"", ""ResearchGate"": ""https://researchgate.net/profile/Calvin_Masilela3"", ""LinkedIn"": ""https://linkedin.com/in/calvin-masilela-13b01325""}}"
160,pop,2026-09-13,594,12,,,,,"{""workbook_row"": {""Name"": ""Susan Bradbury"", ""Year"": 1989, ""Cites2017"": 594, ""%Cites2017"": 0.383, ""%Rank"": 0.188, ""H-Index"": 12, ""%RankH"": 0.409, ""CurrentSchool"": ""Iowa State University"", ""Position"": ""Professor"", ""PhDYear"": 1989, ""PhDSchool"": ""University of Florida"", ""Years"": 36, ""CY2017"": 16.5, ""First"": ""Susan"", ""Middle"": ""L."", ""Last"": ""Bradbury"", ""Interests"": ""Community Economic Development, Telecommunications Planning, Small Town and Rural Planning, Plan Development and Implementation"", ""ResearchGate"": ""https://researchgate.net/profile/Monica_Haddad"", ""LinkedIn"": ""https://linkedin.com/in/steven-p-bradbury-7b611597""}}"
169,pop,2026-09-13,120,3,,,,,"{""workbook_row"": {""Name"": ""Moe Chowdhury"", ""Year"": 1994, ""Cites2017"": 120, ""%Cites2017"": 0.144, ""%Rank"": 0.275, ""H-Index"": 3, ""%RankH"": 0.051, ""CurrentSchool"": ""Jackson State University"", ""Position"": ""Assistant Professor"", ""PhDYear"": 1994, ""PhDSchool"": ""University of Wisconsin, Madison"", ""Years"": 31, ""CY2017"": 3.870967741935484, ""First"": ""Moe"", ""Last"": ""Chowdhury""}}"
172,pop,2026-09-13,736,16,,,,,"{""workbook_row"": {""Name"": ""Edmund Merem"", ""Year"": 2003, ""Cites2017"": 736, ""%Cites2017"": 0.437, ""%Rank"": 0.22, ""H-Index"": 16, ""%RankH"": 0.548, ""CurrentSchool"": ""Jackson State University"", ""Position"": ""Professor"", ""PhDYear"": 2003, ""PhDSchool"": ""Jackson State University"", ""Years"": 22, ""CY2017"": 33.45454545454545, ""First"": ""Edmund"", ""Last"": ""Merem"", ""Interests"": ""Environment and Land Use Planning"", ""ResearchGate"": ""https://researchgate.net/profile/Edmund_Merem"", ""LinkedIn"": ""https://linkedin.com/in/edmund-merem-a995b319""}}"
173,pop,2026-09-13,15,3,,,,,"{""workbook_row"": {""Name"": ""Talya Thomas"", ""Year"": 2011, ""Cites2017"": 15, ""%Cites2017"": 0.036, ""%Rank"": 0.038, ""H-Index"": 3, ""%RankH"": 0.051, ""CurrentSchool"": ""Jackson State University"", ""Position"": ""Associate Professor"", ""PhDYear"": 2011, ""PhDSchool"": ""Texas Southern University"", ""Years"": 14, ""CY2017"": 1.0714285714285714, ""First"": ""Talya"", ""Last"": ""Thomas""}}"
174,pop,2026-09-13,217,8,,,,,"{""workbook_row"": {""Name"": ""Joan Wesley"", ""Year"": 2002, ""Cites2017"": 217, ""%Cites2017"": 0.214, ""%Rank"": 0.167, ""H-Index"": 8, ""%RankH"": 0.261, ""CurrentSchool"": ""Jackson State University"", ""Position"": ""Associate Professor"", ""PhDYear"": 2002, ""PhDSchool"": ""Jackson State University"", ""Years"": 23, ""CY2017"": 9.434782608695652, ""First"": ""Joan"", ""Middle"": ""M."", ""Last"": ""Wesley"", ""Interests"": ""Community Development and Housing"", ""LinkedIn"": ""https://linkedin.com/in/joan-wesley-70965810""}}"
175,pop,2026-09-13,141,7,,,,,"{""workbook_row"": {""Name"": ""Huston Gibson"", ""Year"": 2009, ""Cites2017"": 141, ""%Cites2017"": 0.162, ""%Rank"": 0.079, ""H-Index"": 7, ""%RankH"": 0.218, ""CurrentSchool"": ""Kansas State University"", ""Position"": ""Professor"", ""PhDYear"": 2009, ""PhDSchool"": ""Florida State University"", ""Years"": 16, ""CY2017"": 8.8125, ""First"": ""Huston"", ""Last"": ""Gibson"", ""Interests"": ""Interdisciplinary Planning, Sustainable Community Development, School Facilities & Housing Prices"", ""LinkedIn"": ""https://linkedin.com/in/huston-gibson-28155337""}}"
179,pop,2026-09-13,11,2,,,,,"{""workbook_row"": {""Name"": ""La Barbara Wigfall"", ""Year"": 1977, ""Cites2017"": 11, ""%Cites2017"": 0.028, ""%Rank"": 0.03, ""H-Index"": 2, ""%RankH"": 0.024, ""CurrentSchool"": ""Kansas State University"", ""Position"": ""Associate Professor"", ""PhDYear"": 1977, ""PhDSchool"": ""Harvard University"", ""Years"": 48, ""CY2017"": 0.22916666666666666, ""First"": ""LaBarbara"", ""Last"": ""Wigfall"", ""Interests"": ""Community Development and Historic Preservation"", ""ResearchGate"": ""https://researchgate.net/profile/La_Barbara_Wigfall"", ""LinkedIn"": ""https://linkedin.com/in/labarbara-wigfall-2a30358""}}"
181,pop,2026-09-13,1681,19,,,,,"{""workbook_row"": {""Name"": ""Lisa Bornstein"", ""Year"": 2002, ""Cites2017"": 1681, ""%Cites2017"": 0.629, ""%Rank"": 0.708, ""H-Index"": 19, ""%RankH"": 0.631, ""CurrentSchool"": ""McGill University"", ""Position"": ""Associate Professor"", ""PhDYear"": 2002, ""PhDSchool"": ""UC Berkeley"", ""Years"": 23, ""CY2017"": 73.08695652173913, ""First"": ""Lisa"", ""Last"": ""Bornstein"", ""Interests"": ""International Planning, Economic Development, Environmental Policy and Planning, Institutions and Governance"", ""LinkedIn"": ""https://linkedin.com/in/lisa-bornstein-83194b3""}}"
183,pop,2026-09-13,445,11,,,,,"{""workbook_row"": {""Name"": ""Anna Kramer"", ""Year"": 2013, ""Cites2017"": 445, ""%Cites2017"": 0.323, ""%Rank"": 0.299, ""H-Index"": 11, ""%RankH"": 0.374, ""CurrentSchool"": ""McGill University"", ""Position"": ""Associate Professor"", ""PhDYear"": 2013, ""PhDSchool"": ""University of Waterloo"", ""Years"": 12, ""CY2017"": 37.083333333333336, ""First"": ""Anna"", ""Last"": ""Kramer""}}"
184,pop,2026-09-13,449,13,,,,,"{""workbook_row"": {""Name"": ""Nik Luka"", ""Year"": 2006, ""Cites2017"": 449, ""%Cites2017"": 0.326, ""%Rank"": 0.304, ""H-Index"": 13, ""%RankH"": 0.45, ""CurrentSchool"": ""McGill University"", ""Position"": ""Associate Professor"", ""PhDYear"": 2006, ""PhDSchool"": ""University of Toronto"", ""Years"": 19, ""CY2017"": 23.63157894736842, ""First"": ""Nik"", ""Last"": ""Luka"", ""Interests"": ""Urban Design, Landscape Planning, Housing, Urban Form, Environment and Behavior, Public Space"", ""LinkedIn"": ""https://linkedin.com/in/nik-luka-31031a1""}}"
187,pop,2026-09-13,497,11,,,,,"{""workbook_row"": {""Name"": ""Bruce D'Arcus"", ""Year"": 2001, ""Cites2017"": 497, ""%Cites2017"": 0.348, ""%Rank"": 0.326, ""H-Index"": 11, ""%RankH"": 0.374, ""CurrentSchool"": ""Miami University"", ""Position"": ""Associate Professor"", ""PhDYear"": 2001, ""PhDSchool"": ""Syracuse University"", ""Years"": 24, ""CY2017"": 20.708333333333332, ""First"": ""Bruce"", ""Last"": ""D'Arcus""}}"
188,pop,2026-09-13,465,7,,,,,"{""workbook_row"": {""Name"": ""Marcia England"", ""Year"": 2006, ""Cites2017"": 465, ""%Cites2017"": 0.331, ""%Rank"": 0.15, ""H-Index"": 7, ""%RankH"": 0.218, ""CurrentSchool"": ""Miami University"", ""Position"": ""Professor"", ""PhDYear"": 2006, ""PhDSchool"": ""University of Kentucky"", ""Years"": 19, ""CY2017"": 24.473684210526315, ""First"": ""Marcia"", ""Last"": ""England""}}"
191,pop,2026-09-13,15,1,,,,,"{""workbook_row"": {""Name"": ""Si Chen"", ""Year"": 2021, ""Cites2017"": 15, ""%Cites2017"": 0.036, ""%Rank"": 0.078, ""H-Index"": 1, ""%RankH"": 0, ""CurrentSchool"": ""Michigan State University"", ""Position"": ""Assistant Professor"", ""PhDYear"": 2021, ""PhDSchool"": ""University of Illinois, Urbana-Champaign"", ""Years"": 4, ""CY2017"": 3.75, ""First"": ""Si"", ""Last"": ""Chen""}}"
194,pop,2026-09-13,302,6,,,,,"{""workbook_row"": {""Name"": ""Zeenat Kotval-Karamchandani"", ""Year"": 2013, ""Cites2017"": 302, ""%Cites2017"": 0.26, ""%Rank"": 0.228, ""H-Index"": 6, ""%RankH"": 0.173, ""CurrentSchool"": ""Michigan State University"", ""Position"": ""Associate Professor"", ""PhDYear"": 2013, ""PhDSchool"": ""University of Massachusetts, Amherst"", ""Years"": 12, ""CY2017"": 25.166666666666668, ""First"": ""Zeenat"", ""Last"": ""Kotval-Karamchandani"", ""LinkedIn"": ""https://linkedin.com/in/zeenat-kotval-k-ba7b8913""}}"
201,pop,2026-09-13,206,5,,,,,"{""workbook_row"": {""Name"": ""Russell Fricano"", ""Year"": 1997, ""Cites2017"": 206, ""%Cites2017"": 0.204, ""%Rank"": 0.156, ""H-Index"": 5, ""%RankH"": 0.129, ""CurrentSchool"": ""Minnesota State University, Mankato"", ""Position"": ""Associate Professor"", ""PhDYear"": 1997, ""PhDSchool"": ""USC"", ""Years"": 28, ""CY2017"": 7.357142857142857, ""First"": ""Russell"", ""Middle"": ""J."", ""Last"": ""Fricano"", ""Interests"": ""Environmental Planning, Growth Management, Land Use Planning, Urban Economics, Food Systems Planning"", ""ResearchGate"": ""https://researchgate.net/profile/Russell_Fricano"", ""LinkedIn"": ""https://linkedin.com/in/russell-j-fricano-ph-d-aicp-6b20b027""}}"
203,pop,2026-09-13,95,3,,,,,"{""workbook_row"": {""Name"": ""Beth Heidelberg"", ""Year"": 2006, ""Cites2017"": 95, ""%Cites2017"": 0.113, ""%Rank"": 0.044, ""H-Index"": 3, ""%RankH"": 0.051, ""CurrentSchool"": ""Minnesota State University, Mankato"", ""Position"": ""Professor"", ""PhDYear"": 2006, ""PhDSchool"": ""Hamline University"", ""Years"": 19, ""CY2017"": 5, ""First"": ""Beth"", ""Middle"": ""Wielde"", ""Last"": ""Heidelberg"", ""Interests"": ""Urban Aesthetic, Historic Preservation, Design"", ""LinkedIn"": ""https://linkedin.com/in/beth-wielde-heidelberg-66284b18""}}"
204,pop,2026-09-13,94,5,,,,,"{""workbook_row"": {""Name"": ""Kevin Parsneau"", ""Year"": 2007, ""Cites2017"": 94, ""%Cites2017"": 0.111, ""%Rank"": 0.039, ""H-Index"": 5, ""%RankH"": 0.129, ""CurrentSchool"": ""Minnesota State University, Mankato"", ""Position"": ""Professor"", ""PhDYear"": 2007, ""PhDSchool"": ""University of Minnesota"", ""Years"": 18, ""CY2017"": 5.222222222222222, ""First"": ""Kevin"", ""Last"": ""Parsneau""}}"
205,pop,2026-09-13,140,5,,,,,"{""workbook_row"": {""Name"": ""Miriam Porter"", ""Year"": 2000, ""Cites2017"": 140, ""%Cites2017"": 0.161, ""%Rank"": 0.076, ""H-Index"": 5, ""%RankH"": 0.129, ""CurrentSchool"": ""Minnesota State University, Mankato"", ""Position"": ""Professor"", ""PhDYear"": 2000, ""PhDSchool"": ""Hamline University"", ""Years"": 25, ""CY2017"": 5.6, ""First"": ""Miriam"", ""Last"": ""Porter"", ""Interests"": ""Local Government Management, Human Resource Management, Civic Engagement, Global Trends."", ""LinkedIn"": ""https://linkedin.com/in/dr-miriam-porter-4372a4b""}}"
209,pop,2026-09-13,190,4,,,,,"{""workbook_row"": {""Name"": ""Gary Michelfelder"", ""Year"": 2013, ""Cites2017"": 190, ""%Cites2017"": 0.194, ""%Rank"": 0.153, ""H-Index"": 4, ""%RankH"": 0.09, ""CurrentSchool"": ""Missouri State University"", ""Position"": ""Associate Professor"", ""PhDYear"": 2013, ""PhDSchool"": ""Montana State"", ""Years"": 12, ""CY2017"": 15.833333333333334, ""First"": ""Gary"", ""Last"": ""Michelfelder""}}"
212,pop,2026-09-13,805,12,,,,,"{""workbook_row"": {""Name"": ""Alan Berger"", ""Year"": 1990, ""Cites2017"": 805, ""%Cites2017"": 0.467, ""%Rank"": 0.247, ""H-Index"": 12, ""%RankH"": 0.409, ""CurrentSchool"": ""MIT"", ""Position"": ""Professor"", ""PhDYear"": 1990, ""PhDSchool"": ""University of Pennsylvania"", ""Years"": 35, ""CY2017"": 23, ""First"": ""Alan"", ""Middle"": ""M."", ""Last"": ""Berger"", ""Interests"": ""landscape and urbanization"", ""ResearchGate"": ""https://researchgate.net/profile/Alice_Berger2"", ""LinkedIn"": ""https://linkedin.com/in/alan-berger-b346b976""}}"
215,pop,2026-09-13,71,2,,,,,"{""workbook_row"": {""Name"": ""Karilyn Crockett"", ""Year"": 2014, ""Cites2017"": 71, ""%Cites2017"": 0.089, ""%Rank"": 0.171, ""H-Index"": 2, ""%RankH"": 0.024, ""CurrentSchool"": ""MIT"", ""Position"": ""Assistant Professor"", ""PhDYear"": 2014, ""PhDSchool"": ""Yale University"", ""Years"": 11, ""CY2017"": 6.454545454545454, ""First"": ""Karilyn"", ""Last"": ""Crockett""}}"
218,pop,2026-09-13,1580,10,,,,,"{""workbook_row"": {""Name"": ""Dennis Frenchman"", ""Year"": 2000, ""Cites2017"": 1580, ""%Cites2017"": 0.616, ""%Rank"": 0.381, ""H-Index"": 10, ""%RankH"": 0.335, ""CurrentSchool"": ""MIT"", ""Position"": ""Professor"", ""PhDYear"": 2000, ""PhDSchool"": ""MIT"", ""Years"": 25, ""CY2017"": 63.2, ""First"": ""Dennis"", ""Last"": ""Frenchman"", ""Interests"": ""Urban Design, Advanced Media and Design of Public Space, Heritage and Cultural Development, Transformation of Former Industrial Areas"", ""LinkedIn"": ""https://linkedin.com/in/dennis-frenchman-b027756""}}"
225,pop,2026-09-13,210,6,,,,,"{""workbook_row"": {""Name"": ""Ceasar McDowell"", ""Year"": 1988, ""Cites2017"": 210, ""%Cites2017"": 0.207, ""%Rank"": 0.099, ""H-Index"": 6, ""%RankH"": 0.173, ""CurrentSchool"": ""MIT"", ""Position"": ""Professor"", ""PhDYear"": 1988, ""PhDSchool"": ""Harvard University"", ""Years"": 37, ""CY2017"": 5.675675675675675, ""First"": ""Ceasar"", ""Last"": ""McDowell""}}"
235,pop,2026-09-13,2156,17,,,,,"{""workbook_row"": {""Name"": ""J. Phillip Thompson"", ""Year"": 1983, ""Cites2017"": 2156, ""%Cites2017"": 0.693, ""%Rank"": 0.788, ""H-Index"": 17, ""%RankH"": 0.572, ""CurrentSchool"": ""MIT"", ""Position"": ""Associate Professor"", ""PhDYear"": 1983, ""PhDSchool"": ""CUNY"", ""Years"": 42, ""CY2017"": 51.333333333333336, ""First"": ""Phillip"", ""Last"": ""Thompson"", ""Interests"": ""Urban Politics, Race Relations, Labor and Local Economic Development, Community Organization"", ""LinkedIn"": ""https://linkedin.com/in/phillip-thompson-7243381""}}"
244,pop,2026-09-13,635,9,,,,,"{""workbook_row"": {""Name"": ""Siddhartha Sen"", ""Year"": 2001, ""Cites2017"": 635, ""%Cites2017"": 0.402, ""%Rank"": 0.198, ""H-Index"": 9, ""%RankH"": 0.292, ""CurrentSchool"": ""Morgan State University"", ""Position"": ""Professor"", ""PhDYear"": 2001, ""PhDSchool"": ""University of Illinois, Urbana-Champaign"", ""Years"": 24, ""CY2017"": 26.458333333333332, ""First"": ""Siddhartha"", ""Last"": ""Sen"", ""Interests"": ""International Development and Planning, Race and Ethnicity, Urban Design, Planning Theory and Practice, Transportation Planning and Policy, Housing & Community Development"", ""ResearchGate"": ""https://researchgate.net/profile/Siddhartha_Sen5"", ""LinkedIn"": ""https://linkedin.com/in/siddhartha-sen-12b68433""}}"
246,pop,2026-09-13,27,3,,,,,"{""workbook_row"": {""Name"": ""Tonya Sanders Thach"", ""Year"": 2012, ""Cites2017"": 27, ""%Cites2017"": 0.05, ""%Rank"": 0.052, ""H-Index"": 3, ""%RankH"": 0.051, ""CurrentSchool"": ""Morgan State University"", ""Position"": ""Associate Professor"", ""PhDYear"": 2012, ""PhDSchool"": ""University of Illinois, Chicago"", ""Years"": 13, ""CY2017"": 2.076923076923077, ""First"": ""Tonya"", ""Last"": ""Thach""}}"
247,pop,2026-09-13,3275,19,,,,,"{""workbook_row"": {""Name"": ""Zeynep Celik"", ""Year"": 1986, ""Cites2017"": 3275, ""%Cites2017"": 0.796, ""%Rank"": 0.594, ""H-Index"": 19, ""%RankH"": 0.631, ""CurrentSchool"": ""New Jersey Institute of Technology"", ""Position"": ""Professor"", ""PhDYear"": 1986, ""PhDSchool"": ""UC Berkeley"", ""Years"": 39, ""CY2017"": 83.97435897435898, ""First"": ""Zeynep"", ""Last"": ""Celik""}}"
248,pop,2026-09-13,232,7,,,,,"{""workbook_row"": {""Name"": ""Gabrielle Esperdy"", ""Year"": 1995, ""Cites2017"": 232, ""%Cites2017"": 0.223, ""%Rank"": 0.181, ""H-Index"": 7, ""%RankH"": 0.218, ""CurrentSchool"": ""New Jersey Institute of Technology"", ""Position"": ""Associate Professor"", ""PhDYear"": 1995, ""PhDSchool"": ""City University of New York"", ""Years"": 30, ""CY2017"": 7.733333333333333, ""First"": ""Gabrielle"", ""Last"": ""Esperdy""}}"
263,pop,2026-09-13,2,1,,,,,"{""workbook_row"": {""Name"": ""Cara Michell"", ""Year"": 2016, ""Cites2017"": 2, ""%Cites2017"": 0.008, ""%Rank"": 0.017, ""H-Index"": 1, ""%RankH"": 0, ""CurrentSchool"": ""Northeastern University"", ""Position"": ""Assistant Professor"", ""PhDYear"": 2016, ""PhDSchool"": ""Harvard University"", ""Years"": 9, ""CY2017"": 0.2222222222222222, ""First"": ""Cara"", ""Last"": ""Michell""}}"
264,pop,2026-09-13,8,2,,,,,"{""workbook_row"": {""Name"": ""Kaitlyn Alvarez Noli"", ""Year"": 2020, ""Cites2017"": 8, ""%Cites2017"": 0.02, ""%Rank"": 0.039, ""H-Index"": 2, ""%RankH"": 0.024, ""CurrentSchool"": ""Northeastern University"", ""Position"": ""Assistant Professor"", ""PhDYear"": 2020, ""PhDSchool"": ""UC Irvine"", ""Years"": 5, ""CY2017"": 1.6, ""First"": ""Kaitlyn"", ""Last"": ""Noli""}}"
274,pop,2026-09-13,35,3,,,,,"{""workbook_row"": {""Name"": ""R. Dawn Hawley"", ""Year"": 1994, ""Cites2017"": 35, ""%Cites2017"": 0.06, ""%Rank"": 0.014, ""H-Index"": 3, ""%RankH"": 0.051, ""CurrentSchool"": ""Northern Arizona University"", ""Position"": ""Professor"", ""PhDYear"": 1994, ""PhDSchool"": ""Arizona State University"", ""Years"": 31, ""CY2017"": 1.1290322580645162, ""First"": ""Dawn"", ""Last"": ""Hawley"", ""Interests"": ""Land Use Planning, Public Participation, Economic Geography""}}"
283,pop,2026-09-13,255,7,,,,,"{""workbook_row"": {""Name"": ""Harley Etienne"", ""Year"": 2008, ""Cites2017"": 255, ""%Cites2017"": 0.234, ""%Rank"": 0.195, ""H-Index"": 7, ""%RankH"": 0.218, ""CurrentSchool"": ""Ohio State University"", ""Position"": ""Associate Professor"", ""PhDYear"": 2008, ""PhDSchool"": ""Cornell University"", ""Years"": 17, ""CY2017"": 15, ""First"": ""Harley"", ""Middle"": ""F."", ""Last"": ""Etienne"", ""Interests"": ""Urban Community Development, Inner-city Revitalization, Neighborhood Change, Urban Poverty and Qualitative Research Issues in Planning""}}"
291,pop,2026-09-13,49,1,,,,,"{""workbook_row"": {""Name"": ""Chryl Corbin"", ""Year"": 2020, ""Cites2017"": 49, ""%Cites2017"": 0.067, ""%Rank"": 0.135, ""H-Index"": 1, ""%RankH"": 0, ""CurrentSchool"": ""Portland State University"", ""Position"": ""Assistant Professor"", ""PhDYear"": 2020, ""PhDSchool"": ""UC Berkeley"", ""Years"": 5, ""CY2017"": 9.8, ""First"": ""Chryl"", ""Last"": ""Corbin""}}"
294,pop,2026-09-13,65,2,,,,,"{""workbook_row"": {""Name"": ""Matthew Gebhardt"", ""Year"": 2009, ""Cites2017"": 65, ""%Cites2017"": 0.081, ""%Rank"": 0.087, ""H-Index"": 2, ""%RankH"": 0.024, ""CurrentSchool"": ""Portland State University"", ""Position"": ""Associate Professor"", ""PhDYear"": 2009, ""PhDSchool"": ""Columbia University"", ""Years"": 16, ""CY2017"": 4.0625, ""First"": ""Matthew"", ""Last"": ""Gebhardt"", ""Interests"": ""Real Estate Development, Neighborhood and Community Change, Planning Design, History and Theory"", ""LinkedIn"": ""https://linkedin.com/in/matthew-gebhardt-04482153""}}"
302,pop,2026-09-13,30,3,,,,,"{""workbook_row"": {""Name"": ""Eve Baron"", ""Year"": 2003, ""Cites2017"": 30, ""%Cites2017"": 0.054, ""%Rank"": 0.054, ""H-Index"": 3, ""%RankH"": 0.051, ""CurrentSchool"": ""Pratt Institute"", ""Position"": ""Associate Professor"", ""PhDYear"": 2003, ""PhDSchool"": ""Rutgers University"", ""Years"": 22, ""CY2017"": 1.3636363636363635, ""First"": ""Eve"", ""Last"": ""Baron""}}"
304,pop,2026-09-13,530,7,,,,,"{""workbook_row"": {""Name"": ""Jonathan Martin"", ""Year"": 1996, ""Cites2017"": 530, ""%Cites2017"": 0.361, ""%Rank"": 0.17, ""H-Index"": 7, ""%RankH"": 0.218, ""CurrentSchool"": ""Pratt Institute"", ""Position"": ""Professor"", ""PhDYear"": 1996, ""PhDSchool"": ""Cornell University"", ""Years"": 29, ""CY2017"": 18.275862068965516, ""First"": ""Jonathan"", ""Last"": ""Martin"", ""Interests"": ""Land Use Regulation and Growth Management, Planning Methods""}}"
306,pop,2026-09-13,93,3,,,,,"{""workbook_row"": {""Name"": ""John Shapiro"", ""Year"": 1979, ""Cites2017"": 93, ""%Cites2017"": 0.109, ""%Rank"": 0.037, ""H-Index"": 3, ""%RankH"": 0.051, ""CurrentSchool"": ""Pratt Institute"", ""Position"": ""Professor"", ""PhDYear"": 1979, ""PhDSchool"": ""Pratt Institute"", ""Years"": 46, ""CY2017"": 2.0217391304347827, ""First"": ""John"", ""Last"": ""Shapiro"", ""Interests"": ""Physical Planning & Land Use"", ""LinkedIn"": ""https://nl.linkedin.com/in/john-shapiro-96283934?trk=pub-pbmap""}}"
312,pop,2026-09-13,910,12,,,,,"{""workbook_row"": {""Name"": ""John Meligrana"", ""Year"": 1998, ""Cites2017"": 910, ""%Cites2017"": 0.486, ""%Rank"": 0.516, ""H-Index"": 12, ""%RankH"": 0.409, ""CurrentSchool"": ""Queen's University"", ""Position"": ""Associate Professor"", ""PhDYear"": 1998, ""PhDSchool"": ""Simon Fraser University"", ""Years"": 27, ""CY2017"": 33.7037037037037, ""First"": ""John"", ""Last"": ""Meligrana""}}"
313,pop,2026-09-13,1851,20,,,,,"{""workbook_row"": {""Name"": ""Graham Whitelaw"", ""Year"": 2006, ""Cites2017"": 1851, ""%Cites2017"": 0.654, ""%Rank"": 0.733, ""H-Index"": 20, ""%RankH"": 0.664, ""CurrentSchool"": ""Queen's University"", ""Position"": ""Associate Professor"", ""PhDYear"": 2006, ""PhDSchool"": ""University of Waterloo"", ""Years"": 19, ""CY2017"": 97.42105263157895, ""First"": ""Graham"", ""Last"": ""Whitelaw""}}"
315,pop,2026-09-13,1381,12,,,,,"{""workbook_row"": {""Name"": ""John Hasse"", ""Year"": 2002, ""Cites2017"": 1381, ""%Cites2017"": 0.58, ""%Rank"": 0.346, ""H-Index"": 12, ""%RankH"": 0.409, ""CurrentSchool"": ""Rowan University"", ""Position"": ""Professor"", ""PhDYear"": 2002, ""PhDSchool"": ""Rutgers University"", ""Years"": 23, ""CY2017"": 60.04347826086956, ""First"": ""John"", ""Last"": ""Hasse""}}"
317,pop,2026-09-13,69,4,,,,,"{""workbook_row"": {""Name"": ""Kevin Keenan"", ""Year"": 2009, ""Cites2017"": 69, ""%Cites2017"": 0.087, ""%Rank"": 0.096, ""H-Index"": 4, ""%RankH"": 0.09, ""CurrentSchool"": ""Rowan University"", ""Position"": ""Associate Professor"", ""PhDYear"": 2009, ""PhDSchool"": ""Clark University"", ""Years"": 16, ""CY2017"": 4.3125, ""First"": ""Kevin"", ""Last"": ""Keenan""}}"
324,pop,2026-09-13,4209,32,,,,,"{""workbook_row"": {""Name"": ""James Hughes"", ""Year"": 1999, ""Cites2017"": 4209, ""%Cites2017"": 0.846, ""%Rank"": 0.683, ""H-Index"": 32, ""%RankH"": 0.874, ""CurrentSchool"": ""Rutgers University"", ""Position"": ""Professor"", ""PhDYear"": 1999, ""PhDSchool"": ""Rutgers University"", ""Years"": 26, ""CY2017"": 161.8846153846154, ""First"": ""James"", ""Middle"": ""W."", ""Last"": ""Hughes"", ""Interests"": ""Housing & Real Estate Markets, Demographics, Analysis of Regional & State Economies""}}"
327,pop,2026-09-13,4100,29,,,,,"{""workbook_row"": {""Name"": ""David Listokin"", ""Year"": 1978, ""Cites2017"": 4100, ""%Cites2017"": 0.841, ""%Rank"": 0.67, ""H-Index"": 29, ""%RankH"": 0.84, ""CurrentSchool"": ""Rutgers University"", ""Position"": ""Professor"", ""PhDYear"": 1978, ""PhDSchool"": ""Rutgers University"", ""Years"": 47, ""CY2017"": 87.23404255319149, ""First"": ""David"", ""Last"": ""Listokin"", ""Interests"": ""Housing, Fiscal Impacts, Historic Preservation"", ""LinkedIn"": ""https://linkedin.com/in/david-listokin-7276b717""}}"
333,pop,2026-09-13,1430,20,,,,,"{""workbook_row"": {""Name"": ""Hal Salzman"", ""Year"": 1998, ""Cites2017"": 1430, ""%Cites2017"": 0.586, ""%Rank"": 0.351, ""H-Index"": 20, ""%RankH"": 0.664, ""CurrentSchool"": ""Rutgers University"", ""Position"": ""Professor"", ""PhDYear"": 1998, ""PhDSchool"": ""Brandeis University"", ""Years"": 27, ""CY2017"": 52.96296296296296, ""First"": ""Hal"", ""Last"": ""Salzman""}}"
337,pop,2026-09-13,2822,27,,,,,"{""workbook_row"": {""Name"": ""Piyushimita Thakuriah"", ""Year"": 1994, ""Cites2017"": 2822, ""%Cites2017"": 0.771, ""%Rank"": 0.556, ""H-Index"": 27, ""%RankH"": 0.822, ""CurrentSchool"": ""Rutgers University"", ""Position"": ""Professor"", ""PhDYear"": 1994, ""PhDSchool"": ""University of Illinois, Chicago"", ""Years"": 31, ""CY2017"": 91.03225806451613, ""First"": ""Piyushimita"", ""Last"": ""Thakuriah""}}"
342,pop,2026-09-13,111,6,,,,,"{""workbook_row"": {""Name"": ""Wolfram Hoefer"", ""Year"": 2000, ""Cites2017"": 111, ""%Cites2017"": 0.133, ""%Rank"": 0.126, ""H-Index"": 6, ""%RankH"": 0.173, ""CurrentSchool"": ""Rutgers University, School of Environmental & Biological Sciences"", ""Position"": ""Associate Professor"", ""PhDYear"": 2000, ""PhDSchool"": ""TU Munich"", ""Years"": 25, ""CY2017"": 4.44, ""First"": ""Wolfram"", ""Last"": ""Hoefer"", ""LinkedIn"": ""https://linkedin.com/in/wolfram-hoefer-4917942b""}}"
343,pop,2026-09-13,91,6,,,,,"{""workbook_row"": {""Name"": ""Kathleen John-Alder"", ""Year"": 2008, ""Cites2017"": 91, ""%Cites2017"": 0.107, ""%Rank"": 0.107, ""H-Index"": 6, ""%RankH"": 0.173, ""CurrentSchool"": ""Rutgers University, School of Environmental & Biological Sciences"", ""Position"": ""Associate Professor"", ""PhDYear"": 2008, ""PhDSchool"": ""Yale University"", ""Years"": 17, ""CY2017"": 5.352941176470588, ""First"": ""Kate"", ""Last"": ""John-Adler""}}"
346,pop,2026-09-13,265,5,,,,,"{""workbook_row"": {""Name"": ""Amal Ali"", ""Year"": 2005, ""Cites2017"": 265, ""%Cites2017"": 0.237, ""%Rank"": 0.108, ""H-Index"": 5, ""%RankH"": 0.129, ""CurrentSchool"": ""Salisbury University"", ""Position"": ""Professor"", ""PhDYear"": 2005, ""PhDSchool"": ""Florida State University"", ""Years"": 20, ""CY2017"": 13.25, ""First"": ""Amal"", ""Last"": ""Ali"", ""Interests"": ""Planning, Smart Growth, Land Use""}}"
356,pop,2026-09-13,121,5,,,,,"{""workbook_row"": {""Name"": ""Sophie Kelmenson"", ""Year"": 2022, ""Cites2017"": 121, ""%Cites2017"": 0.145, ""%Rank"": 0.278, ""H-Index"": 5, ""%RankH"": 0.129, ""CurrentSchool"": ""San Jose State University"", ""Position"": ""Assistant Professor"", ""PhDYear"": 2022, ""PhDSchool"": ""UNC"", ""Years"": 3, ""CY2017"": 40.333333333333336, ""First"": ""Sophie"", ""Last"": ""Kelmenson""}}"
358,pop,2026-09-13,1201,19,,,,,"{""workbook_row"": {""Name"": ""Shishir Mathur"", ""Year"": 2003, ""Cites2017"": 1201, ""%Cites2017"": 0.54, ""%Rank"": 0.306, ""H-Index"": 19, ""%RankH"": 0.631, ""CurrentSchool"": ""San Jose State University"", ""Position"": ""Professor"", ""PhDYear"": 2003, ""PhDSchool"": ""University of Washington"", ""Years"": 22, ""CY2017"": 54.59090909090909, ""First"": ""Shishir"", ""Last"": ""Mathur"", ""Interests"": ""Housing, Growth Management, Public Finance, Strategic Planning and Management"", ""ResearchGate"": ""https://researchgate.net/profile/Shishir_Mathur2"", ""LinkedIn"": ""https://linkedin.com/in/shishir-mathur-b158402b""}}"
360,pop,2026-09-13,155,8,,,,,"{""workbook_row"": {""Name"": ""Kathrine Richardson"", ""Year"": 2006, ""Cites2017"": 155, ""%Cites2017"": 0.173, ""%Rank"": 0.086, ""H-Index"": 8, ""%RankH"": 0.261, ""CurrentSchool"": ""San Jose State University"", ""Position"": ""Professor"", ""PhDYear"": 2006, ""PhDSchool"": ""University of British Columbia"", ""Years"": 19, ""First"": ""Kathrine"", ""Last"": ""Richardson""}}"
362,pop,2026-09-13,524,8,,,,,"{""workbook_row"": {""Name"": ""Behrooz Kalantari"", ""Year"": 1990, ""Cites2017"": 524, ""%Cites2017"": 0.359, ""%Rank"": 0.165, ""H-Index"": 8, ""%RankH"": 0.261, ""CurrentSchool"": ""Savannah State University"", ""Position"": ""Professor"", ""PhDYear"": 1990, ""PhDSchool"": ""Southern Illinois University"", ""Years"": 35, ""CY2017"": 14.971428571428572, ""First"": ""Behrooz"", ""Last"": ""Kalantari"", ""Interests"": ""Human Resource Management, Ethics, Organization Theory, Alternative Dispute Resolution, Strategic Planning, Government and Politics of the Middle East."", ""LinkedIn"": ""https://linkedin.com/in/behrooz-kalantari-b004b448""}}"
366,pop,2026-09-13,2660,26,,,,,"{""workbook_row"": {""Name"": ""Thomas Gunton"", ""Year"": 1981, ""Cites2017"": 2660, ""%Cites2017"": 0.754, ""%Rank"": 0.534, ""H-Index"": 26, ""%RankH"": 0.813, ""CurrentSchool"": ""Simon Fraser University"", ""Position"": ""Professor"", ""PhDYear"": 1981, ""PhDSchool"": ""University of British Columbia"", ""Years"": 44, ""CY2017"": 60.45454545454545, ""First"": ""Thomas"", ""Last"": ""Gunton""}}"
372,pop,2026-09-13,501,6,,,,,"{""workbook_row"": {""Name"": ""David Lewis"", ""Year"": 2003, ""Cites2017"": 501, ""%Cites2017"": 0.351, ""%Rank"": 0.335, ""H-Index"": 6, ""%RankH"": 0.173, ""CurrentSchool"": ""State University of New York at Albany"", ""Position"": ""Associate Professor"", ""PhDYear"": 2003, ""PhDSchool"": ""Rutgers University"", ""Years"": 22, ""CY2017"": 22.772727272727273, ""First"": ""David"", ""Middle"": ""A."", ""Last"": ""Lewis"", ""Interests"": ""Regional Planning and Regional Science, Brownfield Redevelopment, Local and Regional Economic Development, Globalization and Economic Restructuring""}}"
374,pop,2026-09-13,1215,14,,,,,"{""workbook_row"": {""Name"": ""Ryan Devlin"", ""Year"": 2010, ""Cites2017"": 1215, ""%Cites2017"": 0.542, ""%Rank"": 0.821, ""H-Index"": 14, ""%RankH"": 0.485, ""CurrentSchool"": ""Temple University"", ""Position"": ""Assistant Professor"", ""PhDYear"": 2010, ""PhDSchool"": ""UC Berkeley"", ""Years"": 15, ""CY2017"": 81, ""First"": ""Ryan"", ""Last"": ""Devlin""}}"
399,pop,2026-09-13,275,5,,,,,"{""workbook_row"": {""Name"": ""Sheri Smith"", ""Year"": 2002, ""Cites2017"": 275, ""%Cites2017"": 0.244, ""%Rank"": 0.208, ""H-Index"": 5, ""%RankH"": 0.129, ""CurrentSchool"": ""Texas Southern University"", ""Position"": ""Associate Professor"", ""PhDYear"": 2002, ""PhDSchool"": ""Texas A&M"", ""Years"": 23, ""CY2017"": 11.956521739130435, ""First"": ""Sheri"", ""Last"": ""Smith"", ""Interests"": ""Housing and Community Development, Infrastructure""}}"
406,pop,2026-09-13,35,3,,,,,"{""workbook_row"": {""Name"": ""Yemi Adediji"", ""Year"": 2018, ""Cites2017"": 35, ""%Cites2017"": 0.06, ""%Rank"": 0.121, ""H-Index"": 3, ""%RankH"": 0.051, ""CurrentSchool"": ""Toronto Metropolitan University"", ""Position"": ""Assistant Professor"", ""PhDYear"": 2018, ""PhDSchool"": ""Rutgers University"", ""Years"": 7, ""CY2017"": 5, ""First"": ""Yemi"", ""Last"": ""Adediji""}}"
417,pop,2026-09-13,85,3,,,,,"{""workbook_row"": {""Name"": ""Magdalena Ugarte"", ""Year"": 2018, ""Cites2017"": 85, ""%Cites2017"": 0.103, ""%Rank"": 0.104, ""H-Index"": 3, ""%RankH"": 0.051, ""CurrentSchool"": ""Toronto Metropolitan University"", ""Position"": ""Associate Professor"", ""PhDYear"": 2018, ""PhDSchool"": ""University of British Columbia"", ""Years"": 7, ""CY2017"": 12.142857142857142, ""First"": ""Magdalena"", ""Last"": ""Ugarte""}}"
425,pop,2026-09-13,274,6,,,,,"{""workbook_row"": {""Name"": ""Hassaan Furqan Khan"", ""Year"": 2019, ""Cites2017"": 274, ""%Cites2017"": 0.243, ""%Rank"": 0.482, ""H-Index"": 6, ""%RankH"": 0.173, ""CurrentSchool"": ""Tufts University"", ""Position"": ""Assistant Professor"", ""PhDYear"": 2019, ""PhDSchool"": ""University of Massachusetts-Amherst"", ""Years"": 6, ""CY2017"": 45.666666666666664, ""First"": ""Hassaan"", ""Middle"": ""Furqan"", ""Last"": ""Khan""}}"
434,pop,2026-09-13,450,10,,,,,"{""workbook_row"": {""Name"": ""Sai Balakrishnan"", ""Year"": 2014, ""Cites2017"": 450, ""%Cites2017"": 0.328, ""%Rank"": 0.307, ""H-Index"": 10, ""%RankH"": 0.335, ""CurrentSchool"": ""UC Berkeley"", ""Position"": ""Associate Professor"", ""PhDYear"": 2014, ""PhDSchool"": ""Harvard University"", ""Years"": 11, ""CY2017"": 40.90909090909091, ""First"": ""Sai"", ""Last"": ""Balakrishnan""}}"
442,pop,2026-09-13,495,8,,,,,"{""workbook_row"": {""Name"": ""Justin Hosbey"", ""Year"": 2016, ""Cites2017"": 495, ""%Cites2017"": 0.347, ""%Rank"": 0.642, ""H-Index"": 8, ""%RankH"": 0.261, ""CurrentSchool"": ""UC Berkeley"", ""Position"": ""Assistant Professor"", ""PhDYear"": 2016, ""PhDSchool"": ""University of Florida"", ""Years"": 9, ""CY2017"": 55, ""First"": ""Justin"", ""Last"": ""Hosbey"", ""Interests"": ""Cultural and political economy of racism, Black ecologies, racial capitalism, digital and spatial humanities""}}"
449,pop,2026-09-13,446,9,,,,,"{""workbook_row"": {""Name"": ""Jessica Garrison"", ""Year"": 2016, ""Cites2017"": 446, ""%Cites2017"": 0.324, ""%Rank"": 0.607, ""H-Index"": 9, ""%RankH"": 0.292, ""CurrentSchool"": ""UC Irvine"", ""Position"": ""Assistant Professor"", ""PhDYear"": 2016, ""PhDSchool"": ""MIT"", ""Years"": 9, ""CY2017"": 49.55555555555556, ""First"": ""Jessica"", ""Last"": ""Garrison""}}"
451,pop,2026-09-13,160,4,,,,,"{""workbook_row"": {""Name"": ""Hun Kim"", ""Year"": 2015, ""Cites2017"": 160, ""%Cites2017"": 0.179, ""%Rank"": 0.357, ""H-Index"": 4, ""%RankH"": 0.09, ""CurrentSchool"": ""UC Irvine"", ""Position"": ""Assistant Professor"", ""PhDYear"": 2015, ""PhDSchool"": ""UC Berkeley"", ""Years"": 10, ""CY2017"": 16, ""First"": ""Hun"", ""Last"": ""Kim""}}"
453,pop,2026-09-13,68,4,,,,,"{""workbook_row"": {""Name"": ""Eli Knaap"", ""Year"": 2016, ""Cites2017"": 68, ""%Cites2017"": 0.086, ""%Rank"": 0.164, ""H-Index"": 4, ""%RankH"": 0.09, ""CurrentSchool"": ""UC Irvine"", ""Position"": ""Assistant Professor"", ""PhDYear"": 2016, ""PhDSchool"": ""University of Maryland"", ""Years"": 9, ""CY2017"": 7.555555555555555, ""First"": ""Eli"", ""Last"": ""Knaap""}}"
461,pop,2026-09-13,405,7,,,,,"{""workbook_row"": {""Name"": ""Seth Pipkin"", ""Year"": 2012, ""Cites2017"": 405, ""%Cites2017"": 0.303, ""%Rank"": 0.274, ""H-Index"": 7, ""%RankH"": 0.218, ""CurrentSchool"": ""UC Irvine"", ""Position"": ""Associate Professor"", ""PhDYear"": 2012, ""PhDSchool"": ""MIT"", ""Years"": 13, ""CY2017"": 31.153846153846153, ""First"": ""Seth"", ""Last"": ""Pipkin"", ""ResearchGate"": ""https://researchgate.net/profile/Seth_Pipkin"", ""LinkedIn"": ""https://linkedin.com/in/seth-pipkin-27328239""}}"
466,pop,2026-09-13,156,5,,,,,"{""workbook_row"": {""Name"": ""John Arroyo"", ""Year"": 2018, ""Cites2017"": 156, ""%Cites2017"": 0.174, ""%Rank"": 0.339, ""H-Index"": 5, ""%RankH"": 0.129, ""CurrentSchool"": ""UC San Diego"", ""Position"": ""Assistant Professor"", ""PhDYear"": 2018, ""PhDSchool"": ""MIT"", ""Years"": 7, ""CY2017"": 22.285714285714285, ""First"": ""John"", ""Last"": ""Arroyo""}}"
467,pop,2026-09-13,194,5,,,,,"{""workbook_row"": {""Name"": ""Deepti Chatti"", ""Year"": 2019, ""Cites2017"": 194, ""%Cites2017"": 0.198, ""%Rank"": 0.4, ""H-Index"": 5, ""%RankH"": 0.129, ""CurrentSchool"": ""UC San Diego"", ""Position"": ""Assistant Professor"", ""PhDYear"": 2019, ""PhDSchool"": ""Yale"", ""Years"": 6, ""CY2017"": 32.333333333333336, ""First"": ""Deepti"", ""Last"": ""Chatti""}}"
468,pop,2026-09-13,10,2,,,,,"{""workbook_row"": {""Name"": ""Caroline Collins"", ""Year"": 2019, ""Cites2017"": 10, ""%Cites2017"": 0.024, ""%Rank"": 0.05, ""H-Index"": 2, ""%RankH"": 0.024, ""CurrentSchool"": ""UC San Diego"", ""Position"": ""Assistant Professor"", ""PhDYear"": 2019, ""PhDSchool"": ""UC San Diego"", ""Years"": 6, ""CY2017"": 1.6666666666666667, ""First"": ""Caroline"", ""Last"": ""Collins""}}"
470,pop,2026-09-13,63,1,,,,,"{""workbook_row"": {""Name"": ""Guadalupe Garcia"", ""Year"": 2016, ""Cites2017"": 63, ""%Cites2017"": 0.08, ""%Rank"": 0.085, ""H-Index"": 1, ""%RankH"": 0, ""CurrentSchool"": ""UC San Diego"", ""Position"": ""Associate Professor"", ""PhDYear"": 2016, ""PhDSchool"": ""UNC"", ""Years"": 9, ""CY2017"": 7, ""First"": ""Guadalupe"", ""Last"": ""Garcia""}}"
471,pop,2026-09-13,271,8,,,,,"{""workbook_row"": {""Name"": ""Nancy Kwak"", ""Year"": 2016, ""Cites2017"": 271, ""%Cites2017"": 0.24, ""%Rank"": 0.203, ""H-Index"": 8, ""%RankH"": 0.261, ""CurrentSchool"": ""UC San Diego"", ""Position"": ""Associate Professor"", ""PhDYear"": 2016, ""PhDSchool"": ""Columbia University"", ""Years"": 9, ""CY2017"": 30.11111111111111, ""First"": ""Nancy"", ""Last"": ""Kwak""}}"
474,pop,2026-09-13,19,3,,,,,"{""workbook_row"": {""Name"": ""Kelema Moses"", ""Year"": 2015, ""Cites2017"": 19, ""%Cites2017"": 0.04, ""%Rank"": 0.089, ""H-Index"": 3, ""%RankH"": 0.051, ""CurrentSchool"": ""UC San Diego"", ""Position"": ""Assistant Professor"", ""PhDYear"": 2015, ""PhDSchool"": ""Pennsylvania State University"", ""Years"": 10, ""CY2017"": 1.9, ""First"": ""Kelema"", ""Last"": ""Moses""}}"
480,pop,2026-09-13,2235,27,,,,,"{""workbook_row"": {""Name"": ""Behram Wali"", ""Year"": 2018, ""Cites2017"": 2235, ""%Cites2017"": 0.7, ""%Rank"": 0.914, ""H-Index"": 27, ""%RankH"": 0.822, ""CurrentSchool"": ""UC San Diego"", ""Position"": ""Assistant Professor"", ""PhDYear"": 2018, ""PhDSchool"": ""University of Tennessee"", ""Years"": 7, ""CY2017"": 319.2857142857143, ""First"": ""Behram"", ""Last"": ""Wali""}}"
484,pop,2026-09-13,3646,21,,,,,"{""workbook_row"": {""Name"": ""Dana Cuff"", ""Year"": 1982, ""Cites2017"": 3646, ""%Cites2017"": 0.819, ""%Rank"": 0.628, ""H-Index"": 21, ""%RankH"": 0.696, ""CurrentSchool"": ""UCLA"", ""Position"": ""Professor"", ""PhDYear"": 1982, ""PhDSchool"": ""UC Berkeley"", ""Years"": 43, ""CY2017"": 84.79069767441861, ""First"": ""Dana"", ""Last"": ""Cuff""}}"
496,pop,2026-09-13,2610,24,,,,,"{""workbook_row"": {""Name"": ""Vinit Mukhija"", ""Year"": 2000, ""Cites2017"": 2610, ""%Cites2017"": 0.747, ""%Rank"": 0.519, ""H-Index"": 24, ""%RankH"": 0.774, ""CurrentSchool"": ""UCLA"", ""Position"": ""Professor"", ""PhDYear"": 2000, ""PhDSchool"": ""MIT"", ""Years"": 25, ""CY2017"": 104.4, ""First"": ""Vinit"", ""Last"": ""Mukhija"", ""Interests"": ""Housing and Land Development, Urban & Neighborhood Revitalization, Development Strategies for Low Income Communities, Physical Planning and Urban Design""}}"
502,pop,2026-09-13,3110,25,,,,,"{""workbook_row"": {""Name"": ""Veronica Terriquez"", ""Year"": 2009, ""Cites2017"": 3110, ""%Cites2017"": 0.784, ""%Rank"": 0.574, ""H-Index"": 25, ""%RankH"": 0.793, ""CurrentSchool"": ""UCLA"", ""Position"": ""Professor"", ""PhDYear"": 2009, ""PhDSchool"": ""UCLA"", ""Years"": 16, ""CY2017"": 194.375, ""First"": ""Veronica"", ""Last"": ""Terriquez""}}"
505,pop,2026-09-13,24,2,,,,,"{""workbook_row"": {""Name"": ""Marques Vestal"", ""Year"": 2020, ""Cites2017"": 24, ""%Cites2017"": 0.045, ""%Rank"": 0.103, ""H-Index"": 2, ""%RankH"": 0.024, ""CurrentSchool"": ""UCLA"", ""Position"": ""Assistant Professor"", ""PhDYear"": 2020, ""PhDSchool"": ""UCLA"", ""Years"": 5, ""CY2017"": 4.8, ""First"": ""Marques"", ""Last"": ""Vestal""}}"
522,pop,2026-09-13,563,12,,,,,"{""workbook_row"": {""Name"": ""Gérard Beaudet"", ""Year"": 1980, ""Cites2017"": 563, ""%Cites2017"": 0.376, ""%Rank"": 0.18, ""H-Index"": 12, ""%RankH"": 0.409, ""CurrentSchool"": ""Universite de Montreal"", ""Position"": ""Professor"", ""PhDYear"": 1980, ""PhDSchool"": ""University of Montreal"", ""Years"": 45, ""CY2017"": 12.511111111111111, ""First"": ""Gérard"", ""Last"": ""Beaudet""}}"
524,pop,2026-09-13,62,3,,,,,"{""workbook_row"": {""Name"": ""Jacques Fisette"", ""Year"": 1982, ""Cites2017"": 62, ""%Cites2017"": 0.08, ""%Rank"": 0.022, ""H-Index"": 3, ""%RankH"": 0.051, ""CurrentSchool"": ""Universite de Montreal"", ""Position"": ""Professor"", ""PhDYear"": 1982, ""PhDSchool"": ""Universite de Montreal"", ""Years"": 43, ""CY2017"": 1.441860465116279, ""First"": ""Jacques"", ""Last"": ""Fisette""}}"
525,pop,2026-09-13,25,2,,,,,"{""workbook_row"": {""Name"": ""Michel Guenet"", ""Year"": 1990, ""Cites2017"": 25, ""%Cites2017"": 0.048, ""%Rank"": 0.046, ""H-Index"": 2, ""%RankH"": 0.024, ""CurrentSchool"": ""Universite de Montreal"", ""Position"": ""Associate Professor"", ""PhDYear"": 1990, ""PhDSchool"": ""Universite Laval"", ""Years"": 35, ""CY2017"": 0.7142857142857143, ""First"": ""Michel"", ""Last"": ""Guenette""}}"
530,pop,2026-09-13,66,4,,,,,"{""workbook_row"": {""Name"": ""Max Raynaud"", ""Year"": 2010, ""Cites2017"": 66, ""%Cites2017"": 0.084, ""%Rank"": 0.093, ""H-Index"": 4, ""%RankH"": 0.09, ""CurrentSchool"": ""Universite de Montreal"", ""Position"": ""Associate Professor"", ""PhDYear"": 2010, ""PhDSchool"": ""Universite de Montreal"", ""Years"": 15, ""CY2017"": 4.4, ""First"": ""Max"", ""Middle"": ""Michel"", ""Last"": ""Raynaud""}}"
533,pop,2026-09-13,239,5,,,,,"{""workbook_row"": {""Name"": ""Juan Torres"", ""Year"": 2008, ""Cites2017"": 239, ""%Cites2017"": 0.229, ""%Rank"": 0.186, ""H-Index"": 5, ""%RankH"": 0.129, ""CurrentSchool"": ""Universite de Montreal"", ""Position"": ""Associate Professor"", ""PhDYear"": 2008, ""PhDSchool"": ""Universite de Montreal"", ""Years"": 17, ""CY2017"": 14.058823529411764, ""First"": ""Juan"", ""Last"": ""Torres""}}"
534,pop,2026-09-13,43,4,,,,,"{""workbook_row"": {""Name"": ""Johanne Brochu"", ""Year"": 2011, ""Cites2017"": 43, ""%Cites2017"": 0.064, ""%Rank"": 0.068, ""H-Index"": 4, ""%RankH"": 0.09, ""CurrentSchool"": ""Universite Laval"", ""Position"": ""Associate Professor"", ""PhDYear"": 2011, ""PhDSchool"": ""Universite de Montreal"", ""Years"": 14, ""CY2017"": 3.0714285714285716, ""First"": ""Johanne"", ""Last"": ""Brochu""}}"
535,pop,2026-09-13,603,12,,,,,"{""workbook_row"": {""Name"": ""Mario Carrier"", ""Year"": 1992, ""Cites2017"": 603, ""%Cites2017"": 0.388, ""%Rank"": 0.19, ""H-Index"": 12, ""%RankH"": 0.409, ""CurrentSchool"": ""Universite Laval"", ""Position"": ""Professor"", ""PhDYear"": 1992, ""PhDSchool"": ""Universite Laval"", ""Years"": 33, ""CY2017"": 18.272727272727273, ""First"": ""Mario"", ""Last"": ""Carrier""}}"
542,pop,2026-09-13,2256,27,,,,,"{""workbook_row"": {""Name"": ""Martin Lee-Gosselin"", ""Year"": 1980, ""Cites2017"": 2256, ""%Cites2017"": 0.702, ""%Rank"": 0.799, ""H-Index"": 27, ""%RankH"": 0.822, ""CurrentSchool"": ""Universite Laval"", ""Position"": ""Associate Professor"", ""PhDYear"": 1980, ""PhDSchool"": ""University of Michigan"", ""Years"": 45, ""CY2017"": 50.13333333333333, ""First"": ""Martin"", ""Last"": ""Lee-Gosselin""}}"
555,pop,2026-09-13,172,9,,,,,"{""workbook_row"": {""Name"": ""Xuanyi “Maxwell” Nie"", ""Year"": 2021, ""Cites2017"": 172, ""%Cites2017"": 0.186, ""%Rank"": 0.378, ""H-Index"": 9, ""%RankH"": 0.292, ""CurrentSchool"": ""University at Buffalo, The State University of New York"", ""Position"": ""Assistant Professor"", ""PhDYear"": 2021, ""PhDSchool"": ""Harvard University"", ""Years"": 4, ""CY2017"": 43, ""First"": ""Xuanyi"", ""Last"": ""Nie""}}"
565,pop,2026-09-13,2718,19,,,,,"{""workbook_row"": {""Name"": ""Carl Amrhein"", ""Year"": 1984, ""Cites2017"": 2718, ""%Cites2017"": 0.761, ""%Rank"": 0.544, ""H-Index"": 19, ""%RankH"": 0.631, ""CurrentSchool"": ""University of Alberta"", ""Position"": ""Professor"", ""PhDYear"": 1984, ""PhDSchool"": ""SUNY Buffalo"", ""Years"": 41, ""CY2017"": 66.29268292682927, ""First"": ""Carl"", ""Last"": ""Amrhein""}}"
583,pop,2026-09-13,49,4,,,,,"{""workbook_row"": {""Name"": ""Lauri Macmillan"", ""Year"": 1977, ""Cites2017"": 49, ""%Cites2017"": 0.067, ""%Rank"": 0.017, ""H-Index"": 4, ""%RankH"": 0.09, ""CurrentSchool"": ""University of Arizona"", ""Position"": ""Professor"", ""PhDYear"": 1977, ""PhDSchool"": ""University of Illinois, Urbana-Champaign"", ""Years"": 48, ""CY2017"": 1.0208333333333333, ""First"": ""Lauri"", ""Last"": ""Macmillan""}}"
586,pop,2026-09-13,51,4,,,,,"{""workbook_row"": {""Name"": ""Jessica Barudin"", ""Year"": 2024, ""Cites2017"": 51, ""%Cites2017"": 0.071, ""%Rank"": 0.139, ""H-Index"": 4, ""%RankH"": 0.09, ""CurrentSchool"": ""University of British Columbia"", ""Position"": ""Assistant Professor"", ""PhDYear"": 2024, ""PhDSchool"": ""Concordia University"", ""Years"": 1, ""CY2017"": 51, ""First"": ""Jessica"", ""Last"": ""Barudin""}}"
589,pop,2026-09-13,5012,36,,,,,"{""workbook_row"": {""Name"": ""Heather Campbell"", ""Year"": 1995, ""Cites2017"": 5012, ""%Cites2017"": 0.878, ""%Rank"": 0.735, ""H-Index"": 36, ""%RankH"": 0.908, ""CurrentSchool"": ""University of British Columbia"", ""Position"": ""Professor"", ""PhDYear"": 1995, ""PhDSchool"": ""University of Sheffield"", ""Years"": 30, ""CY2017"": 167.06666666666666, ""First"": ""Heather"", ""Last"": ""Campbell""}}"
594,pop,2026-09-13,490,9,,,,,"{""workbook_row"": {""Name"": ""Michael Hooper"", ""Year"": 2010, ""Cites2017"": 490, ""%Cites2017"": 0.344, ""%Rank"": 0.324, ""H-Index"": 9, ""%RankH"": 0.292, ""CurrentSchool"": ""University of British Columbia"", ""Position"": ""Associate Professor"", ""PhDYear"": 2010, ""PhDSchool"": ""Stanford University"", ""Years"": 15, ""CY2017"": 32.666666666666664, ""First"": ""Michael"", ""Last"": ""Hooper"", ""Interests"": ""Land Use Planning, Urban Politics, International Development, Participation in Planning"", ""ResearchGate"": ""https://researchgate.net/profile/Michael_Hooper4"", ""LinkedIn"": ""https://linkedin.com/in/michael-hooper-a63a2a18""}}"
597,pop,2026-09-13,60,3,,,,,"{""workbook_row"": {""Name"": ""Maggie Low"", ""Year"": 2019, ""Cites2017"": 60, ""%Cites2017"": 0.077, ""%Rank"": 0.153, ""H-Index"": 3, ""%RankH"": 0.051, ""CurrentSchool"": ""University of British Columbia"", ""Position"": ""Assistant Professor"", ""PhDYear"": 2019, ""PhDSchool"": ""University of British Columbia"", ""Years"": 6, ""CY2017"": 10, ""First"": ""Maggie"", ""Last"": ""Low""}}"
601,pop,2026-09-13,9,2,,,,,"{""workbook_row"": {""Name"": ""Alberto de Salvatierra"", ""Year"": 2017, ""Cites2017"": 9, ""%Cites2017"": 0.022, ""%Rank"": 0.027, ""H-Index"": 2, ""%RankH"": 0.024, ""CurrentSchool"": ""University of Calgary"", ""Position"": ""Associate Professor"", ""PhDYear"": 2017, ""PhDSchool"": ""Harvard University"", ""Years"": 8, ""CY2017"": 1.125, ""First"": ""Alberto"", ""Last"": ""de Salvatierra""}}"
604,pop,2026-09-13,175,4,,,,,"{""workbook_row"": {""Name"": ""Fabian Neuhaus"", ""Year"": 2013, ""Cites2017"": 175, ""%Cites2017"": 0.188, ""%Rank"": 0.148, ""H-Index"": 4, ""%RankH"": 0.09, ""CurrentSchool"": ""University of Calgary"", ""Position"": ""Associate Professor"", ""PhDYear"": 2013, ""PhDSchool"": ""University College London"", ""Years"": 12, ""CY2017"": 14.583333333333334, ""First"": ""Fabian"", ""Last"": ""Neuhaus""}}"
605,pop,2026-09-13,584,10,,,,,"{""workbook_row"": {""Name"": ""Beverly Sandalack"", ""Year"": 1998, ""Cites2017"": 584, ""%Cites2017"": 0.381, ""%Rank"": 0.185, ""H-Index"": 10, ""%RankH"": 0.335, ""CurrentSchool"": ""University of Calgary"", ""Position"": ""Professor"", ""PhDYear"": 1998, ""PhDSchool"": ""University of Brookes, Oxford"", ""Years"": 27, ""CY2017"": 21.62962962962963, ""First"": ""Beverly"", ""Middle"": ""A."", ""Last"": ""Sandalack""}}"
607,pop,2026-09-13,144,6,,,,,"{""workbook_row"": {""Name"": ""Mary-Ellen Tyler"", ""Year"": 1985, ""Cites2017"": 144, ""%Cites2017"": 0.167, ""%Rank"": 0.081, ""H-Index"": 6, ""%RankH"": 0.173, ""CurrentSchool"": ""University of Calgary"", ""Position"": ""Professor"", ""PhDYear"": 1985, ""PhDSchool"": ""University of Calgary"", ""Years"": 40, ""CY2017"": 3.6, ""First"": ""Mary-Ellen"", ""Last"": ""Tyler""}}"
609,pop,2026-09-13,189,7,,,,,"{""workbook_row"": {""Name"": ""Carla Chifos"", ""Year"": 1996, ""Cites2017"": 189, ""%Cites2017"": 0.193, ""%Rank"": 0.151, ""H-Index"": 7, ""%RankH"": 0.218, ""CurrentSchool"": ""University of Cincinnati"", ""Position"": ""Associate Professor"", ""PhDYear"": 1996, ""PhDSchool"": ""Cornell University"", ""Years"": 29, ""CY2017"": 6.517241379310345, ""First"": ""Carla"", ""Last"": ""Chifos"", ""Interests"": ""Sustainable Development, Urban Environment, International Development"", ""LinkedIn"": ""https://linkedin.com/in/carla-chifos-b386709""}}"
612,pop,2026-09-13,175,3,,,,,"{""workbook_row"": {""Name"": ""Rainer Hofe"", ""Year"": 2002, ""Cites2017"": 175, ""%Cites2017"": 0.188, ""%Rank"": 0.091, ""H-Index"": 3, ""%RankH"": 0.051, ""CurrentSchool"": ""University of Cincinnati"", ""Position"": ""Professor"", ""PhDYear"": 2002, ""PhDSchool"": ""Cornell University"", ""Years"": 23, ""CY2017"": 7.608695652173913, ""First"": ""Rainer"", ""Middle"": ""vom"", ""Last"": ""Hofe"", ""Interests"": ""Regional Analysis, Economic Development, Quantitative Methods, Urban and Regional Economics"", ""LinkedIn"": ""https://linkedin.com/in/rainer-vom-hofe-9295b09""}}"
613,pop,2026-09-13,105,5,,,,,"{""workbook_row"": {""Name"": ""Leah Hollstein"", ""Year"": 2014, ""Cites2017"": 105, ""%Cites2017"": 0.126, ""%Rank"": 0.239, ""H-Index"": 5, ""%RankH"": 0.129, ""CurrentSchool"": ""University of Cincinnati"", ""Position"": ""Assistant Professor"", ""PhDYear"": 2014, ""PhDSchool"": ""University of Texas, Austin"", ""Years"": 11, ""CY2017"": 9.545454545454545, ""First"": ""Leah"", ""Last"": ""Hollstein""}}"
632,pop,2026-09-13,622,14,,,,,"{""workbook_row"": {""Name"": ""Ilir Bejleri"", ""Year"": 1994, ""Cites2017"": 622, ""%Cites2017"": 0.395, ""%Rank"": 0.392, ""H-Index"": 14, ""%RankH"": 0.485, ""CurrentSchool"": ""University of Florida"", ""Position"": ""Associate Professor"", ""PhDYear"": 1994, ""PhDSchool"": ""Polytechnic University, Tirana, Albania"", ""Years"": 31, ""CY2017"": 20.06451612903226, ""First"": ""Ilir"", ""Last"": ""Bejleri"", ""Interests"": ""Urban Design, Urban Simulation, Information Technology for Planning"", ""LinkedIn"": ""https://linkedin.com/in/ilir-bejleri-06a61010""}}"
634,pop,2026-09-13,1,1,,,,,"{""workbook_row"": {""Name"": ""Cleary Larkin"", ""Year"": 2019, ""Cites2017"": 1, ""%Cites2017"": 0, ""%Rank"": 0, ""H-Index"": 1, ""%RankH"": 0, ""CurrentSchool"": ""University of Florida"", ""Position"": ""Assistant Professor"", ""PhDYear"": 2019, ""PhDSchool"": ""University of Florida"", ""Years"": 6, ""CY2017"": 0.16666666666666666, ""First"": ""Cleary"", ""Last"": ""Larkin""}}"
642,pop,2026-09-13,119,6,,,,,"{""workbook_row"": {""Name"": ""Jack Crowley"", ""Year"": 1977, ""Cites2017"": 119, ""%Cites2017"": 0.142, ""%Rank"": 0.059, ""H-Index"": 6, ""%RankH"": 0.173, ""CurrentSchool"": ""University of Georgia"", ""Position"": ""Professor"", ""PhDYear"": 1977, ""PhDSchool"": ""University of Oklahoma"", ""Years"": 48, ""CY2017"": 2.4791666666666665, ""First"": ""Jack"", ""Last"": ""Crowley""}}"
644,pop,2026-09-13,133,7,,,,,"{""workbook_row"": {""Name"": ""Mark Reinberger"", ""Year"": 1988, ""Cites2017"": 133, ""%Cites2017"": 0.157, ""%Rank"": 0.071, ""H-Index"": 7, ""%RankH"": 0.218, ""CurrentSchool"": ""University of Georgia"", ""Position"": ""Professor"", ""PhDYear"": 1988, ""PhDSchool"": ""Cornell University"", ""Years"": 37, ""CY2017"": 3.5945945945945947, ""First"": ""Mark"", ""Last"": ""Reinberger""}}"
646,pop,2026-09-13,102,3,,,,,"{""workbook_row"": {""Name"": ""Alison Smith"", ""Year"": 2010, ""Cites2017"": 102, ""%Cites2017"": 0.122, ""%Rank"": 0.232, ""H-Index"": 3, ""%RankH"": 0.051, ""CurrentSchool"": ""University of Georgia"", ""Position"": ""Assistant Professor"", ""PhDYear"": 2010, ""PhDSchool"": ""Auburn University"", ""Years"": 15, ""CY2017"": 6.8, ""First"": ""Alison"", ""Middle"": ""L."", ""Last"": ""Smith""}}"
648,pop,2026-09-13,92,2,,,,,"{""workbook_row"": {""Name"": ""Umit Yilmaz"", ""Year"": 1981, ""Cites2017"": 92, ""%Cites2017"": 0.108, ""%Rank"": 0.034, ""H-Index"": 2, ""%RankH"": 0.024, ""CurrentSchool"": ""University of Georgia"", ""Position"": ""Professor"", ""PhDYear"": 1981, ""PhDSchool"": ""Istanbul Technical University"", ""Years"": 44, ""CY2017"": 2.090909090909091, ""First"": ""Umit"", ""Last"": ""Yilmaz"", ""LinkedIn"": ""https://linkedin.com/in/umit-yilmaz-90a85022""}}"
652,pop,2026-09-13,95,6,,,,,"{""workbook_row"": {""Name"": ""Sara Epp"", ""Year"": 2018, ""Cites2017"": 95, ""%Cites2017"": 0.113, ""%Rank"": 0.217, ""H-Index"": 6, ""%RankH"": 0.173, ""CurrentSchool"": ""University of Guelph"", ""Position"": ""Assistant Professor"", ""PhDYear"": 2018, ""PhDSchool"": ""University of Guelph"", ""Years"": 7, ""CY2017"": 13.571428571428571, ""First"": ""Sara"", ""Last"": ""Epp""}}"
656,pop,2026-09-13,2223,16,,,,,"{""workbook_row"": {""Name"": ""Makena Coffman"", ""Year"": 2007, ""Cites2017"": 2223, ""%Cites2017"": 0.697, ""%Rank"": 0.462, ""H-Index"": 16, ""%RankH"": 0.548, ""CurrentSchool"": ""University of Hawaii"", ""Position"": ""Professor"", ""PhDYear"": 2007, ""PhDSchool"": ""University of Hawaii"", ""Years"": 18, ""CY2017"": 123.5, ""First"": ""Makena"", ""Last"": ""Coffman"", ""Interests"": ""Environmental Economics and Planning, Energy and Climate Change Policy, Resource Management, General Equilibrium Modeling""}}"
658,pop,2026-09-13,601,12,,,,,"{""workbook_row"": {""Name"": ""Priyam Das"", ""Year"": 2009, ""Cites2017"": 601, ""%Cites2017"": 0.387, ""%Rank"": 0.381, ""H-Index"": 12, ""%RankH"": 0.409, ""CurrentSchool"": ""University of Hawaii"", ""Position"": ""Associate Professor"", ""PhDYear"": 2009, ""PhDSchool"": ""UCLA"", ""Years"": 16, ""CY2017"": 37.5625, ""First"": ""Priyam"", ""Last"": ""Das"", ""Interests"": ""Urban Development, Basic Environmental Services and Governance in South Asia, Design and Planning of the Built Environment"", ""LinkedIn"": ""https://linkedin.com/in/priyam-das-80650bb""}}"
659,pop,2026-09-13,632,14,,,,,"{""workbook_row"": {""Name"": ""Peter Flachsbart"", ""Year"": 1971, ""Cites2017"": 632, ""%Cites2017"": 0.4, ""%Rank"": 0.403, ""H-Index"": 14, ""%RankH"": 0.485, ""CurrentSchool"": ""University of Hawaii"", ""Position"": ""Associate Professor"", ""PhDYear"": 1971, ""PhDSchool"": ""Northwestern University"", ""Years"": 54, ""CY2017"": 11.703703703703704, ""First"": ""Peter"", ""Middle"": ""G."", ""Last"": ""Flachsbart"", ""Interests"": ""Planning Methods and Models, Environmental Planning, Land Use Planning, Energy Policy & Urban Transportation Planning."", ""ResearchGate"": ""https://researchgate.net/profile/Peter_Flachsbart"", ""LinkedIn"": ""https://linkedin.com/in/peter-flachsbart-1aba4027""}}"
667,pop,2026-09-13,2072,18,,,,,"{""workbook_row"": {""Name"": ""John Betancur"", ""Year"": 1986, ""Cites2017"": 2072, ""%Cites2017"": 0.679, ""%Rank"": 0.445, ""H-Index"": 18, ""%RankH"": 0.604, ""CurrentSchool"": ""University of Illinois, Chicago"", ""Position"": ""Professor"", ""PhDYear"": 1986, ""PhDSchool"": ""University of Illinois, Chicago"", ""Years"": 39, ""CY2017"": 53.12820512820513, ""First"": ""John"", ""Middle"": ""J."", ""Last"": ""Betancur"", ""Interests"": ""Community Development, International Development, Race/ Ethnicity & Planning & Social Policy/Human Services."", ""ResearchGate"": ""https://researchgate.net/profile/John_Betancur""}}"
670,pop,2026-09-13,105,4,,,,,"{""workbook_row"": {""Name"": ""April Jackson"", ""Year"": 2015, ""Cites2017"": 105, ""%Cites2017"": 0.126, ""%Rank"": 0.12, ""H-Index"": 4, ""%RankH"": 0.09, ""CurrentSchool"": ""University of Illinois, Chicago"", ""Position"": ""Associate Professor"", ""PhDYear"": 2015, ""PhDSchool"": ""University of Illinois, Chicago"", ""Years"": 10, ""CY2017"": 10.5, ""First"": ""April"", ""Last"": ""Jackson""}}"
671,pop,2026-09-13,2109,19,,,,,"{""workbook_row"": {""Name"": ""Kazuya Kawamura"", ""Year"": 1999, ""Cites2017"": 2109, ""%Cites2017"": 0.683, ""%Rank"": 0.45, ""H-Index"": 19, ""%RankH"": 0.631, ""CurrentSchool"": ""University of Illinois, Chicago"", ""Position"": ""Professor"", ""PhDYear"": 1999, ""PhDSchool"": ""UC Berkeley"", ""Years"": 26, ""CY2017"": 81.11538461538461, ""First"": ""Kazuya"", ""Last"": ""Kawamura"", ""Interests"": ""Quantitative Methods and Transportation"", ""LinkedIn"": ""https://linkedin.com/in/kazuya-kawamura-a7590927""}}"
678,pop,2026-09-13,9,2,,,,,"{""workbook_row"": {""Name"": ""Sevin Yildiz"", ""Year"": 2014, ""Cites2017"": 9, ""%Cites2017"": 0.022, ""%Rank"": 0.046, ""H-Index"": 2, ""%RankH"": 0.024, ""CurrentSchool"": ""University of Illinois, Chicago"", ""Position"": ""Assistant Professor"", ""PhDYear"": 2014, ""PhDSchool"": ""Rutgers University"", ""Years"": 11, ""CY2017"": 0.8181818181818182, ""First"": ""Sevin"", ""Last"": ""Yildiz""}}"
690,pop,2026-09-13,95,5,,,,,"{""workbook_row"": {""Name"": ""Rebecca Walker"", ""Year"": 2022, ""Cites2017"": 95, ""%Cites2017"": 0.113, ""%Rank"": 0.217, ""H-Index"": 5, ""%RankH"": 0.129, ""CurrentSchool"": ""University of Illinois, Urbana-Champaign"", ""Position"": ""Assistant Professor"", ""PhDYear"": 2022, ""PhDSchool"": ""University of Minnesota"", ""Years"": 3, ""CY2017"": 31.666666666666668, ""First"": ""Rebecca"", ""Last"": ""Walker""}}"
691,pop,2026-09-13,925,11,,,,,"{""workbook_row"": {""Name"": ""Jerry Anthony"", ""Year"": 2000, ""Cites2017"": 925, ""%Cites2017"": 0.49, ""%Rank"": 0.524, ""H-Index"": 11, ""%RankH"": 0.374, ""CurrentSchool"": ""University of Iowa"", ""Position"": ""Associate Professor"", ""PhDYear"": 2000, ""PhDSchool"": ""Florida State University"", ""Years"": 25, ""CY2017"": 37, ""First"": ""Jerry"", ""Last"": ""Anthony"", ""Interests"": ""Land Use Planning, Housing Policy, Growth Management"", ""ResearchGate"": ""https://researchgate.net/profile/Jerry_Anthony"", ""LinkedIn"": ""https://linkedin.com/in/jerryanthony""}}"
702,pop,2026-09-13,1314,12,,,,,"{""workbook_row"": {""Name"": ""Lisa Bjorkman"", ""Year"": 2012, ""Cites2017"": 1314, ""%Cites2017"": 0.564, ""%Rank"": 0.828, ""H-Index"": 12, ""%RankH"": 0.409, ""CurrentSchool"": ""University of Louisville"", ""Position"": ""Assistant Professor"", ""PhDYear"": 2012, ""PhDSchool"": ""New School for Social Research"", ""Years"": 13, ""CY2017"": 101.07692307692308, ""First"": ""Lisa"", ""Last"": ""Bjorkman""}}"
704,pop,2026-09-13,75,5,,,,,"{""workbook_row"": {""Name"": ""Patrick Exmeyer"", ""Year"": 2017, ""Cites2017"": 75, ""%Cites2017"": 0.092, ""%Rank"": 0.175, ""H-Index"": 5, ""%RankH"": 0.129, ""CurrentSchool"": ""University of Louisville"", ""Position"": ""Assistant Professor"", ""PhDYear"": 2017, ""PhDSchool"": ""Mississippi State University"", ""Years"": 8, ""CY2017"": 9.375, ""First"": ""Patrick"", ""Last"": ""Exmeyer""}}"
708,pop,2026-09-13,3701,26,,,,,"{""workbook_row"": {""Name"": ""Janet Kelly"", ""Year"": 1992, ""Cites2017"": 3701, ""%Cites2017"": 0.821, ""%Rank"": 0.633, ""H-Index"": 26, ""%RankH"": 0.813, ""CurrentSchool"": ""University of Louisville"", ""Position"": ""Professor"", ""PhDYear"": 1992, ""PhDSchool"": ""Wayne State University"", ""Years"": 33, ""CY2017"": 112.15151515151516, ""First"": ""Janet"", ""Last"": ""Kelly""}}"
710,pop,2026-09-13,210,7,,,,,"{""workbook_row"": {""Name"": ""Aaron Rollins"", ""Year"": 2013, ""Cites2017"": 210, ""%Cites2017"": 0.207, ""%Rank"": 0.159, ""H-Index"": 7, ""%RankH"": 0.218, ""CurrentSchool"": ""University of Louisville"", ""Position"": ""Associate Professor"", ""PhDYear"": 2013, ""PhDSchool"": ""Mississippi State University"", ""Years"": 12, ""CY2017"": 17.5, ""First"": ""Aaron"", ""Last"": ""Rollins""}}"
718,pop,2026-09-13,1220,11,,,,,"{""workbook_row"": {""Name"": ""Richard Milgrom"", ""Year"": 2003, ""Cites2017"": 1220, ""%Cites2017"": 0.544, ""%Rank"": 0.59, ""H-Index"": 11, ""%RankH"": 0.374, ""CurrentSchool"": ""University of Manitoba"", ""Position"": ""Associate Professor"", ""PhDYear"": 2003, ""PhDSchool"": ""York University"", ""Years"": 22, ""CY2017"": 55.45454545454545, ""First"": ""Richard"", ""Last"": ""Milgrom""}}"
730,pop,2026-09-13,133,5,,,,,"{""workbook_row"": {""Name"": ""Michelle Magalong"", ""Year"": 2017, ""Cites2017"": 133, ""%Cites2017"": 0.157, ""%Rank"": 0.307, ""H-Index"": 5, ""%RankH"": 0.129, ""CurrentSchool"": ""University of Maryland"", ""Position"": ""Assistant Professor"", ""PhDYear"": 2017, ""PhDSchool"": ""UCLA"", ""Years"": 8, ""CY2017"": 16.625, ""First"": ""Michelle"", ""Last"": ""Magalong""}}"
731,pop,2026-09-13,105,3,,,,,"{""workbook_row"": {""Name"": ""John Park"", ""Year"": 2017, ""Cites2017"": 105, ""%Cites2017"": 0.126, ""%Rank"": 0.239, ""H-Index"": 3, ""%RankH"": 0.051, ""CurrentSchool"": ""University of Maryland"", ""Position"": ""Assistant Professor"", ""PhDYear"": 2017, ""PhDSchool"": ""Texas A&M"", ""Years"": 8, ""CY2017"": 13.125, ""First"": ""John"", ""Last"": ""Park""}}"
739,pop,2026-09-13,4502,28,,,,,"{""workbook_row"": {""Name"": ""Robert Ryan"", ""Year"": 1997, ""Cites2017"": 4502, ""%Cites2017"": 0.855, ""%Rank"": 0.698, ""H-Index"": 28, ""%RankH"": 0.832, ""CurrentSchool"": ""University of Massachusetts-Amherst"", ""Position"": ""Professor"", ""PhDYear"": 1997, ""PhDSchool"": ""University of Michigan"", ""Years"": 28, ""CY2017"": 160.78571428571428, ""First"": ""Robert"", ""Last"": ""Ryan""}}"
740,pop,2026-09-13,493,12,,,,,"{""workbook_row"": {""Name"": ""Adenrele Awotona"", ""Year"": 1977, ""Cites2017"": 493, ""%Cites2017"": 0.345, ""%Rank"": 0.16, ""H-Index"": 12, ""%RankH"": 0.409, ""CurrentSchool"": ""University of Massachusetts-Boston"", ""Position"": ""Professor"", ""PhDYear"": 1977, ""PhDSchool"": ""Cambridge University"", ""Years"": 48, ""CY2017"": 10.270833333333334, ""First"": ""Adenrele"", ""Last"": ""Awotona""}}"
742,pop,2026-09-13,470,17,,,,,"{""workbook_row"": {""Name"": ""John Duff"", ""Year"": 1997, ""Cites2017"": 470, ""%Cites2017"": 0.336, ""%Rank"": 0.155, ""H-Index"": 17, ""%RankH"": 0.572, ""CurrentSchool"": ""University of Massachusetts-Boston"", ""Position"": ""Professor"", ""PhDYear"": 1997, ""PhDSchool"": ""University of Mississippi"", ""Years"": 28, ""CY2017"": 16.785714285714285, ""First"": ""John"", ""Last"": ""Duff""}}"
744,pop,2026-09-13,275,5,,,,,"{""workbook_row"": {""Name"": ""Richard Hung"", ""Year"": 1997, ""Cites2017"": 275, ""%Cites2017"": 0.244, ""%Rank"": 0.208, ""H-Index"": 5, ""%RankH"": 0.129, ""CurrentSchool"": ""University of Massachusetts-Boston"", ""Position"": ""Associate Professor"", ""PhDYear"": 1997, ""PhDSchool"": ""Indiana University"", ""Years"": 28, ""CY2017"": 9.821428571428571, ""First"": ""Chi-Kan"", ""Middle"": ""Richard"", ""Last"": ""Hung""}}"
756,pop,2026-09-13,95,5,,,,,"{""workbook_row"": {""Name"": ""Maria Arquero de Alarcon"", ""Year"": 2008, ""Cites2017"": 95, ""%Cites2017"": 0.113, ""%Rank"": 0.109, ""H-Index"": 5, ""%RankH"": 0.129, ""CurrentSchool"": ""University of Michigan"", ""Position"": ""Associate Professor"", ""PhDYear"": 2008, ""PhDSchool"": ""Harvard University"", ""Years"": 17, ""CY2017"": 5.588235294117647, ""First"": ""Maria"", ""Last"": ""Arquero de Alarcon"", ""Interests"": ""Interdisciplinary Design with a Focus on Multi-scalar Landscape and Urban Strategies; Techniques of Visualization and Representation"", ""ResearchGate"": ""https://researchgate.net/profile/Maria_Arquero_de_Alarcon"", ""LinkedIn"": ""https://linkedin.com/in/marquero""}}"
769,pop,2026-09-13,2495,21,,,,,"{""workbook_row"": {""Name"": ""David Thacher"", ""Year"": 1999, ""Cites2017"": 2495, ""%Cites2017"": 0.735, ""%Rank"": 0.846, ""H-Index"": 21, ""%RankH"": 0.696, ""CurrentSchool"": ""University of Michigan"", ""Position"": ""Associate Professor"", ""PhDYear"": 1999, ""PhDSchool"": ""MIT"", ""Years"": 26, ""CY2017"": 95.96153846153847, ""First"": ""David"", ""Last"": ""Thacher""}}"
773,pop,2026-09-13,47,4,,,,,"{""workbook_row"": {""Name"": ""Fernando Burga"", ""Year"": 2013, ""Cites2017"": 47, ""%Cites2017"": 0.066, ""%Rank"": 0.132, ""H-Index"": 4, ""%RankH"": 0.09, ""CurrentSchool"": ""University of Minnesota"", ""Position"": ""Assistant Professor"", ""PhDYear"": 2013, ""PhDSchool"": ""UC Berkeley"", ""Years"": 12, ""CY2017"": 3.9166666666666665, ""First"": ""Fernando"", ""Last"": ""Burga""}}"
782,pop,2026-09-13,465,5,,,,,"{""workbook_row"": {""Name"": ""Rashad Williams"", ""Year"": 2023, ""Cites2017"": 465, ""%Cites2017"": 0.331, ""%Rank"": 0.614, ""H-Index"": 5, ""%RankH"": 0.129, ""CurrentSchool"": ""University of Minnesota"", ""Position"": ""Assistant Professor"", ""PhDYear"": 2023, ""PhDSchool"": ""University of Minnesota"", ""Years"": 2, ""CY2017"": 232.5, ""First"": ""Rashad"", ""Last"": ""Williams""}}"
790,pop,2026-09-13,1740,18,,,,,"{""workbook_row"": {""Name"": ""Renia Ehrenfeucht"", ""Year"": 2006, ""Cites2017"": 1740, ""%Cites2017"": 0.639, ""%Rank"": 0.408, ""H-Index"": 18, ""%RankH"": 0.604, ""CurrentSchool"": ""University of New Mexico"", ""Position"": ""Professor"", ""PhDYear"": 2006, ""PhDSchool"": ""UCLA"", ""Years"": 19, ""CY2017"": 91.57894736842105, ""First"": ""Renia"", ""Last"": ""Ehrenfeucht"", ""Interests"": ""Politics of Public Space Use, Social Production of the Built Environment, Public Participation, Politics of Urban Design, Public Space History"", ""ResearchGate"": ""https://researchgate.net/profile/Renia_Ehrenfeucht"", ""LinkedIn"": ""https://linkedin.com/in/renia-ehrenfeucht-1331357""}}"
792,pop,2026-09-13,285,4,,,,,"{""workbook_row"": {""Name"": ""Claudia Isaac"", ""Year"": 1993, ""Cites2017"": 285, ""%Cites2017"": 0.25, ""%Rank"": 0.111, ""H-Index"": 4, ""%RankH"": 0.09, ""CurrentSchool"": ""University of New Mexico"", ""Position"": ""Professor"", ""PhDYear"": 1993, ""PhDSchool"": ""UCLA"", ""Years"": 32, ""CY2017"": 8.90625, ""First"": ""Claudia"", ""Middle"": ""B."", ""Last"": ""Isaac"", ""Interests"": ""Community Development, Planning Theory, Latin American Planning, Gender and Development"", ""ResearchGate"": ""https://researchgate.net/profile/Claudia_Isaac"", ""LinkedIn"": ""https://linkedin.com/in/claudia-isaac-42aa877""}}"
793,pop,2026-09-13,349,9,,,,,"{""workbook_row"": {""Name"": ""Theodore Jojola"", ""Year"": 1982, ""Cites2017"": 349, ""%Cites2017"": 0.28, ""%Rank"": 0.128, ""H-Index"": 9, ""%RankH"": 0.292, ""CurrentSchool"": ""University of New Mexico"", ""Position"": ""Professor"", ""PhDYear"": 1982, ""PhDSchool"": ""University of Hawaii"", ""Years"": 43, ""CY2017"": 8.116279069767442, ""First"": ""Theodore"", ""Last"": ""Jojola"", ""Interests"": ""Community Development, Indigenous Human Rights, Indigenous Planning, Tribal Economic Development, Microcomputer Applications in Education and Planning"", ""LinkedIn"": ""https://linkedin.com/in/ted-jojola-10314510""}}"
794,pop,2026-09-13,678,16,,,,,"{""workbook_row"": {""Name"": ""Caroline Scruggs"", ""Year"": 2012, ""Cites2017"": 678, ""%Cites2017"": 0.416, ""%Rank"": 0.431, ""H-Index"": 16, ""%RankH"": 0.548, ""CurrentSchool"": ""University of New Mexico"", ""Position"": ""Associate Professor"", ""PhDYear"": 2012, ""PhDSchool"": ""Stanford University"", ""Years"": 13, ""CY2017"": 52.15384615384615, ""First"": ""Caroline"", ""Middle"": ""E."", ""Last"": ""Scruggs"", ""Interests"": ""Environmental Policy, Public Health, Stakeholder Analysis, Chemicals in consumer products."", ""ResearchGate"": ""https://researchgate.net/profile/Caroline_Scruggs"", ""LinkedIn"": ""https://linkedin.com/in/carolinescruggs""}}"
795,pop,2026-09-13,161,4,,,,,"{""workbook_row"": {""Name"": ""Lani Tsinnajinnie"", ""Year"": 2020, ""Cites2017"": 161, ""%Cites2017"": 0.18, ""%Rank"": 0.36, ""H-Index"": 4, ""%RankH"": 0.09, ""CurrentSchool"": ""University of New Mexico"", ""Position"": ""Assistant Professor"", ""PhDYear"": 2020, ""PhDSchool"": ""New Mexico Tech"", ""Years"": 5, ""CY2017"": 32.2, ""First"": ""Lani"", ""Last"": ""Tsinnajinnie""}}"
797,pop,2026-09-13,118,4,,,,,"{""workbook_row"": {""Name"": ""Monica Teets Farris"", ""Year"": 2002, ""Cites2017"": 118, ""%Cites2017"": 0.141, ""%Rank"": 0.271, ""H-Index"": 4, ""%RankH"": 0.09, ""CurrentSchool"": ""University of New Orleans"", ""Position"": ""Assistant Professor"", ""PhDYear"": 2002, ""PhDSchool"": ""University of New Orleans"", ""Years"": 23, ""CY2017"": 5.130434782608695, ""First"": ""Monica"", ""Middle"": ""Teets"", ""Last"": ""Farris""}}"
798,pop,2026-09-13,920,11,,,,,"{""workbook_row"": {""Name"": ""David Gladstone"", ""Year"": 2001, ""Cites2017"": 920, ""%Cites2017"": 0.487, ""%Rank"": 0.519, ""H-Index"": 11, ""%RankH"": 0.374, ""CurrentSchool"": ""University of New Orleans"", ""Position"": ""Associate Professor"", ""PhDYear"": 2001, ""PhDSchool"": ""Rutgers University"", ""Years"": 24, ""CY2017"": 38.333333333333336, ""First"": ""David"", ""Middle"": ""L."", ""Last"": ""Gladstone"", ""Interests"": ""Urban and Regional Development, Social Policy, Tourism Planning, Real Estate Development, International Development.""}}"
806,pop,2026-09-13,245,5,,,,,"{""workbook_row"": {""Name"": ""Theresa Healy"", ""Year"": 1999, ""Cites2017"": 245, ""%Cites2017"": 0.23, ""%Rank"": 0.464, ""H-Index"": 5, ""%RankH"": 0.129, ""CurrentSchool"": ""University of Northern British Columbia"", ""Position"": ""Assistant Professor"", ""PhDYear"": 1999, ""PhDSchool"": ""Simon Fraser University"", ""First"": ""Theresa"", ""Last"": ""Healy""}}"
809,pop,2026-09-13,2,1,,,,,"{""workbook_row"": {""Name"": ""Charles Warnken"", ""Year"": 2003, ""Cites2017"": 2, ""%Cites2017"": 0.008, ""%Rank"": 0.008, ""H-Index"": 1, ""%RankH"": 0, ""CurrentSchool"": ""University of Oklahoma"", ""Position"": ""Associate Professor"", ""PhDYear"": 2003, ""PhDSchool"": ""Florida State University"", ""Years"": 22, ""CY2017"": 0.09090909090909091, ""First"": ""Charles"", ""Last"": ""Warnken"", ""Interests"": ""Economic Development, Land Use Planning""}}"
812,pop,2026-09-13,10,2,,,,,"{""workbook_row"": {""Name"": ""Jordy Coutin"", ""Year"": 2025, ""Cites2017"": 10, ""%Cites2017"": 0.024, ""%Rank"": 0.05, ""H-Index"": 2, ""%RankH"": 0.024, ""CurrentSchool"": ""University of Oregon"", ""Position"": ""Assistant Professor"", ""PhDYear"": 2025, ""PhDSchool"": ""USC"", ""Years"": 0, ""First"": ""Jordy"", ""Last"": ""Coutin""}}"
813,pop,2026-09-13,1,1,,,,,"{""workbook_row"": {""Name"": ""Patrick Hunnicut"", ""Year"": 2022, ""Cites2017"": 1, ""%Cites2017"": 0, ""%Rank"": 0, ""H-Index"": 1, ""%RankH"": 0, ""CurrentSchool"": ""University of Oregon"", ""Position"": ""Assistant Professor"", ""PhDYear"": 2022, ""PhDSchool"": ""UCSB"", ""Years"": 3, ""CY2017"": 0.3333333333333333, ""First"": ""Patrick"", ""Last"": ""Hunnicut""}}"
815,pop,2026-09-13,150,5,,,,,"{""workbook_row"": {""Name"": ""Patricia Lambert"", ""Year"": 2004, ""Cites2017"": 150, ""%Cites2017"": 0.171, ""%Rank"": 0.084, ""H-Index"": 5, ""%RankH"": 0.129, ""CurrentSchool"": ""University of Oregon"", ""Position"": ""Professor"", ""PhDYear"": 2004, ""PhDSchool"": ""Ohio State University"", ""Years"": 21, ""CY2017"": 7.142857142857143, ""First"": ""Patricia"", ""Last"": ""Lambert""}}"
823,pop,2026-09-13,790,12,,,,,"{""workbook_row"": {""Name"": ""Gerardo Sandoval"", ""Year"": 2007, ""Cites2017"": 790, ""%Cites2017"": 0.46, ""%Rank"": 0.24, ""H-Index"": 12, ""%RankH"": 0.409, ""CurrentSchool"": ""University of Oregon"", ""Position"": ""Professor"", ""PhDYear"": 2007, ""PhDSchool"": ""UC Berkeley"", ""Years"": 18, ""CY2017"": 43.888888888888886, ""First"": ""Gerard"", ""Last"": ""Sandoval"", ""Interests"": ""Economic and Community Development, Urban Revitalization, Immigrant Neighborhoods"", ""LinkedIn"": ""https://linkedin.com/in/gerardo-sandoval-113b1a31""}}"
825,pop,2026-09-13,1650,14,,,,,"{""workbook_row"": {""Name"": ""Yizhao Yang"", ""Year"": 2007, ""Cites2017"": 1650, ""%Cites2017"": 0.627, ""%Rank"": 0.396, ""H-Index"": 14, ""%RankH"": 0.485, ""CurrentSchool"": ""University of Oregon"", ""Position"": ""Professor"", ""PhDYear"": 2007, ""PhDSchool"": ""Cornell University"", ""Years"": 18, ""CY2017"": 91.66666666666667, ""First"": ""Yizhao"", ""Last"": ""Yang"", ""Interests"": ""Environmental Planning, Sustainable Living Design and Analysis, Geographic Information Systems"", ""ResearchGate"": ""https://researchgate.net/profile/Yizhao_Yang""}}"
839,pop,2026-09-13,370,5,,,,,"{""workbook_row"": {""Name"": ""Sarah Lopez"", ""Year"": 2011, ""Cites2017"": 370, ""%Cites2017"": 0.291, ""%Rank"": 0.255, ""H-Index"": 5, ""%RankH"": 0.129, ""CurrentSchool"": ""University of Pennsylvania"", ""Position"": ""Associate Professor"", ""PhDYear"": 2011, ""PhDSchool"": ""UC Berkeley"", ""Years"": 14, ""CY2017"": 26.428571428571427, ""First"": ""Sarah"", ""Last"": ""Lopez""}}"
846,pop,2026-09-13,1,1,,,,,"{""workbook_row"": {""Name"": ""Rafael Odlum"", ""Year"": 1981, ""Cites2017"": 1, ""%Cites2017"": 0, ""%Rank"": 0, ""H-Index"": 1, ""%RankH"": 0, ""CurrentSchool"": ""University of Puerto Rico"", ""Position"": ""Professor"", ""PhDYear"": 1981, ""PhDSchool"": ""Harvard University"", ""Years"": 44, ""CY2017"": 0.022727272727272728, ""First"": ""Rafael"", ""Middle"": ""L."", ""Last"": ""Irizarry""}}"
847,pop,2026-09-13,11,2,,,,,"{""workbook_row"": {""Name"": ""Criseida Navarro-Diaz"", ""Year"": 2005, ""Cites2017"": 11, ""%Cites2017"": 0.028, ""%Rank"": 0.03, ""H-Index"": 2, ""%RankH"": 0.024, ""CurrentSchool"": ""University of Puerto Rico"", ""Position"": ""Associate Professor"", ""PhDYear"": 2005, ""PhDSchool"": ""MIT"", ""Years"": 20, ""CY2017"": 0.55, ""First"": ""Criseida"", ""Last"": ""Navarro-Diaz"", ""ResearchGate"": ""https://researchgate.net/profile/Criseida_Navarro-Diaz"", ""LinkedIn"": ""https://linkedin.com/in/criseida-navarro-diaz-phd-01a7a946""}}"
848,pop,2026-09-13,10,2,,,,,"{""workbook_row"": {""Name"": ""Maritza Orta"", ""Year"": 1997, ""Cites2017"": 10, ""%Cites2017"": 0.024, ""%Rank"": 0.002, ""H-Index"": 2, ""%RankH"": 0.024, ""CurrentSchool"": ""University of Puerto Rico"", ""Position"": ""Professor"", ""PhDYear"": 1997, ""PhDSchool"": ""University of Puerto Rico"", ""Years"": 28, ""CY2017"": 0.35714285714285715, ""First"": ""Maritza"", ""Middle"": ""Barreto"", ""Last"": ""Orta""}}"
855,pop,2026-09-13,32,3,,,,,"{""workbook_row"": {""Name"": ""Benoît Frate"", ""Year"": 2010, ""Cites2017"": 32, ""%Cites2017"": 0.056, ""%Rank"": 0.057, ""H-Index"": 3, ""%RankH"": 0.051, ""CurrentSchool"": ""University of Quebec in Montreal"", ""Position"": ""Associate Professor"", ""PhDYear"": 2010, ""PhDSchool"": ""University of Ottawa"", ""Years"": 15, ""CY2017"": 2.1333333333333333, ""First"": ""Benoît"", ""Last"": ""Frate""}}"
856,pop,2026-09-13,28,3,,,,,"{""workbook_row"": {""Name"": ""Yona Jébrak"", ""Year"": 2010, ""Cites2017"": 28, ""%Cites2017"": 0.051, ""%Rank"": 0.007, ""H-Index"": 3, ""%RankH"": 0.051, ""CurrentSchool"": ""University of Quebec in Montreal"", ""Position"": ""Professor"", ""PhDYear"": 2010, ""PhDSchool"": ""INRS - Urbanisation, Culture et Societe (Institute National de la recherche scientifique)"", ""Years"": 15, ""CY2017"": 1.8666666666666667, ""First"": ""Yona"", ""Last"": ""Jébrak""}}"
861,pop,2026-09-13,287,10,,,,,"{""workbook_row"": {""Name"": ""Sylvie Paré"", ""Year"": 1998, ""Cites2017"": 287, ""%Cites2017"": 0.252, ""%Rank"": 0.113, ""H-Index"": 10, ""%RankH"": 0.335, ""CurrentSchool"": ""University of Quebec in Montreal"", ""Position"": ""Professor"", ""PhDYear"": 1998, ""PhDSchool"": ""Montreal University"", ""Years"": 27, ""CY2017"": 10.62962962962963, ""First"": ""Sylvie"", ""Last"": ""Paré""}}"
862,pop,2026-09-13,310,11,,,,,"{""workbook_row"": {""Name"": ""Florence Paulhiac"", ""Year"": 2002, ""Cites2017"": 310, ""%Cites2017"": 0.264, ""%Rank"": 0.118, ""H-Index"": 11, ""%RankH"": 0.374, ""CurrentSchool"": ""University of Quebec in Montreal"", ""Position"": ""Professor"", ""PhDYear"": 2002, ""PhDSchool"": ""INRS - Urbanisation, Culture et Societe (Institute National de la recherche scientifique)"", ""Years"": 23, ""CY2017"": 13.478260869565217, ""First"": ""Florence"", ""Last"": ""Paulhiac""}}"
864,pop,2026-09-13,172,6,,,,,"{""workbook_row"": {""Name"": ""François Racine"", ""Year"": 1998, ""Cites2017"": 172, ""%Cites2017"": 0.186, ""%Rank"": 0.089, ""H-Index"": 6, ""%RankH"": 0.173, ""CurrentSchool"": ""University of Quebec in Montreal"", ""Position"": ""Professor"", ""PhDYear"": 1998, ""PhDSchool"": ""Montreal University"", ""Years"": 27, ""CY2017"": 6.37037037037037, ""First"": ""François"", ""Last"": ""Racine""}}"
866,pop,2026-09-13,850,15,,,,,"{""workbook_row"": {""Name"": ""Michel Rochefort"", ""Year"": 2001, ""Cites2017"": 850, ""%Cites2017"": 0.474, ""%Rank"": 0.254, ""H-Index"": 15, ""%RankH"": 0.516, ""CurrentSchool"": ""University of Quebec in Montreal"", ""Position"": ""Professor"", ""PhDYear"": 2001, ""PhDSchool"": ""University of Quebec in Montreal"", ""Years"": 24, ""CY2017"": 35.416666666666664, ""First"": ""Michel"", ""Last"": ""Rochefort""}}"
870,pop,2026-09-13,2103,16,,,,,"{""workbook_row"": {""Name"": ""Robert Patrick"", ""Year"": 2007, ""Cites2017"": 2103, ""%Cites2017"": 0.682, ""%Rank"": 0.448, ""H-Index"": 16, ""%RankH"": 0.548, ""CurrentSchool"": ""University of Saskatchewan"", ""Position"": ""Professor"", ""PhDYear"": 2007, ""PhDSchool"": ""University of Guelph"", ""Years"": 18, ""CY2017"": 116.83333333333333, ""First"": ""Robert"", ""Last"": ""Patrick""}}"
871,pop,2026-09-13,625,10,,,,,"{""workbook_row"": {""Name"": ""Ryan Walker"", ""Year"": 2004, ""Cites2017"": 625, ""%Cites2017"": 0.396, ""%Rank"": 0.195, ""H-Index"": 10, ""%RankH"": 0.335, ""CurrentSchool"": ""University of Saskatchewan"", ""Position"": ""Professor"", ""PhDYear"": 2004, ""PhDSchool"": ""Queen's University"", ""Years"": 21, ""CY2017"": 29.761904761904763, ""First"": ""Ryan"", ""Last"": ""Walker""}}"
878,pop,2026-09-13,129,6,,,,,"{""workbook_row"": {""Name"": ""Yuseung Kim"", ""Year"": 2010, ""Cites2017"": 129, ""%Cites2017"": 0.151, ""%Rank"": 0.289, ""H-Index"": 6, ""%RankH"": 0.173, ""CurrentSchool"": ""University of Southern Maine"", ""Position"": ""Assistant Professor"", ""PhDYear"": 2010, ""PhDSchool"": ""University of Colorado"", ""Years"": 15, ""CY2017"": 8.6, ""First"": ""Yuseung"", ""Last"": ""Kim"", ""Interests"": ""Urban design, GIS, landscape analysis, planning support systems"", ""LinkedIn"": ""https://linkedin.com/in/yu-seung-kim-b93ba05""}}"
879,pop,2026-09-13,545,7,,,,,"{""workbook_row"": {""Name"": ""Jianling Li"", ""Year"": 1997, ""Cites2017"": 545, ""%Cites2017"": 0.371, ""%Rank"": 0.175, ""H-Index"": 7, ""%RankH"": 0.218, ""CurrentSchool"": ""University of Texas, Arlington"", ""Position"": ""Professor"", ""PhDYear"": 1997, ""PhDSchool"": ""UCLA"", ""Years"": 28, ""CY2017"": 19.464285714285715, ""First"": ""Jianling"", ""Last"": ""Li"", ""Interests"": ""Transportation Research and Planning; Geographic Information Systems (GIS); Intelligent Transportation Systems (ITS)""}}"
882,pop,2026-09-13,13,2,,,,,"{""workbook_row"": {""Name"": ""Ariadna Reyes-Sanchez"", ""Year"": 2019, ""Cites2017"": 13, ""%Cites2017"": 0.033, ""%Rank"": 0.067, ""H-Index"": 2, ""%RankH"": 0.024, ""CurrentSchool"": ""University of Texas, Arlington"", ""Position"": ""Assistant Professor"", ""PhDYear"": 2019, ""PhDSchool"": ""University of Texas, Austin"", ""Years"": 6, ""CY2017"": 2.1666666666666665, ""First"": ""Ariadna"", ""Last"": ""Reyes-Sanchez""}}"
890,pop,2026-09-13,920,15,,,,,"{""workbook_row"": {""Name"": ""Michael Oden"", ""Year"": 1992, ""Cites2017"": 920, ""%Cites2017"": 0.487, ""%Rank"": 0.519, ""H-Index"": 15, ""%RankH"": 0.516, ""CurrentSchool"": ""University of Texas, Austin"", ""Position"": ""Associate Professor"", ""PhDYear"": 1992, ""PhDSchool"": ""New School for Social Research"", ""Years"": 33, ""CY2017"": 27.87878787878788, ""First"": ""Michael"", ""Last"": ""Oden"", ""Interests"": ""Economic Development Planning, Applied Planning Methods, Housing Policy, Regional Theory"", ""LinkedIn"": ""https://linkedin.com/in/michael-oden-5301a23a""}}"
893,pop,2026-09-13,2068,25,,,,,"{""workbook_row"": {""Name"": ""Bjorn Sletto"", ""Year"": 2006, ""Cites2017"": 2068, ""%Cites2017"": 0.678, ""%Rank"": 0.769, ""H-Index"": 25, ""%RankH"": 0.793, ""CurrentSchool"": ""University of Texas, Austin"", ""Position"": ""Associate Professor"", ""PhDYear"": 2006, ""PhDSchool"": ""Cornell University"", ""Years"": 19, ""CY2017"": 108.84210526315789, ""First"": ""Bjorn"", ""Last"": ""Sletto"", ""Interests"": ""Geographic Information Systems, Planning in Latin America, Urban Environmental Analysis, Indigenous Cartographies"", ""LinkedIn"": ""https://linkedin.com/in/bjorn-sletto-bbb0028""}}"
899,pop,2026-09-13,794,14,,,,,"{""workbook_row"": {""Name"": ""Bhuiyan Alam"", ""Year"": 2005, ""Cites2017"": 794, ""%Cites2017"": 0.463, ""%Rank"": 0.486, ""H-Index"": 14, ""%RankH"": 0.485, ""CurrentSchool"": ""University of Toledo"", ""Position"": ""Associate Professor"", ""PhDYear"": 2005, ""PhDSchool"": ""Florida State University"", ""Years"": 20, ""CY2017"": 39.7, ""First"": ""Bhuiyan"", ""Last"": ""Alam"", ""Interests"": ""GIS Applications in Transportation, Environmental Planning, Urban and Regional Planning, Quantitative Methods/Spatial Statistics, Transportation Planning and Modeling, Regional Development"", ""ResearchGate"": ""https://researchgate.net/profile/Bhuiyan_Alam""}}"
902,pop,2026-09-13,136,3,,,,,"{""workbook_row"": {""Name"": ""Patrick Lawrence"", ""Year"": 1996, ""Cites2017"": 136, ""%Cites2017"": 0.16, ""%Rank"": 0.074, ""H-Index"": 3, ""%RankH"": 0.051, ""CurrentSchool"": ""University of Toledo"", ""Position"": ""Professor"", ""PhDYear"": 1996, ""PhDSchool"": ""University of Waterloo"", ""Years"": 29, ""First"": ""Patrick"", ""Middle"": ""L."", ""Last"": ""Lawrence"", ""ResearchGate"": ""https://researchgate.net/profile/Patrick_Lawrence2""}}"
905,pop,2026-09-13,460,8,,,,,"{""workbook_row"": {""Name"": ""Mary Schlemper"", ""Year"": 2003, ""Cites2017"": 460, ""%Cites2017"": 0.329, ""%Rank"": 0.31, ""H-Index"": 8, ""%RankH"": 0.261, ""CurrentSchool"": ""University of Toledo"", ""Position"": ""Associate Professor"", ""PhDYear"": 2003, ""PhDSchool"": ""University of Wisconsin, Madison"", ""Years"": 22, ""CY2017"": 20.90909090909091, ""First"": ""Mary Beth"", ""Last"": ""Schlemper"", ""Interests"": ""Cultural and Historical Geography"", ""ResearchGate"": ""https://researchgate.net/profile/M_Schlemper""}}"
906,pop,2026-09-13,681,12,,,,,"{""workbook_row"": {""Name"": ""Sujata Shetty"", ""Year"": 2003, ""Cites2017"": 681, ""%Cites2017"": 0.418, ""%Rank"": 0.434, ""H-Index"": 12, ""%RankH"": 0.409, ""CurrentSchool"": ""University of Toledo"", ""Position"": ""Associate Professor"", ""PhDYear"": 2003, ""PhDSchool"": ""University of Michigan"", ""Years"": 22, ""CY2017"": 30.954545454545453, ""First"": ""Sujata"", ""Last"": ""Shetty"", ""Interests"": ""Community and Economic Development Planning, Gender and Planning, International Development"", ""ResearchGate"": ""https://researchgate.net/profile/Sujata_Shetty"", ""LinkedIn"": ""https://linkedin.com/in/sujata-shetty-641a1310""}}"
911,pop,2026-09-13,3302,27,,,,,"{""workbook_row"": {""Name"": ""Katharine Rankin"", ""Year"": 1999, ""Cites2017"": 3302, ""%Cites2017"": 0.798, ""%Rank"": 0.596, ""H-Index"": 27, ""%RankH"": 0.822, ""CurrentSchool"": ""University of Toronto"", ""Position"": ""Professor"", ""PhDYear"": 1999, ""PhDSchool"": ""Cornell University"", ""Years"": 26, ""CY2017"": 127, ""First"": ""Katharine"", ""Middle"": ""N."", ""Last"": ""Rankin""}}"
913,pop,2026-09-13,135,3,,,,,"{""workbook_row"": {""Name"": ""Tim Ross"", ""Year"": 2017, ""Cites2017"": 135, ""%Cites2017"": 0.159, ""%Rank"": 0.31, ""H-Index"": 3, ""%RankH"": 0.051, ""CurrentSchool"": ""University of Toronto"", ""Position"": ""Assistant Professor"", ""PhDYear"": 2017, ""PhDSchool"": ""University of Toronto"", ""Years"": 8, ""CY2017"": 16.875, ""First"": ""Tim"", ""Last"": ""Ross""}}"
914,pop,2026-09-13,3374,31,,,,,"{""workbook_row"": {""Name"": ""Matti Siemiatycki"", ""Year"": 2006, ""Cites2017"": 3374, ""%Cites2017"": 0.8, ""%Rank"": 0.603, ""H-Index"": 31, ""%RankH"": 0.862, ""CurrentSchool"": ""University of Toronto"", ""Position"": ""Professor"", ""PhDYear"": 2006, ""PhDSchool"": ""University of British Columbia"", ""Years"": 19, ""CY2017"": 177.57894736842104, ""First"": ""Matti"", ""Last"": ""Siemiatycki"", ""Interests"": ""Transporttation Policy and Planning; Infrastructure Finance and Delivery; Community and Regional Planning Space and the Public Sphere, Urban Political Economy""}}"
918,pop,2026-09-13,1375,13,,,,,"{""workbook_row"": {""Name"": ""Arnab Chakraborty"", ""Year"": 2007, ""Cites2017"": 1375, ""%Cites2017"": 0.578, ""%Rank"": 0.341, ""H-Index"": 13, ""%RankH"": 0.45, ""CurrentSchool"": ""University of Utah"", ""Position"": ""Professor"", ""PhDYear"": 2007, ""PhDSchool"": ""University of Maryland"", ""Years"": 18, ""CY2017"": 76.38888888888889, ""First"": ""Arnab"", ""Last"": ""Chakraborty"", ""Interests"": ""Land Use, Scenario Planning, Participatory Planning, Smart Growth"", ""ResearchGate"": ""https://researchgate.net/profile/Arnab_Chakraborty8"", ""LinkedIn"": ""https://linkedin.com/in/arnabchakraborty""}}"
928,pop,2026-09-13,720,10,,,,,"{""workbook_row"": {""Name"": ""Suzanne Morse Moomaw"", ""Year"": 1982, ""Cites2017"": 720, ""%Cites2017"": 0.431, ""%Rank"": 0.456, ""H-Index"": 10, ""%RankH"": 0.335, ""CurrentSchool"": ""University of Virginia"", ""Position"": ""Associate Professor"", ""PhDYear"": 1982, ""PhDSchool"": ""University of Alabama"", ""Years"": 43, ""CY2017"": 16.74418604651163, ""First"": ""Suzanne"", ""Middle"": ""Morse"", ""Last"": ""Moomaw"", ""LinkedIn"": ""https://linkedin.com/in/suzanne-moomaw-93146174""}}"
933,pop,2026-09-13,1205,17,,,,,"{""workbook_row"": {""Name"": ""Daniel Abramson"", ""Year"": 1998, ""Cites2017"": 1205, ""%Cites2017"": 0.54, ""%Rank"": 0.585, ""H-Index"": 17, ""%RankH"": 0.572, ""CurrentSchool"": ""University of Washington"", ""Position"": ""Associate Professor"", ""PhDYear"": 1998, ""PhDSchool"": ""Tsinghua University"", ""Years"": 27, ""CY2017"": 44.629629629629626, ""First"": ""Daniel"", ""Middle"": ""B."", ""Last"": ""Abramson"", ""LinkedIn"": ""https://linkedin.com/in/dan-abramson-7132866""}}"
935,pop,2026-09-13,1945,17,,,,,"{""workbook_row"": {""Name"": ""Christine Bae"", ""Year"": 1994, ""Cites2017"": 1945, ""%Cites2017"": 0.663, ""%Rank"": 0.747, ""H-Index"": 17, ""%RankH"": 0.572, ""CurrentSchool"": ""University of Washington"", ""Position"": ""Associate Professor"", ""PhDYear"": 1994, ""PhDSchool"": ""USC"", ""Years"": 31, ""CY2017"": 62.74193548387097, ""First"": ""Christine"", ""Last"": ""Bae"", ""Interests"": ""Land Use, Transportation Planning, Analytical Techniques in Planning, Community Planning for Diverse Neighborhoods"", ""ResearchGate"": ""https://researchgate.net/profile/Christine_Bae2"", ""LinkedIn"": ""https://linkedin.com/in/christine-bae-17092ab""}}"
939,pop,2026-09-13,676,11,,,,,"{""workbook_row"": {""Name"": ""Sofia Dermisi"", ""Year"": 2002, ""Cites2017"": 676, ""%Cites2017"": 0.414, ""%Rank"": 0.207, ""H-Index"": 11, ""%RankH"": 0.374, ""CurrentSchool"": ""University of Washington"", ""Position"": ""Professor"", ""PhDYear"": 2002, ""PhDSchool"": ""Harvard University"", ""Years"": 23, ""CY2017"": 29.391304347826086, ""First"": ""Sofia"", ""Last"": ""Dermisi"", ""ResearchGate"": ""https://researchgate.net/profile/Sofia_Dermisi"", ""LinkedIn"": ""https://linkedin.com/in/sofia-dermisi-1962185""}}"
946,pop,2026-09-13,123,4,,,,,"{""workbook_row"": {""Name"": ""Jeff Casello"", ""Year"": 2003, ""Cites2017"": 123, ""%Cites2017"": 0.147, ""%Rank"": 0.066, ""H-Index"": 4, ""%RankH"": 0.09, ""CurrentSchool"": ""University of Waterloo, Ontario"", ""Position"": ""Professor"", ""PhDYear"": 2003, ""PhDSchool"": ""University of Pennsylvania"", ""Years"": 22, ""CY2017"": 5.590909090909091, ""First"": ""Jeff"", ""Last"": ""Casello"", ""Interests"": ""Urban transportation systems, Public transport system planning, design and operation, Multimodal transportation modeling, Transportation and land use impacts, Urban spatial analysis, GIS applications; Jointly appointed with Civil Engineering"", ""ResearchGate"": ""https://researchgate.net/profile/Jeffrey_Casello""}}"
953,pop,2026-09-13,860,12,,,,,"{""workbook_row"": {""Name"": ""John Lewis"", ""Year"": 2006, ""Cites2017"": 860, ""%Cites2017"": 0.479, ""%Rank"": 0.502, ""H-Index"": 12, ""%RankH"": 0.409, ""CurrentSchool"": ""University of Waterloo, Ontario"", ""Position"": ""Associate Professor"", ""PhDYear"": 2006, ""PhDSchool"": ""University of British Columbia"", ""Years"": 19, ""CY2017"": 45.26315789473684, ""First"": ""John"", ""Last"": ""Lewis""}}"
960,pop,2026-09-13,425,8,,,,,"{""workbook_row"": {""Name"": ""Joe Qian"", ""Year"": 2008, ""Cites2017"": 425, ""%Cites2017"": 0.311, ""%Rank"": 0.282, ""H-Index"": 8, ""%RankH"": 0.261, ""CurrentSchool"": ""University of Waterloo, Ontario"", ""Position"": ""Associate Professor"", ""PhDYear"": 2008, ""PhDSchool"": ""Texas A&M"", ""Years"": 17, ""CY2017"": 25, ""First"": ""Joe"", ""Last"": ""Qian""}}"
961,pop,2026-09-13,1580,20,,,,,"{""workbook_row"": {""Name"": ""Mark Seasons"", ""Year"": 1989, ""Cites2017"": 1580, ""%Cites2017"": 0.616, ""%Rank"": 0.381, ""H-Index"": 20, ""%RankH"": 0.664, ""CurrentSchool"": ""University of Waterloo, Ontario"", ""Position"": ""Professor"", ""PhDYear"": 1989, ""PhDSchool"": ""University of Waterloo"", ""Years"": 36, ""CY2017"": 43.888888888888886, ""First"": ""Mark"", ""Last"": ""Seasons"", ""Interests"": ""Urban and regional planning, Strategic planning, Policy and program evaluation, Local economic development, Public administration"", ""ResearchGate"": ""https://researchgate.net/profile/Mark_Seasons"", ""LinkedIn"": ""https://linkedin.com/in/mark-seasons-328b3112""}}"
963,pop,2026-09-13,15,1,,,,,"{""workbook_row"": {""Name"": ""Anna Bierbrauer"", ""Year"": 2022, ""Cites2017"": 15, ""%Cites2017"": 0.036, ""%Rank"": 0.078, ""H-Index"": 1, ""%RankH"": 0, ""CurrentSchool"": ""University of Wisconsin, Madison"", ""Position"": ""Assistant Professor"", ""PhDYear"": 2022, ""PhDSchool"": ""University of Colorado, Denver"", ""Years"": 3, ""CY2017"": 5, ""First"": ""Anna"", ""Last"": ""Bierbrauer"", ""LinkedIn"": ""https://www.linkedin.com/in/anna-bierbrauer/""}}"
971,pop,2026-09-13,1198,17,,,,,"{""workbook_row"": {""Name"": ""Kurt Paulsen"", ""Year"": 2004, ""Cites2017"": 1198, ""%Cites2017"": 0.537, ""%Rank"": 0.304, ""H-Index"": 17, ""%RankH"": 0.572, ""CurrentSchool"": ""University of Wisconsin, Madison"", ""Position"": ""Professor"", ""PhDYear"": 2004, ""PhDSchool"": ""Rutgers University"", ""Years"": 21, ""CY2017"": 57.04761904761905, ""First"": ""Kurt"", ""Middle"": ""G."", ""Last"": ""Paulsen"", ""Interests"": ""Land Use and Comprehensive Planning, Quantitative Methods, Spatial Analysis, Public Finance, Housing"", ""LinkedIn"": ""https://linkedin.com/in/kurt-paulsen-a0437923""}}"
973,pop,2026-09-13,1,1,,,,,"{""workbook_row"": {""Name"": ""Gaylan Williams"", ""Year"": 2022, ""Cites2017"": 1, ""%Cites2017"": 0, ""%Rank"": 0, ""H-Index"": 1, ""%RankH"": 0, ""CurrentSchool"": ""University of Wisconsin, Madison"", ""Position"": ""Assistant Professor"", ""PhDYear"": 2022, ""PhDSchool"": ""Southern University and A&M College"", ""Years"": 3, ""CY2017"": 0.3333333333333333, ""First"": ""Gaylan"", ""Last"": ""Williams"", ""LinkedIn"": ""https://www.linkedin.com/in/gaylan-williams-90095627/""}}"
974,pop,2026-09-13,1,1,,,,,"{""workbook_row"": {""Name"": ""Carolyn Esswein"", ""Year"": 1994, ""Cites2017"": 1, ""%Cites2017"": 0, ""%Rank"": 0, ""H-Index"": 1, ""%RankH"": 0, ""CurrentSchool"": ""University of Wisconsin, Milwaukee"", ""Position"": ""Associate Professor"", ""PhDYear"": 1994, ""PhDSchool"": ""University of Wisconsin, Milwaukee"", ""Years"": 31, ""CY2017"": 0.03225806451612903, ""First"": ""Carolyn"", ""Last"": ""Esswein""}}"
975,pop,2026-09-13,169,3,,,,,"{""workbook_row"": {""Name"": ""Kirk Harris"", ""Year"": 1992, ""Cites2017"": 169, ""%Cites2017"": 0.184, ""%Rank"": 0.145, ""H-Index"": 3, ""%RankH"": 0.051, ""CurrentSchool"": ""University of Wisconsin, Milwaukee"", ""Position"": ""Associate Professor"", ""PhDYear"": 1992, ""PhDSchool"": ""Cornell University"", ""Years"": 33, ""CY2017"": 5.121212121212121, ""First"": ""Kirk"", ""Middle"": ""E."", ""Last"": ""Harris"", ""ResearchGate"": ""https://researchgate.net/profile/Kirk_Harris"", ""LinkedIn"": ""https://linkedin.com/in/dr-kirk-e-harris-06410912""}}"
993,pop,2026-09-13,1112,11,,,,,"{""workbook_row"": {""Name"": ""John Accordino"", ""Year"": 1987, ""Cites2017"": 1112, ""%Cites2017"": 0.526, ""%Rank"": 0.292, ""H-Index"": 11, ""%RankH"": 0.374, ""CurrentSchool"": ""Virginia Commonwealth University"", ""Position"": ""Professor"", ""PhDYear"": 1987, ""PhDSchool"": ""MIT"", ""Years"": 38, ""CY2017"": 29.263157894736842, ""First"": ""John"", ""Middle"": ""J."", ""Last"": ""Accordino"", ""Interests"": ""Economic Development Planning, Commercial District Revitalization, Community Development, European Planning""}}"
999,pop,2026-09-13,25,3,,,,,"{""workbook_row"": {""Name"": ""James Smither"", ""Year"": 2005, ""Cites2017"": 25, ""%Cites2017"": 0.048, ""%Rank"": 0.046, ""H-Index"": 3, ""%RankH"": 0.051, ""CurrentSchool"": ""Virginia Commonwealth University"", ""Position"": ""Associate Professor"", ""PhDYear"": 2005, ""PhDSchool"": ""University of Melbourne"", ""Years"": 20, ""CY2017"": 1.25, ""First"": ""James"", ""Last"": ""Smither""}}"
1001,pop,2026-09-13,465,11,,,,,"{""workbook_row"": {""Name"": ""Benjamin Teresa"", ""Year"": 2015, ""Cites2017"": 465, ""%Cites2017"": 0.331, ""%Rank"": 0.315, ""H-Index"": 11, ""%RankH"": 0.374, ""CurrentSchool"": ""Virginia Commonwealth University"", ""Position"": ""Associate Professor"", ""PhDYear"": 2015, ""PhDSchool"": ""Rutgers University"", ""Years"": 10, ""CY2017"": 46.5, ""First"": ""Benjamin"", ""Last"": ""Teresa""}}"
1002,pop,2026-09-13,1595,21,,,,,"{""workbook_row"": {""Name"": ""Niraj Verma"", ""Year"": 1991, ""Cites2017"": 1595, ""%Cites2017"": 0.622, ""%Rank"": 0.391, ""H-Index"": 21, ""%RankH"": 0.696, ""CurrentSchool"": ""Virginia Commonwealth University"", ""Position"": ""Professor"", ""PhDYear"": 1991, ""PhDSchool"": ""UC Berkeley"", ""Years"": 34, ""CY2017"": 46.911764705882355, ""First"": ""Niraj"", ""Last"": ""Verma"", ""Interests"": ""Planning Theory, Urban Planning and Management"", ""LinkedIn"": ""https://linkedin.com/in/niraj-verma-2659aa95""}}"
1013,pop,2026-09-13,552,9,,,,,"{""workbook_row"": {""Name"": ""Diane Zahm"", ""Year"": 1986, ""Cites2017"": 552, ""%Cites2017"": 0.374, ""%Rank"": 0.362, ""H-Index"": 9, ""%RankH"": 0.292, ""CurrentSchool"": ""Virginia Tech"", ""Position"": ""Associate Professor"", ""PhDYear"": 1986, ""PhDSchool"": ""Syracuse University"", ""Years"": 39, ""CY2017"": 14.153846153846153, ""First"": ""Diane"", ""Middle"": ""L."", ""Last"": ""Zahm"", ""Interests"": ""Crime & Terrorism Prevention/Homeland Security, Environmental Design, Neighborhood Planning, Land Use Planning"", ""LinkedIn"": ""https://linkedin.com/in/diane-zahm-9a834a18""}}"
1014,pop,2026-09-13,1568,15,,,,,"{""workbook_row"": {""Name"": ""Yang Zhang"", ""Year"": 2006, ""Cites2017"": 1568, ""%Cites2017"": 0.614, ""%Rank"": 0.684, ""H-Index"": 15, ""%RankH"": 0.516, ""CurrentSchool"": ""Virginia Tech"", ""Position"": ""Associate Professor"", ""PhDYear"": 2006, ""PhDSchool"": ""Texas A&M"", ""Years"": 19, ""CY2017"": 82.52631578947368, ""First"": ""Yang"", ""Last"": ""Zhang"", ""Interests"": ""Urban Land Use Planning, natural Hazards Mitigation, Post Disaster Re-development, and Sustainable Urban Form, Geographic Information Systems"", ""LinkedIn"": ""https://linkedin.com/in/yang-zhang-40232a35""}}"
1015,pop,2026-09-13,8,1,,,,,"{""workbook_row"": {""Name"": ""Eric Bettis"", ""Year"": 2023, ""Cites2017"": 8, ""%Cites2017"": 0.02, ""%Rank"": 0.039, ""H-Index"": 1, ""%RankH"": 0, ""CurrentSchool"": ""Wayne State University"", ""Position"": ""Assistant Professor"", ""PhDYear"": 2023, ""PhDSchool"": ""University of Michigan"", ""Years"": 2, ""CY2017"": 4, ""First"": ""Eric"", ""Last"": ""Bettis""}}"
1019,pop,2026-09-13,673,12,,,,,"{""workbook_row"": {""Name"": ""Rayman Mohamed"", ""Year"": 2002, ""Cites2017"": 673, ""%Cites2017"": 0.411, ""%Rank"": 0.202, ""H-Index"": 12, ""%RankH"": 0.409, ""CurrentSchool"": ""Wayne State University"", ""Position"": ""Professor"", ""PhDYear"": 2002, ""PhDSchool"": ""Cornell University"", ""Years"": 23, ""CY2017"": 29.26086956521739, ""First"": ""Rayman"", ""Last"": ""Mohamed""}}"
1021,pop,2026-09-13,87,2,,,,,"{""workbook_row"": {""Name"": ""Gary Coutu"", ""Year"": 2001, ""Cites2017"": 87, ""%Cites2017"": 0.104, ""%Rank"": 0.029, ""H-Index"": 2, ""%RankH"": 0.024, ""CurrentSchool"": ""West Chester University"", ""Position"": ""Professor"", ""PhDYear"": 2001, ""PhDSchool"": ""Texas A&M"", ""Years"": 24, ""CY2017"": 3.625, ""First"": ""Gary"", ""Middle"": ""W."", ""Last"": ""Coutu"", ""Interests"": ""GIS, Watershed Analysis, Remote Sensing"", ""LinkedIn"": ""https://linkedin.com/in/gary-coutu-44969452""}}"
1026,pop,2026-09-13,5,1,,,,,"{""workbook_row"": {""Name"": ""Jongwoong Kim"", ""Year"": 2017, ""Cites2017"": 5, ""%Cites2017"": 0.015, ""%Rank"": 0.032, ""H-Index"": 1, ""%RankH"": 0, ""CurrentSchool"": ""West Chester University"", ""Position"": ""Assistant Professor"", ""PhDYear"": 2017, ""PhDSchool"": ""University of Cincinnati"", ""Years"": 8, ""CY2017"": 0.625, ""First"": ""Jongwoong"", ""Last"": ""Kim""}}"
1027,pop,2026-09-13,426,8,,,,,"{""workbook_row"": {""Name"": ""Joan Welch"", ""Year"": 1990, ""Cites2017"": 426, ""%Cites2017"": 0.312, ""%Rank"": 0.148, ""H-Index"": 8, ""%RankH"": 0.261, ""CurrentSchool"": ""West Chester University"", ""Position"": ""Professor"", ""PhDYear"": 1990, ""PhDSchool"": ""Boston University"", ""Years"": 35, ""CY2017"": 12.17142857142857, ""First"": ""Joan"", ""Middle"": ""M."", ""Last"": ""Welch"", ""Interests"": ""Physical, Conservation, Environmental Planning""}}"
1028,pop,2026-09-13,753,9,,,,,"{""workbook_row"": {""Name"": ""Nabil Kamel"", ""Year"": 2004, ""Cites2017"": 753, ""%Cites2017"": 0.441, ""%Rank"": 0.467, ""H-Index"": 9, ""%RankH"": 0.292, ""CurrentSchool"": ""Western Washington University"", ""Position"": ""Associate Professor"", ""PhDYear"": 2004, ""PhDSchool"": ""UCLA"", ""Years"": 21, ""CY2017"": 35.857142857142854, ""First"": ""Nabil"", ""Last"": ""Kamel""}}"
1029,pop,2026-09-13,102,5,,,,,"{""workbook_row"": {""Name"": ""Tamara Laninga"", ""Year"": 2005, ""Cites2017"": 102, ""%Cites2017"": 0.122, ""%Rank"": 0.232, ""H-Index"": 5, ""%RankH"": 0.129, ""CurrentSchool"": ""Western Washington University"", ""Position"": ""Assistant Professor"", ""PhDYear"": 2005, ""PhDSchool"": ""University of Colorado, Denver"", ""Years"": 20, ""CY2017"": 5.1, ""First"": ""Tamara"", ""Last"": ""Laninga""}}"
1030,pop,2026-09-13,114,5,,,,,"{""workbook_row"": {""Name"": ""Jean Melious"", ""Year"": 1984, ""Cites2017"": 114, ""%Cites2017"": 0.137, ""%Rank"": 0.056, ""H-Index"": 5, ""%RankH"": 0.129, ""CurrentSchool"": ""Western Washington University"", ""Position"": ""Professor"", ""PhDYear"": 1984, ""PhDSchool"": ""University of Edinburgh"", ""Years"": 41, ""CY2017"": 2.7804878048780486, ""First"": ""Jean"", ""Last"": ""Melious""}}"
1033,pop,2026-09-13,2880,28,,,,,"{""workbook_row"": {""Name"": ""Carsten Braun"", ""Year"": 2006, ""Cites2017"": 2880, ""%Cites2017"": 0.775, ""%Rank"": 0.561, ""H-Index"": 28, ""%RankH"": 0.832, ""CurrentSchool"": ""Westfield State University"", ""Position"": ""Professor"", ""PhDYear"": 2006, ""PhDSchool"": ""University of Massachusetts, Amherst"", ""Years"": 19, ""CY2017"": 151.57894736842104, ""First"": ""Carsten"", ""Last"": ""Braun"", ""ResearchGate"": ""https://researchgate.net/profile/Carsten_Braun2""}}"
1034,pop,2026-09-13,24,3,,,,,"{""workbook_row"": {""Name"": ""Brian Conz"", ""Year"": 2008, ""Cites2017"": 24, ""%Cites2017"": 0.045, ""%Rank"": 0.004, ""H-Index"": 3, ""%RankH"": 0.051, ""CurrentSchool"": ""Westfield State University"", ""Position"": ""Professor"", ""PhDYear"": 2008, ""PhDSchool"": ""University of Massachusetts, Amherst"", ""Years"": 17, ""CY2017"": 1.411764705882353, ""First"": ""Brian"", ""Last"": ""Conz"", ""LinkedIn"": ""https://linkedin.com/in/brian-conz-16586231""}}"
1035,pop,2026-09-13,34,3,,,,,"{""workbook_row"": {""Name"": ""Alina Gross"", ""Year"": 2014, ""Cites2017"": 34, ""%Cites2017"": 0.058, ""%Rank"": 0.117, ""H-Index"": 3, ""%RankH"": 0.051, ""CurrentSchool"": ""Westfield State University"", ""Position"": ""Assistant Professor"", ""PhDYear"": 2014, ""PhDSchool"": ""University of Massachusetts, Amherst"", ""Years"": 11, ""CY2017"": 3.090909090909091, ""First"": ""Alina"", ""Last"": ""Gross""}}"
1037,pop,2026-09-13,3,1,,,,,"{""workbook_row"": {""Name"": ""Samuel Ndegeah"", ""Year"": 2015, ""Cites2017"": 3, ""%Cites2017"": 0.011, ""%Rank"": 0.021, ""H-Index"": 1, ""%RankH"": 0, ""CurrentSchool"": ""Westfield State University"", ""Position"": ""Assistant Professor"", ""PhDYear"": 2015, ""PhDSchool"": ""University of Idaho"", ""Years"": 10, ""CY2017"": 0.3, ""First"": ""Samuel"", ""Last"": ""Ndegeah""}}"
1038,pop,2026-09-13,49,3,,,,,"{""workbook_row"": {""Name"": ""Dristi Neog"", ""Year"": 2009, ""Cites2017"": 49, ""%Cites2017"": 0.067, ""%Rank"": 0.071, ""H-Index"": 3, ""%RankH"": 0.051, ""CurrentSchool"": ""Westfield State University"", ""Position"": ""Associate Professor"", ""PhDYear"": 2009, ""PhDSchool"": ""Florida State University"", ""Years"": 16, ""CY2017"": 3.0625, ""First"": ""Dristi"", ""Last"": ""Neog"", ""LinkedIn"": ""https://linkedin.com/in/dristi-neog-b8761978""}}"
1044,pop,2026-09-13,4310,31,,,,,"{""workbook_row"": {""Name"": ""Stefan Kipfer"", ""Year"": 2004, ""Cites2017"": 4310, ""%Cites2017"": 0.849, ""%Rank"": 0.939, ""H-Index"": 31, ""%RankH"": 0.862, ""CurrentSchool"": ""York University"", ""Position"": ""Associate Professor"", ""PhDYear"": 2004, ""PhDSchool"": ""York University"", ""Years"": 21, ""CY2017"": 205.23809523809524, ""First"": ""Stefan"", ""Last"": ""Kipfer""}}"
1046,pop,2026-09-13,830,16,,,,,"{""workbook_row"": {""Name"": ""Peter Mulvihill"", ""Year"": 1997, ""Cites2017"": 830, ""%Cites2017"": 0.47, ""%Rank"": 0.25, ""H-Index"": 16, ""%RankH"": 0.548, ""CurrentSchool"": ""York University"", ""Position"": ""Professor"", ""PhDYear"": 1997, ""PhDSchool"": ""Universite de Montreal"", ""Years"": 28, ""CY2017"": 29.642857142857142, ""First"": ""Peter"", ""Middle"": ""R."", ""Last"": ""Mulvihill""}}"
